HIERARCHY
ROOT hips
{
  OFFSET -0.00735851563513279 12.18665635585785 0.12248523347079754
  CHANNELS 6 Xposition Yposition Zposition Yrotation Xrotation Zrotation
  JOINT spine
  {
    OFFSET 1.0244548320770264e-7 0.5955291986465454 0
    CHANNELS 3 Yrotation Xrotation Zrotation
    JOINT chest
    {
      OFFSET 0 1.2719063864449713 0
      CHANNELS 3 Yrotation Xrotation Zrotation
      JOINT upperChest
      {
        OFFSET 0 1.490802666915459 0
        CHANNELS 3 Yrotation Xrotation Zrotation
        JOINT neck
        {
          OFFSET 0 1.3131953345263365 0
          CHANNELS 3 Yrotation Xrotation Zrotation
          JOINT head
          {
            OFFSET 0 0.8653679716847534 0
            CHANNELS 3 Yrotation Xrotation Zrotation
            JOINT leftEye
            {
              OFFSET 0.20629723300226033 0.6721053123474121 0.3036841657012701
              CHANNELS 3 Yrotation Xrotation Zrotation
              End Site
              {
                OFFSET 0.20629723300226033 0.6721053123474121 0.3036841657012701
              }
            }
            JOINT rightEye
            {
              OFFSET -0.20629652100615203 0.6721066236495972 0.30368443205952644
              CHANNELS 3 Yrotation Xrotation Zrotation
              End Site
              {
                OFFSET -0.20629652100615203 0.6721066236495972 0.30368443205952644
              }
            }
          }
        }
        JOINT leftShoulder
        {
          OFFSET 0.24624172446783632 0.959903359413147 0
          CHANNELS 3 Yrotation Xrotation Zrotation
          JOINT leftUpperArm
          {
            OFFSET 0.9650355761446514 0 0
            CHANNELS 3 Yrotation Xrotation Zrotation
            JOINT leftLowerArm
            {
              OFFSET 2.4419134471639827 0 0
              CHANNELS 3 Yrotation Xrotation Zrotation
              JOINT leftHand
              {
                OFFSET 2.3874557408809456 0 0
                CHANNELS 3 Yrotation Xrotation Zrotation
                JOINT leftIndexProximal
                {
                  OFFSET 0.7029628753662109 0.06118142604827881 0.23586585000157356
                  CHANNELS 3 Yrotation Xrotation Zrotation
                  JOINT leftIndexIntermediate
                  {
                    OFFSET 0.36102771759033203 -0.001475214958190918 0.056637559086084366
                    CHANNELS 3 Yrotation Xrotation Zrotation
                    JOINT leftIndexDistal
                    {
                      OFFSET 0.22344785928726196 -0.007408857345581055 0.02531452476978302
                      CHANNELS 3 Yrotation Xrotation Zrotation
                      End Site
                      {
                        OFFSET 0.22344785928726196 -0.007408857345581055 0.02531452476978302
                      }
                    }
                  }
                }
                JOINT leftLittleProximal
                {
                  OFFSET 0.6958752870559692 0.034375786781311035 -0.29472956992685795
                  CHANNELS 3 Yrotation Xrotation Zrotation
                  JOINT leftLittleIntermediate
                  {
                    OFFSET 0.34538060426712036 -0.0030041933059692383 0.00024324655532836914
                    CHANNELS 3 Yrotation Xrotation Zrotation
                    JOINT leftLittleDistal
                    {
                      OFFSET 0.19865047931671143 0.00746917724609375 -0.010377676226198673
                      CHANNELS 3 Yrotation Xrotation Zrotation
                      End Site
                      {
                        OFFSET 0.19865047931671143 0.00746917724609375 -0.010377676226198673
                      }
                    }
                  }
                }
                JOINT leftMiddleProximal
                {
                  OFFSET 0.7272291779518127 0.09209799766540527 0.05257739871740341
                  CHANNELS 3 Yrotation Xrotation Zrotation
                  JOINT leftMiddleIntermediate
                  {
                    OFFSET 0.40590834617614746 -0.014838695526123047 0.026817932724952698
                    CHANNELS 3 Yrotation Xrotation Zrotation
                    JOINT leftMiddleDistal
                    {
                      OFFSET 0.2495119571685791 -0.026458144187927246 0.010310646146535873
                      CHANNELS 3 Yrotation Xrotation Zrotation
                      End Site
                      {
                        OFFSET 0.2495119571685791 -0.026458144187927246 0.010310646146535873
                      }
                    }
                  }
                }
                JOINT leftRingProximal
                {
                  OFFSET 0.7334893345832825 0.09136629104614258 -0.1205735495314002
                  CHANNELS 3 Yrotation Xrotation Zrotation
                  JOINT leftRingIntermediate
                  {
                    OFFSET 0.3775520920753479 -0.005917906761169434 0.001896639820188284
                    CHANNELS 3 Yrotation Xrotation Zrotation
                    JOINT leftRingDistal
                    {
                      OFFSET 0.2177620530128479 0.007703900337219238 0.0027355607599020004
                      CHANNELS 3 Yrotation Xrotation Zrotation
                      End Site
                      {
                        OFFSET 0.2177620530128479 0.007703900337219238 0.0027355607599020004
                      }
                    }
                  }
                }
                JOINT leftThumbProximal
                {
                  OFFSET 0.02235114574432373 -0.07603192329406738 0.1950724683701992
                  CHANNELS 3 Yrotation Xrotation Zrotation
                  JOINT leftThumbIntermediate
                  {
                    OFFSET 0.3551589846611023 -0.02970755100250244 0.36741212010383606
                    CHANNELS 3 Yrotation Xrotation Zrotation
                    JOINT leftThumbDistal
                    {
                      OFFSET 0.23456048965454102 -0.016631245613098145 0.2093813568353653
                      CHANNELS 3 Yrotation Xrotation Zrotation
                      End Site
                      {
                        OFFSET 0.23456048965454102 -0.016631245613098145 0.2093813568353653
                      }
                    }
                  }
                }
              }
            }
          }
        }
        JOINT rightShoulder
        {
          OFFSET -0.24624088185373694 0.9600239992141724 0
          CHANNELS 3 Yrotation Xrotation Zrotation
          JOINT rightUpperArm
          {
            OFFSET -0.9650300767908009 0 0
            CHANNELS 3 Yrotation Xrotation Zrotation
            JOINT rightLowerArm
            {
              OFFSET -2.4420125187833426 0 0
              CHANNELS 3 Yrotation Xrotation Zrotation
              JOINT rightHand
              {
                OFFSET -2.3874255620910265 0 0
                CHANNELS 3 Yrotation Xrotation Zrotation
                JOINT rightIndexProximal
                {
                  OFFSET -0.7029609084129333 0.06117355823516846 0.23587234504520893
                  CHANNELS 3 Yrotation Xrotation Zrotation
                  JOINT rightIndexIntermediate
                  {
                    OFFSET -0.3610270619392395 -0.0014804601669311523 0.05664427950978279
                    CHANNELS 3 Yrotation Xrotation Zrotation
                    JOINT rightIndexDistal
                    {
                      OFFSET -0.2234485149383545 -0.0074127912521362305 0.025317884981632233
                      CHANNELS 3 Yrotation Xrotation Zrotation
                      End Site
                      {
                        OFFSET -0.2234485149383545 -0.0074127912521362305 0.025317884981632233
                      }
                    }
                  }
                }
                JOINT rightLittleProximal
                {
                  OFFSET -0.6958779096603394 0.034366607666015625 -0.29472311586141586
                  CHANNELS 3 Yrotation Xrotation Zrotation
                  JOINT rightLittleIntermediate
                  {
                    OFFSET -0.3453786373138428 -0.003008127212524414 0.00025422871112823486
                    CHANNELS 3 Yrotation Xrotation Zrotation
                    JOINT rightLittleDistal
                    {
                      OFFSET -0.19865179061889648 0.00746917724609375 -0.010371447540819645
                      CHANNELS 3 Yrotation Xrotation Zrotation
                      End Site
                      {
                        OFFSET -0.19865179061889648 0.00746917724609375 -0.010371447540819645
                      }
                    }
                  }
                }
                JOINT rightMiddleProximal
                {
                  OFFSET -0.7272304892539978 0.09209012985229492 0.05258418060839176
                  CHANNELS 3 Yrotation Xrotation Zrotation
                  JOINT rightMiddleIntermediate
                  {
                    OFFSET -0.4059063792228699 -0.014843940734863281 0.026821313425898552
                    CHANNELS 3 Yrotation Xrotation Zrotation
                    JOINT rightMiddleDistal
                    {
                      OFFSET -0.24951326847076416 -0.026460766792297363 0.010313207283616066
                      CHANNELS 3 Yrotation Xrotation Zrotation
                      End Site
                      {
                        OFFSET -0.24951326847076416 -0.026460766792297363 0.010313207283616066
                      }
                    }
                  }
                }
                JOINT rightRingProximal
                {
                  OFFSET -0.7334906458854675 0.09135580062866211 -0.12056719791144133
                  CHANNELS 3 Yrotation Xrotation Zrotation
                  JOINT rightRingIntermediate
                  {
                    OFFSET -0.37755340337753296 -0.005923151969909668 0.0019026175141334534
                    CHANNELS 3 Yrotation Xrotation Zrotation
                    JOINT rightRingDistal
                    {
                      OFFSET -0.21775943040847778 0.007701277732849121 0.0027383523993194103
                      CHANNELS 3 Yrotation Xrotation Zrotation
                      End Site
                      {
                        OFFSET -0.21775943040847778 0.007701277732849121 0.0027383523993194103
                      }
                    }
                  }
                }
                JOINT rightThumbProximal
                {
                  OFFSET -0.022347867488861084 -0.07603061199188232 0.19507363624870777
                  CHANNELS 3 Yrotation Xrotation Zrotation
                  JOINT rightThumbIntermediate
                  {
                    OFFSET -0.3550455570220947 -0.029461026191711426 0.36754218488931656
                    CHANNELS 3 Yrotation Xrotation Zrotation
                    JOINT rightThumbDistal
                    {
                      OFFSET -0.23451131582260132 -0.016489624977111816 0.20944765955209732
                      CHANNELS 3 Yrotation Xrotation Zrotation
                      End Site
                      {
                        OFFSET -0.23451131582260132 -0.016489624977111816 0.20944765955209732
                      }
                    }
                  }
                }
              }
            }
          }
        }
      }
    }
  }
  JOINT leftUpperLeg
  {
    OFFSET 0.8483456987887621 -0.42556869983673096 0
    CHANNELS 3 Yrotation Xrotation Zrotation
    JOINT leftLowerLeg
    {
      OFFSET 0 -4.6702112872869534 0
      CHANNELS 3 Yrotation Xrotation Zrotation
      JOINT leftFoot
      {
        OFFSET -0.13096565008163452 -5.202569782733917 -0.2985280640423298
        CHANNELS 3 Yrotation Xrotation Zrotation
        JOINT leftToes
        {
          OFFSET 0.01423943042755127 -0.7568342834711075 1.213271364569664
          CHANNELS 3 Yrotation Xrotation Zrotation
          End Site
          {
            OFFSET 0.01423943042755127 -0.7568342834711075 1.213271364569664
          }
        }
      }
    }
  }
  JOINT rightUpperLeg
  {
    OFFSET -0.8483468051999807 -0.42556607723236084 0
    CHANNELS 3 Yrotation Xrotation Zrotation
    JOINT rightLowerLeg
    {
      OFFSET 0 -4.670219469177788 0
      CHANNELS 3 Yrotation Xrotation Zrotation
      JOINT rightFoot
      {
        OFFSET 0.13097601756453514 -5.202573716640472 -0.29853164963424206
        CHANNELS 3 Yrotation Xrotation Zrotation
        JOINT rightToes
        {
          OFFSET -0.014232628047466278 -0.7568355947732925 1.213272675871849
          CHANNELS 3 Yrotation Xrotation Zrotation
          End Site
          {
            OFFSET -0.014232628047466278 -0.7568355947732925 1.213272675871849
          }
        }
      }
    }
  }
}
MOTION
Frames: 608
Frame Time: 0.03333333333333333
-0.283149 -0.034518 -0.322759 -0.16451 7.639146 -9.19999 2.934663 -11.552194 3.230853 1.283349 -11.280207 -3.619439 0 0 0 -18.691528 25.127524 -10.787067 -23.778723 8.055076 19.280065 0 0 0 0 0 0 -8.805303 2.600311 -13.245125 4.268788 11.971135 -76.311112 -34.043584 4.206536 13.772974 -5.772804 22.779781 -8.67661 -3.636292 -2.244307 -19.133199 -7.100467 3.62086 1.822583 0 0 0 37.981329 3.85712 -18.21386 -3.981505 -0.312001 -2.714025 0 0 0 2.929467 -1.231741 -10.13273 -1.246458 0.377728 3.981735 0 0 0 18.723955 0.463054 -17.775594 -4.013708 0.99524 -3.126586 0 0 0 18.269087 2.108643 -5.565532 3.717059 8.635663 -20.580557 0 0 0 8.805303 2.600311 13.245125 -12.605046 11.51045 77.579712 40.631554 6.064976 -16.989009 10.150454 32.823622 14.132639 3.635273 -2.24402 19.132416 7.100747 3.620751 -1.822804 0 0 0 -37.983061 3.857696 18.213087 3.981514 -0.312002 2.714676 0 0 0 -2.929954 -1.23167 10.131993 1.246384 0.377706 -3.981553 0 0 0 -18.724815 0.463336 17.774795 4.013885 0.995202 3.126699 0 0 0 -18.287739 2.122715 5.592006 -3.712166 8.636711 20.577783 0 0 0 -49.896448 -4.586299 3.464912 0.775148 5.532524 -0.619318 59.039132 -35.796466 -2.684125 0 0 0 24.588311 -6.392178 1.000697 0.308564 -8.744378 0.987418 -25.771529 -9.312991 -3.587034 0 0 0
-0.277671 -0.036171 -0.321713 -0.206933 7.866263 -9.000831 1.57904 -11.859838 3.323907 0.728412 -11.557302 -2.572065 0 0 0 -18.30971 24.275293 -11.596879 -22.706714 8.778534 18.298835 0 0 0 0 0 0 -8.805303 2.600311 -13.245125 4.963938 12.500658 -77.580546 -34.544989 4.335069 14.022978 -5.471504 21.920902 -8.278847 -3.636292 -2.244307 -19.133199 -7.100467 3.62086 1.822583 0 0 0 37.981329 3.85712 -18.21386 -3.981505 -0.312001 -2.714025 0 0 0 2.929467 -1.231741 -10.13273 -1.246458 0.377728 3.981735 0 0 0 18.723955 0.463054 -17.775594 -4.013708 0.99524 -3.126586 0 0 0 18.269087 2.108643 -5.565532 3.717059 8.635663 -20.580557 0 0 0 8.805303 2.600311 13.245125 -10.733334 12.02993 76.577099 40.114137 5.905888 -16.742101 9.941364 32.419946 13.881463 3.635273 -2.24402 19.132416 7.100747 3.620751 -1.822804 0 0 0 -37.983061 3.857696 18.213087 3.981514 -0.312002 2.714676 0 0 0 -2.929954 -1.23167 10.131993 1.246384 0.377706 -3.981553 0 0 0 -18.724815 0.463336 17.774795 4.013885 0.995202 3.126699 0 0 0 -18.287739 2.122715 5.592006 -3.712166 8.636711 20.577783 0 0 0 -50.120017 -4.911363 3.407294 0.790923 5.601831 -0.610563 59.211688 -36.092412 -2.719489 0 0 0 25.0288 -6.43097 0.725352 0.310558 -8.829807 0.98371 -26.154642 -9.431085 -3.599531 0 0 0
-0.274274 -0.039451 -0.315618 -0.227179 8.05821 -8.840712 0.762609 -12.182271 3.309066 0.387502 -11.662635 -1.918928 0 0 0 -18.092216 23.823713 -12.114919 -22.040801 9.159477 17.768562 0 0 0 0 0 0 -8.805303 2.600311 -13.245125 5.449805 12.811541 -78.391927 -34.8448 4.412056 14.172436 -5.316768 21.481429 -8.074803 -3.636292 -2.244307 -19.133199 -7.100467 3.62086 1.822583 0 0 0 37.981329 3.85712 -18.21386 -3.981505 -0.312001 -2.714025 0 0 0 2.929467 -1.231741 -10.13273 -1.246458 0.377728 3.981735 0 0 0 18.723955 0.463054 -17.775594 -4.013708 0.99524 -3.126586 0 0 0 18.269087 2.108643 -5.565532 3.717059 8.635663 -20.580557 0 0 0 8.805303 2.600311 13.245125 -9.766867 12.32264 75.960708 39.770917 5.800531 -16.578248 9.847643 32.239561 13.768944 3.635273 -2.24402 19.132416 7.100747 3.620751 -1.822804 0 0 0 -37.983061 3.857696 18.213087 3.981514 -0.312002 2.714676 0 0 0 -2.929954 -1.23167 10.131993 1.246384 0.377706 -3.981553 0 0 0 -18.724815 0.463336 17.774795 4.013885 0.995202 3.126699 0 0 0 -18.287739 2.122715 5.592006 -3.712166 8.636711 20.577783 0 0 0 -50.30097 -5.175655 3.376966 0.803979 5.656042 -0.603392 59.337431 -36.325815 -2.746384 0 0 0 25.373957 -6.471709 0.504918 0.312659 -8.892629 0.980898 -26.456405 -9.56402 -3.611457 0 0 0
-0.274062 -0.039464 -0.314456 -0.219473 8.17301 -8.755715 0.491368 -12.426436 3.239957 0.267053 -11.638374 -1.674206 0 0 0 -18.047273 23.765813 -12.344426 -21.797807 9.197719 17.685215 0 0 0 0 0 0 -8.805303 2.600311 -13.245125 5.691981 12.902839 -78.724386 -34.937696 4.436496 14.218594 -5.296583 21.426448 -8.048522 -3.636292 -2.244307 -19.133199 -7.100467 3.62086 1.822583 0 0 0 37.981329 3.85712 -18.21386 -3.981505 -0.312001 -2.714025 0 0 0 2.929467 -1.231741 -10.13273 -1.246458 0.377728 3.981735 0 0 0 18.723955 0.463054 -17.775594 -4.013708 0.99524 -3.126586 0 0 0 18.269087 2.108643 -5.565532 3.717059 8.635663 -20.580557 0 0 0 8.805303 2.600311 13.245125 -9.712146 12.362465 75.714746 39.591732 5.745848 -16.49256 9.877096 32.297225 13.804417 3.635273 -2.24402 19.132416 7.100747 3.620751 -1.822804 0 0 0 -37.983061 3.857696 18.213087 3.981514 -0.312002 2.714676 0 0 0 -2.929954 -1.23167 10.131993 1.246384 0.377706 -3.981553 0 0 0 -18.724815 0.463336 17.774795 4.013885 0.995202 3.126699 0 0 0 -18.287739 2.122715 5.592006 -3.712166 8.636711 20.577783 0 0 0 -50.394894 -5.317811 3.38946 0.810516 5.680587 -0.599759 59.386301 -36.420914 -2.75552 0 0 0 25.569036 -6.507239 0.393197 0.314342 -8.92267 0.979216 -26.629472 -9.683084 -3.620762 0 0 0
-0.276212 -0.039128 -0.313397 -0.193759 8.212411 -8.750134 0.445382 -12.541719 3.213227 0.242629 -11.596153 -1.612404 0 0 0 -18.076801 23.847324 -12.442471 -21.756875 9.11229 17.752832 0 0 0 0 0 0 -8.805303 2.600311 -13.245125 5.76086 12.906506 -78.826091 -34.946241 4.439879 14.22253 -5.309194 21.46392 -8.065389 -3.636292 -2.244307 -19.133199 -7.100467 3.62086 1.822583 0 0 0 37.981329 3.85712 -18.21386 -3.981505 -0.312001 -2.714025 0 0 0 2.929467 -1.231741 -10.13273 -1.246458 0.377728 3.981735 0 0 0 18.723955 0.463054 -17.775594 -4.013708 0.99524 -3.126586 0 0 0 18.269087 2.108643 -5.565532 3.717059 8.635663 -20.580557 0 0 0 8.805303 2.600311 13.245125 -9.99081 12.271654 75.611966 39.491224 5.715448 -16.444367 9.95895 32.455689 13.902797 3.635273 -2.24402 19.132416 7.100747 3.620751 -1.822804 0 0 0 -37.983061 3.857696 18.213087 3.981514 -0.312002 2.714676 0 0 0 -2.929954 -1.23167 10.131993 1.246384 0.377706 -3.981553 0 0 0 -18.724815 0.463336 17.774795 4.013885 0.995202 3.126699 0 0 0 -18.287739 2.122715 5.592006 -3.712166 8.636711 20.577783 0 0 0 -50.402418 -5.336 3.446245 0.810002 5.677747 -0.599789 59.365039 -36.384631 -2.748039 0 0 0 25.607701 -6.540659 0.392049 0.31537 -8.924938 0.978341 -26.670066 -9.742303 -3.624664 0 0 0
-0.284523 -0.038986 -0.314753 -0.165263 8.218037 -8.786725 0.407294 -12.589018 3.23252 0.226071 -11.561692 -1.574835 0 0 0 -18.102013 23.899229 -12.493965 -21.760548 9.070465 17.754835 0 0 0 0 0 0 -8.805303 2.600311 -13.245125 5.751462 12.90323 -78.870918 -34.950987 4.441934 14.224653 -5.307666 21.459732 -8.063397 -3.636292 -2.244307 -19.133199 -7.100467 3.62086 1.822583 0 0 0 37.981329 3.85712 -18.21386 -3.981505 -0.312001 -2.714025 0 0 0 2.929467 -1.231741 -10.13273 -1.246458 0.377728 3.981735 0 0 0 18.723955 0.463054 -17.775594 -4.013708 0.99524 -3.126586 0 0 0 18.269087 2.108643 -5.565532 3.717059 8.635663 -20.580557 0 0 0 8.805303 2.600311 13.245125 -10.145663 12.172396 75.538766 39.451528 5.703529 -16.425295 10.01374 32.561476 13.968618 3.635273 -2.24402 19.132416 7.100747 3.620751 -1.822804 0 0 0 -37.983061 3.857696 18.213087 3.981514 -0.312002 2.714676 0 0 0 -2.929954 -1.23167 10.131993 1.246384 0.377706 -3.981553 0 0 0 -18.724815 0.463336 17.774795 4.013885 0.995202 3.126699 0 0 0 -18.287739 2.122715 5.592006 -3.712166 8.636711 20.577783 0 0 0 -50.368085 -5.295606 3.526197 0.806846 5.666675 -0.601189 59.307561 -36.314759 -2.736421 0 0 0 25.53428 -6.577697 0.443601 0.315732 -8.912489 0.977883 -26.618217 -9.730999 -3.623251 0 0 0
-0.28896 -0.038986 -0.318098 -0.148971 8.218645 -8.822196 0.342521 -12.631402 3.257302 0.201811 -11.520771 -1.53553 0 0 0 -18.105241 23.904074 -12.517365 -21.764143 9.110608 17.661449 0 0 0 0 0 0 -8.805303 2.600311 -13.245125 5.739097 12.906007 -78.901372 -34.958218 4.44344 14.228325 -5.306099 21.455353 -8.061342 -3.636292 -2.244307 -19.133199 -7.100467 3.62086 1.822583 0 0 0 37.981329 3.85712 -18.21386 -3.981505 -0.312001 -2.714025 0 0 0 2.929467 -1.231741 -10.13273 -1.246458 0.377728 3.981735 0 0 0 18.723955 0.463054 -17.775594 -4.013708 0.99524 -3.126586 0 0 0 18.269087 2.108643 -5.565532 3.717059 8.635663 -20.580557 0 0 0 8.805303 2.600311 13.245125 -10.048551 12.123124 75.506581 39.482053 5.712775 -16.439926 9.99542 32.526008 13.946599 3.635273 -2.24402 19.132416 7.100747 3.620751 -1.822804 0 0 0 -37.983061 3.857696 18.213087 3.981514 -0.312002 2.714676 0 0 0 -2.929954 -1.23167 10.131993 1.246384 0.377706 -3.981553 0 0 0 -18.724815 0.463336 17.774795 4.013885 0.995202 3.126699 0 0 0 -18.287739 2.122715 5.592006 -3.712166 8.636711 20.577783 0 0 0 -50.321542 -5.259343 3.598052 0.804693 5.661121 -0.60214 59.243034 -36.275204 -2.729177 0 0 0 25.431379 -6.612639 0.4905 0.314779 -8.897982 0.977599 -26.542175 -9.678929 -3.620141 0 0 0
-0.289907 -0.038547 -0.319105 -0.154355 8.223424 -8.842026 0.289227 -12.684895 3.281263 0.185364 -11.476325 -1.521416 0 0 0 -18.103135 23.904214 -12.523399 -21.772969 9.180661 17.543236 0 0 0 0 0 0 -8.805303 2.600311 -13.245125 5.726365 12.924622 -78.914624 -34.956623 4.442041 14.227776 -5.315904 21.483861 -8.074367 -3.636292 -2.244307 -19.133199 -7.100467 3.62086 1.822583 0 0 0 37.981329 3.85712 -18.21386 -3.981505 -0.312001 -2.714025 0 0 0 2.929467 -1.231741 -10.13273 -1.246458 0.377728 3.981735 0 0 0 18.723955 0.463054 -17.775594 -4.013708 0.99524 -3.126586 0 0 0 18.269087 2.108643 -5.565532 3.717059 8.635663 -20.580557 0 0 0 8.805303 2.600311 13.245125 -9.80885 12.126763 75.532054 39.551858 5.733804 -16.473428 9.926042 32.392031 13.863252 3.635273 -2.24402 19.132416 7.100747 3.620751 -1.822804 0 0 0 -37.983061 3.857696 18.213087 3.981514 -0.312002 2.714676 0 0 0 -2.929954 -1.23167 10.131993 1.246384 0.377706 -3.981553 0 0 0 -18.724815 0.463336 17.774795 4.013885 0.995202 3.126699 0 0 0 -18.287739 2.122715 5.592006 -3.712166 8.636711 20.577783 0 0 0 -50.262614 -5.246083 3.652991 0.802402 5.65955 -0.60304 59.18397 -36.238372 -2.722424 0 0 0 25.360636 -6.644765 0.51425 0.312388 -8.889379 0.977343 -26.485974 -9.622942 -3.617221 0 0 0
-0.293268 -0.039231 -0.321855 -0.173888 8.232294 -8.848592 0.26984 -12.731404 3.315503 0.18481 -11.451451 -1.538587 0 0 0 -18.111273 23.927877 -12.518422 -21.802718 9.207544 17.461616 0 0 0 0 0 0 -8.805303 2.600311 -13.245125 5.715693 12.964453 -78.907993 -34.935971 4.435951 14.217695 -5.338296 21.548518 -8.104045 -3.636292 -2.244307 -19.133199 -7.100467 3.62086 1.822583 0 0 0 37.981329 3.85712 -18.21386 -3.981505 -0.312001 -2.714025 0 0 0 2.929467 -1.231741 -10.13273 -1.246458 0.377728 3.981735 0 0 0 18.723955 0.463054 -17.775594 -4.013708 0.99524 -3.126586 0 0 0 18.269087 2.108643 -5.565532 3.717059 8.635663 -20.580557 0 0 0 8.805303 2.600311 13.245125 -9.608371 12.167307 75.585054 39.606346 5.750187 -16.499589 9.875245 32.294069 13.802243 3.635273 -2.24402 19.132416 7.100747 3.620751 -1.822804 0 0 0 -37.983061 3.857696 18.213087 3.981514 -0.312002 2.714676 0 0 0 -2.929954 -1.23167 10.131993 1.246384 0.377706 -3.981553 0 0 0 -18.724815 0.463336 17.774795 4.013885 0.995202 3.126699 0 0 0 -18.287739 2.122715 5.592006 -3.712166 8.636711 20.577783 0 0 0 -50.197506 -5.251051 3.694606 0.798009 5.657213 -0.604673 59.136875 -36.163477 -2.70999 0 0 0 25.325439 -6.674694 0.516707 0.310439 -8.888696 0.977074 -26.445724 -9.58867 -3.613032 0 0 0
-0.295501 -0.038857 -0.323276 -0.181611 8.23393 -8.834265 0.262743 -12.73586 3.344072 0.188097 -11.471223 -1.555892 0 0 0 -18.134856 23.972986 -12.513696 -21.856153 9.181128 17.422468 0 0 0 0 0 0 -8.805303 2.600311 -13.245125 5.748381 13.014575 -78.88372 -34.891062 4.423891 14.195484 -5.373771 21.650695 -8.151025 -3.636292 -2.244307 -19.133199 -7.100467 3.62086 1.822583 0 0 0 37.981329 3.85712 -18.21386 -3.981505 -0.312001 -2.714025 0 0 0 2.929467 -1.231741 -10.13273 -1.246458 0.377728 3.981735 0 0 0 18.723955 0.463054 -17.775594 -4.013708 0.99524 -3.126586 0 0 0 18.269087 2.108643 -5.565532 3.717059 8.635663 -20.580557 0 0 0 8.805303 2.600311 13.245125 -9.538172 12.228908 75.614608 39.610958 5.751536 -16.501817 9.88019 32.303953 13.808223 3.635273 -2.24402 19.132416 7.100747 3.620751 -1.822804 0 0 0 -37.983061 3.857696 18.213087 3.981514 -0.312002 2.714676 0 0 0 -2.929954 -1.23167 10.131993 1.246384 0.377706 -3.981553 0 0 0 -18.724815 0.463336 17.774795 4.013885 0.995202 3.126699 0 0 0 -18.287739 2.122715 5.592006 -3.712166 8.636711 20.577783 0 0 0 -50.14453 -5.271252 3.712322 0.791439 5.650617 -0.607279 59.103974 -36.038201 -2.692136 0 0 0 25.310246 -6.686322 0.496417 0.310498 -8.894108 0.976838 -26.418925 -9.5893 -3.608056 0 0 0
-0.293436 -0.03896 -0.325936 -0.157626 8.217315 -8.794509 0.242026 -12.681327 3.348998 0.18372 -11.531551 -1.554967 0 0 0 -18.170592 24.014707 -12.518915 -21.92273 9.186423 17.384463 0 0 0 0 0 0 -8.805303 2.600311 -13.245125 5.789586 13.06893 -78.846188 -34.842516 4.411044 14.171429 -5.408255 21.750049 -8.196698 -3.636292 -2.244307 -19.133199 -7.100467 3.62086 1.822583 0 0 0 37.981329 3.85712 -18.21386 -3.981505 -0.312001 -2.714025 0 0 0 2.929467 -1.231741 -10.13273 -1.246458 0.377728 3.981735 0 0 0 18.723955 0.463054 -17.775594 -4.013708 0.99524 -3.126586 0 0 0 18.269087 2.108643 -5.565532 3.717059 8.635663 -20.580557 0 0 0 8.805303 2.600311 13.245125 -9.574354 12.283746 75.600806 39.571473 5.739528 -16.482895 9.913318 32.368335 13.848068 3.635273 -2.24402 19.132416 7.100747 3.620751 -1.822804 0 0 0 -37.983061 3.857696 18.213087 3.981514 -0.312002 2.714676 0 0 0 -2.929954 -1.23167 10.131993 1.246384 0.377706 -3.981553 0 0 0 -18.724815 0.463336 17.774795 4.013885 0.995202 3.126699 0 0 0 -18.287739 2.122715 5.592006 -3.712166 8.636711 20.577783 0 0 0 -50.099533 -5.301707 3.702837 0.782155 5.633808 -0.611485 59.069237 -35.847719 -2.670149 0 0 0 25.312321 -6.666642 0.458482 0.310887 -8.902876 0.976646 -26.424029 -9.616113 -3.605374 0 0 0
-0.291346 -0.03896 -0.329526 -0.114475 8.18252 -8.753934 0.212907 -12.578156 3.358577 0.177505 -11.599466 -1.558672 0 0 0 -18.203064 24.012391 -12.524155 -21.985639 9.329572 17.297621 0 0 0 0 0 0 -8.805303 2.600311 -13.245125 5.735477 13.122611 -78.805835 -34.821939 4.40559 14.161235 -5.419545 21.782714 -8.21167 -3.636292 -2.244307 -19.133199 -7.100467 3.62086 1.822583 0 0 0 37.981329 3.85712 -18.21386 -3.981505 -0.312001 -2.714025 0 0 0 2.929467 -1.231741 -10.13273 -1.246458 0.377728 3.981735 0 0 0 18.723955 0.463054 -17.775594 -4.013708 0.99524 -3.126586 0 0 0 18.269087 2.108643 -5.565532 3.717059 8.635663 -20.580557 0 0 0 8.805303 2.600311 13.245125 -9.640733 12.300801 75.562105 39.520746 5.723926 -16.458616 9.932785 32.406176 13.871485 3.635273 -2.24402 19.132416 7.100747 3.620751 -1.822804 0 0 0 -37.983061 3.857696 18.213087 3.981514 -0.312002 2.714676 0 0 0 -2.929954 -1.23167 10.131993 1.246384 0.377706 -3.981553 0 0 0 -18.724815 0.463336 17.774795 4.013885 0.995202 3.126699 0 0 0 -18.287739 2.122715 5.592006 -3.712166 8.636711 20.577783 0 0 0 -50.042406 -5.325757 3.689832 0.771348 5.611131 -0.616739 59.00945 -35.634979 -2.646865 0 0 0 25.32436 -6.630203 0.429037 0.309443 -8.910483 0.976531 -26.453621 -9.640279 -3.605672 0 0 0
-0.289753 -0.038779 -0.336293 -0.085944 8.139468 -8.748105 0.189183 -12.448799 3.418196 0.178343 -11.649509 -1.588046 0 0 0 -18.219314 23.94835 -12.526323 -22.022066 9.610929 17.177754 0 0 0 0 0 0 -8.805303 2.600311 -13.245125 5.557025 13.165498 -78.779097 -34.835193 4.409004 14.167825 -5.4008 21.728792 -8.186853 -3.636292 -2.244307 -19.133199 -7.100467 3.62086 1.822583 0 0 0 37.981329 3.85712 -18.21386 -3.981505 -0.312001 -2.714025 0 0 0 2.929467 -1.231741 -10.13273 -1.246458 0.377728 3.981735 0 0 0 18.723955 0.463054 -17.775594 -4.013708 0.99524 -3.126586 0 0 0 18.269087 2.108643 -5.565532 3.717059 8.635663 -20.580557 0 0 0 8.805303 2.600311 13.245125 -9.652873 12.281661 75.524083 39.483024 5.712014 -16.44063 9.929303 32.399493 13.867308 3.635273 -2.24402 19.132416 7.100747 3.620751 -1.822804 0 0 0 -37.983061 3.857696 18.213087 3.981514 -0.312002 2.714676 0 0 0 -2.929954 -1.23167 10.131993 1.246384 0.377706 -3.981553 0 0 0 -18.724815 0.463336 17.774795 4.013885 0.995202 3.126699 0 0 0 -18.287739 2.122715 5.592006 -3.712166 8.636711 20.577783 0 0 0 -49.991677 -5.324967 3.695607 0.764616 5.600634 -0.620235 58.942063 -35.528913 -2.632204 0 0 0 25.336602 -6.60762 0.435111 0.307194 -8.910367 0.976727 -26.472594 -9.646421 -3.607559 0 0 0
-0.293012 -0.036971 -0.338565 -0.088508 8.10616 -8.775765 0.168246 -12.327059 3.518626 0.18336 -11.682091 -1.629646 0 0 0 -18.223009 23.858846 -12.541683 -22.017512 9.902771 17.100995 0 0 0 0 0 0 -8.805303 2.600311 -13.245125 5.32381 13.202273 -78.775965 -34.866438 4.417122 14.183351 -5.364727 21.624733 -8.139057 -3.636292 -2.244307 -19.133199 -7.100467 3.62086 1.822583 0 0 0 37.981329 3.85712 -18.21386 -3.981505 -0.312001 -2.714025 0 0 0 2.929467 -1.231741 -10.13273 -1.246458 0.377728 3.981735 0 0 0 18.723955 0.463054 -17.775594 -4.013708 0.99524 -3.126586 0 0 0 18.269087 2.108643 -5.565532 3.717059 8.635663 -20.580557 0 0 0 8.805303 2.600311 13.245125 -9.575981 12.260422 75.501865 39.454323 5.702796 -16.42699 9.922061 32.385453 13.858601 3.635273 -2.24402 19.132416 7.100747 3.620751 -1.822804 0 0 0 -37.983061 3.857696 18.213087 3.981514 -0.312002 2.714676 0 0 0 -2.929954 -1.23167 10.131993 1.246384 0.377706 -3.981553 0 0 0 -18.724815 0.463336 17.774795 4.013885 0.995202 3.126699 0 0 0 -18.287739 2.122715 5.592006 -3.712166 8.636711 20.577783 0 0 0 -49.997034 -5.307543 3.713902 0.76565 5.612269 -0.620208 58.920193 -35.591571 -2.633195 0 0 0 25.35138 -6.616938 0.463557 0.305877 -8.899275 0.977487 -26.466878 -9.646452 -3.610906 0 0 0
-0.29533 -0.036042 -0.346895 -0.103753 8.093835 -8.790881 0.143225 -12.241875 3.594744 0.185082 -11.710734 -1.661956 0 0 0 -18.217712 23.795204 -12.559612 -21.987869 10.073051 17.087296 0 0 0 0 0 0 -8.805303 2.600311 -13.245125 5.123573 13.242626 -78.791834 -34.901881 4.426355 14.200973 -5.335122 21.539292 -8.099826 -3.636292 -2.244307 -19.133199 -7.100467 3.62086 1.822583 0 0 0 37.981329 3.85712 -18.21386 -3.981505 -0.312001 -2.714025 0 0 0 2.929467 -1.231741 -10.13273 -1.246458 0.377728 3.981735 0 0 0 18.723955 0.463054 -17.775594 -4.013708 0.99524 -3.126586 0 0 0 18.269087 2.108643 -5.565532 3.717059 8.635663 -20.580557 0 0 0 8.805303 2.600311 13.245125 -9.461403 12.264963 75.498472 39.420423 5.692221 -16.410811 9.931994 32.404554 13.870525 3.635273 -2.24402 19.132416 7.100747 3.620751 -1.822804 0 0 0 -37.983061 3.857696 18.213087 3.981514 -0.312002 2.714676 0 0 0 -2.929954 -1.23167 10.131993 1.246384 0.377706 -3.981553 0 0 0 -18.724815 0.463336 17.774795 4.013885 0.995202 3.126699 0 0 0 -18.287739 2.122715 5.592006 -3.712166 8.636711 20.577783 0 0 0 -50.055422 -5.315047 3.720002 0.770608 5.639175 -0.618225 58.946269 -35.728159 -2.642511 0 0 0 25.360479 -6.642569 0.462531 0.304946 -8.882645 0.978634 -26.44701 -9.644312 -3.61502 0 0 0
-0.292553 -0.036274 -0.35166 -0.102203 8.091831 -8.760148 0.119357 -12.189298 3.605799 0.183124 -11.74703 -1.683152 0 0 0 -18.20078 23.770163 -12.547353 -21.962957 10.10263 17.097523 0 0 0 0 0 0 -8.805303 2.600311 -13.245125 5.009631 13.273126 -78.812247 -34.925474 4.432526 14.212706 -5.331713 21.529551 -8.095322 -3.636292 -2.244307 -19.133199 -7.100467 3.62086 1.822583 0 0 0 37.981329 3.85712 -18.21386 -3.981505 -0.312001 -2.714025 0 0 0 2.929467 -1.231741 -10.13273 -1.246458 0.377728 3.981735 0 0 0 18.723955 0.463054 -17.775594 -4.013708 0.99524 -3.126586 0 0 0 18.269087 2.108643 -5.565532 3.717059 8.635663 -20.580557 0 0 0 8.805303 2.600311 13.245125 -9.368897 12.298844 75.503601 39.380164 5.68037 -16.391421 9.954894 32.448675 13.898023 3.635273 -2.24402 19.132416 7.100747 3.620751 -1.822804 0 0 0 -37.983061 3.857696 18.213087 3.981514 -0.312002 2.714676 0 0 0 -2.929954 -1.23167 10.131993 1.246384 0.377706 -3.981553 0 0 0 -18.724815 0.463336 17.774795 4.013885 0.995202 3.126699 0 0 0 -18.287739 2.122715 5.592006 -3.712166 8.636711 20.577783 0 0 0 -50.102422 -5.371488 3.702043 0.772728 5.667892 -0.617089 58.959559 -35.80069 -2.645721 0 0 0 25.34117 -6.651748 0.406746 0.303806 -8.870565 0.979654 -26.422629 -9.625032 -3.617542 0 0 0
-0.287314 -0.036209 -0.354049 -0.07857 8.083794 -8.708794 0.108151 -12.149033 3.584448 0.183929 -11.790435 -1.704224 0 0 0 -18.184553 23.754198 -12.518943 -21.949226 10.080185 17.147017 0 0 0 0 0 0 -8.805303 2.600311 -13.245125 5.000879 13.265895 -78.815375 -34.907299 4.42784 14.203665 -5.357399 21.603667 -8.129359 -3.636292 -2.244307 -19.133199 -7.100467 3.62086 1.822583 0 0 0 37.981329 3.85712 -18.21386 -3.981505 -0.312001 -2.714025 0 0 0 2.929467 -1.231741 -10.13273 -1.246458 0.377728 3.981735 0 0 0 18.723955 0.463054 -17.775594 -4.013708 0.99524 -3.126586 0 0 0 18.269087 2.108643 -5.565532 3.717059 8.635663 -20.580557 0 0 0 8.805303 2.600311 13.245125 -9.284184 12.348167 75.501361 39.34255 5.670889 -16.372908 9.963227 32.464703 13.908025 3.635273 -2.24402 19.132416 7.100747 3.620751 -1.822804 0 0 0 -37.983061 3.857696 18.213087 3.981514 -0.312002 2.714676 0 0 0 -2.929954 -1.23167 10.131993 1.246384 0.377706 -3.981553 0 0 0 -18.724815 0.463336 17.774795 4.013885 0.995202 3.126699 0 0 0 -18.287739 2.122715 5.592006 -3.712166 8.636711 20.577783 0 0 0 -50.112566 -5.441313 3.675866 0.770225 5.686405 -0.617856 58.942696 -35.767508 -2.637806 0 0 0 25.300829 -6.638787 0.336156 0.303352 -8.868388 0.980265 -26.406404 -9.586573 -3.617668 0 0 0
-0.286751 -0.035925 -0.358297 -0.053713 8.066639 -8.685596 0.112508 -12.116889 3.587657 0.192481 -11.827784 -1.734566 0 0 0 -18.191151 23.717133 -12.517332 -21.943757 10.094991 17.270924 0 0 0 0 0 0 -8.805303 2.600311 -13.245125 5.069945 13.215947 -78.785761 -34.84183 4.410821 14.171114 -5.401353 21.730131 -8.187551 -3.636292 -2.244307 -19.133199 -7.100467 3.62086 1.822583 0 0 0 37.981329 3.85712 -18.21386 -3.981505 -0.312001 -2.714025 0 0 0 2.929467 -1.231741 -10.13273 -1.246458 0.377728 3.981735 0 0 0 18.723955 0.463054 -17.775594 -4.013708 0.99524 -3.126586 0 0 0 18.269087 2.108643 -5.565532 3.717059 8.635663 -20.580557 0 0 0 8.805303 2.600311 13.245125 -9.175866 12.388529 75.489265 39.314328 5.665854 -16.3585 9.948635 32.436572 13.8905 3.635273 -2.24402 19.132416 7.100747 3.620751 -1.822804 0 0 0 -37.983061 3.857696 18.213087 3.981514 -0.312002 2.714676 0 0 0 -2.929954 -1.23167 10.131993 1.246384 0.377706 -3.981553 0 0 0 -18.724815 0.463336 17.774795 4.013885 0.995202 3.126699 0 0 0 -18.287739 2.122715 5.592006 -3.712166 8.636711 20.577783 0 0 0 -50.136577 -5.469671 3.659268 0.767899 5.692583 -0.619034 58.95238 -35.715994 -2.629659 0 0 0 25.280528 -6.626007 0.306741 0.304031 -8.874448 0.980618 -26.414717 -9.546182 -3.616416 0 0 0
-0.286513 -0.03528 -0.36119 -0.044139 8.042402 -8.701558 0.124499 -12.094408 3.627676 0.206555 -11.8532 -1.773349 0 0 0 -18.214258 23.666215 -12.528142 -21.957868 10.144466 17.403486 0 0 0 0 0 0 -8.805303 2.600311 -13.245125 5.107514 13.16537 -78.742808 -34.788846 4.396921 14.144802 -5.440372 21.842233 -8.239187 -3.636292 -2.244307 -19.133199 -7.100467 3.62086 1.822583 0 0 0 37.981329 3.85712 -18.21386 -3.981505 -0.312001 -2.714025 0 0 0 2.929467 -1.231741 -10.13273 -1.246458 0.377728 3.981735 0 0 0 18.723955 0.463054 -17.775594 -4.013708 0.99524 -3.126586 0 0 0 18.269087 2.108643 -5.565532 3.717059 8.635663 -20.580557 0 0 0 8.805303 2.600311 13.245125 -9.062409 12.402786 75.482754 39.298554 5.663796 -16.350258 9.932703 32.405914 13.871375 3.635273 -2.24402 19.132416 7.100747 3.620751 -1.822804 0 0 0 -37.983061 3.857696 18.213087 3.981514 -0.312002 2.714676 0 0 0 -2.929954 -1.23167 10.131993 1.246384 0.377706 -3.981553 0 0 0 -18.724815 0.463336 17.774795 4.013885 0.995202 3.126699 0 0 0 -18.287739 2.122715 5.592006 -3.712166 8.636711 20.577783 0 0 0 -50.211902 -5.447367 3.646807 0.770664 5.697427 -0.618548 59.014737 -35.761932 -2.634314 0 0 0 25.300589 -6.622123 0.327812 0.30518 -8.88459 0.980977 -26.446329 -9.520543 -3.614607 0 0 0
-0.289088 -0.03364 -0.363669 -0.046099 8.012447 -8.722954 0.13723 -12.072449 3.671633 0.219101 -11.875938 -1.806577 0 0 0 -18.198764 23.625473 -12.47699 -21.973788 10.14436 17.418219 0 0 0 0 0 0 -8.805303 2.600311 -13.245125 5.015154 13.166604 -78.723958 -34.806704 4.401293 14.153742 -5.445551 21.857112 -8.246042 -3.636292 -2.244307 -19.133199 -7.100467 3.62086 1.822583 0 0 0 37.981329 3.85712 -18.21386 -3.981505 -0.312001 -2.714025 0 0 0 2.929467 -1.231741 -10.13273 -1.246458 0.377728 3.981735 0 0 0 18.723955 0.463054 -17.775594 -4.013708 0.99524 -3.126586 0 0 0 18.269087 2.108643 -5.565532 3.717059 8.635663 -20.580557 0 0 0 8.805303 2.600311 13.245125 -8.968199 12.399382 75.493229 39.300661 5.663909 -16.35139 9.922066 32.385364 13.858596 3.635273 -2.24402 19.132416 7.100747 3.620751 -1.822804 0 0 0 -37.983061 3.857696 18.213087 3.981514 -0.312002 2.714676 0 0 0 -2.929954 -1.23167 10.131993 1.246384 0.377706 -3.981553 0 0 0 -18.724815 0.463336 17.774795 4.013885 0.995202 3.126699 0 0 0 -18.287739 2.122715 5.592006 -3.712166 8.636711 20.577783 0 0 0 -50.303449 -5.416398 3.624926 0.777217 5.711877 -0.616312 59.080524 -35.907649 -2.649222 0 0 0 25.349092 -6.613237 0.360331 0.30589 -8.897188 0.981399 -26.490089 -9.517506 -3.613148 0 0 0
-0.286856 -0.033304 -0.367957 -0.051244 7.985909 -8.714395 0.152197 -12.049544 3.695841 0.226154 -11.895135 -1.821278 0 0 0 -18.046938 23.592968 -12.275946 -21.900919 9.944145 17.236155 0 0 0 0 0 0 -8.805303 2.600311 -13.245125 4.833799 13.226044 -78.74045 -34.872288 4.418159 14.186387 -5.404994 21.740184 -8.192314 -3.636292 -2.244307 -19.133199 -7.100467 3.62086 1.822583 0 0 0 37.981329 3.85712 -18.21386 -3.981505 -0.312001 -2.714025 0 0 0 2.929467 -1.231741 -10.13273 -1.246458 0.377728 3.981735 0 0 0 18.723955 0.463054 -17.775594 -4.013708 0.99524 -3.126586 0 0 0 18.269087 2.108643 -5.565532 3.717059 8.635663 -20.580557 0 0 0 8.805303 2.600311 13.245125 -8.89976 12.401507 75.51151 39.33038 5.670025 -16.366344 9.901396 32.345247 13.833739 3.635273 -2.24402 19.132416 7.100747 3.620751 -1.822804 0 0 0 -37.983061 3.857696 18.213087 3.981514 -0.312002 2.714676 0 0 0 -2.929954 -1.23167 10.131993 1.246384 0.377706 -3.981553 0 0 0 -18.724815 0.463336 17.774795 4.013885 0.995202 3.126699 0 0 0 -18.287739 2.122715 5.592006 -3.712166 8.636711 20.577783 0 0 0 -50.365108 -5.42076 3.591508 0.783134 5.734289 -0.61381 59.111748 -36.059107 -2.662619 0 0 0 25.415848 -6.591395 0.36093 0.305769 -8.914051 0.981756 -26.546778 -9.540278 -3.612833 0 0 0
-0.284909 -0.033162 -0.37103 -0.059951 7.974953 -8.676151 0.173568 -12.039275 3.72727 0.231636 -11.886831 -1.824158 0 0 0 -17.629194 23.54904 -11.825798 -21.594692 9.289172 16.827611 0 0 0 0 0 0 -8.805303 2.600311 -13.245125 4.622225 13.324975 -78.793418 -34.947708 4.437918 14.223841 -5.323772 21.504346 -8.084474 -3.636292 -2.244307 -19.133199 -7.100467 3.62086 1.822583 0 0 0 37.981329 3.85712 -18.21386 -3.981505 -0.312001 -2.714025 0 0 0 2.929467 -1.231741 -10.13273 -1.246458 0.377728 3.981735 0 0 0 18.723955 0.463054 -17.775594 -4.013708 0.99524 -3.126586 0 0 0 18.269087 2.108643 -5.565532 3.717059 8.635663 -20.580557 0 0 0 8.805303 2.600311 13.245125 -8.87128 12.424089 75.521031 39.386028 5.684187 -16.393693 9.871812 32.287841 13.798165 3.635273 -2.24402 19.132416 7.100747 3.620751 -1.822804 0 0 0 -37.983061 3.857696 18.213087 3.981514 -0.312002 2.714676 0 0 0 -2.929954 -1.23167 10.131993 1.246384 0.377706 -3.981553 0 0 0 -18.724815 0.463336 17.774795 4.013885 0.995202 3.126699 0 0 0 -18.287739 2.122715 5.592006 -3.712166 8.636711 20.577783 0 0 0 -50.39287 -5.461708 3.555015 0.786625 5.753266 -0.612217 59.125159 -36.151825 -2.6703 0 0 0 25.48627 -6.567099 0.322912 0.305321 -8.935223 0.981994 -26.609279 -9.583324 -3.612561 0 0 0
-0.282239 -0.033717 -0.372954 -0.076046 7.982662 -8.636304 0.20755 -12.040935 3.819461 0.245103 -11.825295 -1.838435 0 0 0 -16.828019 23.500587 -11.043204 -20.907238 7.867103 16.213049 0 0 0 0 0 0 -8.805303 2.600311 -13.245125 4.306292 13.458745 -78.899619 -35.06062 4.467736 14.279847 -5.208693 21.167263 -7.931258 -3.636292 -2.244307 -19.133199 -7.100467 3.62086 1.822583 0 0 0 37.981329 3.85712 -18.21386 -3.981505 -0.312001 -2.714025 0 0 0 2.929467 -1.231741 -10.13273 -1.246458 0.377728 3.981735 0 0 0 18.723955 0.463054 -17.775594 -4.013708 0.99524 -3.126586 0 0 0 18.269087 2.108643 -5.565532 3.717059 8.635663 -20.580557 0 0 0 8.805303 2.600311 13.245125 -8.871593 12.468074 75.523276 39.44152 5.699482 -16.420697 9.848904 32.243387 13.77062 3.635273 -2.24402 19.132416 7.100747 3.620751 -1.822804 0 0 0 -37.983061 3.857696 18.213087 3.981514 -0.312002 2.714676 0 0 0 -2.929954 -1.23167 10.131993 1.246384 0.377706 -3.981553 0 0 0 -18.724815 0.463336 17.774795 4.013885 0.995202 3.126699 0 0 0 -18.287739 2.122715 5.592006 -3.712166 8.636711 20.577783 0 0 0 -50.386686 -5.508555 3.534757 0.78709 5.757432 -0.612408 59.130012 -36.166959 -2.67324 0 0 0 25.528708 -6.558532 0.273328 0.304669 -8.955234 0.982174 -26.648872 -9.616504 -3.610188 0 0 0
-0.283188 -0.033446 -0.373626 -0.099202 8.008097 -8.616195 0.27824 -12.018196 3.987374 0.279101 -11.707364 -1.887991 0 0 0 -15.631315 23.508119 -9.9376 -19.783966 5.455807 15.513622 0 0 0 0 0 0 -8.805303 2.600311 -13.245125 3.81563 13.608448 -79.050213 -35.238706 4.514697 14.368172 -5.07753 20.780074 -7.756194 -3.636292 -2.244307 -19.133199 -7.100467 3.62086 1.822583 0 0 0 37.981329 3.85712 -18.21386 -3.981505 -0.312001 -2.714025 0 0 0 2.929467 -1.231741 -10.13273 -1.246458 0.377728 3.981735 0 0 0 18.723955 0.463054 -17.775594 -4.013708 0.99524 -3.126586 0 0 0 18.269087 2.108643 -5.565532 3.717059 8.635663 -20.580557 0 0 0 8.805303 2.600311 13.245125 -8.844123 12.529796 75.548411 39.474577 5.708999 -16.436698 9.832848 32.212137 13.751306 3.635273 -2.24402 19.132416 7.100747 3.620751 -1.822804 0 0 0 -37.983061 3.857696 18.213087 3.981514 -0.312002 2.714676 0 0 0 -2.929954 -1.23167 10.131993 1.246384 0.377706 -3.981553 0 0 0 -18.724815 0.463336 17.774795 4.013885 0.995202 3.126699 0 0 0 -18.287739 2.122715 5.592006 -3.712166 8.636711 20.577783 0 0 0 -50.32284 -5.545419 3.562903 0.782406 5.742857 -0.615303 59.097163 -36.075237 -2.667182 0 0 0 25.52994 -6.585594 0.23467 0.302873 -8.964255 0.982401 -26.649853 -9.605754 -3.606811 0 0 0
-0.283485 -0.034634 -0.3783 -0.118064 8.055415 -8.619389 0.422357 -11.913137 4.191186 0.345004 -11.563186 -1.98625 0 0 0 -14.17234 23.655172 -8.611889 -18.360733 2.034832 14.866223 0 0 0 0 0 0 -8.805303 2.600311 -13.245125 3.215485 13.737817 -79.194695 -35.443309 4.568724 14.469602 -4.958816 20.426731 -7.597323 -3.636292 -2.244307 -19.133199 -7.100467 3.62086 1.822583 0 0 0 37.981329 3.85712 -18.21386 -3.981505 -0.312001 -2.714025 0 0 0 2.929467 -1.231741 -10.13273 -1.246458 0.377728 3.981735 0 0 0 18.723955 0.463054 -17.775594 -4.013708 0.99524 -3.126586 0 0 0 18.269087 2.108643 -5.565532 3.717059 8.635663 -20.580557 0 0 0 8.805303 2.600311 13.245125 -8.741261 12.610229 75.633102 39.495973 5.715781 -16.4469 9.81057 32.16861 13.724486 3.635273 -2.24402 19.132416 7.100747 3.620751 -1.822804 0 0 0 -37.983061 3.857696 18.213087 3.981514 -0.312002 2.714676 0 0 0 -2.929954 -1.23167 10.131993 1.246384 0.377706 -3.981553 0 0 0 -18.724815 0.463336 17.774795 4.013885 0.995202 3.126699 0 0 0 -18.287739 2.122715 5.592006 -3.712166 8.636711 20.577783 0 0 0 -50.20023 -5.582543 3.670987 0.771506 5.714621 -0.620839 59.004902 -35.858495 -2.645829 0 0 0 25.512786 -6.666807 0.209552 0.299459 -8.95368 0.982838 -26.633808 -9.560773 -3.607855 0 0 0
-0.284451 -0.035899 -0.385209 -0.107136 8.133889 -8.642612 0.638077 -11.691039 4.380514 0.438819 -11.443658 -2.123133 0 0 0 -12.63852 23.972731 -7.189146 -16.883835 -2.180388 14.262438 0 0 0 0 0 0 -8.805303 2.600311 -13.245125 2.61105 13.846936 -79.306829 -35.618037 4.615064 14.556142 -4.865772 20.146859 -7.472377 -3.636292 -2.244307 -19.133199 -7.100467 3.62086 1.822583 0 0 0 37.981329 3.85712 -18.21386 -3.981505 -0.312001 -2.714025 0 0 0 2.929467 -1.231741 -10.13273 -1.246458 0.377728 3.981735 0 0 0 18.723955 0.463054 -17.775594 -4.013708 0.99524 -3.126586 0 0 0 18.269087 2.108643 -5.565532 3.717059 8.635663 -20.580557 0 0 0 8.805303 2.600311 13.245125 -8.54879 12.709921 75.779253 39.519842 5.723568 -16.458209 9.779747 32.108322 13.687369 3.635273 -2.24402 19.132416 7.100747 3.620751 -1.822804 0 0 0 -37.983061 3.857696 18.213087 3.981514 -0.312002 2.714676 0 0 0 -2.929954 -1.23167 10.131993 1.246384 0.377706 -3.981553 0 0 0 -18.724815 0.463336 17.774795 4.013885 0.995202 3.126699 0 0 0 -18.287739 2.122715 5.592006 -3.712166 8.636711 20.577783 0 0 0 -50.090692 -5.633107 3.863249 0.757315 5.68398 -0.627297 58.884046 -35.575589 -2.612303 0 0 0 25.506427 -6.807554 0.192865 0.294875 -8.927386 0.983437 -26.646293 -9.521811 -3.617567 0 0 0
-0.289373 -0.03661 -0.401286 -0.042905 8.254089 -8.674361 0.866739 -11.381436 4.524319 0.53744 -11.379448 -2.268312 0 0 0 -11.152625 24.412683 -5.774337 -15.497596 -6.788533 13.588605 0 0 0 0 0 0 -8.805303 2.600311 -13.245125 2.070821 13.96551 -79.41383 -35.739766 4.647507 14.616364 -4.793183 19.926257 -7.374567 -3.636292 -2.244307 -19.133199 -7.100467 3.62086 1.822583 0 0 0 37.981329 3.85712 -18.21386 -3.981505 -0.312001 -2.714025 0 0 0 2.929467 -1.231741 -10.13273 -1.246458 0.377728 3.981735 0 0 0 18.723955 0.463054 -17.775594 -4.013708 0.99524 -3.126586 0 0 0 18.269087 2.108643 -5.565532 3.717059 8.635663 -20.580557 0 0 0 8.805303 2.600311 13.245125 -8.252843 12.824474 75.955006 39.538651 5.729566 -16.467147 9.749787 32.049567 13.651273 3.635273 -2.24402 19.132416 7.100747 3.620751 -1.822804 0 0 0 -37.983061 3.857696 18.213087 3.981514 -0.312002 2.714676 0 0 0 -2.929954 -1.23167 10.131993 1.246384 0.377706 -3.981553 0 0 0 -18.724815 0.463336 17.774795 4.013885 0.995202 3.126699 0 0 0 -18.287739 2.122715 5.592006 -3.712166 8.636711 20.577783 0 0 0 -50.1043 -5.707959 4.102333 0.744598 5.662575 -0.63254 58.807009 -35.343274 -2.580564 0 0 0 25.525424 -6.991852 0.169712 0.289612 -8.903187 0.983794 -26.727783 -9.51008 -3.63458 0 0 0
-0.290652 -0.03865 -0.415762 0.073806 8.410536 -8.69465 1.054333 -11.053952 4.610794 0.62081 -11.356629 -2.402672 0 0 0 -9.740148 24.888153 -4.429087 -14.166396 -11.319674 12.773474 0 0 0 0 0 0 -8.805303 2.600311 -13.245125 1.632401 14.101945 -79.546685 -35.81625 4.667966 14.654155 -4.734805 19.747516 -7.295711 -3.636292 -2.244307 -19.133199 -7.100467 3.62086 1.822583 0 0 0 37.981329 3.85712 -18.21386 -3.981505 -0.312001 -2.714025 0 0 0 2.929467 -1.231741 -10.13273 -1.246458 0.377728 3.981735 0 0 0 18.723955 0.463054 -17.775594 -4.013708 0.99524 -3.126586 0 0 0 18.269087 2.108643 -5.565532 3.717059 8.635663 -20.580557 0 0 0 8.805303 2.600311 13.245125 -7.794532 12.968283 76.146184 39.563368 5.737117 -16.478968 9.706904 31.964453 13.599486 3.635273 -2.24402 19.132416 7.100747 3.620751 -1.822804 0 0 0 -37.983061 3.857696 18.213087 3.981514 -0.312002 2.714676 0 0 0 -2.929954 -1.23167 10.131993 1.246384 0.377706 -3.981553 0 0 0 -18.724815 0.463336 17.774795 4.013885 0.995202 3.126699 0 0 0 -18.287739 2.122715 5.592006 -3.712166 8.636711 20.577783 0 0 0 -50.300399 -5.812325 4.320974 0.737702 5.657324 -0.635003 58.835706 -35.261734 -2.566543 0 0 0 25.569638 -7.182072 0.119124 0.284368 -8.896314 0.9836 -26.880382 -9.524325 -3.653705 0 0 0
-0.289818 -0.040225 -0.431336 0.219164 8.565087 -8.690309 1.188662 -10.756791 4.64032 0.682853 -11.341427 -2.52135 0 0 0 -8.377682 25.280467 -3.168686 -12.775929 -15.292291 11.816821 0 0 0 0 0 0 -8.805303 2.600311 -13.245125 1.269381 14.254402 -79.718241 -35.876809 4.684256 14.684039 -4.683872 19.590422 -7.226742 -3.636292 -2.244307 -19.133199 -7.100467 3.62086 1.822583 0 0 0 37.981329 3.85712 -18.21386 -3.981505 -0.312001 -2.714025 0 0 0 2.929467 -1.231741 -10.13273 -1.246458 0.377728 3.981735 0 0 0 18.723955 0.463054 -17.775594 -4.013708 0.99524 -3.126586 0 0 0 18.269087 2.108643 -5.565532 3.717059 8.635663 -20.580557 0 0 0 8.805303 2.600311 13.245125 -7.07307 13.179913 76.370549 39.635456 5.758997 -16.5135 9.608507 31.767764 13.480493 3.635273 -2.24402 19.132416 7.100747 3.620751 -1.822804 0 0 0 -37.983061 3.857696 18.213087 3.981514 -0.312002 2.714676 0 0 0 -2.929954 -1.23167 10.131993 1.246384 0.377706 -3.981553 0 0 0 -18.724815 0.463336 17.774795 4.013885 0.995202 3.126699 0 0 0 -18.287739 2.122715 5.592006 -3.712166 8.636711 20.577783 0 0 0 -50.667888 -5.928746 4.443853 0.742814 5.674676 -0.632515 58.993522 -35.415072 -2.584462 0 0 0 25.624109 -7.325284 0.039268 0.28048 -8.907345 0.983019 -27.060758 -9.559887 -3.669795 0 0 0
-0.283787 -0.041517 -0.439291 0.368052 8.675914 -8.664894 1.26261 -10.514313 4.616135 0.716855 -11.31269 -2.603508 0 0 0 -7.082706 25.434379 -2.040407 -11.283307 -18.24787 10.803995 0 0 0 0 0 0 -8.805303 2.600311 -13.245125 0.889804 14.442859 -79.941624 -35.951351 4.704494 14.720783 -4.627115 19.41389 -7.149666 -3.636292 -2.244307 -19.133199 -7.100467 3.62086 1.822583 0 0 0 37.981329 3.85712 -18.21386 -3.981505 -0.312001 -2.714025 0 0 0 2.929467 -1.231741 -10.13273 -1.246458 0.377728 3.981735 0 0 0 18.723955 0.463054 -17.775594 -4.013708 0.99524 -3.126586 0 0 0 18.269087 2.108643 -5.565532 3.717059 8.635663 -20.580557 0 0 0 8.805303 2.600311 13.245125 -6.068259 13.457445 76.631876 39.763298 5.797835 -16.574737 9.449412 31.448725 13.287975 3.635273 -2.24402 19.132416 7.100747 3.620751 -1.822804 0 0 0 -37.983061 3.857696 18.213087 3.981514 -0.312002 2.714676 0 0 0 -2.929954 -1.23167 10.131993 1.246384 0.377706 -3.981553 0 0 0 -18.724815 0.463336 17.774795 4.013885 0.995202 3.126699 0 0 0 -18.287739 2.122715 5.592006 -3.712166 8.636711 20.577783 0 0 0 -51.166498 -6.026844 4.431675 0.76585 5.72096 -0.622845 59.267923 -35.860018 -2.642583 0 0 0 25.66727 -7.388656 -0.049296 0.27926 -8.925824 0.982509 -27.21818 -9.612138 -3.681156 0 0 0
-0.275105 -0.040652 -0.438542 0.505083 8.74228 -8.637123 1.256326 -10.361494 4.547312 0.713016 -11.2641 -2.619082 0 0 0 -5.959793 25.245318 -1.14457 -9.820231 -19.919723 9.931908 0 0 0 0 0 0 -8.805303 2.600311 -13.245125 0.399668 14.68761 -80.221211 -36.041051 4.728994 14.764963 -4.552578 19.18028 -7.048179 -3.636292 -2.244307 -19.133199 -7.100467 3.62086 1.822583 0 0 0 37.981329 3.85712 -18.21386 -3.981505 -0.312001 -2.714025 0 0 0 2.929467 -1.231741 -10.13273 -1.246458 0.377728 3.981735 0 0 0 18.723955 0.463054 -17.775594 -4.013708 0.99524 -3.126586 0 0 0 18.269087 2.108643 -5.565532 3.717059 8.635663 -20.580557 0 0 0 8.805303 2.600311 13.245125 -4.915317 13.72071 76.898038 39.903323 5.840451 -16.641769 9.288345 31.124362 13.092906 3.635273 -2.24402 19.132416 7.100747 3.620751 -1.822804 0 0 0 -37.983061 3.857696 18.213087 3.981514 -0.312002 2.714676 0 0 0 -2.929954 -1.23167 10.131993 1.246384 0.377706 -3.981553 0 0 0 -18.724815 0.463336 17.774795 4.013885 0.995202 3.126699 0 0 0 -18.287739 2.122715 5.592006 -3.712166 8.636711 20.577783 0 0 0 -51.720585 -6.090379 4.331235 0.802404 5.785723 -0.607861 59.603075 -36.499523 -2.728141 0 0 0 25.689137 -7.399033 -0.123415 0.280821 -8.938398 0.982431 -27.331298 -9.673229 -3.690472 0 0 0
-0.272675 -0.041323 -0.443242 0.61231 8.784722 -8.627329 1.174799 -10.327372 4.451664 0.674615 -11.193531 -2.565495 0 0 0 -5.134484 24.770796 -0.523309 -8.646835 -20.402889 9.385285 0 0 0 0 0 0 -8.805303 2.600311 -13.245125 -0.264493 14.984414 -80.536464 -36.129892 4.753197 14.808717 -4.458368 18.882549 -6.919533 -3.636292 -2.244307 -19.133199 -7.100467 3.62086 1.822583 0 0 0 37.981329 3.85712 -18.21386 -3.981505 -0.312001 -2.714025 0 0 0 2.929467 -1.231741 -10.13273 -1.246458 0.377728 3.981735 0 0 0 18.723955 0.463054 -17.775594 -4.013708 0.99524 -3.126586 0 0 0 18.269087 2.108643 -5.565532 3.717059 8.635663 -20.580557 0 0 0 8.805303 2.600311 13.245125 -3.749567 13.903435 77.13784 40.030577 5.879353 -16.702603 9.170947 30.885938 12.950488 3.635273 -2.24402 19.132416 7.100747 3.620751 -1.822804 0 0 0 -37.983061 3.857696 18.213087 3.981514 -0.312002 2.714676 0 0 0 -2.929954 -1.23167 10.131993 1.246384 0.377706 -3.981553 0 0 0 -18.724815 0.463336 17.774795 4.013885 0.995202 3.126699 0 0 0 -18.287739 2.122715 5.592006 -3.712166 8.636711 20.577783 0 0 0 -52.196804 -6.115938 4.233473 0.836288 5.838999 -0.594256 59.909052 -37.065275 -2.806163 0 0 0 25.697298 -7.406299 -0.165938 0.283779 -8.937931 0.982762 -27.400767 -9.730835 -3.6999 0 0 0
-0.269261 -0.041762 -0.444314 0.659741 8.800665 -8.642002 1.064796 -10.403604 4.348744 0.62195 -11.10672 -2.474757 0 0 0 -4.661229 24.235683 -0.127538 -7.965931 -20.125415 9.20726 0 0 0 0 0 0 -8.805303 2.600311 -13.245125 -1.143532 15.331535 -80.86381 -36.255046 4.787449 14.870233 -4.33747 18.493578 -6.753385 -3.636292 -2.244307 -19.133199 -7.100467 3.62086 1.822583 0 0 0 37.981329 3.85712 -18.21386 -3.981505 -0.312001 -2.714025 0 0 0 2.929467 -1.231741 -10.13273 -1.246458 0.377728 3.981735 0 0 0 18.723955 0.463054 -17.775594 -4.013708 0.99524 -3.126586 0 0 0 18.269087 2.108643 -5.565532 3.717059 8.635663 -20.580557 0 0 0 8.805303 2.600311 13.245125 -2.597204 14.041739 77.34753 40.166665 5.921186 -16.767558 9.093766 30.727378 12.856639 3.635273 -2.24402 19.132416 7.100747 3.620751 -1.822804 0 0 0 -37.983061 3.857696 18.213087 3.981514 -0.312002 2.714676 0 0 0 -2.929954 -1.23167 10.131993 1.246384 0.377706 -3.981553 0 0 0 -18.724815 0.463336 17.774795 4.013885 0.995202 3.126699 0 0 0 -18.287739 2.122715 5.592006 -3.712166 8.636711 20.577783 0 0 0 -52.454473 -6.099215 4.182667 0.853156 5.856362 -0.587902 60.103852 -37.324497 -2.844825 0 0 0 25.712176 -7.418068 -0.164601 0.286458 -8.929986 0.983099 -27.433127 -9.773629 -3.70728 0 0 0
-0.267321 -0.041723 -0.440814 0.620917 8.78304 -8.677293 0.977943 -10.560942 4.261437 0.577223 -11.023703 -2.384487 0 0 0 -4.498667 23.886176 0.088447 -7.769841 -19.604119 9.332727 0 0 0 0 0 0 -8.805303 2.600311 -13.245125 -2.351489 15.788566 -81.241487 -36.627095 4.893513 15.051362 -4.13787 17.824697 -6.474875 -3.636292 -2.244307 -19.133199 -7.100467 3.62086 1.822583 0 0 0 37.981329 3.85712 -18.21386 -3.981505 -0.312001 -2.714025 0 0 0 2.929467 -1.231741 -10.13273 -1.246458 0.377728 3.981735 0 0 0 18.723955 0.463054 -17.775594 -4.013708 0.99524 -3.126586 0 0 0 18.269087 2.108643 -5.565532 3.717059 8.635663 -20.580557 0 0 0 8.805303 2.600311 13.245125 -1.532763 14.195562 77.518053 40.315234 5.966986 -16.838406 9.055162 30.64758 12.80964 3.635273 -2.24402 19.132416 7.100747 3.620751 -1.822804 0 0 0 -37.983061 3.857696 18.213087 3.981514 -0.312002 2.714676 0 0 0 -2.929954 -1.23167 10.131993 1.246384 0.377706 -3.981553 0 0 0 -18.724815 0.463336 17.774795 4.013885 0.995202 3.126699 0 0 0 -18.287739 2.122715 5.592006 -3.712166 8.636711 20.577783 0 0 0 -52.42673 -6.046156 4.182777 0.850536 5.838329 -0.589569 60.140471 -37.243501 -2.835957 0 0 0 25.750824 -7.422251 -0.119944 0.288168 -8.92373 0.983041 -27.433984 -9.792623 -3.709764 0 0 0
-0.268667 -0.041659 -0.436837 0.494171 8.746631 -8.724172 0.948764 -10.764595 4.20426 0.554212 -10.964386 -2.312276 0 0 0 -4.539839 23.792721 0.14472 -7.869413 -19.117225 9.641419 0 0 0 0 0 0 -8.805303 2.600311 -13.245125 -4.279403 16.538957 -81.836916 -37.721874 5.222261 15.57668 -3.768488 16.531851 -5.950622 -3.636292 -2.244307 -19.133199 -7.100467 3.62086 1.822583 0 0 0 37.981329 3.85712 -18.21386 -3.981505 -0.312001 -2.714025 0 0 0 2.929467 -1.231741 -10.13273 -1.246458 0.377728 3.981735 0 0 0 18.723955 0.463054 -17.775594 -4.013708 0.99524 -3.126586 0 0 0 18.269087 2.108643 -5.565532 3.717059 8.635663 -20.580557 0 0 0 8.805303 2.600311 13.245125 -0.753268 14.34874 77.617205 40.439786 6.005448 -16.897755 9.049891 30.636597 12.803213 3.635273 -2.24402 19.132416 7.100747 3.620751 -1.822804 0 0 0 -37.983061 3.857696 18.213087 3.981514 -0.312002 2.714676 0 0 0 -2.929954 -1.23167 10.131993 1.246384 0.377706 -3.981553 0 0 0 -18.724815 0.463336 17.774795 4.013885 0.995202 3.126699 0 0 0 -18.287739 2.122715 5.592006 -3.712166 8.636711 20.577783 0 0 0 -52.151667 -5.984732 4.234996 0.834703 5.806169 -0.596182 60.020582 -36.950877 -2.793422 0 0 0 25.789383 -7.432481 -0.057123 0.289169 -8.915833 0.982658 -27.378994 -9.771689 -3.70614 0 0 0
-0.270104 -0.042511 -0.436579 0.304186 8.703433 -8.76773 0.998947 -10.97201 4.165811 0.559073 -10.932581 -2.261111 0 0 0 -4.675346 23.845121 0.080462 -8.063383 -18.619608 10.002628 0 0 0 0 0 0 -8.805303 2.600311 -13.245125 -7.494003 17.876021 -82.909673 -40.168938 6.008004 16.724054 -3.250697 14.66214 -5.206363 -3.636292 -2.244307 -19.133199 -7.100467 3.62086 1.822583 0 0 0 37.981329 3.85712 -18.21386 -3.981505 -0.312001 -2.714025 0 0 0 2.929467 -1.231741 -10.13273 -1.246458 0.377728 3.981735 0 0 0 18.723955 0.463054 -17.775594 -4.013708 0.99524 -3.126586 0 0 0 18.269087 2.108643 -5.565532 3.717059 8.635663 -20.580557 0 0 0 8.805303 2.600311 13.245125 -0.372817 14.465776 77.64139 40.522982 6.031207 -16.937352 9.034166 30.603665 12.784019 3.635273 -2.24402 19.132416 7.100747 3.620751 -1.822804 0 0 0 -37.983061 3.857696 18.213087 3.981514 -0.312002 2.714676 0 0 0 -2.929954 -1.23167 10.131993 1.246384 0.377706 -3.981553 0 0 0 -18.724815 0.463336 17.774795 4.013885 0.995202 3.126699 0 0 0 -18.287739 2.122715 5.592006 -3.712166 8.636711 20.577783 0 0 0 -51.746124 -5.938104 4.312087 0.814171 5.781009 -0.604057 59.81402 -36.611391 -2.74156 0 0 0 25.765848 -7.462272 -0.00992 0.289982 -8.89515 0.982349 -27.216034 -9.691276 -3.694607 0 0 0
-0.272661 -0.042602 -0.432666 0.076555 8.652308 -8.798798 1.119323 -11.162729 4.126037 0.588256 -10.922184 -2.23586 0 0 0 -4.840376 23.925067 -0.058836 -8.241272 -17.957265 10.35573 0 0 0 0 0 0 -8.805303 2.600311 -13.245125 -12.129637 20.028651 -84.642194 -44.426225 7.498301 18.645718 -2.954557 13.467273 -4.761481 -3.636292 -2.244307 -19.133199 -7.100467 3.62086 1.822583 0 0 0 37.981329 3.85712 -18.21386 -3.981505 -0.312001 -2.714025 0 0 0 2.929467 -1.231741 -10.13273 -1.246458 0.377728 3.981735 0 0 0 18.723955 0.463054 -17.775594 -4.013708 0.99524 -3.126586 0 0 0 18.269087 2.108643 -5.565532 3.717059 8.635663 -20.580557 0 0 0 8.805303 2.600311 13.245125 -0.272079 14.567197 77.642122 40.579482 6.048751 -16.964216 8.976293 30.482833 12.713419 3.635273 -2.24402 19.132416 7.100747 3.620751 -1.822804 0 0 0 -37.983061 3.857696 18.213087 3.981514 -0.312002 2.714676 0 0 0 -2.929954 -1.23167 10.131993 1.246384 0.377706 -3.981553 0 0 0 -18.724815 0.463336 17.774795 4.013885 0.995202 3.126699 0 0 0 -18.287739 2.122715 5.592006 -3.712166 8.636711 20.577783 0 0 0 -51.359326 -5.903926 4.355279 0.7987 5.775829 -0.609556 59.644754 -36.395182 -2.709072 0 0 0 25.650105 -7.502701 0.006987 0.29143 -8.859006 0.982375 -26.921761 -9.546213 -3.673462 0 0 0
-0.274195 -0.04317 -0.430742 -0.204623 8.604499 -8.810627 1.279619 -11.358722 4.056993 0.631756 -10.928046 -2.242957 0 0 0 -5.002512 23.979784 -0.23942 -8.355523 -17.049064 10.704952 0 0 0 0 0 0 -8.805303 2.600311 -13.245125 -17.581732 22.956723 -86.995701 -50.518238 9.858996 21.232093 -3.5362 15.022374 -5.516381 -3.636292 -2.244307 -19.133199 -7.100467 3.62086 1.822583 0 0 0 37.981329 3.85712 -18.21386 -3.981505 -0.312001 -2.714025 0 0 0 2.929467 -1.231741 -10.13273 -1.246458 0.377728 3.981735 0 0 0 18.723955 0.463054 -17.775594 -4.013708 0.99524 -3.126586 0 0 0 18.269087 2.108643 -5.565532 3.717059 8.635663 -20.580557 0 0 0 8.805303 2.600311 13.245125 -0.126738 14.707875 77.688344 40.628376 6.063984 -16.987443 8.881134 30.282321 12.597107 3.635273 -2.24402 19.132416 7.100747 3.620751 -1.822804 0 0 0 -37.983061 3.857696 18.213087 3.981514 -0.312002 2.714676 0 0 0 -2.929954 -1.23167 10.131993 1.246384 0.377706 -3.981553 0 0 0 -18.724815 0.463336 17.774795 4.013885 0.995202 3.126699 0 0 0 -18.287739 2.122715 5.592006 -3.712166 8.636711 20.577783 0 0 0 -51.130187 -5.89753 4.312533 0.803861 5.822136 -0.606076 59.634655 -36.587748 -2.736044 0 0 0 25.478825 -7.551642 -0.025688 0.295264 -8.809946 0.982968 -26.505071 -9.341742 -3.642992 0 0 0
-0.282514 -0.042201 -0.427475 -0.604634 8.580466 -8.778693 1.470771 -11.576971 3.896974 0.682875 -10.948948 -2.279077 0 0 0 -5.133446 23.992508 -0.418014 -8.384079 -15.931608 11.050988 0 0 0 0 0 0 -8.805303 2.600311 -13.245125 -23.10346 26.317921 -89.725578 -58.049458 13.103961 24.138746 -5.214606 19.850858 -7.746491 -3.636292 -2.244307 -19.133199 -7.100467 3.62086 1.822583 0 0 0 37.981329 3.85712 -18.21386 -3.981505 -0.312001 -2.714025 0 0 0 2.929467 -1.231741 -10.13273 -1.246458 0.377728 3.981735 0 0 0 18.723955 0.463054 -17.775594 -4.013708 0.99524 -3.126586 0 0 0 18.269087 2.108643 -5.565532 3.717059 8.635663 -20.580557 0 0 0 8.805303 2.600311 13.245125 0.562623 14.967105 77.859313 40.729433 6.095816 -17.035309 8.726954 29.951186 12.407888 3.635273 -2.24402 19.132416 7.100747 3.620751 -1.822804 0 0 0 -37.983061 3.857696 18.213087 3.981514 -0.312002 2.714676 0 0 0 -2.929954 -1.23167 10.131993 1.246384 0.377706 -3.981553 0 0 0 -18.724815 0.463336 17.774795 4.013885 0.995202 3.126699 0 0 0 -18.287739 2.122715 5.592006 -3.712166 8.636711 20.577783 0 0 0 -51.141686 -5.980411 4.145559 0.849471 5.97809 -0.583952 59.857598 -37.555821 -2.87224 0 0 0 25.314282 -7.621281 -0.159316 0.303537 -8.749091 0.984436 -25.967226 -9.072207 -3.603006 0 0 0
-0.286122 -0.041891 -0.423846 -1.17143 8.567867 -8.692574 1.67658 -11.768571 3.61247 0.73276 -10.99036 -2.328466 0 0 0 -5.206489 23.973034 -0.548367 -8.317891 -14.7189 11.375794 0 0 0 0 0 0 -8.805303 2.600311 -13.245125 -28.4883 29.573389 -92.446209 -66.381014 17.056095 26.932174 -7.123489 25.323956 -10.279338 -3.636292 -2.244307 -19.133199 -7.100467 3.62086 1.822583 0 0 0 37.981329 3.85712 -18.21386 -3.981505 -0.312001 -2.714025 0 0 0 2.929467 -1.231741 -10.13273 -1.246458 0.377728 3.981735 0 0 0 18.723955 0.463054 -17.775594 -4.013708 0.99524 -3.126586 0 0 0 18.269087 2.108643 -5.565532 3.717059 8.635663 -20.580557 0 0 0 8.805303 2.600311 13.245125 2.319262 15.44322 78.250243 40.999314 6.181537 -17.162808 8.470715 29.391082 12.092207 3.635273 -2.24402 19.132416 7.100747 3.620751 -1.822804 0 0 0 -37.983061 3.857696 18.213087 3.981514 -0.312002 2.714676 0 0 0 -2.929954 -1.23167 10.131993 1.246384 0.377706 -3.981553 0 0 0 -18.724815 0.463336 17.774795 4.013885 0.995202 3.126699 0 0 0 -18.287739 2.122715 5.592006 -3.712166 8.636711 20.577783 0 0 0 -51.357053 -6.168574 3.84453 0.940716 6.263941 -0.539924 60.304157 -39.365948 -3.133521 0 0 0 25.188693 -7.707175 -0.398855 0.316117 -8.685638 0.986586 -25.313177 -8.729733 -3.550509 0 0 0
-0.29131 -0.040342 -0.440789 -1.834262 8.522135 -8.612477 1.804847 -11.830903 3.308054 0.757008 -11.06254 -2.366231 0 0 0 -5.218161 23.914423 -0.625122 -8.164225 -13.485498 11.643907 0 0 0 0 0 0 -8.805303 2.600311 -13.245125 -33.9017 32.095148 -94.566668 -74.744242 21.328115 29.241961 -8.056502 28.124087 -11.533731 -3.636292 -2.244307 -19.133199 -7.100467 3.62086 1.822583 0 0 0 37.981329 3.85712 -18.21386 -3.981505 -0.312001 -2.714025 0 0 0 2.929467 -1.231741 -10.13273 -1.246458 0.377728 3.981735 0 0 0 18.723955 0.463054 -17.775594 -4.013708 0.99524 -3.126586 0 0 0 18.269087 2.108643 -5.565532 3.717059 8.635663 -20.580557 0 0 0 8.805303 2.600311 13.245125 5.24963 16.152883 78.880273 41.501989 6.342396 -17.399684 8.11573 28.598695 11.652815 3.635273 -2.24402 19.132416 7.100747 3.620751 -1.822804 0 0 0 -37.983061 3.857696 18.213087 3.981514 -0.312002 2.714676 0 0 0 -2.929954 -1.23167 10.131993 1.246384 0.377706 -3.981553 0 0 0 -18.724815 0.463336 17.774795 4.013885 0.995202 3.126699 0 0 0 -18.287739 2.122715 5.592006 -3.712166 8.636711 20.577783 0 0 0 -51.558585 -6.343245 3.519965 1.042604 6.580891 -0.490377 60.803425 -41.354053 -3.429682 0 0 0 25.063677 -7.801345 -0.617433 0.328445 -8.632368 0.988483 -24.591233 -8.341265 -3.486151 0 0 0
-0.310298 -0.03107 -0.430342 -2.380393 8.431287 -8.632409 1.706639 -11.693793 3.174509 0.718014 -11.166792 -2.350132 0 0 0 -5.193266 23.770235 -0.684298 -7.957813 -12.257697 11.790514 0 0 0 0 0 0 -8.805303 2.600311 -13.245125 -39.272694 33.287204 -95.250181 -82.238713 25.341914 30.86372 -7.859322 27.897867 -11.318971 -3.636292 -2.244307 -19.133199 -7.100467 3.62086 1.822583 0 0 0 37.981329 3.85712 -18.21386 -3.981505 -0.312001 -2.714025 0 0 0 2.929467 -1.231741 -10.13273 -1.246458 0.377728 3.981735 0 0 0 18.723955 0.463054 -17.775594 -4.013708 0.99524 -3.126586 0 0 0 18.269087 2.108643 -5.565532 3.717059 8.635663 -20.580557 0 0 0 8.805303 2.600311 13.245125 8.726114 16.952313 79.584233 42.148938 6.551277 -17.70361 7.694476 27.628086 11.127561 3.635273 -2.24402 19.132416 7.100747 3.620751 -1.822804 0 0 0 -37.983061 3.857696 18.213087 3.981514 -0.312002 2.714676 0 0 0 -2.929954 -1.23167 10.131993 1.246384 0.377706 -3.981553 0 0 0 -18.724815 0.463336 17.774795 4.013885 0.995202 3.126699 0 0 0 -18.287739 2.122715 5.592006 -3.712166 8.636711 20.577783 0 0 0 -51.465478 -6.349352 3.415197 1.090776 6.751459 -0.466268 61.050276 -42.375004 -3.581604 0 0 0 24.834372 -7.93588 -0.64843 0.333376 -8.584145 0.989158 -23.902249 -7.973125 -3.423239 0 0 0
-0.333009 -0.032581 -0.469327 -2.611867 8.32677 -8.768664 1.29556 -11.379119 3.26733 0.584763 -11.280463 -2.215936 0 0 0 -5.130239 23.523539 -0.729527 -7.708864 -11.097642 11.730677 0 0 0 0 0 0 -8.805303 2.600311 -13.245125 -44.143527 32.803911 -93.761395 -87.841585 28.416807 31.7946 -7.367592 26.811868 -10.71195 -3.636292 -2.244307 -19.133199 -7.100467 3.62086 1.822583 0 0 0 37.981329 3.85712 -18.21386 -3.981505 -0.312001 -2.714025 0 0 0 2.929467 -1.231741 -10.13273 -1.246458 0.377728 3.981735 0 0 0 18.723955 0.463054 -17.775594 -4.013708 0.99524 -3.126586 0 0 0 18.269087 2.108643 -5.565532 3.717059 8.635663 -20.580557 0 0 0 8.805303 2.600311 13.245125 11.788969 17.643928 80.098767 42.782885 6.758446 -18.00016 7.22461 26.503549 10.536314 3.635273 -2.24402 19.132416 7.100747 3.620751 -1.822804 0 0 0 -37.983061 3.857696 18.213087 3.981514 -0.312002 2.714676 0 0 0 -2.929954 -1.23167 10.131993 1.246384 0.377706 -3.981553 0 0 0 -18.724815 0.463336 17.774795 4.013885 0.995202 3.126699 0 0 0 -18.287739 2.122715 5.592006 -3.712166 8.636711 20.577783 0 0 0 -51.084183 -6.169994 3.64488 1.060209 6.710035 -0.479655 60.917193 -41.995318 -3.51018 0 0 0 24.416329 -8.136415 -0.46727 0.328985 -8.518393 0.988572 -23.337534 -7.681055 -3.380855 0 0 0
-0.358463 -0.029766 -0.4954 -2.544571 8.219345 -8.928599 0.630293 -10.962231 3.409965 0.354162 -11.360025 -1.910796 0 0 0 -4.964064 23.185733 -0.690869 -7.348206 -10.03099 11.402493 0 0 0 0 0 0 -8.805303 2.600311 -13.245125 -48.122778 30.811135 -90.090505 -90.639858 29.967589 32.172999 -7.054426 25.993589 -10.30707 -3.636292 -2.244307 -19.133199 -7.100467 3.62086 1.822583 0 0 0 37.981329 3.85712 -18.21386 -3.981505 -0.312001 -2.714025 0 0 0 2.929467 -1.231741 -10.13273 -1.246458 0.377728 3.981735 0 0 0 18.723955 0.463054 -17.775594 -4.013708 0.99524 -3.126586 0 0 0 18.269087 2.108643 -5.565532 3.717059 8.635663 -20.580557 0 0 0 8.805303 2.600311 13.245125 13.982632 18.155285 80.303226 43.362209 6.95131 -18.269298 6.73244 25.281167 9.91119 3.635273 -2.24402 19.132416 7.100747 3.620751 -1.822804 0 0 0 -37.983061 3.857696 18.213087 3.981514 -0.312002 2.714676 0 0 0 -2.929954 -1.23167 10.131993 1.246384 0.377706 -3.981553 0 0 0 -18.724815 0.463336 17.774795 4.013885 0.995202 3.126699 0 0 0 -18.287739 2.122715 5.592006 -3.712166 8.636711 20.577783 0 0 0 -50.772542 -5.933755 3.995089 1.002153 6.591755 -0.506114 60.6421 -41.104561 -3.352738 0 0 0 23.838322 -8.348101 -0.217696 0.322749 -8.416399 0.987817 -22.89184 -7.466564 -3.36651 0 0 0
-0.369713 -0.029327 -0.517495 -2.369471 8.078961 -9.021621 -0.154875 -10.48477 3.411971 0.05403 -11.359449 -1.447967 0 0 0 -4.629528 22.729094 -0.488864 -6.801793 -9.007101 10.81279 0 0 0 0 0 0 -8.805303 2.600311 -13.245125 -51.459211 28.087192 -85.151244 -90.345886 29.8038 32.15748 -6.371528 23.589921 -9.324139 -3.636292 -2.244307 -19.133199 -7.100467 3.62086 1.822583 0 0 0 37.981329 3.85712 -18.21386 -3.981505 -0.312001 -2.714025 0 0 0 2.929467 -1.231741 -10.13273 -1.246458 0.377728 3.981735 0 0 0 18.723955 0.463054 -17.775594 -4.013708 0.99524 -3.126586 0 0 0 18.269087 2.108643 -5.565532 3.717059 8.635663 -20.580557 0 0 0 8.805303 2.600311 13.245125 15.606797 18.55406 80.303685 44.002378 7.169361 -18.564038 6.249969 24.030917 9.291414 3.635273 -2.24402 19.132416 7.100747 3.620751 -1.822804 0 0 0 -37.983061 3.857696 18.213087 3.981514 -0.312002 2.714676 0 0 0 -2.929954 -1.23167 10.131993 1.246384 0.377706 -3.981553 0 0 0 -18.724815 0.463336 17.774795 4.013885 0.995202 3.126699 0 0 0 -18.287739 2.122715 5.592006 -3.712166 8.636711 20.577783 0 0 0 -50.732683 -5.746065 4.192138 0.971337 6.539986 -0.519719 60.477712 -40.663494 -3.267831 0 0 0 23.20982 -8.485201 -0.034487 0.322271 -8.279688 0.987875 -22.484239 -7.293219 -3.371426 0 0 0
-0.381986 -0.023515 -0.533869 -2.240859 7.881712 -9.054976 -0.96127 -9.933249 3.291348 -0.271882 -11.244943 -0.915574 0 0 0 -4.146958 22.144039 -0.11823 -6.111691 -8.083971 10.049573 0 0 0 0 0 0 -8.805303 2.600311 -13.245125 -55.042065 25.793217 -80.191079 -87.612282 28.282535 31.85026 -4.583502 16.616488 -6.613639 -3.636292 -2.244307 -19.133199 -7.100467 3.62086 1.822583 0 0 0 37.981329 3.85712 -18.21386 -3.981505 -0.312001 -2.714025 0 0 0 2.929467 -1.231741 -10.13273 -1.246458 0.377728 3.981735 0 0 0 18.723955 0.463054 -17.775594 -4.013708 0.99524 -3.126586 0 0 0 18.269087 2.108643 -5.565532 3.717059 8.635663 -20.580557 0 0 0 8.805303 2.600311 13.245125 17.145856 18.906545 80.25788 44.81663 7.452121 -18.935915 5.757278 22.68079 8.648383 3.635273 -2.24402 19.132416 7.100747 3.620751 -1.822804 0 0 0 -37.983061 3.857696 18.213087 3.981514 -0.312002 2.714676 0 0 0 -2.929954 -1.23167 10.131993 1.246384 0.377706 -3.981553 0 0 0 -18.724815 0.463336 17.774795 4.013885 0.995202 3.126699 0 0 0 -18.287739 2.122715 5.592006 -3.712166 8.636711 20.577783 0 0 0 -50.699616 -5.591287 4.235283 0.955377 6.530002 -0.526173 60.342811 -40.485623 -3.23128 0 0 0 22.620995 -8.523821 0.090055 0.325417 -8.132418 0.988401 -22.067938 -7.130974 -3.380814 0 0 0
-0.392545 -0.018014 -0.537562 -2.193325 7.667604 -9.075581 -1.725166 -9.32373 3.166643 -0.578922 -11.005335 -0.419024 0 0 0 -3.633497 21.503377 0.32117 -5.433502 -7.446383 9.289125 0 0 0 0 0 0 -8.805303 2.600311 -13.245125 -59.635846 24.94571 -76.043507 -83.607475 26.057209 31.30384 -1.945094 5.041178 -2.347571 -3.636292 -2.244307 -19.133199 -7.100467 3.62086 1.822583 0 0 0 37.981329 3.85712 -18.21386 -3.981505 -0.312001 -2.714025 0 0 0 2.929467 -1.231741 -10.13273 -1.246458 0.377728 3.981735 0 0 0 18.723955 0.463054 -17.775594 -4.013708 0.99524 -3.126586 0 0 0 18.269087 2.108643 -5.565532 3.717059 8.635663 -20.580557 0 0 0 8.805303 2.600311 13.245125 18.787149 19.206927 80.211329 45.775678 7.790997 -19.370581 5.205275 21.080824 7.915577 3.635273 -2.24402 19.132416 7.100747 3.620751 -1.822804 0 0 0 -37.983061 3.857696 18.213087 3.981514 -0.312002 2.714676 0 0 0 -2.929954 -1.23167 10.131993 1.246384 0.377706 -3.981553 0 0 0 -18.724815 0.463336 17.774795 4.013885 0.995202 3.126699 0 0 0 -18.287739 2.122715 5.592006 -3.712166 8.636711 20.577783 0 0 0 -50.361749 -5.448088 4.298573 0.91685 6.476797 -0.542582 60.038956 -39.940821 -3.143026 0 0 0 22.124427 -8.519725 0.202051 0.325363 -8.004005 0.988475 -21.673152 -6.973587 -3.385819 0 0 0
-0.397446 -0.015716 -0.547221 -2.21315 7.539192 -9.085897 -2.384801 -8.746103 3.066812 -0.835625 -10.654666 -0.014149 0 0 0 -3.227664 20.851441 0.674873 -4.912815 -7.138864 8.740568 0 0 0 0 0 0 -8.805303 2.600311 -13.245125 -65.0686 25.818624 -72.977914 -79.314922 23.684479 30.57231 0.402136 -6.704218 1.751227 -3.636292 -2.244307 -19.133199 -7.100467 3.62086 1.822583 0 0 0 37.981329 3.85712 -18.21386 -3.981505 -0.312001 -2.714025 0 0 0 2.929467 -1.231741 -10.13273 -1.246458 0.377728 3.981735 0 0 0 18.723955 0.463054 -17.775594 -4.013708 0.99524 -3.126586 0 0 0 18.269087 2.108643 -5.565532 3.717059 8.635663 -20.580557 0 0 0 8.805303 2.600311 13.245125 20.589493 19.445817 80.114034 46.768684 8.148889 -19.81649 4.617419 19.298918 7.123832 3.635273 -2.24402 19.132416 7.100747 3.620751 -1.822804 0 0 0 -37.983061 3.857696 18.213087 3.981514 -0.312002 2.714676 0 0 0 -2.929954 -1.23167 10.131993 1.246384 0.377706 -3.981553 0 0 0 -18.724815 0.463336 17.774795 4.013885 0.995202 3.126699 0 0 0 -18.287739 2.122715 5.592006 -3.712166 8.636711 20.577783 0 0 0 -49.822169 -5.387274 4.461332 0.8588 6.390716 -0.567278 59.617264 -39.078065 -3.006581 0 0 0 21.770658 -8.564017 0.256983 0.320529 -7.90846 0.987956 -21.355514 -6.832598 -3.386638 0 0 0
-0.39385 -0.014308 -0.561078 -2.289687 7.568312 -9.064091 -2.910964 -8.265859 2.955078 -1.035983 -10.228912 0.305231 0 0 0 -2.989114 20.136002 0.860845 -4.593509 -7.022071 8.478769 0 0 0 0 0 0 -8.805303 2.600311 -13.245125 -70.034337 27.629944 -70.959767 -75.404994 21.543037 29.772655 1.639267 -13.580247 4.051678 -3.636292 -2.244307 -19.133199 -7.100467 3.62086 1.822583 0 0 0 37.981329 3.85712 -18.21386 -3.981505 -0.312001 -2.714025 0 0 0 2.929467 -1.231741 -10.13273 -1.246458 0.377728 3.981735 0 0 0 18.723955 0.463054 -17.775594 -4.013708 0.99524 -3.126586 0 0 0 18.269087 2.108643 -5.565532 3.717059 8.635663 -20.580557 0 0 0 8.805303 2.600311 13.245125 22.748695 19.671912 79.906872 47.804375 8.533236 -20.27462 4.087843 17.624443 6.400225 3.635273 -2.24402 19.132416 7.100747 3.620751 -1.822804 0 0 0 -37.983061 3.857696 18.213087 3.981514 -0.312002 2.714676 0 0 0 -2.929954 -1.23167 10.131993 1.246384 0.377706 -3.981553 0 0 0 -18.724815 0.463336 17.774795 4.013885 0.995202 3.126699 0 0 0 -18.287739 2.122715 5.592006 -3.712166 8.636711 20.577783 0 0 0 -49.44087 -5.476589 4.650245 0.814822 6.343226 -0.585302 59.333184 -38.464142 -2.907182 0 0 0 21.607572 -8.702562 0.185658 0.314971 -7.845432 0.987268 -21.153944 -6.730661 -3.387547 0 0 0
-0.386357 -0.011506 -0.576122 -2.395941 7.720879 -9.005213 -3.304675 -7.852338 2.824133 -1.185203 -9.786185 0.551557 0 0 0 -2.893514 19.357816 0.909122 -4.452059 -7.01794 8.417176 0 0 0 0 0 0 -8.805303 2.600311 -13.245125 -72.850231 28.9934 -69.769582 -72.40646 19.918982 29.0781 1.854276 -14.388428 4.350766 -3.636292 -2.244307 -19.133199 -7.100467 3.62086 1.822583 0 0 0 37.981329 3.85712 -18.21386 -3.981505 -0.312001 -2.714025 0 0 0 2.929467 -1.231741 -10.13273 -1.246458 0.377728 3.981735 0 0 0 18.723955 0.463054 -17.775594 -4.013708 0.99524 -3.126586 0 0 0 18.269087 2.108643 -5.565532 3.717059 8.635663 -20.580557 0 0 0 8.805303 2.600311 13.245125 25.446433 20.015762 79.617589 49.184087 9.06931 -20.868352 3.660249 16.20024 5.80485 3.635273 -2.24402 19.132416 7.100747 3.620751 -1.822804 0 0 0 -37.983061 3.857696 18.213087 3.981514 -0.312002 2.714676 0 0 0 -2.929954 -1.23167 10.131993 1.246384 0.377706 -3.981553 0 0 0 -18.724815 0.463336 17.774795 4.013885 0.995202 3.126699 0 0 0 -18.287739 2.122715 5.592006 -3.712166 8.636711 20.577783 0 0 0 -49.38856 -5.685454 4.762049 0.802671 6.361033 -0.589469 59.316771 -38.388361 -2.890591 0 0 0 21.6431 -8.885355 -0.000394 0.312176 -7.810416 0.986507 -21.091464 -6.690723 -3.393565 0 0 0
-0.373851 -0.007141 -0.578511 -2.462726 7.900932 -8.917333 -3.529137 -7.458552 2.702517 -1.268421 -9.393445 0.686218 0 0 0 -2.922016 18.660318 0.850117 -4.477296 -7.12272 8.5092 0 0 0 0 0 0 -8.805303 2.600311 -13.245125 -72.991907 29.077979 -69.05308 -70.512559 18.905923 28.598406 1.539055 -11.432514 3.478605 -3.636292 -2.244307 -19.133199 -7.100467 3.62086 1.822583 0 0 0 37.981329 3.85712 -18.21386 -3.981505 -0.312001 -2.714025 0 0 0 2.929467 -1.231741 -10.13273 -1.246458 0.377728 3.981735 0 0 0 18.723955 0.463054 -17.775594 -4.013708 0.99524 -3.126586 0 0 0 18.269087 2.108643 -5.565532 3.717059 8.635663 -20.580557 0 0 0 8.805303 2.600311 13.245125 28.721548 20.733203 79.456676 51.464263 10.004256 -21.811364 3.334159 15.055675 5.341615 3.635273 -2.24402 19.132416 7.100747 3.620751 -1.822804 0 0 0 -37.983061 3.857696 18.213087 3.981514 -0.312002 2.714676 0 0 0 -2.929954 -1.23167 10.131993 1.246384 0.377706 -3.981553 0 0 0 -18.724815 0.463336 17.774795 4.013885 0.995202 3.126699 0 0 0 -18.287739 2.122715 5.592006 -3.712166 8.636711 20.577783 0 0 0 -49.503229 -5.92913 4.780915 0.806221 6.401271 -0.58731 59.41671 -38.546183 -2.913827 0 0 0 21.812953 -9.015551 -0.225337 0.311108 -7.796274 0.985489 -21.175477 -6.723549 -3.410149 0 0 0
-0.361808 -0.003926 -0.572248 -2.407939 8.043554 -8.825073 -3.511382 -7.099818 2.631315 -1.254106 -9.09275 0.641294 0 0 0 -3.08811 18.190573 0.674003 -4.681193 -7.259909 8.809871 0 0 0 0 0 0 -8.805303 2.600311 -13.245125 -71.674708 28.245623 -68.503602 -69.414646 18.327407 28.298068 1.061929 -7.458785 2.289602 -3.636292 -2.244307 -19.133199 -7.100467 3.62086 1.822583 0 0 0 37.981329 3.85712 -18.21386 -3.981505 -0.312001 -2.714025 0 0 0 2.929467 -1.231741 -10.13273 -1.246458 0.377728 3.981735 0 0 0 18.723955 0.463054 -17.775594 -4.013708 0.99524 -3.126586 0 0 0 18.269087 2.108643 -5.565532 3.717059 8.635663 -20.580557 0 0 0 8.805303 2.600311 13.245125 32.728941 22.141616 79.740725 55.141301 11.599188 -23.252727 3.27793 14.776287 5.249175 3.635273 -2.24402 19.132416 7.100747 3.620751 -1.822804 0 0 0 -37.983061 3.857696 18.213087 3.981514 -0.312002 2.714676 0 0 0 -2.929954 -1.23167 10.131993 1.246384 0.377706 -3.981553 0 0 0 -18.724815 0.463336 17.774795 4.013885 0.995202 3.126699 0 0 0 -18.287739 2.122715 5.592006 -3.712166 8.636711 20.577783 0 0 0 -49.500712 -6.135539 4.802039 0.793859 6.394555 -0.592539 59.361437 -38.354888 -2.891887 0 0 0 22.001992 -9.051334 -0.405132 0.308006 -7.792114 0.984326 -21.389725 -6.817569 -3.44061 0 0 0
-0.339771 -0.00328 -0.556132 -2.206823 8.137079 -8.776223 -3.223714 -6.806196 2.649899 -1.130408 -8.862666 0.397215 0 0 0 -3.375158 17.968696 0.412305 -5.052531 -7.405578 9.310436 0 0 0 0 0 0 -8.805303 2.600311 -13.245125 -70.460966 27.344961 -67.933991 -68.620759 17.915435 28.067369 0.594523 -3.965328 1.228373 -3.636292 -2.244307 -19.133199 -7.100467 3.62086 1.822583 0 0 0 37.981329 3.85712 -18.21386 -3.981505 -0.312001 -2.714025 0 0 0 2.929467 -1.231741 -10.13273 -1.246458 0.377728 3.981735 0 0 0 18.723955 0.463054 -17.775594 -4.013708 0.99524 -3.126586 0 0 0 18.269087 2.108643 -5.565532 3.717059 8.635663 -20.580557 0 0 0 8.805303 2.600311 13.245125 37.695261 24.316841 80.545759 60.275291 13.959865 -25.122071 3.924252 16.616126 6.104292 3.635273 -2.24402 19.132416 7.100747 3.620751 -1.822804 0 0 0 -37.983061 3.857696 18.213087 3.981514 -0.312002 2.714676 0 0 0 -2.929954 -1.23167 10.131993 1.246384 0.377706 -3.981553 0 0 0 -18.724815 0.463336 17.774795 4.013885 0.995202 3.126699 0 0 0 -18.287739 2.122715 5.592006 -3.712166 8.636711 20.577783 0 0 0 -49.22496 -6.250897 4.940447 0.747847 6.296564 -0.61291 59.011052 -37.473949 -2.77786 0 0 0 22.124661 -9.029365 -0.470479 0.300861 -7.788818 0.983273 -21.695017 -6.943776 -3.482592 0 0 0
-0.339175 -0.002867 -0.556067 -1.911627 8.174413 -8.786176 -2.719423 -6.552189 2.747221 -0.923922 -8.630084 0.021258 0 0 0 -3.716545 17.923218 0.134235 -5.524964 -7.693575 9.884642 0 0 0 0 0 0 -8.805303 2.600311 -13.245125 -69.863412 26.755298 -67.209286 -67.824752 17.506572 27.828282 0.191712 -1.284144 0.396326 -3.636292 -2.244307 -19.133199 -7.100467 3.62086 1.822583 0 0 0 37.981329 3.85712 -18.21386 -3.981505 -0.312001 -2.714025 0 0 0 2.929467 -1.231741 -10.13273 -1.246458 0.377728 3.981735 0 0 0 18.723955 0.463054 -17.775594 -4.013708 0.99524 -3.126586 0 0 0 18.269087 2.108643 -5.565532 3.717059 8.635663 -20.580557 0 0 0 8.805303 2.600311 13.245125 43.212378 26.761126 81.368328 66.319234 16.898042 -27.120557 5.704125 21.338397 8.41508 3.635273 -2.24402 19.132416 7.100747 3.620751 -1.822804 0 0 0 -37.983061 3.857696 18.213087 3.981514 -0.312002 2.714676 0 0 0 -2.929954 -1.23167 10.131993 1.246384 0.377706 -3.981553 0 0 0 -18.724815 0.463336 17.774795 4.013885 0.995202 3.126699 0 0 0 -18.287739 2.122715 5.592006 -3.712166 8.636711 20.577783 0 0 0 -48.724824 -6.25363 5.18014 0.675807 6.119938 -0.645159 58.446329 -36.026297 -2.59575 0 0 0 22.18715 -8.969022 -0.410579 0.290917 -7.789739 0.981754 -22.045155 -7.08987 -3.527166 0 0 0
-0.336581 -0.001847 -0.539925 -1.612247 8.13214 -8.80118 -2.105846 -6.276881 2.848151 -0.684789 -8.350959 -0.382841 0 0 0 -4.033046 17.992973 -0.121411 -5.981954 -8.205838 10.400025 0 0 0 0 0 0 -8.805303 2.600311 -13.245125 -69.560449 26.38666 -66.295433 -66.996886 17.08413 27.574902 -0.133765 0.695808 -0.23112 -3.636292 -2.244307 -19.133199 -7.100467 3.62086 1.822583 0 0 0 37.981329 3.85712 -18.21386 -3.981505 -0.312001 -2.714025 0 0 0 2.929467 -1.231741 -10.13273 -1.246458 0.377728 3.981735 0 0 0 18.723955 0.463054 -17.775594 -4.013708 0.99524 -3.126586 0 0 0 18.269087 2.108643 -5.565532 3.717059 8.635663 -20.580557 0 0 0 8.805303 2.600311 13.245125 48.117613 28.473889 81.220137 72.251834 19.921199 -28.868717 8.610885 28.101717 12.065082 3.635273 -2.24402 19.132416 7.100747 3.620751 -1.822804 0 0 0 -37.983061 3.857696 18.213087 3.981514 -0.312002 2.714676 0 0 0 -2.929954 -1.23167 10.131993 1.246384 0.377706 -3.981553 0 0 0 -18.724815 0.463336 17.774795 4.013885 0.995202 3.126699 0 0 0 -18.287739 2.122715 5.592006 -3.712166 8.636711 20.577783 0 0 0 -48.11411 -6.183655 5.380406 0.596303 5.919117 -0.680636 57.824329 -34.363148 -2.400005 0 0 0 22.253107 -8.828895 -0.296492 0.280403 -7.806104 0.978664 -22.390758 -7.258207 -3.56248 0 0 0
-0.322666 -0.004391 -0.535754 -1.437681 8.009773 -8.784378 -1.462567 -5.954031 2.904305 -0.444953 -8.051003 -0.769217 0 0 0 -4.266123 18.152634 -0.329196 -6.317066 -8.80644 10.801812 0 0 0 0 0 0 -8.805303 2.600311 -13.245125 -69.241398 26.191598 -65.307427 -66.306527 16.733486 27.360958 -0.367861 2.042728 -0.664668 -3.636292 -2.244307 -19.133199 -7.100467 3.62086 1.822583 0 0 0 37.981329 3.85712 -18.21386 -3.981505 -0.312001 -2.714025 0 0 0 2.929467 -1.231741 -10.13273 -1.246458 0.377728 3.981735 0 0 0 18.723955 0.463054 -17.775594 -4.013708 0.99524 -3.126586 0 0 0 18.269087 2.108643 -5.565532 3.717059 8.635663 -20.580557 0 0 0 8.805303 2.600311 13.245125 51.688103 28.564781 79.247894 76.965159 22.408662 -30.097842 11.915193 34.766519 16.084068 3.635273 -2.24402 19.132416 7.100747 3.620751 -1.822804 0 0 0 -37.983061 3.857696 18.213087 3.981514 -0.312002 2.714676 0 0 0 -2.929954 -1.23167 10.131993 1.246384 0.377706 -3.981553 0 0 0 -18.724815 0.463336 17.774795 4.013885 0.995202 3.126699 0 0 0 -18.287739 2.122715 5.592006 -3.712166 8.636711 20.577783 0 0 0 -47.418759 -6.100107 5.469471 0.523476 5.745707 -0.712537 57.23748 -32.812857 -2.230306 0 0 0 22.354332 -8.620972 -0.199967 0.270906 -7.830872 0.974792 -22.631546 -7.397749 -3.579478 0 0 0
-0.316468 0.000581 -0.513272 -1.546482 7.855784 -8.775602 -0.741416 -5.618352 2.934155 -0.18347 -7.794095 -1.176348 0 0 0 -4.413678 18.352339 -0.461084 -6.521191 -9.223386 11.139315 0 0 0 0 0 0 -8.805303 2.600311 -13.245125 -68.928326 26.271179 -64.406305 -65.938638 16.547162 27.246112 -0.507572 2.817823 -0.917041 -3.636292 -2.244307 -19.133199 -7.100467 3.62086 1.822583 0 0 0 37.981329 3.85712 -18.21386 -3.981505 -0.312001 -2.714025 0 0 0 2.929467 -1.231741 -10.13273 -1.246458 0.377728 3.981735 0 0 0 18.723955 0.463054 -17.775594 -4.013708 0.99524 -3.126586 0 0 0 18.269087 2.108643 -5.565532 3.717059 8.635663 -20.580557 0 0 0 8.805303 2.600311 13.245125 54.428255 26.897413 75.373464 79.650915 23.857033 -30.729731 14.411213 39.260694 19.052619 3.635273 -2.24402 19.132416 7.100747 3.620751 -1.822804 0 0 0 -37.983061 3.857696 18.213087 3.981514 -0.312002 2.714676 0 0 0 -2.929954 -1.23167 10.131993 1.246384 0.377706 -3.981553 0 0 0 -18.724815 0.463336 17.774795 4.013885 0.995202 3.126699 0 0 0 -18.287739 2.122715 5.592006 -3.712166 8.636711 20.577783 0 0 0 -46.666399 -6.02783 5.502808 0.469395 5.637714 -0.73558 56.783065 -31.721255 -2.114388 0 0 0 22.463686 -8.469353 -0.135731 0.264007 -7.835556 0.973134 -22.615759 -7.400418 -3.573249 0 0 0
-0.323331 0.001976 -0.526754 -1.96908 7.736703 -8.811528 0.162312 -5.325479 2.94966 0.138387 -7.655473 -1.644453 0 0 0 -4.535609 18.498172 -0.536372 -6.678215 -9.228292 11.512704 0 0 0 0 0 0 -8.805303 2.600311 -13.245125 -68.781763 26.584855 -63.708838 -65.914453 16.534688 27.238913 -0.572999 3.171822 -1.033276 -3.636292 -2.244307 -19.133199 -7.100467 3.62086 1.822583 0 0 0 37.981329 3.85712 -18.21386 -3.981505 -0.312001 -2.714025 0 0 0 2.929467 -1.231741 -10.13273 -1.246458 0.377728 3.981735 0 0 0 18.723955 0.463054 -17.775594 -4.013708 0.99524 -3.126586 0 0 0 18.269087 2.108643 -5.565532 3.717059 8.635663 -20.580557 0 0 0 8.805303 2.600311 13.245125 57.16583 24.114705 70.314339 80.009099 24.050092 -30.8153 15.293187 40.819216 20.096819 3.635273 -2.24402 19.132416 7.100747 3.620751 -1.822804 0 0 0 -37.983061 3.857696 18.213087 3.981514 -0.312002 2.714676 0 0 0 -2.929954 -1.23167 10.131993 1.246384 0.377706 -3.981553 0 0 0 -18.724815 0.463336 17.774795 4.013885 0.995202 3.126699 0 0 0 -18.287739 2.122715 5.592006 -3.712166 8.636711 20.577783 0 0 0 -45.996262 -5.980365 5.536183 0.443084 5.616062 -0.746095 56.571773 -31.330764 -2.067919 0 0 0 22.553666 -8.470991 -0.104572 0.260577 -7.809756 0.974748 -22.312615 -7.226607 -3.545379 0 0 0
-0.331642 0.001446 -0.534424 -2.477805 7.692805 -8.87389 1.207688 -5.101627 2.945362 0.507127 -7.68577 -2.141762 0 0 0 -4.688445 18.522087 -0.602179 -6.869596 -8.800298 11.92896 0 0 0 0 0 0 -8.805303 2.600311 -13.245125 -68.854244 26.851605 -63.272137 -66.08065 16.618205 27.291796 -0.59082 3.267267 -1.064726 -3.636292 -2.244307 -19.133199 -7.100467 3.62086 1.822583 0 0 0 37.981329 3.85712 -18.21386 -3.981505 -0.312001 -2.714025 0 0 0 2.929467 -1.231741 -10.13273 -1.246458 0.377728 3.981735 0 0 0 18.723955 0.463054 -17.775594 -4.013708 0.99524 -3.126586 0 0 0 18.269087 2.108643 -5.565532 3.717059 8.635663 -20.580557 0 0 0 8.805303 2.600311 13.245125 60.058417 21.155154 65.068593 78.405448 23.169963 -30.477564 14.697904 40.022863 19.420124 3.635273 -2.24402 19.132416 7.100747 3.620751 -1.822804 0 0 0 -37.983061 3.857696 18.213087 3.981514 -0.312002 2.714676 0 0 0 -2.929954 -1.23167 10.131993 1.246384 0.377706 -3.981553 0 0 0 -18.724815 0.463336 17.774795 4.013885 0.995202 3.126699 0 0 0 -18.287739 2.122715 5.592006 -3.712166 8.636711 20.577783 0 0 0 -45.526563 -5.972826 5.594295 0.437824 5.648166 -0.747458 56.547227 -31.42386 -2.068228 0 0 0 22.629046 -8.58357 -0.099697 0.258982 -7.778304 0.976862 -21.937258 -6.986115 -3.511271 0 0 0
-0.333309 0.001059 -0.540067 -2.737513 7.727826 -8.94153 2.193381 -4.940648 2.957074 0.856968 -7.844803 -2.595356 0 0 0 -4.870699 18.441577 -0.66663 -7.112137 -8.162493 12.28647 0 0 0 0 0 0 -8.805303 2.600311 -13.245125 -69.082146 26.803486 -63.07355 -66.252017 16.704393 27.346191 -0.581996 3.22118 -1.0494 -3.636292 -2.244307 -19.133199 -7.100467 3.62086 1.822583 0 0 0 37.981329 3.85712 -18.21386 -3.981505 -0.312001 -2.714025 0 0 0 2.929467 -1.231741 -10.13273 -1.246458 0.377728 3.981735 0 0 0 18.723955 0.463054 -17.775594 -4.013708 0.99524 -3.126586 0 0 0 18.269087 2.108643 -5.565532 3.717059 8.635663 -20.580557 0 0 0 8.805303 2.600311 13.245125 62.798995 18.763669 60.427266 75.860009 21.778671 -29.920597 13.200128 37.708148 17.684097 3.635273 -2.24402 19.132416 7.100747 3.620751 -1.822804 0 0 0 -37.983061 3.857696 18.213087 3.981514 -0.312002 2.714676 0 0 0 -2.929954 -1.23167 10.131993 1.246384 0.377706 -3.981553 0 0 0 -18.724815 0.463336 17.774795 4.013885 0.995202 3.126699 0 0 0 -18.287739 2.122715 5.592006 -3.712166 8.636711 20.577783 0 0 0 -45.229462 -5.995315 5.730044 0.432624 5.655208 -0.749391 56.474216 -31.406602 -2.060658 0 0 0 22.682423 -8.705936 -0.076184 0.256168 -7.764453 0.976962 -21.777832 -6.834924 -3.496707 0 0 0
-0.336692 0.004365 -0.539331 -2.568675 7.825334 -9.015288 2.951156 -4.833907 3.040152 1.134065 -8.009564 -2.964388 0 0 0 -5.058901 18.318284 -0.738112 -7.371988 -7.577986 12.570662 0 0 0 0 0 0 -8.805303 2.600311 -13.245125 -69.410509 26.420779 -63.017436 -66.354597 16.756061 27.378626 -0.559436 3.102263 -1.00999 -3.636292 -2.244307 -19.133199 -7.100467 3.62086 1.822583 0 0 0 37.981329 3.85712 -18.21386 -3.981505 -0.312001 -2.714025 0 0 0 2.929467 -1.231741 -10.13273 -1.246458 0.377728 3.981735 0 0 0 18.723955 0.463054 -17.775594 -4.013708 0.99524 -3.126586 0 0 0 18.269087 2.108643 -5.565532 3.717059 8.635663 -20.580557 0 0 0 8.805303 2.600311 13.245125 65.04816 17.19423 56.752899 73.529545 20.51271 -29.383544 11.235423 34.334027 15.369317 3.635273 -2.24402 19.132416 7.100747 3.620751 -1.822804 0 0 0 -37.983061 3.857696 18.213087 3.981514 -0.312002 2.714676 0 0 0 -2.929954 -1.23167 10.131993 1.246384 0.377706 -3.981553 0 0 0 -18.724815 0.463336 17.774795 4.013885 0.995202 3.126699 0 0 0 -18.287739 2.122715 5.592006 -3.712166 8.636711 20.577783 0 0 0 -44.996318 -6.028079 6.000995 0.409863 5.583123 -0.75948 56.146118 -30.817264 -2.001147 0 0 0 22.696929 -8.786633 0.010069 0.250549 -7.766209 0.975574 -21.970803 -6.851668 -3.520736 0 0 0
-0.332947 0.005889 -0.533378 -2.041697 7.96747 -9.089044 3.486608 -4.780939 3.194152 1.340732 -8.102275 -3.266706 0 0 0 -5.260237 18.170636 -0.864781 -7.619311 -7.084529 12.917822 0 0 0 0 0 0 -8.805303 2.600311 -13.245125 -69.834402 25.928995 -63.003466 -66.48936 16.824601 27.42022 -0.523393 2.910226 -0.946594 -3.636292 -2.244307 -19.133199 -7.100467 3.62086 1.822583 0 0 0 37.981329 3.85712 -18.21386 -3.981505 -0.312001 -2.714025 0 0 0 2.929467 -1.231741 -10.13273 -1.246458 0.377728 3.981735 0 0 0 18.723955 0.463054 -17.775594 -4.013708 0.99524 -3.126586 0 0 0 18.269087 2.108643 -5.565532 3.717059 8.635663 -20.580557 0 0 0 8.805303 2.600311 13.245125 66.5821 16.302704 54.023564 72.019837 19.699053 -29.015047 9.154269 30.32148 12.866241 3.635273 -2.24402 19.132416 7.100747 3.620751 -1.822804 0 0 0 -37.983061 3.857696 18.213087 3.981514 -0.312002 2.714676 0 0 0 -2.929954 -1.23167 10.131993 1.246384 0.377706 -3.981553 0 0 0 -18.724815 0.463336 17.774795 4.013885 0.995202 3.126699 0 0 0 -18.287739 2.122715 5.592006 -3.712166 8.636711 20.577783 0 0 0 -44.753296 -6.07421 6.395476 0.367964 5.441842 -0.777727 55.54222 -29.647293 -1.887321 0 0 0 22.710415 -8.828294 0.145315 0.243434 -7.774867 0.974215 -22.472114 -7.045862 -3.582325 0 0 0
-0.328052 0.008484 -0.525449 -1.381896 8.152347 -9.159791 3.92938 -4.783141 3.384871 1.521574 -8.159106 -3.561269 0 0 0 -5.494834 17.969913 -1.063189 -7.861931 -6.549599 13.436636 0 0 0 0 0 0 -8.805303 2.600311 -13.245125 -70.285224 25.662152 -62.924678 -66.970873 17.072297 27.563897 -0.451166 2.514033 -0.817102 -3.636292 -2.244307 -19.133199 -7.100467 3.62086 1.822583 0 0 0 37.981329 3.85712 -18.21386 -3.981505 -0.312001 -2.714025 0 0 0 2.929467 -1.231741 -10.13273 -1.246458 0.377728 3.981735 0 0 0 18.723955 0.463054 -17.775594 -4.013708 0.99524 -3.126586 0 0 0 18.269087 2.108643 -5.565532 3.717059 8.635663 -20.580557 0 0 0 8.805303 2.600311 13.245125 67.480545 15.945441 52.043538 71.271638 19.29928 -28.822412 7.275668 26.193607 10.544614 3.635273 -2.24402 19.132416 7.100747 3.620751 -1.822804 0 0 0 -37.983061 3.857696 18.213087 3.981514 -0.312002 2.714676 0 0 0 -2.929954 -1.23167 10.131993 1.246384 0.377706 -3.981553 0 0 0 -18.724815 0.463336 17.774795 4.013885 0.995202 3.126699 0 0 0 -18.287739 2.122715 5.592006 -3.712166 8.636711 20.577783 0 0 0 -44.521592 -6.142743 6.839414 0.319903 5.276804 -0.798351 54.836382 -28.257955 -1.75515 0 0 0 22.763175 -8.867658 0.282065 0.237388 -7.788944 0.973435 -23.10683 -7.372214 -3.659419 0 0 0
-0.321958 0.010809 -0.510728 -0.784255 8.390048 -9.278228 4.369728 -4.830078 3.654019 1.715216 -8.247296 -3.922484 0 0 0 -5.765226 17.716315 -1.297038 -8.128205 -5.96494 14.136588 0 0 0 0 0 0 -8.805303 2.600311 -13.245125 -70.503393 25.905709 -62.524838 -68.279472 17.753046 27.939106 -0.289385 1.586778 -0.518231 -3.636292 -2.244307 -19.133199 -7.100467 3.62086 1.822583 0 0 0 37.981329 3.85712 -18.21386 -3.981505 -0.312001 -2.714025 0 0 0 2.929467 -1.231741 -10.13273 -1.246458 0.377728 3.981735 0 0 0 18.723955 0.463054 -17.775594 -4.013708 0.99524 -3.126586 0 0 0 18.269087 2.108643 -5.565532 3.717059 8.635663 -20.580557 0 0 0 8.805303 2.600311 13.245125 68.011103 16.068276 50.629038 70.990963 19.150344 -28.747456 5.763051 22.394986 8.614225 3.635273 -2.24402 19.132416 7.100747 3.620751 -1.822804 0 0 0 -37.983061 3.857696 18.213087 3.981514 -0.312002 2.714676 0 0 0 -2.929954 -1.23167 10.131993 1.246384 0.377706 -3.981553 0 0 0 -18.724815 0.463336 17.774795 4.013885 0.995202 3.126699 0 0 0 -18.287739 2.122715 5.592006 -3.712166 8.636711 20.577783 0 0 0 -44.373969 -6.197811 7.299427 0.279248 5.117015 -0.816084 54.241269 -27.009714 -1.641108 0 0 0 22.793192 -8.966849 0.431659 0.23264 -7.810489 0.972862 -23.661087 -7.721177 -3.722594 0 0 0
-0.308422 -0.000013 -0.507977 -0.305953 8.668482 -9.495876 4.777325 -4.872924 4.043304 1.916667 -8.394686 -4.365138 0 0 0 -6.06052 17.468932 -1.544199 -8.427878 -5.497893 14.999973 0 0 0 0 0 0 -8.805303 2.600311 -13.245125 -70.141153 26.763023 -61.330311 -70.73219 19.044972 28.606653 0.023607 -0.327667 0.088162 -3.636292 -2.244307 -19.133199 -7.100467 3.62086 1.822583 0 0 0 37.981329 3.85712 -18.21386 -3.981505 -0.312001 -2.714025 0 0 0 2.929467 -1.231741 -10.13273 -1.246458 0.377728 3.981735 0 0 0 18.723955 0.463054 -17.775594 -4.013708 0.99524 -3.126586 0 0 0 18.269087 2.108643 -5.565532 3.717059 8.635663 -20.580557 0 0 0 8.805303 2.600311 13.245125 68.272539 16.468097 49.70413 70.968732 19.138548 -28.741557 4.664113 19.318075 7.169095 3.635273 -2.24402 19.132416 7.100747 3.620751 -1.822804 0 0 0 -37.983061 3.857696 18.213087 3.981514 -0.312002 2.714676 0 0 0 -2.929954 -1.23167 10.131993 1.246384 0.377706 -3.981553 0 0 0 -18.724815 0.463336 17.774795 4.013885 0.995202 3.126699 0 0 0 -18.287739 2.122715 5.592006 -3.712166 8.636711 20.577783 0 0 0 -44.361251 -6.180771 7.781983 0.25054 4.966049 -0.82947 53.856742 -26.038261 -1.556651 0 0 0 22.727284 -9.151666 0.647502 0.227393 -7.841653 0.97186 -24.037432 -8.000365 -3.757462 0 0 0
-0.320071 -0.008768 -0.501314 0.061053 8.959291 -9.720415 5.07091 -4.850192 4.355592 2.079534 -8.595735 -4.766872 0 0 0 -6.351231 17.289966 -1.803582 -8.721339 -5.278279 15.967722 0 0 0 0 0 0 -8.805303 2.600311 -13.245125 -69.029802 28.09365 -58.845295 -74.064292 20.823488 29.454986 0.509593 -3.603601 1.104027 -3.636292 -2.244307 -19.133199 -7.100467 3.62086 1.822583 0 0 0 37.981329 3.85712 -18.21386 -3.981505 -0.312001 -2.714025 0 0 0 2.929467 -1.231741 -10.13273 -1.246458 0.377728 3.981735 0 0 0 18.723955 0.463054 -17.775594 -4.013708 0.99524 -3.126586 0 0 0 18.269087 2.108643 -5.565532 3.717059 8.635663 -20.580557 0 0 0 8.805303 2.600311 13.245125 68.237885 16.801129 49.27207 71.078072 19.196256 -28.771579 3.962984 17.182777 6.222612 3.635273 -2.24402 19.132416 7.100747 3.620751 -1.822804 0 0 0 -37.983061 3.857696 18.213087 3.981514 -0.312002 2.714676 0 0 0 -2.929954 -1.23167 10.131993 1.246384 0.377706 -3.981553 0 0 0 -18.724815 0.463336 17.774795 4.013885 0.995202 3.126699 0 0 0 -18.287739 2.122715 5.592006 -3.712166 8.636711 20.577783 0 0 0 -44.525838 -6.14178 8.197999 0.235205 4.849956 -0.837451 53.715143 -25.433173 -1.50648 0 0 0 22.632218 -9.368345 0.847929 0.222044 -7.878693 0.970601 -24.291882 -8.202707 -3.772778 0 0 0
-0.316913 -0.005876 -0.488375 0.302022 9.264316 -9.793539 5.203924 -4.754054 4.309089 2.161297 -8.823954 -4.98062 0 0 0 -6.586562 17.201973 -2.046436 -8.943085 -5.32124 16.916096 0 0 0 0 0 0 -8.805303 2.600311 -13.245125 -67.271426 29.498244 -54.882879 -77.442671 22.64993 30.2497 1.10694 -8.108871 2.473552 -3.636292 -2.244307 -19.133199 -7.100467 3.62086 1.822583 0 0 0 37.981329 3.85712 -18.21386 -3.981505 -0.312001 -2.714025 0 0 0 2.929467 -1.231741 -10.13273 -1.246458 0.377728 3.981735 0 0 0 18.723955 0.463054 -17.775594 -4.013708 0.99524 -3.126586 0 0 0 18.269087 2.108643 -5.565532 3.717059 8.635663 -20.580557 0 0 0 8.805303 2.600311 13.245125 67.994999 16.822735 49.293567 71.232018 19.277562 -28.813683 3.567805 15.892239 5.676235 3.635273 -2.24402 19.132416 7.100747 3.620751 -1.822804 0 0 0 -37.983061 3.857696 18.213087 3.981514 -0.312002 2.714676 0 0 0 -2.929954 -1.23167 10.131993 1.246384 0.377706 -3.981553 0 0 0 -18.724815 0.463336 17.774795 4.013885 0.995202 3.126699 0 0 0 -18.287739 2.122715 5.592006 -3.712166 8.636711 20.577783 0 0 0 -44.897573 -6.220392 8.42791 0.235846 4.815307 -0.837894 53.831499 -25.330939 -1.499106 0 0 0 22.624957 -9.569786 0.853373 0.21889 -7.910207 0.97011 -24.502535 -8.348654 -3.784244 0 0 0
-0.312247 -0.00696 -0.486593 0.423147 9.594342 -9.731163 5.168169 -4.605057 3.960977 2.160299 -9.051411 -5.007655 0 0 0 -6.72536 17.191933 -2.220723 -9.059984 -5.601973 17.71771 0 0 0 0 0 0 -8.805303 2.600311 -13.245125 -65.125959 30.282354 -49.791803 -79.902463 23.993471 30.785328 1.650422 -12.60796 3.822576 -3.636292 -2.244307 -19.133199 -7.100467 3.62086 1.822583 0 0 0 37.981329 3.85712 -18.21386 -3.981505 -0.312001 -2.714025 0 0 0 2.929467 -1.231741 -10.13273 -1.246458 0.377728 3.981735 0 0 0 18.723955 0.463054 -17.775594 -4.013708 0.99524 -3.126586 0 0 0 18.269087 2.108643 -5.565532 3.717059 8.635663 -20.580557 0 0 0 8.805303 2.600311 13.245125 67.719759 16.504549 49.640414 71.406605 19.369884 -28.861115 3.380181 15.252357 5.412714 3.635273 -2.24402 19.132416 7.100747 3.620751 -1.822804 0 0 0 -37.983061 3.857696 18.213087 3.981514 -0.312002 2.714676 0 0 0 -2.929954 -1.23167 10.131993 1.246384 0.377706 -3.981553 0 0 0 -18.724815 0.463336 17.774795 4.013885 0.995202 3.126699 0 0 0 -18.287739 2.122715 5.592006 -3.712166 8.636711 20.577783 0 0 0 -45.435332 -6.421355 8.513656 0.250875 4.855993 -0.83147 54.143502 -25.7004 -1.52982 0 0 0 22.71913 -9.77631 0.672233 0.217855 -7.932357 0.970597 -24.709879 -8.440011 -3.799211 0 0 0
-0.324587 -0.006922 -0.484062 0.502297 9.917896 -9.66426 4.959568 -4.377499 3.606388 2.09406 -9.275378 -4.934065 0 0 0 -6.758614 17.206022 -2.308283 -9.068893 -6.037323 18.280527 0 0 0 0 0 0 -8.805303 2.600311 -13.245125 -62.980137 29.644403 -44.438004 -80.73742 24.452059 30.958392 1.938594 -15.091956 4.563021 -3.636292 -2.244307 -19.133199 -7.100467 3.62086 1.822583 0 0 0 37.981329 3.85712 -18.21386 -3.981505 -0.312001 -2.714025 0 0 0 2.929467 -1.231741 -10.13273 -1.246458 0.377728 3.981735 0 0 0 18.723955 0.463054 -17.775594 -4.013708 0.99524 -3.126586 0 0 0 18.269087 2.108643 -5.565532 3.717059 8.635663 -20.580557 0 0 0 8.805303 2.600311 13.245125 67.572051 16.007994 50.145116 71.616198 19.480868 -28.917656 3.336085 15.101636 5.350743 3.635273 -2.24402 19.132416 7.100747 3.620751 -1.822804 0 0 0 -37.983061 3.857696 18.213087 3.981514 -0.312002 2.714676 0 0 0 -2.929954 -1.23167 10.131993 1.246384 0.377706 -3.981553 0 0 0 -18.724815 0.463336 17.774795 4.013885 0.995202 3.126699 0 0 0 -18.287739 2.122715 5.592006 -3.712166 8.636711 20.577783 0 0 0 -46.052467 -6.614384 8.567243 0.273476 4.91579 -0.822002 54.528729 -26.300603 -1.579851 0 0 0 22.878961 -9.985192 0.477613 0.216551 -7.956827 0.970973 -24.979433 -8.495111 -3.820313 0 0 0
-0.316732 -0.007929 -0.481079 0.619232 10.200566 -9.624953 4.577498 -4.033586 3.387983 1.971454 -9.513337 -4.800942 0 0 0 -6.697073 17.170618 -2.336407 -8.965035 -6.493993 18.53842 0 0 0 0 0 0 -8.805303 2.600311 -13.245125 -61.366979 27.325786 -39.869392 -79.740778 23.903931 30.753517 1.887078 -14.5011 4.391012 -3.636292 -2.244307 -19.133199 -7.100467 3.62086 1.822583 0 0 0 37.981329 3.85712 -18.21386 -3.981505 -0.312001 -2.714025 0 0 0 2.929467 -1.231741 -10.13273 -1.246458 0.377728 3.981735 0 0 0 18.723955 0.463054 -17.775594 -4.013708 0.99524 -3.126586 0 0 0 18.269087 2.108643 -5.565532 3.717059 8.635663 -20.580557 0 0 0 8.805303 2.600311 13.245125 67.690392 15.575785 50.657376 71.863828 19.612199 -28.98396 3.366016 15.209327 5.393674 3.635273 -2.24402 19.132416 7.100747 3.620751 -1.822804 0 0 0 -37.983061 3.857696 18.213087 3.981514 -0.312002 2.714676 0 0 0 -2.929954 -1.23167 10.131993 1.246384 0.377706 -3.981553 0 0 0 -18.724815 0.463336 17.774795 4.013885 0.995202 3.126699 0 0 0 -18.287739 2.122715 5.592006 -3.712166 8.636711 20.577783 0 0 0 -46.682754 -6.756248 8.608217 0.297742 4.964645 -0.812217 54.89477 -26.925333 -1.634684 0 0 0 23.088534 -10.147217 0.333309 0.213415 -7.993064 0.970452 -25.361714 -8.540969 -3.848932 0 0 0
-0.306251 0.002079 -0.468294 0.755964 10.468373 -9.584979 4.059865 -3.617402 3.298059 1.806678 -9.759978 -4.630213 0 0 0 -6.543568 17.044804 -2.315297 -8.745634 -6.924561 18.437155 0 0 0 0 0 0 -8.805303 2.600311 -13.245125 -60.779493 24.125301 -36.78921 -77.319201 22.578407 30.233936 1.596189 -11.760475 3.581704 -3.636292 -2.244307 -19.133199 -7.100467 3.62086 1.822583 0 0 0 37.981329 3.85712 -18.21386 -3.981505 -0.312001 -2.714025 0 0 0 2.929467 -1.231741 -10.13273 -1.246458 0.377728 3.981735 0 0 0 18.723955 0.463054 -17.775594 -4.013708 0.99524 -3.126586 0 0 0 18.269087 2.108643 -5.565532 3.717059 8.635663 -20.580557 0 0 0 8.805303 2.600311 13.245125 68.159809 15.382366 51.07517 72.146192 19.762261 -29.058846 3.388394 15.28879 5.425601 3.635273 -2.24402 19.132416 7.100747 3.620751 -1.822804 0 0 0 -37.983061 3.857696 18.213087 3.981514 -0.312002 2.714676 0 0 0 -2.929954 -1.23167 10.131993 1.246384 0.377706 -3.981553 0 0 0 -18.724815 0.463336 17.774795 4.013885 0.995202 3.126699 0 0 0 -18.287739 2.122715 5.592006 -3.712166 8.636711 20.577783 0 0 0 -47.289349 -6.909236 8.640511 0.32316 5.010231 -0.802085 55.221642 -27.562524 -1.694455 0 0 0 23.318317 -10.279557 0.182531 0.208321 -8.035162 0.969334 -25.796301 -8.564537 -3.88024 0 0 0
-0.287682 0.001847 -0.478406 0.813775 10.77132 -9.545216 3.492183 -3.236743 3.30791 1.627144 -9.972092 -4.449356 0 0 0 -6.281402 16.821247 -2.206189 -8.404709 -7.35976 17.956608 0 0 0 0 0 0 -8.805303 2.600311 -13.245125 -61.408069 21.443986 -35.269511 -74.234065 20.906852 29.517587 1.256422 -8.744424 2.686942 -3.636292 -2.244307 -19.133199 -7.100467 3.62086 1.822583 0 0 0 37.981329 3.85712 -18.21386 -3.981505 -0.312001 -2.714025 0 0 0 2.929467 -1.231741 -10.13273 -1.246458 0.377728 3.981735 0 0 0 18.723955 0.463054 -17.775594 -4.013708 0.99524 -3.126586 0 0 0 18.269087 2.108643 -5.565532 3.717059 8.635663 -20.580557 0 0 0 8.805303 2.600311 13.245125 68.958234 15.482127 51.34037 72.468499 19.933959 -29.143394 3.342681 15.122662 5.35976 3.635273 -2.24402 19.132416 7.100747 3.620751 -1.822804 0 0 0 -37.983061 3.857696 18.213087 3.981514 -0.312002 2.714676 0 0 0 -2.929954 -1.23167 10.131993 1.246384 0.377706 -3.981553 0 0 0 -18.724815 0.463336 17.774795 4.013885 0.995202 3.126699 0 0 0 -18.287739 2.122715 5.592006 -3.712166 8.636711 20.577783 0 0 0 -47.839384 -7.118715 8.696327 0.351923 5.061183 -0.790901 55.544996 -28.285677 -1.766636 0 0 0 23.556598 -10.454444 -0.020999 0.202209 -8.07176 0.96832 -26.175233 -8.548554 -3.906813 0 0 0
-0.286647 0.004946 -0.476378 0.740937 11.108528 -9.488026 2.950895 -2.95162 3.343512 1.451594 -10.11978 -4.255328 0 0 0 -5.919432 16.512256 -1.989491 -7.952913 -7.758068 17.202096 0 0 0 0 0 0 -8.805303 2.600311 -13.245125 -63.065741 20.188267 -34.945872 -71.108353 19.240826 28.716999 1.011247 -6.701253 2.077326 -3.636292 -2.244307 -19.133199 -7.100467 3.62086 1.822583 0 0 0 37.981329 3.85712 -18.21386 -3.981505 -0.312001 -2.714025 0 0 0 2.929467 -1.231741 -10.13273 -1.246458 0.377728 3.981735 0 0 0 18.723955 0.463054 -17.775594 -4.013708 0.99524 -3.126586 0 0 0 18.269087 2.108643 -5.565532 3.717059 8.635663 -20.580557 0 0 0 8.805303 2.600311 13.245125 69.969916 15.885797 51.422777 72.845802 20.135539 -29.241013 3.222382 14.682567 5.186004 3.635273 -2.24402 19.132416 7.100747 3.620751 -1.822804 0 0 0 -37.983061 3.857696 18.213087 3.981514 -0.312002 2.714676 0 0 0 -2.929954 -1.23167 10.131993 1.246384 0.377706 -3.981553 0 0 0 -18.724815 0.463336 17.774795 4.013885 0.995202 3.126699 0 0 0 -18.287739 2.122715 5.592006 -3.712166 8.636711 20.577783 0 0 0 -48.272 -7.394009 8.755731 0.380807 5.115224 -0.779999 55.870174 -29.021653 -1.845035 0 0 0 23.828419 -10.669094 -0.296277 0.197251 -8.097628 0.967938 -26.456642 -8.531727 -3.926721 0 0 0
-0.259577 0.004533 -0.476417 0.614097 11.438996 -9.384603 2.450298 -2.740032 3.33882 1.280524 -10.220638 -4.033582 0 0 0 -5.546213 16.169946 -1.72514 -7.494267 -8.037915 16.405807 0 0 0 0 0 0 -8.805303 2.600311 -13.245125 -65.29635 20.263803 -35.372631 -68.250788 17.748922 27.91367 0.883169 -5.703055 1.777182 -3.636292 -2.244307 -19.133199 -7.100467 3.62086 1.822583 0 0 0 37.981329 3.85712 -18.21386 -3.981505 -0.312001 -2.714025 0 0 0 2.929467 -1.231741 -10.13273 -1.246458 0.377728 3.981735 0 0 0 18.723955 0.463054 -17.775594 -4.013708 0.99524 -3.126586 0 0 0 18.269087 2.108643 -5.565532 3.717059 8.635663 -20.580557 0 0 0 8.805303 2.600311 13.245125 71.046074 16.625042 51.297385 73.301469 20.379778 -29.356989 3.129468 14.324734 5.048921 3.635273 -2.24402 19.132416 7.100747 3.620751 -1.822804 0 0 0 -37.983061 3.857696 18.213087 3.981514 -0.312002 2.714676 0 0 0 -2.929954 -1.23167 10.131993 1.246384 0.377706 -3.981553 0 0 0 -18.724815 0.463336 17.774795 4.013885 0.995202 3.126699 0 0 0 -18.287739 2.122715 5.592006 -3.712166 8.636711 20.577783 0 0 0 -48.529861 -7.719853 8.784998 0.400155 5.159772 -0.77283 56.117612 -29.52914 -1.904296 0 0 0 24.114597 -10.853605 -0.625327 0.195257 -8.115724 0.968131 -26.672739 -8.570396 -3.942814 0 0 0
-0.248388 0.006431 -0.467881 0.558274 11.743079 -9.254735 1.981125 -2.557822 3.322466 1.115567 -10.31088 -3.800542 0 0 0 -5.271046 15.865211 -1.489921 -7.189878 -8.237428 15.713657 0 0 0 0 0 0 -8.805303 2.600311 -13.245125 -67.570002 21.046915 -36.177526 -65.840634 16.516799 27.185423 0.812567 -5.19259 1.62194 -3.636292 -2.244307 -19.133199 -7.100467 3.62086 1.822583 0 0 0 37.981329 3.85712 -18.21386 -3.981505 -0.312001 -2.714025 0 0 0 2.929467 -1.231741 -10.13273 -1.246458 0.377728 3.981735 0 0 0 18.723955 0.463054 -17.775594 -4.013708 0.99524 -3.126586 0 0 0 18.269087 2.108643 -5.565532 3.717059 8.635663 -20.580557 0 0 0 8.805303 2.600311 13.245125 72.021035 17.65585 50.869077 73.793558 20.644181 -29.480631 3.314324 14.897723 5.299685 3.635273 -2.24402 19.132416 7.100747 3.620751 -1.822804 0 0 0 -37.983061 3.857696 18.213087 3.981514 -0.312002 2.714676 0 0 0 -2.929954 -1.23167 10.131993 1.246384 0.377706 -3.981553 0 0 0 -18.724815 0.463336 17.774795 4.013885 0.995202 3.126699 0 0 0 -18.287739 2.122715 5.592006 -3.712166 8.636711 20.577783 0 0 0 -48.651534 -8.052389 8.813037 0.404897 5.18343 -0.771148 56.223388 -29.675646 -1.926212 0 0 0 24.352934 -10.980804 -0.946438 0.195529 -8.133738 0.968302 -26.88127 -8.67842 -3.95841 0 0 0
-0.232094 0.005579 -0.458596 0.593736 12.035245 -9.144455 1.586307 -2.379825 3.359104 0.977798 -10.414545 -3.596807 0 0 0 -5.10917 15.630289 -1.292861 -7.087324 -8.496769 15.064034 0 0 0 0 0 0 -8.805303 2.600311 -13.245125 -69.463396 21.987843 -37.0604 -64.053221 15.619611 26.617321 0.768463 -4.884774 1.527747 -3.636292 -2.244307 -19.133199 -7.100467 3.62086 1.822583 0 0 0 37.981329 3.85712 -18.21386 -3.981505 -0.312001 -2.714025 0 0 0 2.929467 -1.231741 -10.13273 -1.246458 0.377728 3.981735 0 0 0 18.723955 0.463054 -17.775594 -4.013708 0.99524 -3.126586 0 0 0 18.269087 2.108643 -5.565532 3.717059 8.635663 -20.580557 0 0 0 8.805303 2.600311 13.245125 72.681579 18.652344 49.904407 74.113673 20.816514 -29.560236 4.010112 17.112596 6.253349 3.635273 -2.24402 19.132416 7.100747 3.620751 -1.822804 0 0 0 -37.983061 3.857696 18.213087 3.981514 -0.312002 2.714676 0 0 0 -2.929954 -1.23167 10.131993 1.246384 0.377706 -3.981553 0 0 0 -18.724815 0.463336 17.774795 4.013885 0.995202 3.126699 0 0 0 -18.287739 2.122715 5.592006 -3.712166 8.636711 20.577783 0 0 0 -48.761124 -8.351732 8.882156 0.401996 5.195206 -0.772212 56.252921 -29.618817 -1.921684 0 0 0 24.535002 -11.091337 -1.217542 0.196081 -8.155569 0.968295 -27.104681 -8.834649 -3.974492 0 0 0
-0.219603 0.004933 -0.45161 0.604113 12.328103 -9.067826 1.371395 -2.193761 3.44246 0.904525 -10.544685 -3.464076 0 0 0 -4.998906 15.453651 -1.098382 -7.099181 -8.88232 14.378696 0 0 0 0 0 0 -8.805303 2.600311 -13.245125 -70.782125 22.806548 -37.80232 -62.985478 15.091109 26.266457 0.781125 -4.977505 1.555869 -3.636292 -2.244307 -19.133199 -7.100467 3.62086 1.822583 0 0 0 37.981329 3.85712 -18.21386 -3.981505 -0.312001 -2.714025 0 0 0 2.929467 -1.231741 -10.13273 -1.246458 0.377728 3.981735 0 0 0 18.723955 0.463054 -17.775594 -4.013708 0.99524 -3.126586 0 0 0 18.269087 2.108643 -5.565532 3.717059 8.635663 -20.580557 0 0 0 8.805303 2.600311 13.245125 72.864089 19.079672 48.151654 73.931453 20.719742 -29.511824 5.112859 20.515482 7.748975 3.635273 -2.24402 19.132416 7.100747 3.620751 -1.822804 0 0 0 -37.983061 3.857696 18.213087 3.981514 -0.312002 2.714676 0 0 0 -2.929954 -1.23167 10.131993 1.246384 0.377706 -3.981553 0 0 0 -18.724815 0.463336 17.774795 4.013885 0.995202 3.126699 0 0 0 -18.287739 2.122715 5.592006 -3.712166 8.636711 20.577783 0 0 0 -48.942069 -8.616188 8.978138 0.403826 5.219169 -0.771344 56.34569 -29.657457 -1.921344 0 0 0 24.73664 -11.23019 -1.462001 0.196522 -8.177769 0.968715 -27.317731 -9.002868 -3.989719 0 0 0
-0.215326 0.007296 -0.448278 0.48549 12.605056 -8.982619 1.42369 -1.995142 3.47374 0.921306 -10.700489 -3.419359 0 0 0 -4.907931 15.303562 -0.886587 -7.157616 -9.298818 13.715655 0 0 0 0 0 0 -8.805303 2.600311 -13.245125 -71.603941 23.448299 -38.297927 -62.555634 14.880168 26.122538 0.869445 -5.6106 1.748621 -3.636292 -2.244307 -19.133199 -7.100467 3.62086 1.822583 0 0 0 37.981329 3.85712 -18.21386 -3.981505 -0.312001 -2.714025 0 0 0 2.929467 -1.231741 -10.13273 -1.246458 0.377728 3.981735 0 0 0 18.723955 0.463054 -17.775594 -4.013708 0.99524 -3.126586 0 0 0 18.269087 2.108643 -5.565532 3.717059 8.635663 -20.580557 0 0 0 8.805303 2.600311 13.245125 72.624803 18.664038 45.618732 72.988068 20.218199 -29.26275 6.167843 23.638179 9.160179 3.635273 -2.24402 19.132416 7.100747 3.620751 -1.822804 0 0 0 -37.983061 3.857696 18.213087 3.981514 -0.312002 2.714676 0 0 0 -2.929954 -1.23167 10.131993 1.246384 0.377706 -3.981553 0 0 0 -18.724815 0.463336 17.774795 4.013885 0.995202 3.126699 0 0 0 -18.287739 2.122715 5.592006 -3.712166 8.636711 20.577783 0 0 0 -49.179203 -8.881643 9.027425 0.416268 5.272533 -0.766447 56.57104 -29.96592 -1.949139 0 0 0 25.039467 -11.376613 -1.74426 0.197612 -8.199202 0.969793 -27.510248 -9.143495 -4.002716 0 0 0
-0.208712 0.007761 -0.45201 0.310506 12.841103 -8.858394 1.688751 -1.821126 3.403944 1.005337 -10.84548 -3.433497 0 0 0 -4.846522 15.144995 -0.661679 -7.258959 -9.583629 13.152566 0 0 0 0 0 0 -8.805303 2.600311 -13.245125 -72.142766 23.945311 -38.571856 -62.54616 14.87513 26.11984 0.999225 -6.553341 2.034957 -3.636292 -2.244307 -19.133199 -7.100467 3.62086 1.822583 0 0 0 37.981329 3.85712 -18.21386 -3.981505 -0.312001 -2.714025 0 0 0 2.929467 -1.231741 -10.13273 -1.246458 0.377728 3.981735 0 0 0 18.723955 0.463054 -17.775594 -4.013708 0.99524 -3.126586 0 0 0 18.269087 2.108643 -5.565532 3.717059 8.635663 -20.580557 0 0 0 8.805303 2.600311 13.245125 72.138596 17.639458 42.690623 71.312623 19.333386 -28.80775 6.736056 25.260077 9.911433 3.635273 -2.24402 19.132416 7.100747 3.620751 -1.822804 0 0 0 -37.983061 3.857696 18.213087 3.981514 -0.312002 2.714676 0 0 0 -2.929954 -1.23167 10.131993 1.246384 0.377706 -3.981553 0 0 0 -18.724815 0.463336 17.774795 4.013885 0.995202 3.126699 0 0 0 -18.287739 2.122715 5.592006 -3.712166 8.636711 20.577783 0 0 0 -49.406843 -9.153958 8.992147 0.432422 5.337277 -0.760534 56.849444 -30.393023 -1.994796 0 0 0 25.406468 -11.467881 -2.06132 0.198745 -8.227885 0.970647 -27.715984 -9.252523 -4.013007 0 0 0
-0.178799 0.005398 -0.445734 0.284496 13.042123 -8.767828 1.966327 -1.757192 3.375648 1.093105 -10.927404 -3.461097 0 0 0 -4.816562 14.964518 -0.448382 -7.385637 -9.628054 12.663501 0 0 0 0 0 0 -8.805303 2.600311 -13.245125 -72.541114 24.360018 -38.751154 -62.776017 14.986589 26.198578 1.117414 -7.428229 2.299806 -3.636292 -2.244307 -19.133199 -7.100467 3.62086 1.822583 0 0 0 37.981329 3.85712 -18.21386 -3.981505 -0.312001 -2.714025 0 0 0 2.929467 -1.231741 -10.13273 -1.246458 0.377728 3.981735 0 0 0 18.723955 0.463054 -17.775594 -4.013708 0.99524 -3.126586 0 0 0 18.269087 2.108643 -5.565532 3.717059 8.635663 -20.580557 0 0 0 8.805303 2.600311 13.245125 71.456527 16.468708 39.917348 69.310012 18.285075 -28.244911 6.657551 25.055842 9.810566 3.635273 -2.24402 19.132416 7.100747 3.620751 -1.822804 0 0 0 -37.983061 3.857696 18.213087 3.981514 -0.312002 2.714676 0 0 0 -2.929954 -1.23167 10.131993 1.246384 0.377706 -3.981553 0 0 0 -18.724815 0.463336 17.774795 4.013885 0.995202 3.126699 0 0 0 -18.287739 2.122715 5.592006 -3.712166 8.636711 20.577783 0 0 0 -49.573019 -9.348755 8.971596 0.438827 5.357908 -0.759512 57.007521 -30.556267 -2.0163 0 0 0 25.680226 -11.500761 -2.269337 0.198184 -8.27057 0.970263 -27.977762 -9.376329 -4.023181 0 0 0
-0.190399 0.006818 -0.423162 0.510772 13.226085 -8.784349 2.097243 -1.838973 3.539919 1.138793 -10.94124 -3.479657 0 0 0 -4.810081 14.759859 -0.295432 -7.507272 -9.366072 12.063695 0 0 0 0 0 0 -8.805303 2.600311 -13.245125 -72.811714 24.829815 -38.972054 -63.184446 15.185455 26.337478 1.186558 -7.948889 2.456964 -3.636292 -2.244307 -19.133199 -7.100467 3.62086 1.822583 0 0 0 37.981329 3.85712 -18.21386 -3.981505 -0.312001 -2.714025 0 0 0 2.929467 -1.231741 -10.13273 -1.246458 0.377728 3.981735 0 0 0 18.723955 0.463054 -17.775594 -4.013708 0.99524 -3.126586 0 0 0 18.269087 2.108643 -5.565532 3.717059 8.635663 -20.580557 0 0 0 8.805303 2.600311 13.245125 70.59746 15.599245 37.684404 67.539629 17.367676 -27.729239 6.073274 23.45964 9.048685 3.635273 -2.24402 19.132416 7.100747 3.620751 -1.822804 0 0 0 -37.983061 3.857696 18.213087 3.981514 -0.312002 2.714676 0 0 0 -2.929954 -1.23167 10.131993 1.246384 0.377706 -3.981553 0 0 0 -18.724815 0.463336 17.774795 4.013885 0.995202 3.126699 0 0 0 -18.287739 2.122715 5.592006 -3.712166 8.636711 20.577783 0 0 0 -49.686699 -9.40205 9.066611 0.432056 5.310942 -0.76483 56.956685 -30.32551 -1.992817 0 0 0 25.777631 -11.516274 -2.263803 0.196155 -8.320355 0.968879 -28.313476 -9.563803 -4.039988 0 0 0
-0.180018 0.00523 -0.406865 0.870639 13.378074 -8.840315 2.097074 -1.992366 3.82722 1.148045 -10.930989 -3.495332 0 0 0 -4.816485 14.507766 -0.223296 -7.639391 -8.713225 10.914935 0 0 0 0 0 0 -8.805303 2.600311 -13.245125 -72.902681 25.468643 -39.286401 -63.72475 15.449601 26.519844 1.191099 -7.982452 2.467126 -3.636292 -2.244307 -19.133199 -7.100467 3.62086 1.822583 0 0 0 37.981329 3.85712 -18.21386 -3.981505 -0.312001 -2.714025 0 0 0 2.929467 -1.231741 -10.13273 -1.246458 0.377728 3.981735 0 0 0 18.723955 0.463054 -17.775594 -4.013708 0.99524 -3.126586 0 0 0 18.269087 2.108643 -5.565532 3.717059 8.635663 -20.580557 0 0 0 8.805303 2.600311 13.245125 69.794471 15.412232 36.098732 66.339418 16.752426 -27.367417 5.357105 21.480143 8.111626 3.635273 -2.24402 19.132416 7.100747 3.620751 -1.822804 0 0 0 -37.983061 3.857696 18.213087 3.981514 -0.312002 2.714676 0 0 0 -2.929954 -1.23167 10.131993 1.246384 0.377706 -3.981553 0 0 0 -18.724815 0.463336 17.774795 4.013885 0.995202 3.126699 0 0 0 -18.287739 2.122715 5.592006 -3.712166 8.636711 20.577783 0 0 0 -49.782501 -9.38371 9.196655 0.422403 5.239574 -0.771719 56.784751 -29.978504 -1.953106 0 0 0 25.797814 -11.501842 -2.156098 0.195433 -8.363157 0.967707 -28.694425 -9.816434 -4.066833 0 0 0
-0.174361 0.005695 -0.388011 1.178593 13.473911 -8.834422 2.049743 -2.129419 4.089839 1.14675 -10.931171 -3.534422 0 0 0 -4.788964 14.169365 -0.145177 -7.822124 -7.543052 8.68151 0 0 0 0 0 0 -8.805303 2.600311 -13.245125 -72.780224 26.211423 -39.659335 -64.272308 15.718348 26.703254 1.143401 -7.616738 2.35707 -3.636292 -2.244307 -19.133199 -7.100467 3.62086 1.822583 0 0 0 37.981329 3.85712 -18.21386 -3.981505 -0.312001 -2.714025 0 0 0 2.929467 -1.231741 -10.13273 -1.246458 0.377728 3.981735 0 0 0 18.723955 0.463054 -17.775594 -4.013708 0.99524 -3.126586 0 0 0 18.269087 2.108643 -5.565532 3.717059 8.635663 -20.580557 0 0 0 8.805303 2.600311 13.245125 69.377912 15.977212 35.126542 65.726574 16.441236 -27.177506 4.866756 20.104224 7.467166 3.635273 -2.24402 19.132416 7.100747 3.620751 -1.822804 0 0 0 -37.983061 3.857696 18.213087 3.981514 -0.312002 2.714676 0 0 0 -2.929954 -1.23167 10.131993 1.246384 0.377706 -3.981553 0 0 0 -18.724815 0.463336 17.774795 4.013885 0.995202 3.126699 0 0 0 -18.287739 2.122715 5.592006 -3.712166 8.636711 20.577783 0 0 0 -49.844143 -9.388407 9.231113 0.416929 5.181261 -0.77704 56.625205 -29.718493 -1.927909 0 0 0 25.84753 -11.427427 -2.106756 0.197296 -8.39182 0.967428 -29.039225 -10.07759 -4.096304 0 0 0
-0.164031 0.004016 -0.371327 1.364258 13.523079 -8.774803 1.964504 -2.233118 4.288283 1.136372 -10.949953 -3.594486 0 0 0 -4.649946 13.729926 0.092732 -8.071422 -5.689842 5.190569 0 0 0 0 0 0 -8.805303 2.600311 -13.245125 -72.478034 26.858601 -40.039062 -64.690212 15.924244 26.842158 1.081345 -7.142554 2.214296 -3.636292 -2.244307 -19.133199 -7.100467 3.62086 1.822583 0 0 0 37.981329 3.85712 -18.21386 -3.981505 -0.312001 -2.714025 0 0 0 2.929467 -1.231741 -10.13273 -1.246458 0.377728 3.981735 0 0 0 18.723955 0.463054 -17.775594 -4.013708 0.99524 -3.126586 0 0 0 18.269087 2.108643 -5.565532 3.717059 8.635663 -20.580557 0 0 0 8.805303 2.600311 13.245125 69.467342 16.910405 34.698487 65.551084 16.35251 -27.122456 4.673013 19.550665 7.211137 3.635273 -2.24402 19.132416 7.100747 3.620751 -1.822804 0 0 0 -37.983061 3.857696 18.213087 3.981514 -0.312002 2.714676 0 0 0 -2.929954 -1.23167 10.131993 1.246384 0.377706 -3.981553 0 0 0 -18.724815 0.463336 17.774795 4.013885 0.995202 3.126699 0 0 0 -18.287739 2.122715 5.592006 -3.712166 8.636711 20.577783 0 0 0 -49.853729 -9.415425 9.17286 0.413163 5.13287 -0.781779 56.538528 -29.492369 -1.916214 0 0 0 25.894461 -11.324493 -2.129187 0.199775 -8.40647 0.967856 -29.254181 -10.279497 -4.116439 0 0 0
-0.161415 0.003228 -0.359602 1.4603 13.550463 -8.72462 1.815874 -2.323866 4.436811 1.101019 -10.976821 -3.620537 0 0 0 -4.380235 13.275058 0.54037 -8.416181 -3.106634 0.824151 0 0 0 0 0 0 -8.805303 2.600311 -13.245125 -72.091724 27.270091 -40.389737 -64.926549 16.04107 26.92015 1.037886 -6.812356 2.114788 -3.636292 -2.244307 -19.133199 -7.100467 3.62086 1.822583 0 0 0 37.981329 3.85712 -18.21386 -3.981505 -0.312001 -2.714025 0 0 0 2.929467 -1.231741 -10.13273 -1.246458 0.377728 3.981735 0 0 0 18.723955 0.463054 -17.775594 -4.013708 0.99524 -3.126586 0 0 0 18.269087 2.108643 -5.565532 3.717059 8.635663 -20.580557 0 0 0 8.805303 2.600311 13.245125 69.924259 17.745847 34.665434 65.59533 16.374507 -27.136923 4.63006 19.424019 7.153812 3.635273 -2.24402 19.132416 7.100747 3.620751 -1.822804 0 0 0 -37.983061 3.857696 18.213087 3.981514 -0.312002 2.714676 0 0 0 -2.929954 -1.23167 10.131993 1.246384 0.377706 -3.981553 0 0 0 -18.724815 0.463336 17.774795 4.013885 0.995202 3.126699 0 0 0 -18.287739 2.122715 5.592006 -3.712166 8.636711 20.577783 0 0 0 -49.854714 -9.422627 9.096892 0.410375 5.095048 -0.785733 56.526318 -29.315216 -1.910862 0 0 0 25.881071 -11.244355 -2.154739 0.201269 -8.409971 0.96867 -29.317756 -10.413179 -4.123734 0 0 0
-0.160393 0.004132 -0.350407 1.514605 13.573144 -8.705082 1.645952 -2.400481 4.528409 1.048017 -10.980507 -3.586725 0 0 0 -4.061332 12.997058 1.063358 -8.89497 -0.108457 -3.691282 0 0 0 0 0 0 -8.805303 2.600311 -13.245125 -71.741018 27.485175 -40.656842 -65.031501 16.093097 26.954554 1.017395 -6.658121 2.068238 -3.636292 -2.244307 -19.133199 -7.100467 3.62086 1.822583 0 0 0 37.981329 3.85712 -18.21386 -3.981505 -0.312001 -2.714025 0 0 0 2.929467 -1.231741 -10.13273 -1.246458 0.377728 3.981735 0 0 0 18.723955 0.463054 -17.775594 -4.013708 0.99524 -3.126586 0 0 0 18.269087 2.108643 -5.565532 3.717059 8.635663 -20.580557 0 0 0 8.805303 2.600311 13.245125 70.487171 18.299071 34.796975 65.666163 16.409926 -27.159786 4.611475 19.366037 7.128545 3.635273 -2.24402 19.132416 7.100747 3.620751 -1.822804 0 0 0 -37.983061 3.857696 18.213087 3.981514 -0.312002 2.714676 0 0 0 -2.929954 -1.23167 10.131993 1.246384 0.377706 -3.981553 0 0 0 -18.724815 0.463336 17.774795 4.013885 0.995202 3.126699 0 0 0 -18.287739 2.122715 5.592006 -3.712166 8.636711 20.577783 0 0 0 -49.900773 -9.410317 9.045846 0.412232 5.084132 -0.786764 56.561309 -29.318886 -1.914931 0 0 0 25.840159 -11.20301 -2.157291 0.202721 -8.408911 0.969502 -29.312718 -10.51367 -4.125313 0 0 0
-0.161619 0.005889 -0.344635 1.568835 13.611952 -8.694663 1.524084 -2.429098 4.54163 1.00236 -10.932865 -3.528321 0 0 0 -3.777437 13.044555 1.493914 -9.420726 2.660094 -7.566249 0 0 0 0 0 0 -8.805303 2.600311 -13.245125 -71.501747 27.628367 -40.767186 -65.102376 16.128354 26.977629 1.008734 -6.593734 2.048766 -3.636292 -2.244307 -19.133199 -7.100467 3.62086 1.822583 0 0 0 37.981329 3.85712 -18.21386 -3.981505 -0.312001 -2.714025 0 0 0 2.929467 -1.231741 -10.13273 -1.246458 0.377728 3.981735 0 0 0 18.723955 0.463054 -17.775594 -4.013708 0.99524 -3.126586 0 0 0 18.269087 2.108643 -5.565532 3.717059 8.635663 -20.580557 0 0 0 8.805303 2.600311 13.245125 70.907274 18.609419 34.890378 65.704919 16.429325 -27.172268 4.579989 19.267539 7.085703 3.635273 -2.24402 19.132416 7.100747 3.620751 -1.822804 0 0 0 -37.983061 3.857696 18.213087 3.981514 -0.312002 2.714676 0 0 0 -2.929954 -1.23167 10.131993 1.246384 0.377706 -3.981553 0 0 0 -18.724815 0.463336 17.774795 4.013885 0.995202 3.126699 0 0 0 -18.287739 2.122715 5.592006 -3.712166 8.636711 20.577783 0 0 0 -50.047465 -9.412655 9.029564 0.421309 5.110997 -0.783493 56.630951 -29.563424 -1.931947 0 0 0 25.827508 -11.200164 -2.164482 0.205407 -8.409889 0.969959 -29.338479 -10.601767 -4.129533 0 0 0
-0.162591 0.007696 -0.346068 1.659063 13.679354 -8.676208 1.441912 -2.385298 4.47552 0.96345 -10.82118 -3.456848 0 0 0 -3.546109 13.455082 1.784769 -9.800032 4.530517 -10.317278 0 0 0 0 0 0 -8.805303 2.600311 -13.245125 -71.353678 27.741803 -40.688494 -65.18936 16.171687 27.005888 1.003937 -6.558316 2.038042 -3.636292 -2.244307 -19.133199 -7.100467 3.62086 1.822583 0 0 0 37.981329 3.85712 -18.21386 -3.981505 -0.312001 -2.714025 0 0 0 2.929467 -1.231741 -10.13273 -1.246458 0.377728 3.981735 0 0 0 18.723955 0.463054 -17.775594 -4.013708 0.99524 -3.126586 0 0 0 18.269087 2.108643 -5.565532 3.717059 8.635663 -20.580557 0 0 0 8.805303 2.600311 13.245125 71.10782 18.787219 34.843215 65.732755 16.443268 -27.18119 4.541816 19.147959 7.033738 3.635273 -2.24402 19.132416 7.100747 3.620751 -1.822804 0 0 0 -37.983061 3.857696 18.213087 3.981514 -0.312002 2.714676 0 0 0 -2.929954 -1.23167 10.131993 1.246384 0.377706 -3.981553 0 0 0 -18.724815 0.463336 17.774795 4.013885 0.995202 3.126699 0 0 0 -18.287739 2.122715 5.592006 -3.712166 8.636711 20.577783 0 0 0 -50.318347 -9.442525 9.04945 0.435221 5.164778 -0.777029 56.735329 -29.949504 -1.955852 0 0 0 25.841221 -11.232016 -2.194736 0.208679 -8.41314 0.970044 -29.415819 -10.691572 -4.138667 0 0 0
-0.164583 0.012462 -0.350265 1.789104 13.748107 -8.654512 1.335844 -2.288603 4.395764 0.913644 -10.659098 -3.369336 0 0 0 -3.406485 14.311583 1.923023 -10.017824 5.10417 -12.176331 0 0 0 0 0 0 -8.805303 2.600311 -13.245125 -71.211481 27.796198 -40.469088 -65.260854 16.207307 27.029107 0.99789 -6.513897 2.024582 -3.636292 -2.244307 -19.133199 -7.100467 3.62086 1.822583 0 0 0 37.981329 3.85712 -18.21386 -3.981505 -0.312001 -2.714025 0 0 0 2.929467 -1.231741 -10.13273 -1.246458 0.377728 3.981735 0 0 0 18.723955 0.463054 -17.775594 -4.013708 0.99524 -3.126586 0 0 0 18.269087 2.108643 -5.565532 3.717059 8.635663 -20.580557 0 0 0 8.805303 2.600311 13.245125 71.236221 18.945257 34.672077 65.733818 16.44379 -27.18151 4.51097 19.051165 6.991723 3.635273 -2.24402 19.132416 7.100747 3.620751 -1.822804 0 0 0 -37.983061 3.857696 18.213087 3.981514 -0.312002 2.714676 0 0 0 -2.929954 -1.23167 10.131993 1.246384 0.377706 -3.981553 0 0 0 -18.724815 0.463336 17.774795 4.013885 0.995202 3.126699 0 0 0 -18.287739 2.122715 5.592006 -3.712166 8.636711 20.577783 0 0 0 -50.564876 -9.47725 9.104595 0.443065 5.201157 -0.772676 56.79876 -30.163827 -1.964805 0 0 0 25.85378 -11.271671 -2.218851 0.21058 -8.415401 0.970012 -29.509699 -10.794949 -4.150267 0 0 0
-0.166901 0.014424 -0.350588 1.919214 13.772166 -8.631369 1.172353 -2.172595 4.405843 0.859244 -10.507245 -3.34752 0 0 0 -3.477339 15.778572 1.786433 -10.350778 4.452105 -14.067007 0 0 0 0 0 0 -8.805303 2.600311 -13.245125 -70.956389 27.803474 -40.190947 -65.283771 16.218721 27.036554 0.984167 -6.413696 1.994184 -3.636292 -2.244307 -19.133199 -7.100467 3.62086 1.822583 0 0 0 37.981329 3.85712 -18.21386 -3.981505 -0.312001 -2.714025 0 0 0 2.929467 -1.231741 -10.13273 -1.246458 0.377728 3.981735 0 0 0 18.723955 0.463054 -17.775594 -4.013708 0.99524 -3.126586 0 0 0 18.269087 2.108643 -5.565532 3.717059 8.635663 -20.580557 0 0 0 8.805303 2.600311 13.245125 71.509958 19.119118 34.502887 65.682881 16.418259 -27.16515 4.49546 19.002395 6.970581 3.635273 -2.24402 19.132416 7.100747 3.620751 -1.822804 0 0 0 -37.983061 3.857696 18.213087 3.981514 -0.312002 2.714676 0 0 0 -2.929954 -1.23167 10.131993 1.246384 0.377706 -3.981553 0 0 0 -18.724815 0.463336 17.774795 4.013885 0.995202 3.126699 0 0 0 -18.287739 2.122715 5.592006 -3.712166 8.636711 20.577783 0 0 0 -50.556604 -9.500297 9.179642 0.433908 5.178321 -0.775844 56.705943 -29.918123 -1.940234 0 0 0 25.874542 -11.278581 -2.206205 0.209804 -8.417414 0.969834 -29.606512 -10.886605 -4.161714 0 0 0
-0.174584 0.01414 -0.351608 2.002355 13.73634 -8.588078 0.947671 -2.02021 4.511243 0.817734 -10.379367 -3.509621 0 0 0 -3.843417 17.856502 1.215916 -11.031286 3.069127 -16.821612 0 0 0 0 0 0 -8.805303 2.600311 -13.245125 -70.429963 27.808006 -39.818868 -65.295867 16.224769 27.040464 0.955361 -6.205218 1.930835 -3.636292 -2.244307 -19.133199 -7.100467 3.62086 1.822583 0 0 0 37.981329 3.85712 -18.21386 -3.981505 -0.312001 -2.714025 0 0 0 2.929467 -1.231741 -10.13273 -1.246458 0.377728 3.981735 0 0 0 18.723955 0.463054 -17.775594 -4.013708 0.99524 -3.126586 0 0 0 18.269087 2.108643 -5.565532 3.717059 8.635663 -20.580557 0 0 0 8.805303 2.600311 13.245125 72.012963 19.249954 34.423228 65.634653 16.39415 -27.149583 4.494974 19.000841 6.969912 3.635273 -2.24402 19.132416 7.100747 3.620751 -1.822804 0 0 0 -37.983061 3.857696 18.213087 3.981514 -0.312002 2.714676 0 0 0 -2.929954 -1.23167 10.131993 1.246384 0.377706 -3.981553 0 0 0 -18.724815 0.463336 17.774795 4.013885 0.995202 3.126699 0 0 0 -18.287739 2.122715 5.592006 -3.712166 8.636711 20.577783 0 0 0 -50.270322 -9.532252 9.237515 0.411722 5.115343 -0.784698 56.452828 -29.354807 -1.895842 0 0 0 25.931408 -11.235498 -2.182406 0.206234 -8.42316 0.969267 -29.710133 -10.923626 -4.170705 0 0 0
-0.176862 0.013753 -0.353816 2.039075 13.665589 -8.519524 0.657984 -1.70422 4.563711 0.782356 -10.149089 -3.866448 0 0 0 -4.424954 20.369632 0.22749 -11.792438 1.199416 -20.202834 0 0 0 0 0 0 -8.805303 2.600311 -13.245125 -69.523083 27.830746 -39.116579 -65.374769 16.26425 27.065861 0.902926 -5.831072 1.816839 -3.636292 -2.244307 -19.133199 -7.100467 3.62086 1.822583 0 0 0 37.981329 3.85712 -18.21386 -3.981505 -0.312001 -2.714025 0 0 0 2.929467 -1.231741 -10.13273 -1.246458 0.377728 3.981735 0 0 0 18.723955 0.463054 -17.775594 -4.013708 0.99524 -3.126586 0 0 0 18.269087 2.108643 -5.565532 3.717059 8.635663 -20.580557 0 0 0 8.805303 2.600311 13.245125 72.576534 19.266495 34.31164 65.751231 16.453245 -27.185922 4.502525 19.024561 6.980199 3.635273 -2.24402 19.132416 7.100747 3.620751 -1.822804 0 0 0 -37.983061 3.857696 18.213087 3.981514 -0.312002 2.714676 0 0 0 -2.929954 -1.23167 10.131993 1.246384 0.377706 -3.981553 0 0 0 -18.724815 0.463336 17.774795 4.013885 0.995202 3.126699 0 0 0 -18.287739 2.122715 5.592006 -3.712166 8.636711 20.577783 0 0 0 -49.878452 -9.599179 9.280352 0.387057 5.062614 -0.79368 56.120417 -28.815579 -1.854928 0 0 0 26.008423 -11.175105 -2.185187 0.199419 -8.43218 0.96823 -29.798077 -10.902679 -4.17505 0 0 0
-0.177136 0.013107 -0.367195 2.083069 13.62038 -8.477554 0.320536 -0.998512 4.398986 0.73587 -9.688618 -4.320827 0 0 0 -4.984618 23.303658 -0.902534 -11.848387 -1.903262 -23.006468 0 0 0 0 0 0 -8.805303 2.600311 -13.245125 -68.297816 27.919125 -37.795374 -65.59148 16.372976 27.135129 0.819048 -5.24365 1.637193 -3.636292 -2.244307 -19.133199 -7.100467 3.62086 1.822583 0 0 0 37.981329 3.85712 -18.21386 -3.981505 -0.312001 -2.714025 0 0 0 2.929467 -1.231741 -10.13273 -1.246458 0.377728 3.981735 0 0 0 18.723955 0.463054 -17.775594 -4.013708 0.99524 -3.126586 0 0 0 18.269087 2.108643 -5.565532 3.717059 8.635663 -20.580557 0 0 0 8.805303 2.600311 13.245125 72.813408 19.102434 33.948212 66.272977 16.718517 -27.347109 4.509631 19.046852 6.989877 3.635273 -2.24402 19.132416 7.100747 3.620751 -1.822804 0 0 0 -37.983061 3.857696 18.213087 3.981514 -0.312002 2.714676 0 0 0 -2.929954 -1.23167 10.131993 1.246384 0.377706 -3.981553 0 0 0 -18.724815 0.463336 17.774795 4.013885 0.995202 3.126699 0 0 0 -18.287739 2.122715 5.592006 -3.712166 8.636711 20.577783 0 0 0 -49.514953 -9.694586 9.432828 0.358182 5.024164 -0.802586 55.744467 -28.292063 -1.808783 0 0 0 26.082805 -11.196677 -2.191562 0.187169 -8.442271 0.966598 -29.875413 -10.862146 -4.177388 0 0 0
-0.194083 0.015096 -0.390839 2.163824 13.711959 -8.539614 0.0134 0.253355 3.969289 0.693102 -9.045456 -4.806201 0 0 0 -5.234644 26.678753 -1.770678 -10.505197 -7.224137 -24.414328 0 0 0 0 0 0 -8.805303 2.600311 -13.245125 -66.961702 28.202288 -35.760069 -66.011666 16.584682 27.268048 0.706841 -4.472798 1.400509 -3.636292 -2.244307 -19.133199 -7.100467 3.62086 1.822583 0 0 0 37.981329 3.85712 -18.21386 -3.981505 -0.312001 -2.714025 0 0 0 2.929467 -1.231741 -10.13273 -1.246458 0.377728 3.981735 0 0 0 18.723955 0.463054 -17.775594 -4.013708 0.99524 -3.126586 0 0 0 18.269087 2.108643 -5.565532 3.717059 8.635663 -20.580557 0 0 0 8.805303 2.600311 13.245125 72.342195 18.630456 33.317711 67.399942 17.295764 -27.6878 4.514488 19.061956 6.996473 3.635273 -2.24402 19.132416 7.100747 3.620751 -1.822804 0 0 0 -37.983061 3.857696 18.213087 3.981514 -0.312002 2.714676 0 0 0 -2.929954 -1.23167 10.131993 1.246384 0.377706 -3.981553 0 0 0 -18.724815 0.463336 17.774795 4.013885 0.995202 3.126699 0 0 0 -18.287739 2.122715 5.592006 -3.712166 8.636711 20.577783 0 0 0 -49.330279 -9.804102 9.874836 0.323143 4.975718 -0.812526 55.419118 -27.70105 -1.748277 0 0 0 26.225632 -11.448297 -2.176675 0.16719 -8.46313 0.963966 -30.037589 -10.839457 -4.185012 0 0 0
-0.221628 0.019396 -0.445412 2.232151 14.072974 -8.742617 -0.11663 1.942397 3.332219 0.711377 -8.388391 -5.359492 0 0 0 -4.978239 30.028071 -2.063628 -7.818244 -14.35597 -24.882881 0 0 0 0 0 0 -8.805303 2.600311 -13.245125 -65.812907 28.817862 -33.242636 -66.65762 16.911661 27.470008 0.590925 -3.689486 1.159147 -3.636292 -2.244307 -19.133199 -7.100467 3.62086 1.822583 0 0 0 37.981329 3.85712 -18.21386 -3.981505 -0.312001 -2.714025 0 0 0 2.929467 -1.231741 -10.13273 -1.246458 0.377728 3.981735 0 0 0 18.723955 0.463054 -17.775594 -4.013708 0.99524 -3.126586 0 0 0 18.269087 2.108643 -5.565532 3.717059 8.635663 -20.580557 0 0 0 8.805303 2.600311 13.245125 71.026792 17.706892 32.68364 69.092454 18.170754 -28.18474 4.537716 19.133661 7.027935 3.635273 -2.24402 19.132416 7.100747 3.620751 -1.822804 0 0 0 -37.983061 3.857696 18.213087 3.981514 -0.312002 2.714676 0 0 0 -2.929954 -1.23167 10.131993 1.246384 0.377706 -3.981553 0 0 0 -18.724815 0.463336 17.774795 4.013885 0.995202 3.126699 0 0 0 -18.287739 2.122715 5.592006 -3.712166 8.636711 20.577783 0 0 0 -49.725133 -9.913899 10.652096 0.306484 4.944357 -0.814872 55.496309 -27.572087 -1.725342 0 0 0 26.561007 -12.043793 -2.203909 0.140914 -8.515156 0.960312 -30.377908 -10.856411 -4.199963 0 0 0
-0.245702 0.026563 -0.518902 2.244847 14.758104 -9.077966 0.054884 3.751968 2.604233 0.840649 -7.847218 -6.024954 0 0 0 -4.230069 32.629605 -1.716417 -4.476268 -21.642922 -25.406922 0 0 0 0 0 0 -8.805303 2.600311 -13.245125 -65.172039 29.764107 -30.698502 -67.450374 17.315067 27.714428 0.50265 -3.101587 0.97741 -3.636292 -2.244307 -19.133199 -7.100467 3.62086 1.822583 0 0 0 37.981329 3.85712 -18.21386 -3.981505 -0.312001 -2.714025 0 0 0 2.929467 -1.231741 -10.13273 -1.246458 0.377728 3.981735 0 0 0 18.723955 0.463054 -17.775594 -4.013708 0.99524 -3.126586 0 0 0 18.269087 2.108643 -5.565532 3.717059 8.635663 -20.580557 0 0 0 8.805303 2.600311 13.245125 69.021476 16.334572 32.309054 71.014296 19.174742 -28.728888 4.622664 19.395123 7.142886 3.635273 -2.24402 19.132416 7.100747 3.620751 -1.822804 0 0 0 -37.983061 3.857696 18.213087 3.981514 -0.312002 2.714676 0 0 0 -2.929954 -1.23167 10.131993 1.246384 0.377706 -3.981553 0 0 0 -18.724815 0.463336 17.774795 4.013885 0.995202 3.126699 0 0 0 -18.287739 2.122715 5.592006 -3.712166 8.636711 20.577783 0 0 0 -51.162667 -9.967671 11.634874 0.346585 5.001604 -0.795288 56.374593 -28.731355 -1.821642 0 0 0 27.109099 -12.97299 -2.353284 0.113957 -8.606655 0.956457 -30.88584 -10.939424 -4.218465 0 0 0
-0.257881 0.032219 -0.589061 2.271712 15.693957 -9.50619 0.482262 5.424344 1.908647 1.059938 -7.456551 -6.730789 0 0 0 -3.190724 34.266989 -0.928719 -1.097118 -27.893562 -26.35086 0 0 0 0 0 0 -8.805303 2.600311 -13.245125 -65.123997 30.826904 -28.487776 -68.270809 17.735321 27.962741 0.44077 -2.700163 0.852536 -3.636292 -2.244307 -19.133199 -7.100467 3.62086 1.822583 0 0 0 37.981329 3.85712 -18.21386 -3.981505 -0.312001 -2.714025 0 0 0 2.929467 -1.231741 -10.13273 -1.246458 0.377728 3.981735 0 0 0 18.723955 0.463054 -17.775594 -4.013708 0.99524 -3.126586 0 0 0 18.269087 2.108643 -5.565532 3.717059 8.635663 -20.580557 0 0 0 8.805303 2.600311 13.245125 66.654334 14.714491 32.183421 72.773606 20.104325 -29.205208 4.787807 19.900267 7.365894 3.635273 -2.24402 19.132416 7.100747 3.620751 -1.822804 0 0 0 -37.983061 3.857696 18.213087 3.981514 -0.312002 2.714676 0 0 0 -2.929954 -1.23167 10.131993 1.246384 0.377706 -3.981553 0 0 0 -18.724815 0.463336 17.774795 4.013885 0.995202 3.126699 0 0 0 -18.287739 2.122715 5.592006 -3.712166 8.636711 20.577783 0 0 0 -53.662472 -9.906902 12.670043 0.455319 5.183264 -0.748703 58.029149 -31.308015 -2.060161 0 0 0 27.772207 -14.097236 -2.624996 0.091451 -8.71998 0.953338 -31.52963 -11.119058 -4.245408 0 0 0
-0.260643 0.039864 -0.643982 2.441158 16.755771 -9.95316 0.983721 6.889428 1.310278 1.297506 -7.201949 -7.341832 0 0 0 -2.10699 35.260132 -0.046181 2.070331 -33.030923 -27.263942 0 0 0 0 0 0 -8.805303 2.600311 -13.245125 -65.403641 31.711693 -26.658886 -69.065855 18.145728 28.197892 0.358755 -2.190892 0.692313 -3.636292 -2.244307 -19.133199 -7.100467 3.62086 1.822583 0 0 0 37.981329 3.85712 -18.21386 -3.981505 -0.312001 -2.714025 0 0 0 2.929467 -1.231741 -10.13273 -1.246458 0.377728 3.981735 0 0 0 18.723955 0.463054 -17.775594 -4.013708 0.99524 -3.126586 0 0 0 18.269087 2.108643 -5.565532 3.717059 8.635663 -20.580557 0 0 0 8.805303 2.600311 13.245125 64.23211 13.107662 32.095103 74.241438 20.889543 -29.580153 4.992149 20.519244 7.640943 3.635273 -2.24402 19.132416 7.100747 3.620751 -1.822804 0 0 0 -37.983061 3.857696 18.213087 3.981514 -0.312002 2.714676 0 0 0 -2.929954 -1.23167 10.131993 1.246384 0.377706 -3.981553 0 0 0 -18.724815 0.463336 17.774795 4.013885 0.995202 3.126699 0 0 0 -18.287739 2.122715 5.592006 -3.712166 8.636711 20.577783 0 0 0 -56.750772 -9.75908 13.687345 0.610703 5.4598 -0.682421 60.0112 -34.62733 -2.394601 0 0 0 28.498021 -15.236621 -2.994207 0.074888 -8.832715 0.95128 -32.36758 -11.431465 -4.296503 0 0 0
-0.244496 0.050685 -0.688172 2.80616 17.862301 -10.348037 1.46118 8.166126 0.826393 1.516624 -7.06786 -7.806311 0 0 0 -1.185725 35.883042 0.601173 4.867538 -37.3767 -27.439029 0 0 0 0 0 0 -8.805303 2.600311 -13.245125 -65.708654 32.292766 -25.069245 -69.869422 18.564036 28.429147 0.21093 -1.295991 0.408775 -3.636292 -2.244307 -19.133199 -7.100467 3.62086 1.822583 0 0 0 37.981329 3.85712 -18.21386 -3.981505 -0.312001 -2.714025 0 0 0 2.929467 -1.231741 -10.13273 -1.246458 0.377728 3.981735 0 0 0 18.723955 0.463054 -17.775594 -4.013708 0.99524 -3.126586 0 0 0 18.269087 2.108643 -5.565532 3.717059 8.635663 -20.580557 0 0 0 8.805303 2.600311 13.245125 61.862163 11.698503 31.906556 75.61137 21.631522 -29.905097 5.169723 21.050735 7.87902 3.635273 -2.24402 19.132416 7.100747 3.620751 -1.822804 0 0 0 -37.983061 3.857696 18.213087 3.981514 -0.312002 2.714676 0 0 0 -2.929954 -1.23167 10.131993 1.246384 0.377706 -3.981553 0 0 0 -18.724815 0.463336 17.774795 4.013885 0.995202 3.126699 0 0 0 -18.287739 2.122715 5.592006 -3.712166 8.636711 20.577783 0 0 0 -59.842611 -9.608438 14.680128 0.779322 5.753539 -0.60948 61.82845 -37.899017 -2.758251 0 0 0 29.355107 -16.265529 -3.466972 0.064412 -8.947028 0.950207 -33.481965 -11.959559 -4.379707 0 0 0
-0.224151 0.058253 -0.724717 3.324427 18.974654 -10.668579 1.970047 9.26559 0.468956 1.735182 -7.043128 -8.154556 0 0 0 -0.506163 36.201922 0.931677 7.170738 -41.19796 -26.640502 0 0 0 0 0 0 -8.805303 2.600311 -13.245125 -65.968687 32.707797 -23.624145 -70.77747 19.040991 28.682023 0.013198 -0.119265 0.034087 -3.636292 -2.244307 -19.133199 -7.100467 3.62086 1.822583 0 0 0 37.981329 3.85712 -18.21386 -3.981505 -0.312001 -2.714025 0 0 0 2.929467 -1.231741 -10.13273 -1.246458 0.377728 3.981735 0 0 0 18.723955 0.463054 -17.775594 -4.013708 0.99524 -3.126586 0 0 0 18.269087 2.108643 -5.565532 3.717059 8.635663 -20.580557 0 0 0 8.805303 2.600311 13.245125 59.478736 10.582722 31.669531 77.150979 22.473351 -30.243809 5.278903 21.374085 8.024898 3.635273 -2.24402 19.132416 7.100747 3.620751 -1.822804 0 0 0 -37.983061 3.857696 18.213087 3.981514 -0.312002 2.714676 0 0 0 -2.929954 -1.23167 10.131993 1.246384 0.377706 -3.981553 0 0 0 -18.724815 0.463336 17.774795 4.013885 0.995202 3.126699 0 0 0 -18.287739 2.122715 5.592006 -3.712166 8.636711 20.577783 0 0 0 -62.45102 -9.513068 15.660081 0.92724 5.957537 -0.545859 63.114518 -40.543622 -3.080704 0 0 0 30.397939 -17.136424 -4.026744 0.061182 -9.077192 0.95017 -34.836953 -12.801922 -4.486016 0 0 0
-0.20244 0.066569 -0.742667 3.930458 20.054269 -10.922544 2.58417 10.201774 0.223898 1.973844 -7.107324 -8.403904 0 0 0 0.064678 36.384799 1.279013 9.154808 -44.895926 -25.51009 0 0 0 0 0 0 -8.805303 2.600311 -13.245125 -66.278108 33.23638 -22.335351 -71.881921 19.626085 28.978788 -0.159556 0.894315 -0.290017 -3.636292 -2.244307 -19.133199 -7.100467 3.62086 1.822583 0 0 0 37.981329 3.85712 -18.21386 -3.981505 -0.312001 -2.714025 0 0 0 2.929467 -1.231741 -10.13273 -1.246458 0.377728 3.981735 0 0 0 18.723955 0.463054 -17.775594 -4.013708 0.99524 -3.126586 0 0 0 18.269087 2.108643 -5.565532 3.717059 8.635663 -20.580557 0 0 0 8.805303 2.600311 13.245125 57.020014 9.78848 31.50897 78.929922 23.452496 -30.608243 5.322639 21.502827 8.083218 3.635273 -2.24402 19.132416 7.100747 3.620751 -1.822804 0 0 0 -37.983061 3.857696 18.213087 3.981514 -0.312002 2.714676 0 0 0 -2.929954 -1.23167 10.131993 1.246384 0.377706 -3.981553 0 0 0 -18.724815 0.463336 17.774795 4.013885 0.995202 3.126699 0 0 0 -18.287739 2.122715 5.592006 -3.712166 8.636711 20.577783 0 0 0 -64.324594 -9.483654 16.62101 1.029672 6.003217 -0.503968 63.732559 -42.251055 -3.303097 0 0 0 31.549768 -17.846055 -4.610978 0.06582 -9.218053 0.951416 -36.275647 -13.948871 -4.60096 0 0 0
-0.182238 0.071773 -0.750389 4.56984 21.077671 -11.117901 3.303027 11.001081 0.034968 2.229319 -7.236173 -8.544989 0 0 0 0.721245 36.706325 2.061821 11.143509 -48.947635 -24.839026 0 0 0 0 0 0 -8.805303 2.600311 -13.245125 -66.732858 34.073435 -21.247907 -73.180535 20.3195 29.31469 -0.251913 1.430061 -0.461917 -3.636292 -2.244307 -19.133199 -7.100467 3.62086 1.822583 0 0 0 37.981329 3.85712 -18.21386 -3.981505 -0.312001 -2.714025 0 0 0 2.929467 -1.231741 -10.13273 -1.246458 0.377728 3.981735 0 0 0 18.723955 0.463054 -17.775594 -4.013708 0.99524 -3.126586 0 0 0 18.269087 2.108643 -5.565532 3.717059 8.635663 -20.580557 0 0 0 8.805303 2.600311 13.245125 54.523147 9.299904 31.486017 80.805594 24.490405 -30.963475 5.334457 21.537532 8.098966 3.635273 -2.24402 19.132416 7.100747 3.620751 -1.822804 0 0 0 -37.983061 3.857696 18.213087 3.981514 -0.312002 2.714676 0 0 0 -2.929954 -1.23167 10.131993 1.246384 0.377706 -3.981553 0 0 0 -18.724815 0.463336 17.774795 4.013885 0.995202 3.126699 0 0 0 -18.287739 2.122715 5.592006 -3.712166 8.636711 20.577783 0 0 0 -65.59632 -9.501767 17.534846 1.088915 5.924142 -0.482621 63.888873 -43.159712 -3.422357 0 0 0 32.715666 -18.415 -5.180255 0.077047 -9.352689 0.954007 -37.682124 -15.275032 -4.717892 0 0 0
-0.159659 0.075311 -0.738754 5.201305 22.079832 -11.261328 4.038662 11.659276 -0.15167 2.475458 -7.429167 -8.559751 0 0 0 1.468317 37.179865 3.20722 13.113187 -53.416707 -24.36228 0 0 0 0 0 0 -8.805303 2.600311 -13.245125 -67.319101 35.123621 -20.428859 -74.565769 21.064806 29.658304 -0.284987 1.618564 -0.522735 -3.636292 -2.244307 -19.133199 -7.100467 3.62086 1.822583 0 0 0 37.981329 3.85712 -18.21386 -3.981505 -0.312001 -2.714025 0 0 0 2.929467 -1.231741 -10.13273 -1.246458 0.377728 3.981735 0 0 0 18.723955 0.463054 -17.775594 -4.013708 0.99524 -3.126586 0 0 0 18.269087 2.108643 -5.565532 3.717059 8.635663 -20.580557 0 0 0 8.805303 2.600311 13.245125 52.1302 9.096891 31.589988 82.601359 25.488513 -31.273471 5.340043 21.553783 8.106388 3.635273 -2.24402 19.132416 7.100747 3.620751 -1.822804 0 0 0 -37.983061 3.857696 18.213087 3.981514 -0.312002 2.714676 0 0 0 -2.929954 -1.23167 10.131993 1.246384 0.377706 -3.981553 0 0 0 -18.724815 0.463336 17.774795 4.013885 0.995202 3.126699 0 0 0 -18.287739 2.122715 5.592006 -3.712166 8.636711 20.577783 0 0 0 -66.600746 -9.562233 18.410916 1.128535 5.806901 -0.470631 63.903284 -43.723378 -3.488723 0 0 0 33.934377 -18.89606 -5.778249 0.093298 -9.4763 0.957697 -39.101493 -16.673546 -4.841874 0 0 0
-0.143135 0.083085 -0.726512 5.815119 23.134455 -11.349171 4.632715 12.1252 -0.331957 2.668023 -7.705234 -8.433573 0 0 0 2.137057 37.498682 4.190817 14.608018 -57.828253 -22.910927 0 0 0 0 0 0 -8.805303 2.600311 -13.245125 -67.906312 36.058341 -19.966407 -75.88302 21.778495 29.970987 -0.312509 1.770455 -0.57226 -3.636292 -2.244307 -19.133199 -7.100467 3.62086 1.822583 0 0 0 37.981329 3.85712 -18.21386 -3.981505 -0.312001 -2.714025 0 0 0 2.929467 -1.231741 -10.13273 -1.246458 0.377728 3.981735 0 0 0 18.723955 0.463054 -17.775594 -4.013708 0.99524 -3.126586 0 0 0 18.269087 2.108643 -5.565532 3.717059 8.635663 -20.580557 0 0 0 8.805303 2.600311 13.245125 50.053652 9.127916 31.809692 84.221208 26.391693 -31.525496 5.341771 21.558771 8.108679 3.635273 -2.24402 19.132416 7.100747 3.620751 -1.822804 0 0 0 -37.983061 3.857696 18.213087 3.981514 -0.312002 2.714676 0 0 0 -2.929954 -1.23167 10.131993 1.246384 0.377706 -3.981553 0 0 0 -18.724815 0.463336 17.774795 4.013885 0.995202 3.126699 0 0 0 -18.287739 2.122715 5.592006 -3.712166 8.636711 20.577783 0 0 0 -67.577783 -9.705181 19.338298 1.162794 5.710662 -0.460197 63.915449 -44.231812 -3.532772 0 0 0 35.269493 -19.366519 -6.504157 0.113339 -9.589817 0.962119 -40.619377 -18.102153 -4.980323 0 0 0
-0.119732 0.096554 -0.714309 6.428449 24.254092 -11.366572 4.94455 12.365553 -0.453308 2.769527 -8.069438 -8.189658 0 0 0 2.591911 37.412708 4.667947 15.102437 -61.653066 -19.740629 0 0 0 0 0 0 -8.805303 2.600311 -13.245125 -68.355428 36.626533 -19.902782 -76.992882 22.38339 30.223358 -0.349102 1.971568 -0.637925 -3.636292 -2.244307 -19.133199 -7.100467 3.62086 1.822583 0 0 0 37.981329 3.85712 -18.21386 -3.981505 -0.312001 -2.714025 0 0 0 2.929467 -1.231741 -10.13273 -1.246458 0.377728 3.981735 0 0 0 18.723955 0.463054 -17.775594 -4.013708 0.99524 -3.126586 0 0 0 18.269087 2.108643 -5.565532 3.717059 8.635663 -20.580557 0 0 0 8.805303 2.600311 13.245125 48.485752 9.285332 32.178524 85.613927 27.169561 -31.720976 5.332903 21.53304 8.096908 3.635273 -2.24402 19.132416 7.100747 3.620751 -1.822804 0 0 0 -37.983061 3.857696 18.213087 3.981514 -0.312002 2.714676 0 0 0 -2.929954 -1.23167 10.131993 1.246384 0.377706 -3.981553 0 0 0 -18.724815 0.463336 17.774795 4.013885 0.995202 3.126699 0 0 0 -18.287739 2.122715 5.592006 -3.712166 8.636711 20.577783 0 0 0 -68.606008 -9.955139 20.380387 1.185517 5.646172 -0.451845 63.927334 -44.627103 -3.532767 0 0 0 36.621235 -19.863088 -7.39554 0.136039 -9.687109 0.96696 -42.154295 -19.538645 -5.12789 0 0 0
-0.082437 0.088561 -0.754431 7.046623 25.323695 -11.319971 4.929281 12.4291 -0.499104 2.767913 -8.523112 -7.863682 0 0 0 2.809637 37.012306 4.797293 14.142039 -64.772344 -14.946238 0 0 0 0 0 0 -8.805303 2.600311 -13.245125 -68.608729 36.827848 -20.238764 -77.828816 22.841177 30.405933 -0.373616 2.106367 -0.681929 -3.636292 -2.244307 -19.133199 -7.100467 3.62086 1.822583 0 0 0 37.981329 3.85712 -18.21386 -3.981505 -0.312001 -2.714025 0 0 0 2.929467 -1.231741 -10.13273 -1.246458 0.377728 3.981735 0 0 0 18.723955 0.463054 -17.775594 -4.013708 0.99524 -3.126586 0 0 0 18.269087 2.108643 -5.565532 3.717059 8.635663 -20.580557 0 0 0 8.805303 2.600311 13.245125 47.537831 9.514254 32.74727 86.706309 27.78005 -31.861277 5.310446 21.467883 8.067099 3.635273 -2.24402 19.132416 7.100747 3.620751 -1.822804 0 0 0 -37.983061 3.857696 18.213087 3.981514 -0.312002 2.714676 0 0 0 -2.929954 -1.23167 10.131993 1.246384 0.377706 -3.981553 0 0 0 -18.724815 0.463336 17.774795 4.013885 0.995202 3.126699 0 0 0 -18.287739 2.122715 5.592006 -3.712166 8.636711 20.577783 0 0 0 -69.633063 -10.230797 21.420916 1.191971 5.581424 -0.4485 63.934577 -44.803165 -3.477804 0 0 0 37.802508 -20.317531 -8.331214 0.162062 -9.765637 0.972209 -43.483075 -20.995851 -5.266794 0 0 0
-0.056356 0.090588 -0.748762 7.647099 26.192016 -11.246055 4.627577 12.399729 -0.520313 2.668165 -9.076601 -7.437497 0 0 0 2.74846 36.564082 4.886792 10.923188 -67.374828 -8.334855 0 0 0 0 0 0 -8.805303 2.600311 -13.245125 -68.699194 36.795198 -20.985903 -78.411036 23.161194 30.528628 -0.375886 2.119136 -0.686065 -3.636292 -2.244307 -19.133199 -7.100467 3.62086 1.822583 0 0 0 37.981329 3.85712 -18.21386 -3.981505 -0.312001 -2.714025 0 0 0 2.929467 -1.231741 -10.13273 -1.246458 0.377728 3.981735 0 0 0 18.723955 0.463054 -17.775594 -4.013708 0.99524 -3.126586 0 0 0 18.269087 2.108643 -5.565532 3.717059 8.635663 -20.580557 0 0 0 8.805303 2.600311 13.245125 47.218939 9.888547 33.502767 87.433707 28.186561 -31.948322 5.279419 21.377692 8.02589 3.635273 -2.24402 19.132416 7.100747 3.620751 -1.822804 0 0 0 -37.983061 3.857696 18.213087 3.981514 -0.312002 2.714676 0 0 0 -2.929954 -1.23167 10.131993 1.246384 0.377706 -3.981553 0 0 0 -18.724815 0.463336 17.774795 4.013885 0.995202 3.126699 0 0 0 -18.287739 2.122715 5.592006 -3.712166 8.636711 20.577783 0 0 0 -70.548069 -10.408278 22.243254 1.193746 5.483212 -0.448868 63.93221 -44.871083 -3.410891 0 0 0 38.705012 -20.621849 -9.11514 0.191951 -9.835427 0.977894 -44.444177 -22.476583 -5.380061 0 0 0
-0.031146 0.08962 -0.75252 8.201655 26.808456 -11.16569 4.144603 12.315413 -0.55104 2.492325 -9.714411 -6.87943 0 0 0 2.240349 36.152676 4.96935 4.294938 -69.44499 1.033721 0 0 0 0 0 0 -8.805303 2.600311 -13.245125 -68.714429 36.629963 -22.113108 -78.790541 23.3703 30.606486 -0.369182 2.082579 -0.674096 -3.636292 -2.244307 -19.133199 -7.100467 3.62086 1.822583 0 0 0 37.981329 3.85712 -18.21386 -3.981505 -0.312001 -2.714025 0 0 0 2.929467 -1.231741 -10.13273 -1.246458 0.377728 3.981735 0 0 0 18.723955 0.463054 -17.775594 -4.013708 0.99524 -3.126586 0 0 0 18.269087 2.108643 -5.565532 3.717059 8.635663 -20.580557 0 0 0 8.805303 2.600311 13.245125 47.403305 10.486378 34.337474 87.818444 28.401513 -31.991863 5.241927 21.268121 7.976009 3.635273 -2.24402 19.132416 7.100747 3.620751 -1.822804 0 0 0 -37.983061 3.857696 18.213087 3.981514 -0.312002 2.714676 0 0 0 -2.929954 -1.23167 10.131993 1.246384 0.377706 -3.981553 0 0 0 -18.724815 0.463336 17.774795 4.013885 0.995202 3.126699 0 0 0 -18.287739 2.122715 5.592006 -3.712166 8.636711 20.577783 0 0 0 -71.297501 -10.470861 22.749572 1.204153 5.366265 -0.448369 63.911303 -45.020495 -3.379012 0 0 0 39.307908 -20.741617 -9.659495 0.221863 -9.907802 0.983511 -45.041181 -23.869383 -5.459848 0 0 0
-0.005648 0.089477 -0.746838 8.706099 27.212282 -11.051609 3.626299 12.188959 -0.548418 2.285796 -10.379311 -6.243102 0 0 0 1.124726 35.627332 4.833511 -5.82991 -70.560109 13.201333 0 0 0 0 0 0 -8.805303 2.600311 -13.245125 -68.719593 36.377947 -23.462887 -79.005229 23.488751 30.64983 -0.367825 2.075063 -0.671648 -3.636292 -2.244307 -19.133199 -7.100467 3.62086 1.822583 0 0 0 37.981329 3.85712 -18.21386 -3.981505 -0.312001 -2.714025 0 0 0 2.929467 -1.231741 -10.13273 -1.246458 0.377728 3.981735 0 0 0 18.723955 0.463054 -17.775594 -4.013708 0.99524 -3.126586 0 0 0 18.269087 2.108643 -5.565532 3.717059 8.635663 -20.580557 0 0 0 8.805303 2.600311 13.245125 47.872954 11.235966 35.110298 87.962055 28.481723 -32.00747 5.191467 21.119875 7.908762 3.635273 -2.24402 19.132416 7.100747 3.620751 -1.822804 0 0 0 -37.983061 3.857696 18.213087 3.981514 -0.312002 2.714676 0 0 0 -2.929954 -1.23167 10.131993 1.246384 0.377706 -3.981553 0 0 0 -18.724815 0.463336 17.774795 4.013885 0.995202 3.126699 0 0 0 -18.287739 2.122715 5.592006 -3.712166 8.636711 20.577783 0 0 0 -71.906305 -10.500049 22.978582 1.222593 5.262272 -0.445244 63.884739 -45.270231 -3.381137 0 0 0 39.662793 -20.692519 -10.018552 0.247502 -9.986784 0.988513 -45.387506 -25.071031 -5.510237 0 0 0
0.019749 0.086959 -0.743132 9.179677 27.457691 -10.86593 3.193196 12.045756 -0.439518 2.097024 -10.989868 -5.648833 0 0 0 -0.597919 34.81422 4.226888 -17.526418 -70.253101 26.234921 0 0 0 0 0 0 -8.805303 2.600311 -13.245125 -68.709199 36.069822 -24.773774 -79.09916 23.540617 30.668625 -0.371051 2.09261 -0.677398 -3.636292 -2.244307 -19.133199 -7.100467 3.62086 1.822583 0 0 0 37.981329 3.85712 -18.21386 -3.981505 -0.312001 -2.714025 0 0 0 2.929467 -1.231741 -10.13273 -1.246458 0.377728 3.981735 0 0 0 18.723955 0.463054 -17.775594 -4.013708 0.99524 -3.126586 0 0 0 18.269087 2.108643 -5.565532 3.717059 8.635663 -20.580557 0 0 0 8.805303 2.600311 13.245125 48.420215 11.951176 35.695051 87.982853 28.493339 -32.009699 5.134604 20.952432 7.832926 3.635273 -2.24402 19.132416 7.100747 3.620751 -1.822804 0 0 0 -37.983061 3.857696 18.213087 3.981514 -0.312002 2.714676 0 0 0 -2.929954 -1.23167 10.131993 1.246384 0.377706 -3.981553 0 0 0 -18.724815 0.463336 17.774795 4.013885 0.995202 3.126699 0 0 0 -18.287739 2.122715 5.592006 -3.712166 8.636711 20.577783 0 0 0 -72.417573 -10.554103 22.999222 1.240857 5.169243 -0.44182 63.868565 -45.511509 -3.389019 0 0 0 39.889726 -20.488398 -10.284463 0.27051 -10.069176 0.993096 -45.596675 -26.159588 -5.545321 0 0 0
0.055189 0.085926 -0.732581 9.62443 27.603294 -10.620191 2.873663 11.879952 -0.202285 1.945625 -11.480425 -5.176192 0 0 0 -2.79906 33.733814 3.040674 -28.331053 -68.468141 37.757638 0 0 0 0 0 0 -8.805303 2.600311 -13.245125 -68.627187 35.724206 -25.835727 -79.131762 23.558645 30.675109 -0.373289 2.104857 -0.681404 -3.636292 -2.244307 -19.133199 -7.100467 3.62086 1.822583 0 0 0 37.981329 3.85712 -18.21386 -3.981505 -0.312001 -2.714025 0 0 0 2.929467 -1.231741 -10.13273 -1.246458 0.377728 3.981735 0 0 0 18.723955 0.463054 -17.775594 -4.013708 0.99524 -3.126586 0 0 0 18.269087 2.108643 -5.565532 3.717059 8.635663 -20.580557 0 0 0 8.805303 2.600311 13.245125 48.936684 12.507899 36.029066 87.972638 28.48763 -32.008632 5.096537 20.840224 7.782143 3.635273 -2.24402 19.132416 7.100747 3.620751 -1.822804 0 0 0 -37.983061 3.857696 18.213087 3.981514 -0.312002 2.714676 0 0 0 -2.929954 -1.23167 10.131993 1.246384 0.377706 -3.981553 0 0 0 -18.724815 0.463336 17.774795 4.013885 0.995202 3.126699 0 0 0 -18.287739 2.122715 5.592006 -3.712166 8.636711 20.577783 0 0 0 -72.854697 -10.635105 22.891391 1.256005 5.07587 -0.43965 63.855917 -45.702843 -3.39311 0 0 0 40.108445 -20.183386 -10.523468 0.295278 -10.138908 0.997713 -45.75688 -27.227866 -5.58247 0 0 0
0.074864 0.083124 -0.724962 9.99532 27.694118 -10.371646 2.579444 11.639937 0.084727 1.811524 -11.858138 -4.825949 0 0 0 -5.257651 32.735567 1.477806 -37.015327 -65.688654 46.601995 0 0 0 0 0 0 -8.805303 2.600311 -13.245125 -68.368168 35.371617 -26.635357 -79.146773 23.566967 30.678083 -0.376772 2.123852 -0.687622 -3.636292 -2.244307 -19.133199 -7.100467 3.62086 1.822583 0 0 0 37.981329 3.85712 -18.21386 -3.981505 -0.312001 -2.714025 0 0 0 2.929467 -1.231741 -10.13273 -1.246458 0.377728 3.981735 0 0 0 18.723955 0.463054 -17.775594 -4.013708 0.99524 -3.126586 0 0 0 18.269087 2.108643 -5.565532 3.717059 8.635663 -20.580557 0 0 0 8.805303 2.600311 13.245125 49.515705 12.930066 36.184827 87.935339 28.466774 -32.004583 5.086769 20.811375 7.769105 3.635273 -2.24402 19.132416 7.100747 3.620751 -1.822804 0 0 0 -37.983061 3.857696 18.213087 3.981514 -0.312002 2.714676 0 0 0 -2.929954 -1.23167 10.131993 1.246384 0.377706 -3.981553 0 0 0 -18.724815 0.463336 17.774795 4.013885 0.995202 3.126699 0 0 0 -18.287739 2.122715 5.592006 -3.712166 8.636711 20.577783 0 0 0 -73.204601 -10.733706 22.728665 1.269844 4.998952 -0.437467 63.844921 -45.876768 -3.402528 0 0 0 40.399936 -19.862258 -10.770323 0.32323 -10.169753 1.002361 -45.974296 -28.182655 -5.636043 0 0 0
0.099579 0.079573 -0.717098 10.23427 27.731122 -10.159915 2.180555 11.29481 0.277967 1.658189 -12.17853 -4.559233 0 0 0 -7.684594 32.263616 -0.132844 -43.405266 -62.639496 52.661136 0 0 0 0 0 0 -8.805303 2.600311 -13.245125 -67.824214 35.082357 -27.280448 -79.156433 23.572325 30.679988 -0.382216 2.153523 -0.697337 -3.636292 -2.244307 -19.133199 -7.100467 3.62086 1.822583 0 0 0 37.981329 3.85712 -18.21386 -3.981505 -0.312001 -2.714025 0 0 0 2.929467 -1.231741 -10.13273 -1.246458 0.377728 3.981735 0 0 0 18.723955 0.463054 -17.775594 -4.013708 0.99524 -3.126586 0 0 0 18.269087 2.108643 -5.565532 3.717059 8.635663 -20.580557 0 0 0 8.805303 2.600311 13.245125 50.378828 13.300951 36.305829 87.787656 28.384266 -31.988626 5.080881 20.793728 7.761207 3.635273 -2.24402 19.132416 7.100747 3.620751 -1.822804 0 0 0 -37.983061 3.857696 18.213087 3.981514 -0.312002 2.714676 0 0 0 -2.929954 -1.23167 10.131993 1.246384 0.377706 -3.981553 0 0 0 -18.724815 0.463336 17.774795 4.013885 0.995202 3.126699 0 0 0 -18.287739 2.122715 5.592006 -3.712166 8.636711 20.577783 0 0 0 -73.425482 -10.849063 22.528148 1.282366 4.957771 -0.434199 63.851448 -46.040601 -3.418239 0 0 0 40.805639 -19.555146 -11.022742 0.353641 -10.151972 1.006886 -46.303295 -28.92046 -5.709233 0 0 0
0.117396 0.076706 -0.700065 10.340492 27.706624 -9.975762 1.659862 10.86947 0.306124 1.476603 -12.451148 -4.337893 0 0 0 -9.858417 32.372409 -1.652042 -47.543281 -59.826433 56.113861 0 0 0 0 0 0 -8.805303 2.600311 -13.245125 -67.056768 34.890201 -27.835202 -79.147881 23.567611 30.678284 -0.384418 2.165584 -0.70128 -3.636292 -2.244307 -19.133199 -7.100467 3.62086 1.822583 0 0 0 37.981329 3.85712 -18.21386 -3.981505 -0.312001 -2.714025 0 0 0 2.929467 -1.231741 -10.13273 -1.246458 0.377728 3.981735 0 0 0 18.723955 0.463054 -17.775594 -4.013708 0.99524 -3.126586 0 0 0 18.269087 2.108643 -5.565532 3.717059 8.635663 -20.580557 0 0 0 8.805303 2.600311 13.245125 51.533626 13.662274 36.451589 87.514862 28.231895 -31.959163 5.05499 20.716617 7.726553 3.635273 -2.24402 19.132416 7.100747 3.620751 -1.822804 0 0 0 -37.983061 3.857696 18.213087 3.981514 -0.312002 2.714676 0 0 0 -2.929954 -1.23167 10.131993 1.246384 0.377706 -3.981553 0 0 0 -18.724815 0.463336 17.774795 4.013885 0.995202 3.126699 0 0 0 -18.287739 2.122715 5.592006 -3.712166 8.636711 20.577783 0 0 0 -73.506605 -10.974826 22.276217 1.292995 4.940164 -0.430501 63.876846 -46.187024 -3.433912 0 0 0 41.288359 -19.238071 -11.246309 0.384965 -10.111153 1.011264 -46.659395 -29.519041 -5.788359 0 0 0
0.127653 0.07792 -0.685163 10.381385 27.646592 -9.795952 1.154876 10.416841 0.258499 1.302429 -12.635006 -4.153805 0 0 0 -11.731827 32.676641 -3.071897 -49.597183 -57.331829 57.114127 0 0 0 0 0 0 -8.805303 2.600311 -13.245125 -66.348996 34.727405 -28.321813 -79.092405 23.536962 30.66728 -0.382546 2.155444 -0.697953 -3.636292 -2.244307 -19.133199 -7.100467 3.62086 1.822583 0 0 0 37.981329 3.85712 -18.21386 -3.981505 -0.312001 -2.714025 0 0 0 2.929467 -1.231741 -10.13273 -1.246458 0.377728 3.981735 0 0 0 18.723955 0.463054 -17.775594 -4.013708 0.99524 -3.126586 0 0 0 18.269087 2.108643 -5.565532 3.717059 8.635663 -20.580557 0 0 0 8.805303 2.600311 13.245125 52.651263 14.01474 36.587695 87.245462 28.081427 -31.929962 5.018381 20.607633 7.677559 3.635273 -2.24402 19.132416 7.100747 3.620751 -1.822804 0 0 0 -37.983061 3.857696 18.213087 3.981514 -0.312002 2.714676 0 0 0 -2.929954 -1.23167 10.131993 1.246384 0.377706 -3.981553 0 0 0 -18.724815 0.463336 17.774795 4.013885 0.995202 3.126699 0 0 0 -18.287739 2.122715 5.592006 -3.712166 8.636711 20.577783 0 0 0 -73.508111 -11.093765 21.999293 1.301017 4.925143 -0.427595 63.916017 -46.299192 -3.44161 0 0 0 41.733853 -18.910901 -11.405053 0.413146 -10.083628 1.015207 -46.927571 -30.074123 -5.853351 0 0 0
0.135527 0.078333 -0.665535 10.414666 27.58874 -9.624052 0.820494 9.987835 0.278299 1.183048 -12.717915 -4.031774 0 0 0 -13.344249 32.740503 -4.355443 -49.866055 -54.927159 55.848552 0 0 0 0 0 0 -8.805303 2.600311 -13.245125 -65.986878 34.517504 -28.785112 -78.969899 23.469279 30.642913 -0.377876 2.13001 -0.689623 -3.636292 -2.244307 -19.133199 -7.100467 3.62086 1.822583 0 0 0 37.981329 3.85712 -18.21386 -3.981505 -0.312001 -2.714025 0 0 0 2.929467 -1.231741 -10.13273 -1.246458 0.377728 3.981735 0 0 0 18.723955 0.463054 -17.775594 -4.013708 0.99524 -3.126586 0 0 0 18.269087 2.108643 -5.565532 3.717059 8.635663 -20.580557 0 0 0 8.805303 2.600311 13.245125 53.411979 14.353789 36.678386 87.073352 27.98529 -31.911032 4.989893 20.522606 7.639403 3.635273 -2.24402 19.132416 7.100747 3.620751 -1.822804 0 0 0 -37.983061 3.857696 18.213087 3.981514 -0.312002 2.714676 0 0 0 -2.929954 -1.23167 10.131993 1.246384 0.377706 -3.981553 0 0 0 -18.724815 0.463336 17.774795 4.013885 0.995202 3.126699 0 0 0 -18.287739 2.122715 5.592006 -3.712166 8.636711 20.577783 0 0 0 -73.50175 -11.190223 21.763725 1.301472 4.913202 -0.426968 63.992114 -46.29355 -3.42414 0 0 0 42.030512 -18.624487 -11.485982 0.432564 -10.080129 1.018064 -47.087695 -30.507582 -5.892837 0 0 0
0.137785 0.079883 -0.646319 10.42518 27.540575 -9.490001 0.711121 9.627247 0.395359 1.140205 -12.737523 -3.99478 0 0 0 -14.632156 32.334044 -5.410778 -48.532465 -52.357766 52.658117 0 0 0 0 0 0 -8.805303 2.600311 -13.245125 -66.04272 34.278698 -29.256006 -78.799336 23.37507 30.608839 -0.368854 2.080844 -0.673523 -3.636292 -2.244307 -19.133199 -7.100467 3.62086 1.822583 0 0 0 37.981329 3.85712 -18.21386 -3.981505 -0.312001 -2.714025 0 0 0 2.929467 -1.231741 -10.13273 -1.246458 0.377728 3.981735 0 0 0 18.723955 0.463054 -17.775594 -4.013708 0.99524 -3.126586 0 0 0 18.269087 2.108643 -5.565532 3.717059 8.635663 -20.580557 0 0 0 8.805303 2.600311 13.245125 53.779288 14.680829 36.703465 86.933143 27.906938 -31.894968 4.962967 20.441522 7.603232 3.635273 -2.24402 19.132416 7.100747 3.620751 -1.822804 0 0 0 -37.983061 3.857696 18.213087 3.981514 -0.312002 2.714676 0 0 0 -2.929954 -1.23167 10.131993 1.246384 0.377706 -3.981553 0 0 0 -18.724815 0.463336 17.774795 4.013885 0.995202 3.126699 0 0 0 -18.287739 2.122715 5.592006 -3.712166 8.636711 20.577783 0 0 0 -73.488327 -11.258132 21.599255 1.292151 4.917223 -0.429021 64.118931 -46.130398 -3.379137 0 0 0 42.13513 -18.428668 -11.490116 0.440048 -10.089272 1.01937 -47.167572 -30.671367 -5.904677 0 0 0
0.138239 0.077442 -0.640392 10.365734 27.484201 -9.419093 0.783817 9.370785 0.523481 1.161957 -12.728683 -4.029483 0 0 0 -15.418537 31.497126 -6.079807 -45.931784 -49.716865 48.289609 0 0 0 0 0 0 -8.805303 2.600311 -13.245125 -66.378464 34.077536 -29.695446 -78.635724 23.284732 30.576003 -0.356921 2.015769 -0.652218 -3.636292 -2.244307 -19.133199 -7.100467 3.62086 1.822583 0 0 0 37.981329 3.85712 -18.21386 -3.981505 -0.312001 -2.714025 0 0 0 2.929467 -1.231741 -10.13273 -1.246458 0.377728 3.981735 0 0 0 18.723955 0.463054 -17.775594 -4.013708 0.99524 -3.126586 0 0 0 18.269087 2.108643 -5.565532 3.717059 8.635663 -20.580557 0 0 0 8.805303 2.600311 13.245125 53.880119 14.990249 36.649297 86.749434 27.804245 -31.87351 4.92094 20.314434 7.546699 3.635273 -2.24402 19.132416 7.100747 3.620751 -1.822804 0 0 0 -37.983061 3.857696 18.213087 3.981514 -0.312002 2.714676 0 0 0 -2.929954 -1.23167 10.131993 1.246384 0.377706 -3.981553 0 0 0 -18.724815 0.463336 17.774795 4.013885 0.995202 3.126699 0 0 0 -18.287739 2.122715 5.592006 -3.712166 8.636711 20.577783 0 0 0 -73.418253 -11.294786 21.470985 1.281707 4.938657 -0.431525 64.253003 -45.947661 -3.33894 0 0 0 42.109835 -18.319445 -11.426284 0.438367 -10.102528 1.019428 -47.183479 -30.587439 -5.894929 0 0 0
0.127832 0.077339 -0.615714 10.238558 27.427522 -9.406788 0.923997 9.211509 0.581374 1.207684 -12.695303 -4.085842 0 0 0 -15.621362 30.56062 -6.208369 -43.030068 -47.591028 44.002547 0 0 0 0 0 0 -8.805303 2.600311 -13.245125 -66.765559 33.940031 -30.022432 -78.523094 23.222559 30.553294 -0.346096 1.956636 -0.63287 -3.636292 -2.244307 -19.133199 -7.100467 3.62086 1.822583 0 0 0 37.981329 3.85712 -18.21386 -3.981505 -0.312001 -2.714025 0 0 0 2.929467 -1.231741 -10.13273 -1.246458 0.377728 3.981735 0 0 0 18.723955 0.463054 -17.775594 -4.013708 0.99524 -3.126586 0 0 0 18.269087 2.108643 -5.565532 3.717059 8.635663 -20.580557 0 0 0 8.805303 2.600311 13.245125 53.845953 15.248983 36.554394 86.56925 27.703511 -31.852403 4.87205 20.16658 7.480932 3.635273 -2.24402 19.132416 7.100747 3.620751 -1.822804 0 0 0 -37.983061 3.857696 18.213087 3.981514 -0.312002 2.714676 0 0 0 -2.929954 -1.23167 10.131993 1.246384 0.377706 -3.981553 0 0 0 -18.724815 0.463336 17.774795 4.013885 0.995202 3.126699 0 0 0 -18.287739 2.122715 5.592006 -3.712166 8.636711 20.577783 0 0 0 -73.286919 -11.298116 21.362014 1.278803 4.96105 -0.432241 64.344775 -45.890755 -3.32872 0 0 0 42.089937 -18.266628 -11.332896 0.43498 -10.116673 1.019161 -47.16254 -30.464273 -5.879791 0 0 0
0.119441 0.078656 -0.608225 10.091319 27.404175 -9.431325 0.998659 9.108258 0.55158 1.231196 -12.638422 -4.11539 0 0 0 -15.378128 29.927429 -5.814059 -40.927748 -46.579586 40.921647 0 0 0 0 0 0 -8.805303 2.600311 -13.245125 -67.013205 33.859917 -30.185259 -78.45729 23.186247 30.539947 -0.337713 1.910742 -0.617866 -3.636292 -2.244307 -19.133199 -7.100467 3.62086 1.822583 0 0 0 37.981329 3.85712 -18.21386 -3.981505 -0.312001 -2.714025 0 0 0 2.929467 -1.231741 -10.13273 -1.246458 0.377728 3.981735 0 0 0 18.723955 0.463054 -17.775594 -4.013708 0.99524 -3.126586 0 0 0 18.269087 2.108643 -5.565532 3.717059 8.635663 -20.580557 0 0 0 8.805303 2.600311 13.245125 53.80958 15.414191 36.484031 86.452151 27.638046 -31.838634 4.840169 20.070247 7.438057 3.635273 -2.24402 19.132416 7.100747 3.620751 -1.822804 0 0 0 -37.983061 3.857696 18.213087 3.981514 -0.312002 2.714676 0 0 0 -2.929954 -1.23167 10.131993 1.246384 0.377706 -3.981553 0 0 0 -18.724815 0.463336 17.774795 4.013885 0.995202 3.126699 0 0 0 -18.287739 2.122715 5.592006 -3.712166 8.636711 20.577783 0 0 0 -73.147506 -11.276325 21.303956 1.283924 4.976884 -0.43006 64.394272 -45.966475 -3.34563 0 0 0 42.138248 -18.264334 -11.25629 0.434003 -10.125074 1.01906 -47.137893 -30.414162 -5.871649 0 0 0
0.109418 0.078721 -0.605022 9.943917 27.415204 -9.481264 0.968493 9.04662 0.453577 1.220596 -12.569152 -4.111786 0 0 0 -14.964461 29.707862 -5.1832 -39.919105 -46.595682 39.27868 0 0 0 0 0 0 -8.805303 2.600311 -13.245125 -67.075679 33.835861 -30.195123 -78.404053 23.156905 30.529074 -0.331018 1.874028 -0.605869 -3.636292 -2.244307 -19.133199 -7.100467 3.62086 1.822583 0 0 0 37.981329 3.85712 -18.21386 -3.981505 -0.312001 -2.714025 0 0 0 2.929467 -1.231741 -10.13273 -1.246458 0.377728 3.981735 0 0 0 18.723955 0.463054 -17.775594 -4.013708 0.99524 -3.126586 0 0 0 18.269087 2.108643 -5.565532 3.717059 8.635663 -20.580557 0 0 0 8.805303 2.600311 13.245125 53.866605 15.478014 36.42927 86.362107 27.587711 -31.827847 4.828511 20.035022 7.422379 3.635273 -2.24402 19.132416 7.100747 3.620751 -1.822804 0 0 0 -37.983061 3.857696 18.213087 3.981514 -0.312002 2.714676 0 0 0 -2.929954 -1.23167 10.131993 1.246384 0.377706 -3.981553 0 0 0 -18.724815 0.463336 17.774795 4.013885 0.995202 3.126699 0 0 0 -18.287739 2.122715 5.592006 -3.712166 8.636711 20.577783 0 0 0 -73.027193 -11.252736 21.296598 1.297384 5.007349 -0.422921 64.411267 -46.170952 -3.393784 0 0 0 42.179397 -18.316006 -11.200756 0.431988 -10.122507 1.018675 -47.108081 -30.309155 -5.864935 0 0 0
0.097428 0.078359 -0.588338 9.779259 27.435327 -9.54942 0.916466 9.027746 0.324204 1.204601 -12.485826 -4.106577 0 0 0 -14.653961 29.714075 -4.747555 -39.517885 -46.901349 38.592872 0 0 0 0 0 0 -8.805303 2.600311 -13.245125 -67.061892 33.844541 -30.11311 -78.333365 23.117983 30.51457 -0.325483 1.843637 -0.595943 -3.636292 -2.244307 -19.133199 -7.100467 3.62086 1.822583 0 0 0 37.981329 3.85712 -18.21386 -3.981505 -0.312001 -2.714025 0 0 0 2.929467 -1.231741 -10.13273 -1.246458 0.377728 3.981735 0 0 0 18.723955 0.463054 -17.775594 -4.013708 0.99524 -3.126586 0 0 0 18.269087 2.108643 -5.565532 3.717059 8.635663 -20.580557 0 0 0 8.805303 2.600311 13.245125 53.984177 15.475176 36.322321 86.246026 27.522822 -31.813705 4.820101 20.009366 7.41103 3.635273 -2.24402 19.132416 7.100747 3.620751 -1.822804 0 0 0 -37.983061 3.857696 18.213087 3.981514 -0.312002 2.714676 0 0 0 -2.929954 -1.23167 10.131993 1.246384 0.377706 -3.981553 0 0 0 -18.724815 0.463336 17.774795 4.013885 0.995202 3.126699 0 0 0 -18.287739 2.122715 5.592006 -3.712166 8.636711 20.577783 0 0 0 -72.908859 -11.25664 21.301612 1.320041 5.072743 -0.40998 64.379038 -46.520692 -3.482078 0 0 0 42.12565 -18.408349 -11.155107 0.424656 -10.111278 1.017474 -47.046106 -30.009298 -5.84796 0 0 0
0.090816 0.077197 -0.589087 9.603354 27.450498 -9.619816 0.934116 9.038433 0.219722 1.213185 -12.382003 -4.12965 0 0 0 -14.589316 29.76461 -4.774399 -39.196349 -46.861882 38.32627 0 0 0 0 0 0 -8.805303 2.600311 -13.245125 -67.107264 33.832655 -30.01037 -78.236551 23.064676 30.494634 -0.321475 1.821612 -0.588752 -3.636292 -2.244307 -19.133199 -7.100467 3.62086 1.822583 0 0 0 37.981329 3.85712 -18.21386 -3.981505 -0.312001 -2.714025 0 0 0 2.929467 -1.231741 -10.13273 -1.246458 0.377728 3.981735 0 0 0 18.723955 0.463054 -17.775594 -4.013708 0.99524 -3.126586 0 0 0 18.269087 2.108643 -5.565532 3.717059 8.635663 -20.580557 0 0 0 8.805303 2.600311 13.245125 54.045287 15.464004 36.129472 86.113358 27.448659 -31.797399 4.803447 19.958414 7.388539 3.635273 -2.24402 19.132416 7.100747 3.620751 -1.822804 0 0 0 -37.983061 3.857696 18.213087 3.981514 -0.312002 2.714676 0 0 0 -2.929954 -1.23167 10.131993 1.246384 0.377706 -3.981553 0 0 0 -18.724815 0.463336 17.774795 4.013885 0.995202 3.126699 0 0 0 -18.287739 2.122715 5.592006 -3.712166 8.636711 20.577783 0 0 0 -72.790296 -11.292044 21.300265 1.347489 5.159681 -0.394451 64.301491 -46.950311 -3.59421 0 0 0 41.993535 -18.513262 -11.122883 0.413561 -10.096781 1.015678 -46.949563 -29.580342 -5.821924 0 0 0
0.086519 0.07619 -0.589294 9.462499 27.455176 -9.676089 1.00755 9.071439 0.181184 1.240917 -12.27729 -4.176375 0 0 0 -14.680959 29.808719 -5.103042 -38.763744 -46.503329 38.074658 0 0 0 0 0 0 -8.805303 2.600311 -13.245125 -67.217882 33.787569 -29.925731 -78.139508 23.01122 30.474599 -0.317966 1.802279 -0.582445 -3.636292 -2.244307 -19.133199 -7.100467 3.62086 1.822583 0 0 0 37.981329 3.85712 -18.21386 -3.981505 -0.312001 -2.714025 0 0 0 2.929467 -1.231741 -10.13273 -1.246458 0.377728 3.981735 0 0 0 18.723955 0.463054 -17.775594 -4.013708 0.99524 -3.126586 0 0 0 18.269087 2.108643 -5.565532 3.717059 8.635663 -20.580557 0 0 0 8.805303 2.600311 13.245125 54.0184 15.511308 35.871693 86.001367 27.386058 -31.783527 4.775028 19.871254 7.350128 3.635273 -2.24402 19.132416 7.100747 3.620751 -1.822804 0 0 0 -37.983061 3.857696 18.213087 3.981514 -0.312002 2.714676 0 0 0 -2.929954 -1.23167 10.131993 1.246384 0.377706 -3.981553 0 0 0 -18.724815 0.463336 17.774795 4.013885 0.995202 3.126699 0 0 0 -18.287739 2.122715 5.592006 -3.712166 8.636711 20.577783 0 0 0 -72.701294 -11.324841 21.293549 1.373129 5.232669 -0.380975 64.22728 -47.345756 -3.698388 0 0 0 41.875086 -18.597255 -11.10394 0.404667 -10.081325 1.01407 -46.851448 -29.232989 -5.800763 0 0 0
0.081212 0.076564 -0.583263 9.400257 27.460151 -9.702683 1.025772 9.109856 0.187264 1.250023 -12.20873 -4.20582 0 0 0 -14.669128 29.837122 -5.222778 -38.274504 -46.367136 37.427895 0 0 0 0 0 0 -8.805303 2.600311 -13.245125 -67.266175 33.764337 -29.866389 -78.085312 22.981346 30.463384 -0.310555 1.761349 -0.569104 -3.636292 -2.244307 -19.133199 -7.100467 3.62086 1.822583 0 0 0 37.981329 3.85712 -18.21386 -3.981505 -0.312001 -2.714025 0 0 0 2.929467 -1.231741 -10.13273 -1.246458 0.377728 3.981735 0 0 0 18.723955 0.463054 -17.775594 -4.013708 0.99524 -3.126586 0 0 0 18.269087 2.108643 -5.565532 3.717059 8.635663 -20.580557 0 0 0 8.805303 2.600311 13.245125 54.024332 15.672233 35.607097 85.923532 27.342546 -31.773797 4.73146 19.73715 7.291174 3.635273 -2.24402 19.132416 7.100747 3.620751 -1.822804 0 0 0 -37.983061 3.857696 18.213087 3.981514 -0.312002 2.714676 0 0 0 -2.929954 -1.23167 10.131993 1.246384 0.377706 -3.981553 0 0 0 -18.724815 0.463336 17.774795 4.013885 0.995202 3.126699 0 0 0 -18.287739 2.122715 5.592006 -3.712166 8.636711 20.577783 0 0 0 -72.675178 -11.331147 21.291376 1.392932 5.268362 -0.372121 64.182336 -47.641175 -3.773554 0 0 0 41.841557 -18.642753 -11.10786 0.40269 -10.066258 1.013263 -46.785803 -29.125844 -5.795774 0 0 0
0.082918 0.077481 -0.590804 9.416337 27.477732 -9.690666 0.896687 9.121919 0.181598 1.207837 -12.198518 -4.17336 0 0 0 -14.392015 29.801713 -4.801885 -37.72394 -46.776983 35.972949 0 0 0 0 0 0 -8.805303 2.600311 -13.245125 -67.135673 33.792029 -29.839247 -78.074931 22.975617 30.461217 -0.296829 1.685495 -0.544384 -3.636292 -2.244307 -19.133199 -7.100467 3.62086 1.822583 0 0 0 37.981329 3.85712 -18.21386 -3.981505 -0.312001 -2.714025 0 0 0 2.929467 -1.231741 -10.13273 -1.246458 0.377728 3.981735 0 0 0 18.723955 0.463054 -17.775594 -4.013708 0.99524 -3.126586 0 0 0 18.269087 2.108643 -5.565532 3.717059 8.635663 -20.580557 0 0 0 8.805303 2.600311 13.245125 54.234887 15.962283 35.398656 85.836078 27.293638 -31.762555 4.672158 19.553683 7.210788 3.635273 -2.24402 19.132416 7.100747 3.620751 -1.822804 0 0 0 -37.983061 3.857696 18.213087 3.981514 -0.312002 2.714676 0 0 0 -2.929954 -1.23167 10.131993 1.246384 0.377706 -3.981553 0 0 0 -18.724815 0.463336 17.774795 4.013885 0.995202 3.126699 0 0 0 -18.287739 2.122715 5.592006 -3.712166 8.636711 20.577783 0 0 0 -72.71158 -11.322731 21.289511 1.407877 5.272371 -0.367257 64.140872 -47.86004 -3.823987 0 0 0 41.8901 -18.6465 -11.141609 0.407121 -10.057937 1.013175 -46.766522 -29.239278 -5.804333 0 0 0
0.082054 0.078888 -0.592922 9.466133 27.480446 -9.64564 0.60455 9.080317 0.140744 1.10813 -12.239997 -4.071088 0 0 0 -13.970547 29.575845 -4.128199 -36.680843 -47.12484 33.150157 0 0 0 0 0 0 -8.805303 2.600311 -13.245125 -66.771609 33.797361 -29.866576 -78.050907 22.962403 30.456188 -0.279564 1.5899 -0.51325 -3.636292 -2.244307 -19.133199 -7.100467 3.62086 1.822583 0 0 0 37.981329 3.85712 -18.21386 -3.981505 -0.312001 -2.714025 0 0 0 2.929467 -1.231741 -10.13273 -1.246458 0.377728 3.981735 0 0 0 18.723955 0.463054 -17.775594 -4.013708 0.99524 -3.126586 0 0 0 18.269087 2.108643 -5.565532 3.717059 8.635663 -20.580557 0 0 0 8.805303 2.600311 13.245125 54.823064 16.332785 35.268032 85.604928 27.164391 -31.731486 4.599479 19.327294 7.11204 3.635273 -2.24402 19.132416 7.100747 3.620751 -1.822804 0 0 0 -37.983061 3.857696 18.213087 3.981514 -0.312002 2.714676 0 0 0 -2.929954 -1.23167 10.131993 1.246384 0.377706 -3.981553 0 0 0 -18.724815 0.463336 17.774795 4.013885 0.995202 3.126699 0 0 0 -18.287739 2.122715 5.592006 -3.712166 8.636711 20.577783 0 0 0 -72.76337 -11.322127 21.239889 1.423026 5.270242 -0.363486 64.097621 -48.073388 -3.871682 0 0 0 41.958636 -18.59443 -11.171283 0.413564 -10.06247 1.01321 -46.777529 -29.414754 -5.813605 0 0 0
0.083452 0.079508 -0.588235 9.501002 27.418455 -9.563048 0.116342 8.918314 0.078627 0.947689 -12.31625 -3.944716 0 0 0 -13.69051 28.969073 -3.876393 -34.444294 -45.905275 28.020358 0 0 0 0 0 0 -8.805303 2.600311 -13.245125 -66.061076 33.70255 -29.988854 -77.961234 22.913074 30.437438 -0.259815 1.480117 -0.477544 -3.636292 -2.244307 -19.133199 -7.100467 3.62086 1.822583 0 0 0 37.981329 3.85712 -18.21386 -3.981505 -0.312001 -2.714025 0 0 0 2.929467 -1.231741 -10.13273 -1.246458 0.377728 3.981735 0 0 0 18.723955 0.463054 -17.775594 -4.013708 0.99524 -3.126586 0 0 0 18.269087 2.108643 -5.565532 3.717059 8.635663 -20.580557 0 0 0 8.805303 2.600311 13.245125 56.04126 16.68417 35.227744 85.037368 26.8472 -31.651809 4.514563 19.060544 6.996326 3.635273 -2.24402 19.132416 7.100747 3.620751 -1.822804 0 0 0 -37.983061 3.857696 18.213087 3.981514 -0.312002 2.714676 0 0 0 -2.929954 -1.23167 10.131993 1.246384 0.377706 -3.981553 0 0 0 -18.724815 0.463336 17.774795 4.013885 0.995202 3.126699 0 0 0 -18.287739 2.122715 5.592006 -3.712166 8.636711 20.577783 0 0 0 -72.777189 -11.361263 21.079674 1.439465 5.288658 -0.358897 64.104296 -48.272408 -3.924136 0 0 0 41.95665 -18.462657 -11.15935 0.417384 -10.074521 1.012781 -46.769954 -29.46267 -5.810637 0 0 0
0.087519 0.079921 -0.583909 9.499904 27.250832 -9.425648 -0.632937 8.546039 0.002543 0.72294 -12.42134 -3.888298 0 0 0 -13.757754 27.831008 -4.55026 -30.907708 -41.546634 19.947092 0 0 0 0 0 0 -8.805303 2.600311 -13.245125 -64.863491 33.571813 -30.235401 -77.808552 22.829101 30.405384 -0.237162 1.35382 -0.436507 -3.636292 -2.244307 -19.133199 -7.100467 3.62086 1.822583 0 0 0 37.981329 3.85712 -18.21386 -3.981505 -0.312001 -2.714025 0 0 0 2.929467 -1.231741 -10.13273 -1.246458 0.377728 3.981735 0 0 0 18.723955 0.463054 -17.775594 -4.013708 0.99524 -3.126586 0 0 0 18.269087 2.108643 -5.565532 3.717059 8.635663 -20.580557 0 0 0 8.805303 2.600311 13.245125 58.078148 16.917475 35.348388 84.049077 26.295197 -31.506944 4.414202 18.741794 6.85904 3.635273 -2.24402 19.132416 7.100747 3.620751 -1.822804 0 0 0 -37.983061 3.857696 18.213087 3.981514 -0.312002 2.714676 0 0 0 -2.929954 -1.23167 10.131993 1.246384 0.377706 -3.981553 0 0 0 -18.724815 0.463336 17.774795 4.013885 0.995202 3.126699 0 0 0 -18.287739 2.122715 5.592006 -3.712166 8.636711 20.577783 0 0 0 -72.723512 -11.460561 20.763516 1.450307 5.336179 -0.354976 64.212539 -48.323546 -3.961221 0 0 0 41.795763 -18.234593 -11.084911 0.415429 -10.079975 1.011559 -46.695302 -29.23372 -5.788301 0 0 0
0.095927 0.077558 -0.564525 9.461046 26.96118 -9.258994 -1.561446 7.994391 -0.094876 0.472431 -12.527531 -3.994873 0 0 0 -14.092266 26.22376 -6.083428 -27.005343 -33.577033 9.739566 0 0 0 0 0 0 -8.805303 2.600311 -13.245125 -63.292276 33.519967 -30.550573 -77.635955 22.734216 30.368965 -0.217516 1.24416 -0.400891 -3.636292 -2.244307 -19.133199 -7.100467 3.62086 1.822583 0 0 0 37.981329 3.85712 -18.21386 -3.981505 -0.312001 -2.714025 0 0 0 2.929467 -1.231741 -10.13273 -1.246458 0.377728 3.981735 0 0 0 18.723955 0.463054 -17.775594 -4.013708 0.99524 -3.126586 0 0 0 18.269087 2.108643 -5.565532 3.717059 8.635663 -20.580557 0 0 0 8.805303 2.600311 13.245125 60.637023 16.998817 35.673843 82.848638 25.625128 -31.323783 4.290206 18.342576 6.688601 3.635273 -2.24402 19.132416 7.100747 3.620751 -1.822804 0 0 0 -37.983061 3.857696 18.213087 3.981514 -0.312002 2.714676 0 0 0 -2.929954 -1.23167 10.131993 1.246384 0.377706 -3.981553 0 0 0 -18.724815 0.463336 17.774795 4.013885 0.995202 3.126699 0 0 0 -18.287739 2.122715 5.592006 -3.712166 8.636711 20.577783 0 0 0 -72.592453 -11.571609 20.298386 1.44763 5.397806 -0.354891 64.419573 -48.106953 -3.958119 0 0 0 41.432374 -17.938132 -10.907118 0.406977 -10.068095 1.009488 -46.529335 -28.690077 -5.747328 0 0 0
0.105543 0.079366 -0.537381 9.392803 26.60169 -9.146408 -2.412502 7.471552 -0.215017 0.267357 -12.550697 -4.25661 0 0 0 -14.251772 24.492591 -7.764689 -23.875946 -23.170584 -0.629863 0 0 0 0 0 0 -8.805303 2.600311 -13.245125 -61.762725 33.479855 -30.771197 -77.499101 22.659018 30.339968 -0.208537 1.193989 -0.384602 -3.636292 -2.244307 -19.133199 -7.100467 3.62086 1.822583 0 0 0 37.981329 3.85712 -18.21386 -3.981505 -0.312001 -2.714025 0 0 0 2.929467 -1.231741 -10.13273 -1.246458 0.377728 3.981735 0 0 0 18.723955 0.463054 -17.775594 -4.013708 0.99524 -3.126586 0 0 0 18.269087 2.108643 -5.565532 3.717059 8.635663 -20.580557 0 0 0 8.805303 2.600311 13.245125 62.942371 17.027115 36.043286 81.86826 25.078224 -31.169154 4.139177 17.849476 6.479954 3.635273 -2.24402 19.132416 7.100747 3.620751 -1.822804 0 0 0 -37.983061 3.857696 18.213087 3.981514 -0.312002 2.714676 0 0 0 -2.929954 -1.23167 10.131993 1.246384 0.377706 -3.981553 0 0 0 -18.724815 0.463336 17.774795 4.013885 0.995202 3.126699 0 0 0 -18.287739 2.122715 5.592006 -3.712166 8.636711 20.577783 0 0 0 -72.413312 -11.602447 19.803842 1.43233 5.456958 -0.35902 64.662009 -47.693058 -3.917154 0 0 0 40.892994 -17.680748 -10.601123 0.393199 -10.038765 1.006645 -46.263655 -27.933699 -5.69429 0 0 0
0.098647 0.077145 -0.517598 9.322465 26.297882 -9.149245 -2.993422 7.222631 -0.360919 0.140789 -12.402441 -4.54288 0 0 0 -13.68284 23.013882 -8.718867 -21.801162 -12.153765 -9.5261 0 0 0 0 0 0 -8.805303 2.600311 -13.245125 -60.633862 33.243622 -30.715065 -77.439764 22.626426 30.327356 -0.213649 1.222372 -0.393836 -3.636292 -2.244307 -19.133199 -7.100467 3.62086 1.822583 0 0 0 37.981329 3.85712 -18.21386 -3.981505 -0.312001 -2.714025 0 0 0 2.929467 -1.231741 -10.13273 -1.246458 0.377728 3.981735 0 0 0 18.723955 0.463054 -17.775594 -4.013708 0.99524 -3.126586 0 0 0 18.269087 2.108643 -5.565532 3.717059 8.635663 -20.580557 0 0 0 8.805303 2.600311 13.245125 64.366784 17.174126 36.128335 81.441969 24.840485 -31.100803 3.976855 17.312744 6.254661 3.635273 -2.24402 19.132416 7.100747 3.620751 -1.822804 0 0 0 -37.983061 3.857696 18.213087 3.981514 -0.312002 2.714676 0 0 0 -2.929954 -1.23167 10.131993 1.246384 0.377706 -3.981553 0 0 0 -18.724815 0.463336 17.774795 4.013885 0.995202 3.126699 0 0 0 -18.287739 2.122715 5.592006 -3.712166 8.636711 20.577783 0 0 0 -72.265103 -11.520263 19.472407 1.417153 5.51309 -0.363007 64.836429 -47.360617 -3.878324 0 0 0 40.319136 -17.581289 -10.242838 0.376537 -10.005526 1.003294 -45.948877 -27.190553 -5.641415 0 0 0
0.086175 0.076177 -0.514641 9.289477 26.169909 -9.252267 -3.266233 7.354792 -0.535402 0.085483 -12.066047 -4.738155 0 0 0 -12.117493 21.943622 -8.465777 -20.263423 -1.597503 -16.303272 0 0 0 0 0 0 -8.805303 2.600311 -13.245125 -60.022186 32.749303 -30.304224 -77.456179 22.63544 30.330848 -0.234437 1.338098 -0.431457 -3.636292 -2.244307 -19.133199 -7.100467 3.62086 1.822583 0 0 0 37.981329 3.85712 -18.21386 -3.981505 -0.312001 -2.714025 0 0 0 2.929467 -1.231741 -10.13273 -1.246458 0.377728 3.981735 0 0 0 18.723955 0.463054 -17.775594 -4.013708 0.99524 -3.126586 0 0 0 18.269087 2.108643 -5.565532 3.717059 8.635663 -20.580557 0 0 0 8.805303 2.600311 13.245125 64.774609 17.444465 35.727235 81.589045 24.922346 -31.126304 3.836563 16.84376 6.05915 3.635273 -2.24402 19.132416 7.100747 3.620751 -1.822804 0 0 0 -37.983061 3.857696 18.213087 3.981514 -0.312002 2.714676 0 0 0 -2.929954 -1.23167 10.131993 1.246384 0.377706 -3.981553 0 0 0 -18.724815 0.463336 17.774795 4.013885 0.995202 3.126699 0 0 0 -18.287739 2.122715 5.592006 -3.712166 8.636711 20.577783 0 0 0 -72.227636 -11.3683 19.437686 1.416006 5.562083 -0.362238 64.856942 -47.378951 -3.882512 0 0 0 39.991542 -17.665293 -9.987515 0.362979 -9.991222 1.000267 -45.740722 -26.793105 -5.610012 0 0 0
0.065478 0.078307 -0.53241 9.326289 26.259425 -9.415351 -3.184166 7.801577 -0.687672 0.120219 -11.600246 -4.867836 0 0 0 -9.65293 21.389688 -6.881929 -18.573621 8.166155 -20.615941 0 0 0 0 0 0 -8.805303 2.600311 -13.245125 -60.015675 32.162401 -29.629436 -77.499458 22.659201 30.340081 -0.266072 1.514176 -0.4887 -3.636292 -2.244307 -19.133199 -7.100467 3.62086 1.822583 0 0 0 37.981329 3.85712 -18.21386 -3.981505 -0.312001 -2.714025 0 0 0 2.929467 -1.231741 -10.13273 -1.246458 0.377728 3.981735 0 0 0 18.723955 0.463054 -17.775594 -4.013708 0.99524 -3.126586 0 0 0 18.269087 2.108643 -5.565532 3.717059 8.635663 -20.580557 0 0 0 8.805303 2.600311 13.245125 64.24295 17.583306 34.949215 82.089093 25.200963 -31.209928 3.750135 16.552432 5.938328 3.635273 -2.24402 19.132416 7.100747 3.620751 -1.822804 0 0 0 -37.983061 3.857696 18.213087 3.981514 -0.312002 2.714676 0 0 0 -2.929954 -1.23167 10.131993 1.246384 0.377706 -3.981553 0 0 0 -18.724815 0.463336 17.774795 4.013885 0.995202 3.126699 0 0 0 -18.287739 2.122715 5.592006 -3.712166 8.636711 20.577783 0 0 0 -72.336757 -11.181204 19.711487 1.429844 5.582339 -0.357216 64.732021 -47.749613 -3.927117 0 0 0 40.100296 -17.894064 -9.927726 0.358289 -10.009692 0.998379 -45.777912 -26.94491 -5.61604 0 0 0
0.037599 0.085139 -0.554518 9.449287 26.525779 -9.614932 -2.683278 8.419949 -0.715392 0.279196 -11.086147 -5.027009 0 0 0 -6.581546 21.547404 -4.130131 -15.993966 16.700046 -21.722459 0 0 0 0 0 0 -8.805303 2.600311 -13.245125 -60.710319 31.674981 -28.876201 -77.518016 22.669384 30.344056 -0.296746 1.684577 -0.544134 -3.636292 -2.244307 -19.133199 -7.100467 3.62086 1.822583 0 0 0 37.981329 3.85712 -18.21386 -3.981505 -0.312001 -2.714025 0 0 0 2.929467 -1.231741 -10.13273 -1.246458 0.377728 3.981735 0 0 0 18.723955 0.463054 -17.775594 -4.013708 0.99524 -3.126586 0 0 0 18.269087 2.108643 -5.565532 3.717059 8.635663 -20.580557 0 0 0 8.805303 2.600311 13.245125 62.887889 17.325281 34.076008 82.697325 25.540077 -31.309304 3.732768 16.493757 5.91403 3.635273 -2.24402 19.132416 7.100747 3.620751 -1.822804 0 0 0 -37.983061 3.857696 18.213087 3.981514 -0.312002 2.714676 0 0 0 -2.929954 -1.23167 10.131993 1.246384 0.377706 -3.981553 0 0 0 -18.724815 0.463336 17.774795 4.013885 0.995202 3.126699 0 0 0 -18.287739 2.122715 5.592006 -3.712166 8.636711 20.577783 0 0 0 -72.591365 -10.968895 20.217466 1.447577 5.565525 -0.351894 64.562648 -48.220444 -3.976989 0 0 0 40.462566 -18.246127 -10.018922 0.358857 -10.049792 0.997169 -46.00847 -27.425829 -5.647468 0 0 0
0.020715 0.087205 -0.584064 9.63625 26.895226 -9.816194 -1.861468 9.090912 -0.575262 0.537234 -10.580305 -5.234421 0 0 0 -3.252916 22.449477 -0.841857 -11.754436 23.193686 -18.85861 0 0 0 0 0 0 -8.805303 2.600311 -13.245125 -61.919618 31.370557 -28.138593 -77.520131 22.670558 30.344495 -0.320571 1.816245 -0.587044 -3.636292 -2.244307 -19.133199 -7.100467 3.62086 1.822583 0 0 0 37.981329 3.85712 -18.21386 -3.981505 -0.312001 -2.714025 0 0 0 2.929467 -1.231741 -10.13273 -1.246458 0.377728 3.981735 0 0 0 18.723955 0.463054 -17.775594 -4.013708 0.99524 -3.126586 0 0 0 18.269087 2.108643 -5.565532 3.717059 8.635663 -20.580557 0 0 0 8.805303 2.600311 13.245125 61.005192 16.62751 33.341983 83.30632 25.879922 -31.404931 3.784222 16.667939 5.986077 3.635273 -2.24402 19.132416 7.100747 3.620751 -1.822804 0 0 0 -37.983061 3.857696 18.213087 3.981514 -0.312002 2.714676 0 0 0 -2.929954 -1.23167 10.131993 1.246384 0.377706 -3.981553 0 0 0 -18.724815 0.463336 17.774795 4.013885 0.995202 3.126699 0 0 0 -18.287739 2.122715 5.592006 -3.712166 8.636711 20.577783 0 0 0 -72.954094 -10.779038 20.853108 1.459462 5.531814 -0.348445 64.435049 -48.561582 -4.008246 0 0 0 40.722684 -18.698868 -10.181313 0.355814 -10.08698 0.995435 -46.236959 -27.833095 -5.675938 0 0 0
0.015403 0.086507 -0.611776 9.81565 27.31017 -9.975852 -0.910052 9.757745 -0.321352 0.833348 -10.103729 -5.456709 0 0 0 0.051035 23.85905 2.276137 -5.692657 26.694077 -12.369856 0 0 0 0 0 0 -8.805303 2.600311 -13.245125 -63.244775 31.284202 -27.353231 -77.574772 22.700622 30.356014 -0.338714 1.915903 -0.619589 -3.636292 -2.244307 -19.133199 -7.100467 3.62086 1.822583 0 0 0 37.981329 3.85712 -18.21386 -3.981505 -0.312001 -2.714025 0 0 0 2.929467 -1.231741 -10.13273 -1.246458 0.377728 3.981735 0 0 0 18.723955 0.463054 -17.775594 -4.013708 0.99524 -3.126586 0 0 0 18.269087 2.108643 -5.565532 3.717059 8.635663 -20.580557 0 0 0 8.805303 2.600311 13.245125 58.945454 15.601101 32.849565 83.952531 26.24086 -31.501169 3.895774 17.042741 6.141832 3.635273 -2.24402 19.132416 7.100747 3.620751 -1.822804 0 0 0 -37.983061 3.857696 18.213087 3.981514 -0.312002 2.714676 0 0 0 -2.929954 -1.23167 10.131993 1.246384 0.377706 -3.981553 0 0 0 -18.724815 0.463336 17.774795 4.013885 0.995202 3.126699 0 0 0 -18.287739 2.122715 5.592006 -3.712166 8.636711 20.577783 0 0 0 -73.340715 -10.679846 21.528142 1.466498 5.493687 -0.345951 64.338745 -48.768315 -4.030886 0 0 0 40.772596 -19.187453 -10.401048 0.347359 -10.11433 0.992925 -46.314912 -28.072056 -5.686048 0 0 0
0.012341 0.089129 -0.648528 9.934144 27.736922 -10.077828 0.125698 10.42613 0.000781 1.156917 -9.655439 -5.720553 0 0 0 3.150361 25.487532 5.018538 1.204466 26.552787 -4.069352 0 0 0 0 0 0 -8.805303 2.600311 -13.245125 -64.537514 31.445553 -26.452752 -77.730405 22.786213 30.388789 -0.352063 1.988922 -0.643469 -3.636292 -2.244307 -19.133199 -7.100467 3.62086 1.822583 0 0 0 37.981329 3.85712 -18.21386 -3.981505 -0.312001 -2.714025 0 0 0 2.929467 -1.231741 -10.13273 -1.246458 0.377728 3.981735 0 0 0 18.723955 0.463054 -17.775594 -4.013708 0.99524 -3.126586 0 0 0 18.269087 2.108643 -5.565532 3.717059 8.635663 -20.580557 0 0 0 8.805303 2.600311 13.245125 56.783556 14.362591 32.569362 84.708253 26.663213 -31.607434 4.050301 17.556239 6.356702 3.635273 -2.24402 19.132416 7.100747 3.620751 -1.822804 0 0 0 -37.983061 3.857696 18.213087 3.981514 -0.312002 2.714676 0 0 0 -2.929954 -1.23167 10.131993 1.246384 0.377706 -3.981553 0 0 0 -18.724815 0.463336 17.774795 4.013885 0.995202 3.126699 0 0 0 -18.287739 2.122715 5.592006 -3.712166 8.636711 20.577783 0 0 0 -73.678905 -10.688712 22.169919 1.478671 5.445423 -0.341668 64.197336 -49.014894 -4.080986 0 0 0 40.735613 -19.636137 -10.691764 0.337351 -10.150809 0.990244 -46.226844 -28.311536 -5.677787 0 0 0
0.015782 0.090988 -0.682568 10.024454 28.166989 -10.12845 1.322393 11.111454 0.416228 1.537232 -9.235482 -6.083048 0 0 0 5.870441 27.164856 7.472022 7.350582 22.900904 3.869409 0 0 0 0 0 0 -8.805303 2.600311 -13.245125 -65.985258 31.818346 -25.521479 -77.964428 22.914957 30.437782 -0.364724 2.057942 -0.666068 -3.636292 -2.244307 -19.133199 -7.100467 3.62086 1.822583 0 0 0 37.981329 3.85712 -18.21386 -3.981505 -0.312001 -2.714025 0 0 0 2.929467 -1.231741 -10.13273 -1.246458 0.377728 3.981735 0 0 0 18.723955 0.463054 -17.775594 -4.013708 0.99524 -3.126586 0 0 0 18.269087 2.108643 -5.565532 3.717059 8.635663 -20.580557 0 0 0 8.805303 2.600311 13.245125 54.367184 13.033259 32.403674 85.605806 27.16492 -31.725604 4.221613 18.118 6.593748 3.635273 -2.24402 19.132416 7.100747 3.620751 -1.822804 0 0 0 -37.983061 3.857696 18.213087 3.981514 -0.312002 2.714676 0 0 0 -2.929954 -1.23167 10.131993 1.246384 0.377706 -3.981553 0 0 0 -18.724815 0.463336 17.774795 4.013885 0.995202 3.126699 0 0 0 -18.287739 2.122715 5.592006 -3.712166 8.636711 20.577783 0 0 0 -73.990251 -10.779735 22.752733 1.505837 5.399128 -0.332207 63.948171 -49.484495 -4.191945 0 0 0 40.684739 -20.019488 -11.04721 0.326911 -10.213112 0.987671 -46.03577 -28.634476 -5.654988 0 0 0
0.024082 0.093054 -0.719164 10.166173 28.632952 -10.135337 2.772575 11.769253 0.993725 2.002616 -8.863381 -6.56149 0 0 0 8.02019 28.829117 9.677528 11.533717 16.561511 10.124097 0 0 0 0 0 0 -8.805303 2.600311 -13.245125 -67.869678 32.298404 -24.783031 -78.234737 23.063798 30.493745 -0.382758 2.156096 -0.698225 -3.636292 -2.244307 -19.133199 -7.100467 3.62086 1.822583 0 0 0 37.981329 3.85712 -18.21386 -3.981505 -0.312001 -2.714025 0 0 0 2.929467 -1.231741 -10.13273 -1.246458 0.377728 3.981735 0 0 0 18.723955 0.463054 -17.775594 -4.013708 0.99524 -3.126586 0 0 0 18.269087 2.108643 -5.565532 3.717059 8.635663 -20.580557 0 0 0 8.805303 2.600311 13.245125 51.524383 11.760658 32.281497 86.649123 27.747922 -31.851962 4.383979 18.642617 6.817216 3.635273 -2.24402 19.132416 7.100747 3.620751 -1.822804 0 0 0 -37.983061 3.857696 18.213087 3.981514 -0.312002 2.714676 0 0 0 -2.929954 -1.23167 10.131993 1.246384 0.377706 -3.981553 0 0 0 -18.724815 0.463336 17.774795 4.013885 0.995202 3.126699 0 0 0 -18.287739 2.122715 5.592006 -3.712166 8.636711 20.577783 0 0 0 -74.366174 -10.92284 23.337671 1.546087 5.377751 -0.317442 63.601864 -50.184621 -4.350816 0 0 0 40.582772 -20.38153 -11.459579 0.31528 -10.297171 0.985133 -45.77594 -29.022621 -5.621992 0 0 0
0.038066 0.093235 -0.76431 10.415304 29.179167 -10.097695 4.589736 12.33525 1.787249 2.581438 -8.58049 -7.126857 0 0 0 9.425277 30.369927 11.689038 13.241631 8.620238 14.457438 0 0 0 0 0 0 -8.805303 2.600311 -13.245125 -70.423344 32.77997 -24.439758 -78.52829 23.225623 30.553682 -0.408822 2.297228 -0.744545 -3.636292 -2.244307 -19.133199 -7.100467 3.62086 1.822583 0 0 0 37.981329 3.85712 -18.21386 -3.981505 -0.312001 -2.714025 0 0 0 2.929467 -1.231741 -10.13273 -1.246458 0.377728 3.981735 0 0 0 18.723955 0.463054 -17.775594 -4.013708 0.99524 -3.126586 0 0 0 18.269087 2.108643 -5.565532 3.717059 8.635663 -20.580557 0 0 0 8.805303 2.600311 13.245125 48.111358 10.673501 32.148519 87.84097 28.413277 -31.981691 4.514945 19.060056 6.996594 3.635273 -2.24402 19.132416 7.100747 3.620751 -1.822804 0 0 0 -37.983061 3.857696 18.213087 3.981514 -0.312002 2.714676 0 0 0 -2.929954 -1.23167 10.131993 1.246384 0.377706 -3.981553 0 0 0 -18.724815 0.463336 17.774795 4.013885 0.995202 3.126699 0 0 0 -18.287739 2.122715 5.592006 -3.712166 8.636711 20.577783 0 0 0 -74.874262 -11.082524 24.013143 1.582533 5.369347 -0.303461 63.244315 -50.884945 -4.484968 0 0 0 40.383028 -20.771736 -11.91306 0.303184 -10.399808 0.982731 -45.40668 -29.527009 -5.580047 0 0 0
0.042439 0.095611 -0.799305 10.784082 29.797163 -9.988212 6.795958 12.844972 2.706781 3.268365 -8.441438 -7.669074 0 0 0 9.945776 31.449737 13.583444 12.516607 0.280552 17.440138 0 0 0 0 0 0 -8.805303 2.600311 -13.245125 -73.65997 33.171195 -24.505298 -78.841782 23.398623 30.616776 -0.446896 2.501739 -0.811859 -3.636292 -2.244307 -19.133199 -7.100467 3.62086 1.822583 0 0 0 37.981329 3.85712 -18.21386 -3.981505 -0.312001 -2.714025 0 0 0 2.929467 -1.231741 -10.13273 -1.246458 0.377728 3.981735 0 0 0 18.723955 0.463054 -17.775594 -4.013708 0.99524 -3.126586 0 0 0 18.269087 2.108643 -5.565532 3.717059 8.635663 -20.580557 0 0 0 8.805303 2.600311 13.245125 44.148984 9.871618 31.904335 89.182537 29.160825 -32.109118 4.581986 19.271792 7.08812 3.635273 -2.24402 19.132416 7.100747 3.620751 -1.822804 0 0 0 -37.983061 3.857696 18.213087 3.981514 -0.312002 2.714676 0 0 0 -2.929954 -1.23167 10.131993 1.246384 0.377706 -3.981553 0 0 0 -18.724815 0.463336 17.774795 4.013885 0.995202 3.126699 0 0 0 -18.287739 2.122715 5.592006 -3.712166 8.636711 20.577783 0 0 0 -75.510884 -11.248044 24.763739 1.599141 5.343591 -0.296567 62.965339 -51.345248 -4.529251 0 0 0 40.080686 -21.155836 -12.379913 0.29095 -10.534408 0.980609 -44.899862 -30.212577 -5.525945 0 0 0
0.056313 0.090007 -0.834972 11.237894 30.418447 -9.753253 9.19126 13.427124 3.500846 3.989325 -8.505815 -8.008639 0 0 0 9.58772 31.710434 15.348446 9.848381 -7.387352 20.073318 0 0 0 0 0 0 -8.805303 2.600311 -13.245125 -77.249884 33.375316 -24.851078 -79.17395 23.58215 30.682497 -0.499566 2.782648 -0.904558 -3.636292 -2.244307 -19.133199 -7.100467 3.62086 1.822583 0 0 0 37.981329 3.85712 -18.21386 -3.981505 -0.312001 -2.714025 0 0 0 2.929467 -1.231741 -10.13273 -1.246458 0.377728 3.981735 0 0 0 18.723955 0.463054 -17.775594 -4.013708 0.99524 -3.126586 0 0 0 18.269087 2.108643 -5.565532 3.717059 8.635663 -20.580557 0 0 0 8.805303 2.600311 13.245125 39.952487 9.451568 31.470053 90.652176 29.97741 -32.226912 4.551079 19.172912 7.045731 3.635273 -2.24402 19.132416 7.100747 3.620751 -1.822804 0 0 0 -37.983061 3.857696 18.213087 3.981514 -0.312002 2.714676 0 0 0 -2.929954 -1.23167 10.131993 1.246384 0.377706 -3.981553 0 0 0 -18.724815 0.463336 17.774795 4.013885 0.995202 3.126699 0 0 0 -18.287739 2.122715 5.592006 -3.712166 8.636711 20.577783 0 0 0 -76.211193 -11.481142 25.447731 1.597252 5.304838 -0.295993 62.7928 -51.563634 -4.497388 0 0 0 39.721588 -21.424615 -12.870553 0.277734 -10.70749 0.978632 -44.330379 -31.001791 -5.460148 0 0 0
0.080043 0.09082 -0.849616 11.722394 30.988931 -9.380189 11.22327 14.081286 4.040085 4.562964 -8.840744 -7.930362 0 0 0 8.56192 31.450807 16.501369 6.193673 -14.003078 23.304324 0 0 0 0 0 0 -8.805303 2.600311 -13.245125 -80.406345 33.152753 -25.427214 -79.52469 23.776178 30.7507 -0.56507 3.12829 -1.019069 -3.636292 -2.244307 -19.133199 -7.100467 3.62086 1.822583 0 0 0 37.981329 3.85712 -18.21386 -3.981505 -0.312001 -2.714025 0 0 0 2.929467 -1.231741 -10.13273 -1.246458 0.377728 3.981735 0 0 0 18.723955 0.463054 -17.775594 -4.013708 0.99524 -3.126586 0 0 0 18.269087 2.108643 -5.565532 3.717059 8.635663 -20.580557 0 0 0 8.805303 2.600311 13.245125 36.258354 9.603185 30.893648 92.158842 30.811612 -32.326098 4.417707 18.745421 6.862688 3.635273 -2.24402 19.132416 7.100747 3.620751 -1.822804 0 0 0 -37.983061 3.857696 18.213087 3.981514 -0.312002 2.714676 0 0 0 -2.929954 -1.23167 10.131993 1.246384 0.377706 -3.981553 0 0 0 -18.724815 0.463336 17.774795 4.013885 0.995202 3.126699 0 0 0 -18.287739 2.122715 5.592006 -3.712166 8.636711 20.577783 0 0 0 -76.905192 -11.829846 25.960422 1.587721 5.270754 -0.297836 62.712277 -51.654924 -4.440876 0 0 0 39.36108 -21.521284 -13.409157 0.263267 -10.909101 0.976518 -43.80358 -31.741843 -5.388535 0 0 0
0.112628 0.093003 -0.858862 12.220847 31.531814 -8.981526 12.038405 14.52196 4.557771 4.71255 -9.508826 -7.216416 0 0 0 7.103992 31.737283 15.91583 2.761504 -19.814255 27.706759 0 0 0 0 0 0 -8.805303 2.600311 -13.245125 -81.99327 32.071832 -26.364327 -79.861174 23.962498 30.815256 -0.648746 3.56296 -1.163923 -3.636292 -2.244307 -19.133199 -7.100467 3.62086 1.822583 0 0 0 37.981329 3.85712 -18.21386 -3.981505 -0.312001 -2.714025 0 0 0 2.929467 -1.231741 -10.13273 -1.246458 0.377728 3.981735 0 0 0 18.723955 0.463054 -17.775594 -4.013708 0.99524 -3.126586 0 0 0 18.269087 2.108643 -5.565532 3.717059 8.635663 -20.580557 0 0 0 8.805303 2.600311 13.245125 34.184953 10.634598 30.362824 93.521286 31.563135 -32.398582 4.22988 18.137312 6.603985 3.635273 -2.24402 19.132416 7.100747 3.620751 -1.822804 0 0 0 -37.983061 3.857696 18.213087 3.981514 -0.312002 2.714676 0 0 0 -2.929954 -1.23167 10.131993 1.246384 0.377706 -3.981553 0 0 0 -18.724815 0.463336 17.774795 4.013885 0.995202 3.126699 0 0 0 -18.287739 2.122715 5.592006 -3.712166 8.636711 20.577783 0 0 0 -77.583278 -12.171115 26.390377 1.575274 5.215333 -0.302239 62.708659 -51.628257 -4.3677 0 0 0 38.985777 -21.549305 -13.914303 0.248166 -11.133449 0.974242 -43.32624 -32.400946 -5.314914 0 0 0
0.143754 0.098672 -0.866959 12.733379 32.090877 -8.726769 11.32425 14.429607 5.417113 4.349467 -10.499785 -5.938367 0 0 0 5.330321 33.274761 13.019377 0.184924 -24.88005 33.365417 0 0 0 0 0 0 -8.805303 2.600311 -13.245125 -81.593309 30.062887 -27.85321 -80.13867 24.116283 30.867807 -0.753223 4.099021 -1.343411 -3.636292 -2.244307 -19.133199 -7.100467 3.62086 1.822583 0 0 0 37.981329 3.85712 -18.21386 -3.981505 -0.312001 -2.714025 0 0 0 2.929467 -1.231741 -10.13273 -1.246458 0.377728 3.981735 0 0 0 18.723955 0.463054 -17.775594 -4.013708 0.99524 -3.126586 0 0 0 18.269087 2.108643 -5.565532 3.717059 8.635663 -20.580557 0 0 0 8.805303 2.600311 13.245125 34.251902 12.533635 30.231338 94.551622 32.129413 -32.442443 4.101724 17.718535 6.426882 3.635273 -2.24402 19.132416 7.100747 3.620751 -1.822804 0 0 0 -37.983061 3.857696 18.213087 3.981514 -0.312002 2.714676 0 0 0 -2.929954 -1.23167 10.131993 1.246384 0.377706 -3.981553 0 0 0 -18.724815 0.463336 17.774795 4.013885 0.995202 3.126699 0 0 0 -18.287739 2.122715 5.592006 -3.712166 8.636711 20.577783 0 0 0 -78.257869 -12.297538 26.899421 1.560548 5.096526 -0.31103 62.753613 -51.458369 -4.260161 0 0 0 38.553235 -21.671823 -14.233645 0.234624 -11.370024 0.972241 -42.839419 -33.065761 -5.243713 0 0 0
0.150951 0.113316 -0.871311 13.193174 32.628985 -8.630921 9.976504 13.863241 6.645551 3.796226 -11.623071 -4.628664 0 0 0 3.387702 35.392987 9.059085 -1.995028 -28.759387 39.638583 0 0 0 0 0 0 -8.805303 2.600311 -13.245125 -80.287729 27.865151 -29.808118 -80.366212 24.242496 30.910149 -0.857384 4.628665 -1.521373 -3.636292 -2.244307 -19.133199 -7.100467 3.62086 1.822583 0 0 0 37.981329 3.85712 -18.21386 -3.981505 -0.312001 -2.714025 0 0 0 2.929467 -1.231741 -10.13273 -1.246458 0.377728 3.981735 0 0 0 18.723955 0.463054 -17.775594 -4.013708 0.99524 -3.126586 0 0 0 18.269087 2.108643 -5.565532 3.717059 8.635663 -20.580557 0 0 0 8.805303 2.600311 13.245125 35.487641 14.55165 30.788627 95.185497 32.476616 -32.463834 4.14575 17.859106 6.487223 3.635273 -2.24402 19.132416 7.100747 3.620751 -1.822804 0 0 0 -37.983061 3.857696 18.213087 3.981514 -0.312002 2.714676 0 0 0 -2.929954 -1.23167 10.131993 1.246384 0.377706 -3.981553 0 0 0 -18.724815 0.463336 17.774795 4.013885 0.995202 3.126699 0 0 0 -18.287739 2.122715 5.592006 -3.712166 8.636711 20.577783 0 0 0 -78.859171 -12.221862 27.461851 1.545948 4.924877 -0.323041 62.804617 -51.198257 -4.133273 0 0 0 38.132508 -21.877855 -14.369121 0.226148 -11.585323 0.97099 -42.365789 -33.759535 -5.186055 0 0 0
0.175507 0.117913 -0.858307 13.480141 33.064472 -8.528982 9.192814 13.267572 7.871616 3.453722 -12.519095 -3.755604 0 0 0 1.583398 36.556617 6.139773 -4.566935 -31.128535 45.158839 0 0 0 0 0 0 -8.805303 2.600311 -13.245125 -79.449028 26.331911 -31.614846 -80.592621 24.368187 30.951544 -0.935232 5.020569 -1.653577 -3.636292 -2.244307 -19.133199 -7.100467 3.62086 1.822583 0 0 0 37.981329 3.85712 -18.21386 -3.981505 -0.312001 -2.714025 0 0 0 2.929467 -1.231741 -10.13273 -1.246458 0.377728 3.981735 0 0 0 18.723955 0.463054 -17.775594 -4.013708 0.99524 -3.126586 0 0 0 18.269087 2.108643 -5.565532 3.717059 8.635663 -20.580557 0 0 0 8.805303 2.600311 13.245125 36.374537 15.718582 31.68186 95.517921 32.658111 -32.472526 4.336466 18.475301 6.749719 3.635273 -2.24402 19.132416 7.100747 3.620751 -1.822804 0 0 0 -37.983061 3.857696 18.213087 3.981514 -0.312002 2.714676 0 0 0 -2.929954 -1.23167 10.131993 1.246384 0.377706 -3.981553 0 0 0 -18.724815 0.463336 17.774795 4.013885 0.995202 3.126699 0 0 0 -18.287739 2.122715 5.592006 -3.712166 8.636711 20.577783 0 0 0 -79.261435 -12.206184 27.894949 1.530445 4.754204 -0.336322 62.841265 -50.895507 -4.017981 0 0 0 37.894342 -21.98838 -14.52561 0.223499 -11.752201 0.970398 -42.01785 -34.390133 -5.150551 0 0 0
0.211742 0.122562 -0.848854 13.53358 33.388375 -8.3017 9.223949 13.020694 8.740093 3.377254 -12.962644 -3.2435 0 0 0 0.14388 35.924269 5.121479 -7.769624 -32.387439 48.831491 0 0 0 0 0 0 -8.805303 2.600311 -13.245125 -79.286002 25.564612 -32.641193 -80.846686 24.509335 30.997346 -0.983573 5.260985 -1.735073 -3.636292 -2.244307 -19.133199 -7.100467 3.62086 1.822583 0 0 0 37.981329 3.85712 -18.21386 -3.981505 -0.312001 -2.714025 0 0 0 2.929467 -1.231741 -10.13273 -1.246458 0.377728 3.981735 0 0 0 18.723955 0.463054 -17.775594 -4.013708 0.99524 -3.126586 0 0 0 18.269087 2.108643 -5.565532 3.717059 8.635663 -20.580557 0 0 0 8.805303 2.600311 13.245125 36.398799 15.832288 32.07729 95.706537 32.760799 -32.476262 4.52212 19.071519 7.004699 3.635273 -2.24402 19.132416 7.100747 3.620751 -1.822804 0 0 0 -37.983061 3.857696 18.213087 3.981514 -0.312002 2.714676 0 0 0 -2.929954 -1.23167 10.131993 1.246384 0.377706 -3.981553 0 0 0 -18.724815 0.463336 17.774795 4.013885 0.995202 3.126699 0 0 0 -18.287739 2.122715 5.592006 -3.712166 8.636711 20.577783 0 0 0 -79.419961 -12.439024 28.125955 1.508595 4.62268 -0.350557 62.859437 -50.549999 -3.918409 0 0 0 37.934969 -21.912799 -14.874342 0.223956 -11.876795 0.970005 -41.839094 -34.892111 -5.133209 0 0 0
0.24103 0.123879 -0.842979 13.414358 33.657464 -7.983654 9.479767 13.076358 9.230115 3.363246 -13.135246 -2.799694 0 0 0 -1.070747 34.232904 5.068384 -11.474903 -33.511093 50.987715 0 0 0 0 0 0 -8.805303 2.600311 -13.245125 -79.191373 25.118711 -33.041843 -81.120442 24.661519 31.046066 -1.013736 5.409468 -1.785616 -3.636292 -2.244307 -19.133199 -7.100467 3.62086 1.822583 0 0 0 37.981329 3.85712 -18.21386 -3.981505 -0.312001 -2.714025 0 0 0 2.929467 -1.231741 -10.13273 -1.246458 0.377728 3.981735 0 0 0 18.723955 0.463054 -17.775594 -4.013708 0.99524 -3.126586 0 0 0 18.269087 2.108643 -5.565532 3.717059 8.635663 -20.580557 0 0 0 8.805303 2.600311 13.245125 36.134776 15.586075 31.742142 95.838198 32.8324 -32.478489 4.599393 19.316673 7.110372 3.635273 -2.24402 19.132416 7.100747 3.620751 -1.822804 0 0 0 -37.983061 3.857696 18.213087 3.981514 -0.312002 2.714676 0 0 0 -2.929954 -1.23167 10.131993 1.246384 0.377706 -3.981553 0 0 0 -18.724815 0.463336 17.774795 4.013885 0.995202 3.126699 0 0 0 -18.287739 2.122715 5.592006 -3.712166 8.636711 20.577783 0 0 0 -79.411776 -12.860711 28.24011 1.4802 4.531118 -0.365077 62.852579 -50.185981 -3.823962 0 0 0 38.183465 -21.728516 -15.384365 0.226137 -11.976798 0.969654 -41.744694 -35.310223 -5.124117 0 0 0
0.26786 0.127779 -0.840822 13.244231 33.904849 -7.661304 9.404116 13.13529 9.530661 3.257625 -13.38418 -2.348212 0 0 0 -2.36048 32.850388 4.664361 -15.653383 -35.321554 52.89431 0 0 0 0 0 0 -8.805303 2.600311 -13.245125 -78.755957 24.654372 -33.503316 -81.387071 24.809814 31.092895 -1.034969 5.513364 -1.82107 -3.636292 -2.244307 -19.133199 -7.100467 3.62086 1.822583 0 0 0 37.981329 3.85712 -18.21386 -3.981505 -0.312001 -2.714025 0 0 0 2.929467 -1.231741 -10.13273 -1.246458 0.377728 3.981735 0 0 0 18.723955 0.463054 -17.775594 -4.013708 0.99524 -3.126586 0 0 0 18.269087 2.108643 -5.565532 3.717059 8.635663 -20.580557 0 0 0 8.805303 2.600311 13.245125 36.247178 15.662373 31.27834 95.907121 32.869894 -32.479643 4.591738 19.292331 7.099897 3.635273 -2.24402 19.132416 7.100747 3.620751 -1.822804 0 0 0 -37.983061 3.857696 18.213087 3.981514 -0.312002 2.714676 0 0 0 -2.929954 -1.23167 10.131993 1.246384 0.377706 -3.981553 0 0 0 -18.724815 0.463336 17.774795 4.013885 0.995202 3.126699 0 0 0 -18.287739 2.122715 5.592006 -3.712166 8.636711 20.577783 0 0 0 -79.348277 -13.306413 28.318996 1.453983 4.467949 -0.377401 62.826423 -49.872911 -3.742278 0 0 0 38.491039 -21.536738 -15.907374 0.230731 -12.054858 0.969351 -41.663464 -35.684509 -5.119004 0 0 0
0.281282 0.129677 -0.824848 13.075771 34.132312 -7.392949 8.889407 13.041684 9.746892 3.046696 -13.826759 -1.953016 0 0 0 -3.743182 32.320252 3.628284 -20.299432 -38.02051 55.212598 0 0 0 0 0 0 -8.805303 2.600311 -13.245125 -77.96204 24.136526 -34.33574 -81.635611 24.948125 31.135855 -1.053235 5.602325 -1.851487 -3.636292 -2.244307 -19.133199 -7.100467 3.62086 1.822583 0 0 0 37.981329 3.85712 -18.21386 -3.981505 -0.312001 -2.714025 0 0 0 2.929467 -1.231741 -10.13273 -1.246458 0.377728 3.981735 0 0 0 18.723955 0.463054 -17.775594 -4.013708 0.99524 -3.126586 0 0 0 18.269087 2.108643 -5.565532 3.717059 8.635663 -20.580557 0 0 0 8.805303 2.600311 13.245125 36.890041 16.143252 31.135505 95.905837 32.869221 -32.479683 4.552703 19.172074 7.04706 3.635273 -2.24402 19.132416 7.100747 3.620751 -1.822804 0 0 0 -37.983061 3.857696 18.213087 3.981514 -0.312002 2.714676 0 0 0 -2.929954 -1.23167 10.131993 1.246384 0.377706 -3.981553 0 0 0 -18.724815 0.463336 17.774795 4.013885 0.995202 3.126699 0 0 0 -18.287739 2.122715 5.592006 -3.712166 8.636711 20.577783 0 0 0 -79.277269 -13.690381 28.38919 1.438839 4.43804 -0.384697 62.791109 -49.686959 -3.695536 0 0 0 38.787357 -21.385391 -16.353529 0.236765 -12.106237 0.968894 -41.632832 -35.951814 -5.118965 0 0 0
0.290074 0.130542 -0.810062 12.837765 34.352783 -7.204663 8.112522 12.863097 9.832942 2.781386 -14.372483 -1.636419 0 0 0 -4.979056 32.28496 2.492425 -25.168695 -41.314582 57.585852 0 0 0 0 0 0 -8.805303 2.600311 -13.245125 -76.896484 23.683224 -35.332776 -81.88104 25.084799 31.177554 -1.071699 5.691957 -1.882174 -3.636292 -2.244307 -19.133199 -7.100467 3.62086 1.822583 0 0 0 37.981329 3.85712 -18.21386 -3.981505 -0.312001 -2.714025 0 0 0 2.929467 -1.231741 -10.13273 -1.246458 0.377728 3.981735 0 0 0 18.723955 0.463054 -17.775594 -4.013708 0.99524 -3.126586 0 0 0 18.269087 2.108643 -5.565532 3.717059 8.635663 -20.580557 0 0 0 8.805303 2.600311 13.245125 37.920399 16.84025 31.195412 95.84885 32.838242 -32.47877 4.498601 19.00585 6.973898 3.635273 -2.24402 19.132416 7.100747 3.620751 -1.822804 0 0 0 -37.983061 3.857696 18.213087 3.981514 -0.312002 2.714676 0 0 0 -2.929954 -1.23167 10.131993 1.246384 0.377706 -3.981553 0 0 0 -18.724815 0.463336 17.774795 4.013885 0.995202 3.126699 0 0 0 -18.287739 2.122715 5.592006 -3.712166 8.636711 20.577783 0 0 0 -79.151968 -14.038185 28.465789 1.433605 4.442621 -0.387389 62.752065 -49.632107 -3.684623 0 0 0 39.136394 -21.282623 -16.755441 0.242014 -12.147373 0.968553 -41.695793 -36.068681 -5.121982 0 0 0
0.292628 0.130232 -0.801074 12.436685 34.579241 -7.102092 7.280219 12.695627 9.750759 2.516985 -14.926112 -1.401665 0 0 0 -5.94265 32.26576 1.616527 -29.834698 -44.711233 59.407957 0 0 0 0 0 0 -8.805303 2.600311 -13.245125 -75.665561 23.39886 -36.245058 -82.11749 25.216541 31.217227 -1.087515 5.768611 -1.908436 -3.636292 -2.244307 -19.133199 -7.100467 3.62086 1.822583 0 0 0 37.981329 3.85712 -18.21386 -3.981505 -0.312001 -2.714025 0 0 0 2.929467 -1.231741 -10.13273 -1.246458 0.377728 3.981735 0 0 0 18.723955 0.463054 -17.775594 -4.013708 0.99524 -3.126586 0 0 0 18.269087 2.108643 -5.565532 3.717059 8.635663 -20.580557 0 0 0 8.805303 2.600311 13.245125 39.220727 17.612657 31.305719 95.709578 32.762433 -32.476157 4.455519 18.873418 6.915628 3.635273 -2.24402 19.132416 7.100747 3.620751 -1.822804 0 0 0 -37.983061 3.857696 18.213087 3.981514 -0.312002 2.714676 0 0 0 -2.929954 -1.23167 10.131993 1.246384 0.377706 -3.981553 0 0 0 -18.724815 0.463336 17.774795 4.013885 0.995202 3.126699 0 0 0 -18.287739 2.122715 5.592006 -3.712166 8.636711 20.577783 0 0 0 -78.895176 -14.388007 28.549571 1.427653 4.449686 -0.390349 62.734607 -49.585556 -3.676393 0 0 0 39.628355 -21.213715 -17.172581 0.246296 -12.207432 0.969239 -41.823665 -36.105209 -5.12329 0 0 0
0.297746 0.135617 -0.804613 11.881212 34.784485 -7.084501 6.519995 12.55104 9.562176 2.294346 -15.406655 -1.285135 0 0 0 -6.677868 32.071996 1.009329 -33.964128 -47.87645 60.326449 0 0 0 0 0 0 -8.805303 2.600311 -13.245125 -74.445435 23.313989 -36.978408 -82.29238 25.314004 31.246357 -1.092878 5.794537 -1.917329 -3.636292 -2.244307 -19.133199 -7.100467 3.62086 1.822583 0 0 0 37.981329 3.85712 -18.21386 -3.981505 -0.312001 -2.714025 0 0 0 2.929467 -1.231741 -10.13273 -1.246458 0.377728 3.981735 0 0 0 18.723955 0.463054 -17.775594 -4.013708 0.99524 -3.126586 0 0 0 18.269087 2.108643 -5.565532 3.717059 8.635663 -20.580557 0 0 0 8.805303 2.600311 13.245125 40.672835 18.366734 31.453615 95.432977 32.611696 -32.470244 4.450667 18.859121 6.909156 3.635273 -2.24402 19.132416 7.100747 3.620751 -1.822804 0 0 0 -37.983061 3.857696 18.213087 3.981514 -0.312002 2.714676 0 0 0 -2.929954 -1.23167 10.131993 1.246384 0.377706 -3.981553 0 0 0 -18.724815 0.463336 17.774795 4.013885 0.995202 3.126699 0 0 0 -18.287739 2.122715 5.592006 -3.712166 8.636711 20.577783 0 0 0 -78.499376 -14.719512 28.613149 1.415119 4.436207 -0.396661 62.765797 -49.44233 -3.650624 0 0 0 40.253863 -21.168214 -17.590547 0.251429 -12.273064 0.970975 -41.994973 -36.101233 -5.125168 0 0 0
0.295871 0.133345 -0.808913 11.282307 34.906194 -7.133796 5.863454 12.399834 9.34829 2.127201 -15.722366 -1.314875 0 0 0 -7.216961 31.752076 0.668627 -37.38443 -50.815232 60.124218 0 0 0 0 0 0 -8.805303 2.600311 -13.245125 -73.411039 23.420601 -37.50067 -82.359919 25.351638 31.257589 -1.080365 5.733643 -1.896502 -3.636292 -2.244307 -19.133199 -7.100467 3.62086 1.822583 0 0 0 37.981329 3.85712 -18.21386 -3.981505 -0.312001 -2.714025 0 0 0 2.929467 -1.231741 -10.13273 -1.246458 0.377728 3.981735 0 0 0 18.723955 0.463054 -17.775594 -4.013708 0.99524 -3.126586 0 0 0 18.269087 2.108643 -5.565532 3.717059 8.635663 -20.580557 0 0 0 8.805303 2.600311 13.245125 42.12232 19.154954 31.488815 95.013726 32.38291 -32.45998 4.436574 18.811146 6.889386 3.635273 -2.24402 19.132416 7.100747 3.620751 -1.822804 0 0 0 -37.983061 3.857696 18.213087 3.981514 -0.312002 2.714676 0 0 0 -2.929954 -1.23167 10.131993 1.246384 0.377706 -3.981553 0 0 0 -18.724815 0.463336 17.774795 4.013885 0.995202 3.126699 0 0 0 -18.287739 2.122715 5.592006 -3.712166 8.636711 20.577783 0 0 0 -78.043618 -14.993544 28.613626 1.404163 4.427322 -0.402769 62.828055 -49.285089 -3.63621 0 0 0 40.906975 -21.136622 -17.94414 0.25887 -12.288949 0.972654 -42.222335 -36.006671 -5.136129 0 0 0
0.292039 0.132841 -0.812555 10.754961 34.893518 -7.200696 5.284971 12.227316 9.122193 2.002576 -15.8413 -1.459934 0 0 0 -7.592967 31.403867 0.568322 -39.849582 -53.540072 58.528095 0 0 0 0 0 0 -8.805303 2.600311 -13.245125 -72.616767 23.709079 -37.80301 -82.333115 25.336685 31.253223 -1.049198 5.581776 -1.844588 -3.636292 -2.244307 -19.133199 -7.100467 3.62086 1.822583 0 0 0 37.981329 3.85712 -18.21386 -3.981505 -0.312001 -2.714025 0 0 0 2.929467 -1.231741 -10.13273 -1.246458 0.377728 3.981735 0 0 0 18.723955 0.463054 -17.775594 -4.013708 0.99524 -3.126586 0 0 0 18.269087 2.108643 -5.565532 3.717059 8.635663 -20.580557 0 0 0 8.805303 2.600311 13.245125 43.483301 20.126904 31.229146 94.502522 32.103433 -32.445282 4.336667 18.485673 6.751476 3.635273 -2.24402 19.132416 7.100747 3.620751 -1.822804 0 0 0 -37.983061 3.857696 18.213087 3.981514 -0.312002 2.714676 0 0 0 -2.929954 -1.23167 10.131993 1.246384 0.377706 -3.981553 0 0 0 -18.724815 0.463336 17.774795 4.013885 0.995202 3.126699 0 0 0 -18.287739 2.122715 5.592006 -3.712166 8.636711 20.577783 0 0 0 -77.611326 -15.203532 28.5079 1.405166 4.454906 -0.40382 62.876376 -49.264064 -3.668124 0 0 0 41.481668 -21.079615 -18.188522 0.268734 -12.229876 0.97381 -42.494361 -35.815724 -5.159909 0 0 0
0.291534 0.128179 -0.811715 10.326446 34.744213 -7.244405 4.763503 12.030405 8.840847 1.901362 -15.819265 -1.649524 0 0 0 -7.891819 31.069736 0.526332 -40.912431 -55.804144 55.278794 0 0 0 0 0 0 -8.805303 2.600311 -13.245125 -71.982486 24.139517 -37.927438 -82.257853 25.294726 31.240832 -1.010729 5.39389 -1.780423 -3.636292 -2.244307 -19.133199 -7.100467 3.62086 1.822583 0 0 0 37.981329 3.85712 -18.21386 -3.981505 -0.312001 -2.714025 0 0 0 2.929467 -1.231741 -10.13273 -1.246458 0.377728 3.981735 0 0 0 18.723955 0.463054 -17.775594 -4.013708 0.99524 -3.126586 0 0 0 18.269087 2.108643 -5.565532 3.717059 8.635663 -20.580557 0 0 0 8.805303 2.600311 13.245125 44.750916 21.191942 30.791005 93.952606 31.802114 -32.426543 4.170977 17.94864 6.523181 3.635273 -2.24402 19.132416 7.100747 3.620751 -1.822804 0 0 0 -37.983061 3.857696 18.213087 3.981514 -0.312002 2.714676 0 0 0 -2.929954 -1.23167 10.131993 1.246384 0.377706 -3.981553 0 0 0 -18.724815 0.463336 17.774795 4.013885 0.995202 3.126699 0 0 0 -18.287739 2.122715 5.592006 -3.712166 8.636711 20.577783 0 0 0 -77.21681 -15.369834 28.275916 1.417079 4.52321 -0.399459 62.883415 -49.401291 -3.740507 0 0 0 41.956419 -20.956523 -18.325477 0.280453 -12.120997 0.974898 -42.794339 -35.577304 -5.193625 0 0 0
0.285728 0.11914 -0.810992 9.947417 34.506396 -7.273124 4.296376 11.809028 8.471048 1.811705 -15.726431 -1.823539 0 0 0 -8.165982 30.772606 0.382175 -40.29239 -57.380234 50.395005 0 0 0 0 0 0 -8.805303 2.600311 -13.245125 -71.377651 24.614554 -37.949666 -82.170093 25.24581 31.226314 -0.981278 5.249719 -1.731234 -3.636292 -2.244307 -19.133199 -7.100467 3.62086 1.822583 0 0 0 37.981329 3.85712 -18.21386 -3.981505 -0.312001 -2.714025 0 0 0 2.929467 -1.231741 -10.13273 -1.246458 0.377728 3.981735 0 0 0 18.723955 0.463054 -17.775594 -4.013708 0.99524 -3.126586 0 0 0 18.269087 2.108643 -5.565532 3.717059 8.635663 -20.580557 0 0 0 8.805303 2.600311 13.245125 45.939138 22.004265 30.493973 93.407664 31.502844 -32.405019 4.038417 17.519387 6.340595 3.635273 -2.24402 19.132416 7.100747 3.620751 -1.822804 0 0 0 -37.983061 3.857696 18.213087 3.981514 -0.312002 2.714676 0 0 0 -2.929954 -1.23167 10.131993 1.246384 0.377706 -3.981553 0 0 0 -18.724815 0.463336 17.774795 4.013885 0.995202 3.126699 0 0 0 -18.287739 2.122715 5.592006 -3.712166 8.636711 20.577783 0 0 0 -76.829604 -15.50813 27.949691 1.432263 4.619594 -0.392202 62.859359 -49.617014 -3.825471 0 0 0 42.379531 -20.779951 -18.384586 0.292985 -11.997051 0.976127 -43.126762 -35.310708 -5.232457 0 0 0
0.281024 0.107815 -0.812748 9.58537 34.243636 -7.320291 3.882312 11.583372 8.048904 1.729562 -15.603262 -1.964145 0 0 0 -8.366118 30.602333 0.248962 -38.277365 -58.413642 44.204579 0 0 0 0 0 0 -8.805303 2.600311 -13.245125 -70.736246 25.037135 -37.947765 -82.09364 25.203198 31.213623 -0.962756 5.158704 -1.700231 -3.636292 -2.244307 -19.133199 -7.100467 3.62086 1.822583 0 0 0 37.981329 3.85712 -18.21386 -3.981505 -0.312001 -2.714025 0 0 0 2.929467 -1.231741 -10.13273 -1.246458 0.377728 3.981735 0 0 0 18.723955 0.463054 -17.775594 -4.013708 0.99524 -3.126586 0 0 0 18.269087 2.108643 -5.565532 3.717059 8.635663 -20.580557 0 0 0 8.805303 2.600311 13.245125 47.049458 22.352572 30.497913 92.912851 31.230564 -32.382988 3.99032 17.363686 6.274352 3.635273 -2.24402 19.132416 7.100747 3.620751 -1.822804 0 0 0 -37.983061 3.857696 18.213087 3.981514 -0.312002 2.714676 0 0 0 -2.929954 -1.23167 10.131993 1.246384 0.377706 -3.981553 0 0 0 -18.724815 0.463336 17.774795 4.013885 0.995202 3.126699 0 0 0 -18.287739 2.122715 5.592006 -3.712166 8.636711 20.577783 0 0 0 -76.446506 -15.60715 27.602577 1.447548 4.720706 -0.384184 62.850918 -49.845931 -3.90859 0 0 0 42.779002 -20.602301 -18.385743 0.304616 -11.881802 0.97735 -43.476467 -35.027263 -5.271095 0 0 0
0.26801 0.108925 -0.809894 9.252818 33.992296 -7.402436 3.525 11.387195 7.663011 1.658661 -15.480485 -2.089036 0 0 0 -8.380527 30.660047 0.391692 -35.286796 -59.1786 36.885314 0 0 0 0 0 0 -8.805303 2.600311 -13.245125 -70.106532 25.376166 -37.984828 -82.030882 25.168222 31.203158 -0.942925 5.060728 -1.66693 -3.636292 -2.244307 -19.133199 -7.100467 3.62086 1.822583 0 0 0 37.981329 3.85712 -18.21386 -3.981505 -0.312001 -2.714025 0 0 0 2.929467 -1.231741 -10.13273 -1.246458 0.377728 3.981735 0 0 0 18.723955 0.463054 -17.775594 -4.013708 0.99524 -3.126586 0 0 0 18.269087 2.108643 -5.565532 3.717059 8.635663 -20.580557 0 0 0 8.805303 2.600311 13.245125 48.038761 22.262333 30.767202 92.485559 30.995077 -32.361948 4.018533 17.455637 6.313301 3.635273 -2.24402 19.132416 7.100747 3.620751 -1.822804 0 0 0 -37.983061 3.857696 18.213087 3.981514 -0.312002 2.714676 0 0 0 -2.929954 -1.23167 10.131993 1.246384 0.377706 -3.981553 0 0 0 -18.724815 0.463336 17.774795 4.013885 0.995202 3.126699 0 0 0 -18.287739 2.122715 5.592006 -3.712166 8.636711 20.577783 0 0 0 -76.09534 -15.652032 27.287242 1.464851 4.807701 -0.376047 62.898629 -50.077836 -3.994199 0 0 0 43.13981 -20.460994 -18.336412 0.314491 -11.781115 0.978389 -43.809992 -34.746468 -5.306594 0 0 0
0.259284 0.109635 -0.807028 8.955935 33.750699 -7.503726 3.230035 11.241211 7.368146 1.601923 -15.373868 -2.207348 0 0 0 -8.139106 30.826581 0.849642 -31.160419 -59.411308 28.083632 0 0 0 0 0 0 -8.805303 2.600311 -13.245125 -69.566941 25.651373 -38.056083 -81.951509 25.124003 31.189808 -0.916595 4.930186 -1.622625 -3.636292 -2.244307 -19.133199 -7.100467 3.62086 1.822583 0 0 0 37.981329 3.85712 -18.21386 -3.981505 -0.312001 -2.714025 0 0 0 2.929467 -1.231741 -10.13273 -1.246458 0.377728 3.981735 0 0 0 18.723955 0.463054 -17.775594 -4.013708 0.99524 -3.126586 0 0 0 18.269087 2.108643 -5.565532 3.717059 8.635663 -20.580557 0 0 0 8.805303 2.600311 13.245125 48.860349 21.858739 31.206001 92.093931 30.779024 -32.340969 4.107165 17.744499 6.435664 3.635273 -2.24402 19.132416 7.100747 3.620751 -1.822804 0 0 0 -37.983061 3.857696 18.213087 3.981514 -0.312002 2.714676 0 0 0 -2.929954 -1.23167 10.131993 1.246384 0.377706 -3.981553 0 0 0 -18.724815 0.463336 17.774795 4.013885 0.995202 3.126699 0 0 0 -18.287739 2.122715 5.592006 -3.712166 8.636711 20.577783 0 0 0 -75.785161 -15.668726 26.99428 1.485069 4.888045 -0.367226 62.98789 -50.331339 -4.089917 0 0 0 43.459115 -20.347786 -18.263012 0.323707 -11.680362 0.978935 -44.121576 -34.459137 -5.34091 0 0 0
0.252914 0.106045 -0.80522 8.686063 33.498933 -7.58472 2.990417 11.149725 7.165571 1.554392 -15.254146 -2.308084 0 0 0 -7.636914 30.779207 1.433653 -25.528987 -58.277557 17.2823 0 0 0 0 0 0 -8.805303 2.600311 -13.245125 -69.123675 25.903577 -38.055399 -81.830043 25.056351 31.169242 -0.886325 4.779226 -1.571511 -3.636292 -2.244307 -19.133199 -7.100467 3.62086 1.822583 0 0 0 37.981329 3.85712 -18.21386 -3.981505 -0.312001 -2.714025 0 0 0 2.929467 -1.231741 -10.13273 -1.246458 0.377728 3.981735 0 0 0 18.723955 0.463054 -17.775594 -4.013708 0.99524 -3.126586 0 0 0 18.269087 2.108643 -5.565532 3.717059 8.635663 -20.580557 0 0 0 8.805303 2.600311 13.245125 49.590292 21.454748 31.571695 91.687603 30.554526 -32.317129 4.193766 18.026944 6.555255 3.635273 -2.24402 19.132416 7.100747 3.620751 -1.822804 0 0 0 -37.983061 3.857696 18.213087 3.981514 -0.312002 2.714676 0 0 0 -2.929954 -1.23167 10.131993 1.246384 0.377706 -3.981553 0 0 0 -18.724815 0.463336 17.774795 4.013885 0.995202 3.126699 0 0 0 -18.287739 2.122715 5.592006 -3.712166 8.636711 20.577783 0 0 0 -75.501319 -15.705751 26.685141 1.506194 4.977319 -0.357301 63.072408 -50.604575 -4.191849 0 0 0 43.753573 -20.217966 -18.199351 0.333384 -11.569401 0.978789 -44.423266 -34.162759 -5.376758 0 0 0
0.252898 0.10323 -0.800493 8.441421 33.226371 -7.613248 2.792353 11.119254 7.0443 1.513619 -15.062509 -2.406917 0 0 0 -6.885238 30.351846 2.003186 -18.872171 -55.079236 4.849385 0 0 0 0 0 0 -8.805303 2.600311 -13.245125 -68.712226 26.195328 -37.831965 -81.6888 24.977698 31.145226 -0.848346 4.588321 -1.507076 -3.636292 -2.244307 -19.133199 -7.100467 3.62086 1.822583 0 0 0 37.981329 3.85712 -18.21386 -3.981505 -0.312001 -2.714025 0 0 0 2.929467 -1.231741 -10.13273 -1.246458 0.377728 3.981735 0 0 0 18.723955 0.463054 -17.775594 -4.013708 0.99524 -3.126586 0 0 0 18.269087 2.108643 -5.565532 3.717059 8.635663 -20.580557 0 0 0 8.805303 2.600311 13.245125 50.381449 21.392466 31.55416 91.243896 30.308793 -32.288305 4.182212 17.988741 6.539219 3.635273 -2.24402 19.132416 7.100747 3.620751 -1.822804 0 0 0 -37.983061 3.857696 18.213087 3.981514 -0.312002 2.714676 0 0 0 -2.929954 -1.23167 10.131993 1.246384 0.377706 -3.981553 0 0 0 -18.724815 0.463336 17.774795 4.013885 0.995202 3.126699 0 0 0 -18.287739 2.122715 5.592006 -3.712166 8.636711 20.577783 0 0 0 -75.231344 -15.781801 26.346713 1.524847 5.070077 -0.347327 63.131907 -50.850448 -4.283273 0 0 0 44.031313 -20.034344 -18.154897 0.34298 -11.460898 0.978177 -44.714451 -33.898009 -5.413206 0 0 0
0.252672 0.101694 -0.794618 8.208915 32.949123 -7.604036 2.617466 11.187285 6.961173 1.480444 -14.758132 -2.538511 0 0 0 -5.987765 29.691261 2.420914 -12.739409 -49.679893 -7.195104 0 0 0 0 0 0 -8.805303 2.600311 -13.245125 -68.241089 26.558225 -37.257502 -81.583809 24.919244 31.12733 -0.798061 4.333885 -1.421422 -3.636292 -2.244307 -19.133199 -7.100467 3.62086 1.822583 0 0 0 37.981329 3.85712 -18.21386 -3.981505 -0.312001 -2.714025 0 0 0 2.929467 -1.231741 -10.13273 -1.246458 0.377728 3.981735 0 0 0 18.723955 0.463054 -17.775594 -4.013708 0.99524 -3.126586 0 0 0 18.269087 2.108643 -5.565532 3.717059 8.635663 -20.580557 0 0 0 8.805303 2.600311 13.245125 51.235837 21.556132 31.128043 90.806757 30.066231 -32.25768 4.070791 17.623536 6.385074 3.635273 -2.24402 19.132416 7.100747 3.620751 -1.822804 0 0 0 -37.983061 3.857696 18.213087 3.981514 -0.312002 2.714676 0 0 0 -2.929954 -1.23167 10.131993 1.246384 0.377706 -3.981553 0 0 0 -18.724815 0.463336 17.774795 4.013885 0.995202 3.126699 0 0 0 -18.287739 2.122715 5.592006 -3.712166 8.636711 20.577783 0 0 0 -74.964469 -15.874268 26.0109 1.536536 5.147966 -0.339659 63.177119 -51.008567 -4.346162 0 0 0 44.303582 -19.816992 -18.123691 0.350903 -11.373892 0.977435 -44.994647 -33.690191 -5.447028 0 0 0
0.258576 0.1019 -0.795134 7.967708 32.705884 -7.624672 2.424719 11.412462 6.825667 1.437862 -14.326338 -2.668213 0 0 0 -5.212514 29.190115 2.433363 -8.698032 -42.636023 -15.98202 0 0 0 0 0 0 -8.805303 2.600311 -13.245125 -67.63223 26.899654 -36.265506 -81.550467 24.900689 31.121646 -0.738096 4.028028 -1.318781 -3.636292 -2.244307 -19.133199 -7.100467 3.62086 1.822583 0 0 0 37.981329 3.85712 -18.21386 -3.981505 -0.312001 -2.714025 0 0 0 2.929467 -1.231741 -10.13273 -1.246458 0.377728 3.981735 0 0 0 18.723955 0.463054 -17.775594 -4.013708 0.99524 -3.126586 0 0 0 18.269087 2.108643 -5.565532 3.717059 8.635663 -20.580557 0 0 0 8.805303 2.600311 13.245125 51.982948 21.525762 30.498897 90.483014 29.886436 -32.234096 3.954436 17.241238 6.223959 3.635273 -2.24402 19.132416 7.100747 3.620751 -1.822804 0 0 0 -37.983061 3.857696 18.213087 3.981514 -0.312002 2.714676 0 0 0 -2.929954 -1.23167 10.131993 1.246384 0.377706 -3.981553 0 0 0 -18.724815 0.463336 17.774795 4.013885 0.995202 3.126699 0 0 0 -18.287739 2.122715 5.592006 -3.712166 8.636711 20.577783 0 0 0 -74.702569 -15.929543 25.747472 1.539105 5.199276 -0.335771 63.222475 -51.075638 -4.377201 0 0 0 44.579937 -19.648265 -18.093574 0.355475 -11.31676 0.97664 -45.25845 -33.524329 -5.474828 0 0 0
0.250964 0.10407 -0.801565 7.739872 32.541249 -7.733855 2.178456 11.822865 6.562732 1.359618 -13.734821 -2.702214 0 0 0 -4.793131 29.513959 1.904905 -7.0325 -35.491628 -19.667526 0 0 0 0 0 0 -8.805303 2.600311 -13.245125 -66.884241 27.050678 -34.867023 -81.588462 24.921851 31.12813 -0.676525 3.711172 -1.212814 -3.636292 -2.244307 -19.133199 -7.100467 3.62086 1.822583 0 0 0 37.981329 3.85712 -18.21386 -3.981505 -0.312001 -2.714025 0 0 0 2.929467 -1.231741 -10.13273 -1.246458 0.377728 3.981735 0 0 0 18.723955 0.463054 -17.775594 -4.013708 0.99524 -3.126586 0 0 0 18.269087 2.108643 -5.565532 3.717059 8.635663 -20.580557 0 0 0 8.805303 2.600311 13.245125 52.449869 21.164589 29.713745 90.388126 29.833646 -32.226758 3.886448 17.016038 6.129533 3.635273 -2.24402 19.132416 7.100747 3.620751 -1.822804 0 0 0 -37.983061 3.857696 18.213087 3.981514 -0.312002 2.714676 0 0 0 -2.929954 -1.23167 10.131993 1.246384 0.377706 -3.981553 0 0 0 -18.724815 0.463336 17.774795 4.013885 0.995202 3.126699 0 0 0 -18.287739 2.122715 5.592006 -3.712166 8.636711 20.577783 0 0 0 -74.492798 -15.894363 25.635057 1.536639 5.222346 -0.334524 63.275602 -51.119018 -4.390802 0 0 0 44.828872 -19.613926 -18.051122 0.35557 -11.287142 0.975654 -45.466029 -33.400934 -5.493908 0 0 0
0.241985 0.108202 -0.816506 7.587171 32.497496 -7.919565 1.950448 12.408605 6.175938 1.266751 -12.92554 -2.645385 0 0 0 -4.66226 31.232718 1.093571 -6.686159 -30.397682 -18.359044 0 0 0 0 0 0 -8.805303 2.600311 -13.245125 -66.129402 26.971302 -33.114998 -81.704745 24.986614 31.147839 -0.633415 3.488002 -1.138349 -3.636292 -2.244307 -19.133199 -7.100467 3.62086 1.822583 0 0 0 37.981329 3.85712 -18.21386 -3.981505 -0.312001 -2.714025 0 0 0 2.929467 -1.231741 -10.13273 -1.246458 0.377728 3.981735 0 0 0 18.723955 0.463054 -17.775594 -4.013708 0.99524 -3.126586 0 0 0 18.269087 2.108643 -5.565532 3.717059 8.635663 -20.580557 0 0 0 8.805303 2.600311 13.245125 52.458994 20.548952 28.696987 90.610077 29.95659 -32.241625 3.85552 16.911367 6.086232 3.635273 -2.24402 19.132416 7.100747 3.620751 -1.822804 0 0 0 -37.983061 3.857696 18.213087 3.981514 -0.312002 2.714676 0 0 0 -2.929954 -1.23167 10.131993 1.246384 0.377706 -3.981553 0 0 0 -18.724815 0.463336 17.774795 4.013885 0.995202 3.126699 0 0 0 -18.287739 2.122715 5.592006 -3.712166 8.636711 20.577783 0 0 0 -74.408983 -15.767038 25.723728 1.534696 5.222511 -0.333697 63.323598 -51.20629 -4.400686 0 0 0 44.994154 -19.74334 -18.00936 0.35099 -11.280582 0.974389 -45.557643 -33.363847 -5.502752 0 0 0
0.229259 0.110488 -0.834056 7.544922 32.614992 -8.128437 1.913054 13.134908 5.764787 1.233889 -11.923998 -2.643729 0 0 0 -4.548038 34.01596 0.487594 -6.555019 -28.670574 -13.599586 0 0 0 0 0 0 -8.805303 2.600311 -13.245125 -65.593363 26.822451 -31.14272 -81.918078 25.105456 31.18368 -0.630034 3.470525 -1.132514 -3.636292 -2.244307 -19.133199 -7.100467 3.62086 1.822583 0 0 0 37.981329 3.85712 -18.21386 -3.981505 -0.312001 -2.714025 0 0 0 2.929467 -1.231741 -10.13273 -1.246458 0.377728 3.981735 0 0 0 18.723955 0.463054 -17.775594 -4.013708 0.99524 -3.126586 0 0 0 18.269087 2.108643 -5.565532 3.717059 8.635663 -20.580557 0 0 0 8.805303 2.600311 13.245125 51.844909 19.612893 27.599333 91.1575 30.259852 -32.277885 3.874427 16.971337 6.112077 3.635273 -2.24402 19.132416 7.100747 3.620751 -1.822804 0 0 0 -37.983061 3.857696 18.213087 3.981514 -0.312002 2.714676 0 0 0 -2.929954 -1.23167 10.131993 1.246384 0.377706 -3.981553 0 0 0 -18.724815 0.463336 17.774795 4.013885 0.995202 3.126699 0 0 0 -18.287739 2.122715 5.592006 -3.712166 8.636711 20.577783 0 0 0 -74.491854 -15.595412 26.028109 1.533979 5.20443 -0.332501 63.329232 -51.356398 -4.405277 0 0 0 45.053765 -20.017811 -18.011172 0.342192 -11.303922 0.973096 -45.489443 -33.475659 -5.499143 0 0 0
0.216692 0.113367 -0.855621 7.585278 32.912494 -8.331329 2.140347 13.922702 5.461369 1.302935 -10.922148 -2.805125 0 0 0 -4.34336 36.688851 0.285494 -6.451964 -30.007612 -7.282009 0 0 0 0 0 0 -8.805303 2.600311 -13.245125 -65.425428 26.758805 -29.264908 -82.211984 25.269238 31.232494 -0.65479 3.599542 -1.175453 -3.636292 -2.244307 -19.133199 -7.100467 3.62086 1.822583 0 0 0 37.981329 3.85712 -18.21386 -3.981505 -0.312001 -2.714025 0 0 0 2.929467 -1.231741 -10.13273 -1.246458 0.377728 3.981735 0 0 0 18.723955 0.463054 -17.775594 -4.013708 0.99524 -3.126586 0 0 0 18.269087 2.108643 -5.565532 3.717059 8.635663 -20.580557 0 0 0 8.805303 2.600311 13.245125 50.714186 18.348468 26.755237 91.884376 30.662222 -32.323847 3.969953 17.286033 6.244482 3.635273 -2.24402 19.132416 7.100747 3.620751 -1.822804 0 0 0 -37.983061 3.857696 18.213087 3.981514 -0.312002 2.714676 0 0 0 -2.929954 -1.23167 10.131993 1.246384 0.377706 -3.981553 0 0 0 -18.724815 0.463336 17.774795 4.013885 0.995202 3.126699 0 0 0 -18.287739 2.122715 5.592006 -3.712166 8.636711 20.577783 0 0 0 -74.71704 -15.425694 26.53476 1.532167 5.161676 -0.332024 63.281338 -51.527509 -4.396454 0 0 0 45.041113 -20.408113 -18.095538 0.330158 -11.367096 0.972164 -45.272443 -33.74664 -5.481799 0 0 0
0.208925 0.117913 -0.881035 7.636808 33.355067 -8.531435 2.520844 14.664474 5.306816 1.439664 -10.140152 -3.092242 0 0 0 -4.17733 38.351197 0.2558 -6.769808 -33.338622 -0.696032 0 0 0 0 0 0 -8.805303 2.600311 -13.245125 -65.567409 26.752532 -27.838872 -82.537879 25.450925 31.285773 -0.676301 3.711827 -1.212801 -3.636292 -2.244307 -19.133199 -7.100467 3.62086 1.822583 0 0 0 37.981329 3.85712 -18.21386 -3.981505 -0.312001 -2.714025 0 0 0 2.929467 -1.231741 -10.13273 -1.246458 0.377728 3.981735 0 0 0 18.723955 0.463054 -17.775594 -4.013708 0.99524 -3.126586 0 0 0 18.269087 2.108643 -5.565532 3.717059 8.635663 -20.580557 0 0 0 8.805303 2.600311 13.245125 49.465686 17.034242 26.324866 92.570023 31.041244 -32.36402 4.114422 17.76253 6.444814 3.635273 -2.24402 19.132416 7.100747 3.620751 -1.822804 0 0 0 -37.983061 3.857696 18.213087 3.981514 -0.312002 2.714676 0 0 0 -2.929954 -1.23167 10.131993 1.246384 0.377706 -3.981553 0 0 0 -18.724815 0.463336 17.774795 4.013885 0.995202 3.126699 0 0 0 -18.287739 2.122715 5.592006 -3.712166 8.636711 20.577783 0 0 0 -75.006413 -15.28418 27.191314 1.529541 5.087604 -0.333329 63.227551 -51.640746 -4.379878 0 0 0 45.025891 -20.879706 -18.276825 0.316285 -11.453743 0.971452 -45.010568 -34.05383 -5.456591 0 0 0
0.200689 0.123556 -0.902135 7.643607 33.864451 -8.728394 2.910075 15.280988 5.231949 1.591908 -9.645511 -3.420329 0 0 0 -4.131126 38.994865 0.210737 -7.786792 -37.801594 5.590719 0 0 0 0 0 0 -8.805303 2.600311 -13.245125 -65.817816 26.707064 -26.981027 -82.867693 25.634901 31.338565 -0.69308 3.798506 -1.241747 -3.636292 -2.244307 -19.133199 -7.100467 3.62086 1.822583 0 0 0 37.981329 3.85712 -18.21386 -3.981505 -0.312001 -2.714025 0 0 0 2.929467 -1.231741 -10.13273 -1.246458 0.377728 3.981735 0 0 0 18.723955 0.463054 -17.775594 -4.013708 0.99524 -3.126586 0 0 0 18.269087 2.108643 -5.565532 3.717059 8.635663 -20.580557 0 0 0 8.805303 2.600311 13.245125 48.427724 15.923583 26.234387 93.10759 31.33781 -32.392093 4.267748 18.263203 6.656654 3.635273 -2.24402 19.132416 7.100747 3.620751 -1.822804 0 0 0 -37.983061 3.857696 18.213087 3.981514 -0.312002 2.714676 0 0 0 -2.929954 -1.23167 10.131993 1.246384 0.377706 -3.981553 0 0 0 -18.724815 0.463336 17.774795 4.013885 0.995202 3.126699 0 0 0 -18.287739 2.122715 5.592006 -3.712166 8.636711 20.577783 0 0 0 -75.287077 -15.19531 27.910896 1.530396 5.003167 -0.334939 63.212151 -51.683394 -4.37923 0 0 0 45.063547 -21.382587 -18.54715 0.301837 -11.526051 0.970298 -44.83943 -34.212676 -5.433959 0 0 0
0.197296 0.126604 -0.924359 7.617411 34.358244 -8.896295 3.247716 15.74446 5.168132 1.735189 -9.385294 -3.740307 0 0 0 -4.141986 39.042991 0.258082 -9.521534 -42.742981 11.231972 0 0 0 0 0 0 -8.805303 2.600311 -13.245125 -65.994965 26.628693 -26.565314 -83.204192 25.822714 31.391187 -0.726567 3.969819 -1.29917 -3.636292 -2.244307 -19.133199 -7.100467 3.62086 1.822583 0 0 0 37.981329 3.85712 -18.21386 -3.981505 -0.312001 -2.714025 0 0 0 2.929467 -1.231741 -10.13273 -1.246458 0.377728 3.981735 0 0 0 18.723955 0.463054 -17.775594 -4.013708 0.99524 -3.126586 0 0 0 18.269087 2.108643 -5.565532 3.717059 8.635663 -20.580557 0 0 0 8.805303 2.600311 13.245125 47.687518 15.053796 26.348697 93.515287 31.562273 -32.410834 4.425817 18.771606 6.873855 3.635273 -2.24402 19.132416 7.100747 3.620751 -1.822804 0 0 0 -37.983061 3.857696 18.213087 3.981514 -0.312002 2.714676 0 0 0 -2.929954 -1.23167 10.131993 1.246384 0.377706 -3.981553 0 0 0 -18.724815 0.463336 17.774795 4.013885 0.995202 3.126699 0 0 0 -18.287739 2.122715 5.592006 -3.712166 8.636711 20.577783 0 0 0 -75.543425 -15.174538 28.596558 1.53709 4.944967 -0.334253 63.222209 -51.7248 -4.406533 0 0 0 45.143931 -21.852111 -18.872096 0.288516 -11.563851 0.968441 -44.791589 -34.184194 -5.419336 0 0 0
0.19903 0.130013 -0.949541 7.616468 34.763897 -9.003011 3.512037 16.056496 5.106926 1.854909 -9.305251 -4.008646 0 0 0 -4.179344 38.799531 0.482079 -11.863039 -47.512863 15.983505 0 0 0 0 0 0 -8.805303 2.600311 -13.245125 -66.014736 26.575561 -26.451899 -83.532278 26.00591 31.44152 -0.777883 4.231515 -1.386996 -3.636292 -2.244307 -19.133199 -7.100467 3.62086 1.822583 0 0 0 37.981329 3.85712 -18.21386 -3.981505 -0.312001 -2.714025 0 0 0 2.929467 -1.231741 -10.13273 -1.246458 0.377728 3.981735 0 0 0 18.723955 0.463054 -17.775594 -4.013708 0.99524 -3.126586 0 0 0 18.269087 2.108643 -5.565532 3.717059 8.635663 -20.580557 0 0 0 8.805303 2.600311 13.245125 47.258052 14.514474 26.500752 93.803433 31.720718 -32.422986 4.563209 19.209337 7.062006 3.635273 -2.24402 19.132416 7.100747 3.620751 -1.822804 0 0 0 -37.983061 3.857696 18.213087 3.981514 -0.312002 2.714676 0 0 0 -2.929954 -1.23167 10.131993 1.246384 0.377706 -3.981553 0 0 0 -18.724815 0.463336 17.774795 4.013885 0.995202 3.126699 0 0 0 -18.287739 2.122715 5.592006 -3.712166 8.636711 20.577783 0 0 0 -75.78862 -15.197651 29.151993 1.545216 4.920172 -0.331629 63.22929 -51.783675 -4.439965 0 0 0 45.206592 -22.222722 -19.182134 0.278957 -11.57697 0.96639 -44.793655 -34.104036 -5.411764 0 0 0
0.202412 0.128412 -0.962687 7.679644 35.025921 -9.048238 3.66916 16.221587 5.070996 1.930578 -9.377306 -4.168112 0 0 0 -4.280347 38.391053 0.772434 -14.552943 -51.649699 19.785871 0 0 0 0 0 0 -8.805303 2.600311 -13.245125 -65.87423 26.524584 -26.596765 -83.789141 26.149381 31.480429 -0.827462 4.48328 -1.47163 -3.636292 -2.244307 -19.133199 -7.100467 3.62086 1.822583 0 0 0 37.981329 3.85712 -18.21386 -3.981505 -0.312001 -2.714025 0 0 0 2.929467 -1.231741 -10.13273 -1.246458 0.377728 3.981735 0 0 0 18.723955 0.463054 -17.775594 -4.013708 0.99524 -3.126586 0 0 0 18.269087 2.108643 -5.565532 3.717059 8.635663 -20.580557 0 0 0 8.805303 2.600311 13.245125 47.172334 14.496702 26.524363 93.947346 31.799807 -32.428818 4.61966 19.387896 7.139118 3.635273 -2.24402 19.132416 7.100747 3.620751 -1.822804 0 0 0 -37.983061 3.857696 18.213087 3.981514 -0.312002 2.714676 0 0 0 -2.929954 -1.23167 10.131993 1.246384 0.377706 -3.981553 0 0 0 -18.724815 0.463336 17.774795 4.013885 0.995202 3.126699 0 0 0 -18.287739 2.122715 5.592006 -3.712166 8.636711 20.577783 0 0 0 -76.019972 -15.210034 29.510183 1.549284 4.910624 -0.329311 63.231208 -51.815951 -4.452729 0 0 0 45.203201 -22.45913 -19.397563 0.274922 -11.579427 0.96468 -44.78913 -34.087768 -5.409801 0 0 0
0.208918 0.126242 -0.972707 7.799115 35.123202 -9.065379 3.736489 16.250974 5.096232 1.964799 -9.576057 -4.214927 0 0 0 -4.418106 37.899307 1.056373 -17.14084 -54.972394 22.554163 0 0 0 0 0 0 -8.805303 2.600311 -13.245125 -65.665144 26.425809 -26.970284 -83.914691 26.219526 31.499329 -0.860177 4.648614 -1.527315 -3.636292 -2.244307 -19.133199 -7.100467 3.62086 1.822583 0 0 0 37.981329 3.85712 -18.21386 -3.981505 -0.312001 -2.714025 0 0 0 2.929467 -1.231741 -10.13273 -1.246458 0.377728 3.981735 0 0 0 18.723955 0.463054 -17.775594 -4.013708 0.99524 -3.126586 0 0 0 18.269087 2.108643 -5.565532 3.717059 8.635663 -20.580557 0 0 0 8.805303 2.600311 13.245125 47.360788 14.923215 26.430344 93.95417 31.803559 -32.429168 4.581245 19.266033 7.086593 3.635273 -2.24402 19.132416 7.100747 3.620751 -1.822804 0 0 0 -37.983061 3.857696 18.213087 3.981514 -0.312002 2.714676 0 0 0 -2.929954 -1.23167 10.131993 1.246384 0.377706 -3.981553 0 0 0 -18.724815 0.463336 17.774795 4.013885 0.995202 3.126699 0 0 0 -18.287739 2.122715 5.592006 -3.712166 8.636711 20.577783 0 0 0 -76.223636 -15.173631 29.669202 1.5491 4.907615 -0.327839 63.243623 -51.81275 -4.443743 0 0 0 45.129775 -22.571558 -19.477404 0.276029 -11.570594 0.963297 -44.780975 -34.132139 -5.413893 0 0 0
0.214567 0.124796 -0.978325 7.948468 35.067911 -9.075133 3.815095 16.180306 5.201491 1.996634 -9.851118 -4.231858 0 0 0 -4.500425 37.406129 1.360573 -19.103948 -57.352347 24.177186 0 0 0 0 0 0 -8.805303 2.600311 -13.245125 -65.543946 26.329935 -27.444643 -83.923786 26.224616 31.500767 -0.872763 4.712037 -1.5487 -3.636292 -2.244307 -19.133199 -7.100467 3.62086 1.822583 0 0 0 37.981329 3.85712 -18.21386 -3.981505 -0.312001 -2.714025 0 0 0 2.929467 -1.231741 -10.13273 -1.246458 0.377728 3.981735 0 0 0 18.723955 0.463054 -17.775594 -4.013708 0.99524 -3.126586 0 0 0 18.269087 2.108643 -5.565532 3.717059 8.635663 -20.580557 0 0 0 8.805303 2.600311 13.245125 47.603813 15.322547 26.443954 93.877842 31.761637 -32.42629 4.503651 19.021545 6.980747 3.635273 -2.24402 19.132416 7.100747 3.620751 -1.822804 0 0 0 -37.983061 3.857696 18.213087 3.981514 -0.312002 2.714676 0 0 0 -2.929954 -1.23167 10.131993 1.246384 0.377706 -3.981553 0 0 0 -18.724815 0.463336 17.774795 4.013885 0.995202 3.126699 0 0 0 -18.287739 2.122715 5.592006 -3.712166 8.636711 20.577783 0 0 0 -76.387917 -15.089242 29.665043 1.546325 4.904336 -0.327432 63.288597 -51.764498 -4.421658 0 0 0 45.009213 -22.580658 -19.434348 0.280269 -11.549451 0.962057 -44.7839 -34.187487 -5.422617 0 0 0
0.22136 0.123117 -0.986796 8.113713 34.895254 -9.066433 3.997864 16.068282 5.366202 2.060971 -10.109549 -4.295313 0 0 0 -4.497507 36.957282 1.629611 -20.137183 -58.672664 24.813783 0 0 0 0 0 0 -8.805303 2.600311 -13.245125 -65.6082 26.311051 -27.815784 -83.891577 26.206619 31.496042 -0.870036 4.698434 -1.544095 -3.636292 -2.244307 -19.133199 -7.100467 3.62086 1.822583 0 0 0 37.981329 3.85712 -18.21386 -3.981505 -0.312001 -2.714025 0 0 0 2.929467 -1.231741 -10.13273 -1.246458 0.377728 3.981735 0 0 0 18.723955 0.463054 -17.775594 -4.013708 0.99524 -3.126586 0 0 0 18.269087 2.108643 -5.565532 3.717059 8.635663 -20.580557 0 0 0 8.805303 2.600311 13.245125 47.689235 15.341827 26.659005 93.790852 31.713859 -32.422971 4.417738 18.748453 6.863186 3.635273 -2.24402 19.132416 7.100747 3.620751 -1.822804 0 0 0 -37.983061 3.857696 18.213087 3.981514 -0.312002 2.714676 0 0 0 -2.929954 -1.23167 10.131993 1.246384 0.377706 -3.981553 0 0 0 -18.724815 0.463336 17.774795 4.013885 0.995202 3.126699 0 0 0 -18.287739 2.122715 5.592006 -3.712166 8.636711 20.577783 0 0 0 -76.508058 -14.973928 29.537751 1.54009 4.881006 -0.329908 63.369003 -51.614316 -4.383917 0 0 0 44.86275 -22.497492 -19.307 0.28479 -11.53005 0.961066 -44.787425 -34.230657 -5.430039 0 0 0
0.227814 0.118494 -0.997643 8.284551 34.666808 -9.038781 4.3318 15.975745 5.592014 2.167809 -10.251382 -4.407761 0 0 0 -4.493448 36.530397 1.750982 -20.464075 -59.083619 24.921906 0 0 0 0 0 0 -8.805303 2.600311 -13.245125 -65.883997 26.320692 -27.95039 -83.867077 26.192915 31.492429 -0.859586 4.646026 -1.52639 -3.636292 -2.244307 -19.133199 -7.100467 3.62086 1.822583 0 0 0 37.981329 3.85712 -18.21386 -3.981505 -0.312001 -2.714025 0 0 0 2.929467 -1.231741 -10.13273 -1.246458 0.377728 3.981735 0 0 0 18.723955 0.463054 -17.775594 -4.013708 0.99524 -3.126586 0 0 0 18.269087 2.108643 -5.565532 3.717059 8.635663 -20.580557 0 0 0 8.805303 2.600311 13.245125 47.519332 15.154707 26.778895 93.749678 31.691252 -32.421401 4.27958 18.300051 6.672721 3.635273 -2.24402 19.132416 7.100747 3.620751 -1.822804 0 0 0 -37.983061 3.857696 18.213087 3.981514 -0.312002 2.714676 0 0 0 -2.929954 -1.23167 10.131993 1.246384 0.377706 -3.981553 0 0 0 -18.724815 0.463336 17.774795 4.013885 0.995202 3.126699 0 0 0 -18.287739 2.122715 5.592006 -3.712166 8.636711 20.577783 0 0 0 -76.592809 -14.834402 29.35644 1.529217 4.823935 -0.336499 63.452342 -51.350319 -4.326974 0 0 0 44.708661 -22.360064 -19.137518 0.287334 -11.529514 0.960563 -44.747051 -34.286171 -5.429582 0 0 0
0.227921 0.116492 -1.011409 8.433775 34.457521 -9.018891 4.799031 15.936169 5.891152 2.305237 -10.2436 -4.529582 0 0 0 -4.591974 36.103763 1.707493 -20.683244 -59.045662 24.987699 0 0 0 0 0 0 -8.805303 2.600311 -13.245125 -66.332631 26.260022 -27.866803 -83.839851 26.177666 31.488317 -0.845494 4.575198 -1.502484 -3.636292 -2.244307 -19.133199 -7.100467 3.62086 1.822583 0 0 0 37.981329 3.85712 -18.21386 -3.981505 -0.312001 -2.714025 0 0 0 2.929467 -1.231741 -10.13273 -1.246458 0.377728 3.981735 0 0 0 18.723955 0.463054 -17.775594 -4.013708 0.99524 -3.126586 0 0 0 18.269087 2.108643 -5.565532 3.717059 8.635663 -20.580557 0 0 0 8.805303 2.600311 13.245125 47.144075 15.06567 26.514442 93.741426 31.686754 -32.421119 4.077344 17.636953 6.392888 3.635273 -2.24402 19.132416 7.100747 3.620751 -1.822804 0 0 0 -37.983061 3.857696 18.213087 3.981514 -0.312002 2.714676 0 0 0 -2.929954 -1.23167 10.131993 1.246384 0.377706 -3.981553 0 0 0 -18.724815 0.463336 17.774795 4.013885 0.995202 3.126699 0 0 0 -18.287739 2.122715 5.592006 -3.712166 8.636711 20.577783 0 0 0 -76.656061 -14.679307 29.212296 1.515067 4.741948 -0.345998 63.514719 -51.052297 -4.259901 0 0 0 44.577388 -22.235591 -18.972488 0.287621 -11.551932 0.960667 -44.629091 -34.396082 -5.420119 0 0 0
0.227645 0.115175 -1.028662 8.526867 34.311768 -9.024153 5.251477 15.94402 6.178683 2.429702 -10.147134 -4.61194 0 0 0 -4.776229 35.74571 1.581241 -21.11799 -59.011385 25.239852 0 0 0 0 0 0 -8.805303 2.600311 -13.245125 -66.772404 26.142251 -27.672749 -83.792546 26.151091 31.480844 -0.828434 4.489266 -1.473504 -3.636292 -2.244307 -19.133199 -7.100467 3.62086 1.822583 0 0 0 37.981329 3.85712 -18.21386 -3.981505 -0.312001 -2.714025 0 0 0 2.929467 -1.231741 -10.13273 -1.246458 0.377728 3.981735 0 0 0 18.723955 0.463054 -17.775594 -4.013708 0.99524 -3.126586 0 0 0 18.269087 2.108643 -5.565532 3.717059 8.635663 -20.580557 0 0 0 8.805303 2.600311 13.245125 46.781223 15.105213 25.993668 93.694881 31.661282 -32.419455 3.889894 17.018209 6.132879 3.635273 -2.24402 19.132416 7.100747 3.620751 -1.822804 0 0 0 -37.983061 3.857696 18.213087 3.981514 -0.312002 2.714676 0 0 0 -2.929954 -1.23167 10.131993 1.246384 0.377706 -3.981553 0 0 0 -18.724815 0.463336 17.774795 4.013885 0.995202 3.126699 0 0 0 -18.287739 2.122715 5.592006 -3.712166 8.636711 20.577783 0 0 0 -76.698052 -14.538562 29.146062 1.501758 4.660192 -0.355384 63.56696 -50.820844 -4.200833 0 0 0 44.50621 -22.163181 -18.854428 0.287432 -11.58539 0.961307 -44.463896 -34.565161 -5.407679 0 0 0
0.224686 0.114982 -1.044584 8.55693 34.225846 -9.045094 5.521051 15.974904 6.337535 2.497899 -10.059858 -4.62984 0 0 0 -4.92491 35.532851 1.481988 -21.575542 -59.11335 25.558262 0 0 0 0 0 0 -8.805303 2.600311 -13.245125 -67.018685 26.068784 -27.477868 -83.737093 26.119751 31.471462 -0.810431 4.398407 -1.442886 -3.636292 -2.244307 -19.133199 -7.100467 3.62086 1.822583 0 0 0 37.981329 3.85712 -18.21386 -3.981505 -0.312001 -2.714025 0 0 0 2.929467 -1.231741 -10.13273 -1.246458 0.377728 3.981735 0 0 0 18.723955 0.463054 -17.775594 -4.013708 0.99524 -3.126586 0 0 0 18.269087 2.108643 -5.565532 3.717059 8.635663 -20.580557 0 0 0 8.805303 2.600311 13.245125 46.615652 15.220621 25.502933 93.59028 31.603982 -32.415686 3.774011 16.631779 5.971531 3.635273 -2.24402 19.132416 7.100747 3.620751 -1.822804 0 0 0 -37.983061 3.857696 18.213087 3.981514 -0.312002 2.714676 0 0 0 -2.929954 -1.23167 10.131993 1.246384 0.377706 -3.981553 0 0 0 -18.724815 0.463336 17.774795 4.013885 0.995202 3.126699 0 0 0 -18.287739 2.122715 5.592006 -3.712166 8.636711 20.577783 0 0 0 -76.718223 -14.443913 29.132655 1.495427 4.607821 -0.360868 63.609612 -50.733522 -4.168852 0 0 0 44.506055 -22.13528 -18.799905 0.288956 -11.608857 0.962238 -44.312347 -34.757892 -5.400533 0 0 0
0.22156 0.11391 -1.050899 8.555093 34.178823 -9.064199 5.600217 16.009521 6.373675 2.515053 -10.040092 -4.612097 0 0 0 -4.978586 35.417402 1.459832 -21.787245 -59.179038 25.711282 0 0 0 0 0 0 -8.805303 2.600311 -13.245125 -67.109916 26.08428 -27.353729 -83.686159 26.090887 31.462574 -0.795089 4.320827 -1.416764 -3.636292 -2.244307 -19.133199 -7.100467 3.62086 1.822583 0 0 0 37.981329 3.85712 -18.21386 -3.981505 -0.312001 -2.714025 0 0 0 2.929467 -1.231741 -10.13273 -1.246458 0.377728 3.981735 0 0 0 18.723955 0.463054 -17.775594 -4.013708 0.99524 -3.126586 0 0 0 18.269087 2.108643 -5.565532 3.717059 8.635663 -20.580557 0 0 0 8.805303 2.600311 13.245125 46.590037 15.398944 25.171868 93.497358 31.553055 -32.412291 3.705755 16.400164 5.875868 3.635273 -2.24402 19.132416 7.100747 3.620751 -1.822804 0 0 0 -37.983061 3.857696 18.213087 3.981514 -0.312002 2.714676 0 0 0 -2.929954 -1.23167 10.131993 1.246384 0.377706 -3.981553 0 0 0 -18.724815 0.463336 17.774795 4.013885 0.995202 3.126699 0 0 0 -18.287739 2.122715 5.592006 -3.712166 8.636711 20.577783 0 0 0 -76.739323 -14.404414 29.143238 1.501314 4.606038 -0.359487 63.610915 -50.848696 -4.179092 0 0 0 44.548109 -22.132704 -18.796809 0.29205 -11.610361 0.963229 -44.210327 -34.934213 -5.40229 0 0 0
0.218813 0.114091 -1.061423 8.548414 34.154382 -9.074802 5.599587 16.040137 6.378555 2.517135 -10.082328 -4.607598 0 0 0 -4.988527 35.276446 1.466552 -21.716327 -59.011048 25.612532 0 0 0 0 0 0 -8.805303 2.600311 -13.245125 -67.207436 26.136088 -27.327944 -83.632571 26.060897 31.454346 -0.783793 4.263574 -1.397503 -3.636292 -2.244307 -19.133199 -7.100467 3.62086 1.822583 0 0 0 37.981329 3.85712 -18.21386 -3.981505 -0.312001 -2.714025 0 0 0 2.929467 -1.231741 -10.13273 -1.246458 0.377728 3.981735 0 0 0 18.723955 0.463054 -17.775594 -4.013708 0.99524 -3.126586 0 0 0 18.269087 2.108643 -5.565532 3.717059 8.635663 -20.580557 0 0 0 8.805303 2.600311 13.245125 46.552574 15.55224 25.030593 93.473842 31.540209 -32.411552 3.65668 16.231777 5.806796 3.635273 -2.24402 19.132416 7.100747 3.620751 -1.822804 0 0 0 -37.983061 3.857696 18.213087 3.981514 -0.312002 2.714676 0 0 0 -2.929954 -1.23167 10.131993 1.246384 0.377706 -3.981553 0 0 0 -18.724815 0.463336 17.774795 4.013885 0.995202 3.126699 0 0 0 -18.287739 2.122715 5.592006 -3.712166 8.636711 20.577783 0 0 0 -76.77889 -14.40955 29.168144 1.519492 4.653782 -0.351368 63.555824 -51.167364 -4.234772 0 0 0 44.603335 -22.141209 -18.820911 0.294307 -11.598072 0.964323 -44.172441 -35.066545 -5.410653 0 0 0
0.215766 0.11462 -1.062469 8.535519 34.139865 -9.079191 5.610448 16.065306 6.413579 2.528519 -10.148637 -4.637831 0 0 0 -5.024034 35.038721 1.421306 -21.469511 -58.580541 25.330418 0 0 0 0 0 0 -8.805303 2.600311 -13.245125 -67.378802 26.148659 -27.397933 -83.575601 26.029444 31.44691 -0.775255 4.220194 -1.382924 -3.636292 -2.244307 -19.133199 -7.100467 3.62086 1.822583 0 0 0 37.981329 3.85712 -18.21386 -3.981505 -0.312001 -2.714025 0 0 0 2.929467 -1.231741 -10.13273 -1.246458 0.377728 3.981735 0 0 0 18.723955 0.463054 -17.775594 -4.013708 0.99524 -3.126586 0 0 0 18.269087 2.108643 -5.565532 3.717059 8.635663 -20.580557 0 0 0 8.805303 2.600311 13.245125 46.466307 15.590602 25.060241 93.497268 31.553362 -32.413342 3.62032 16.106084 5.755472 3.635273 -2.24402 19.132416 7.100747 3.620751 -1.822804 0 0 0 -37.983061 3.857696 18.213087 3.981514 -0.312002 2.714676 0 0 0 -2.929954 -1.23167 10.131993 1.246384 0.377706 -3.981553 0 0 0 -18.724815 0.463336 17.774795 4.013885 0.995202 3.126699 0 0 0 -18.287739 2.122715 5.592006 -3.712166 8.636711 20.577783 0 0 0 -76.821783 -14.438415 29.197861 1.542906 4.722225 -0.340513 63.489209 -51.569173 -4.314178 0 0 0 44.668805 -22.14795 -18.852953 0.294563 -11.587855 0.965805 -44.201468 -35.144333 -5.421313 0 0 0
0.2137 0.114982 -1.065323 8.523246 34.129797 -9.07328 5.646499 16.083847 6.488894 2.549014 -10.216228 -4.693366 0 0 0 -5.127742 34.720323 1.238432 -21.191728 -57.984958 25.084381 0 0 0 0 0 0 -8.805303 2.600311 -13.245125 -67.564641 26.08244 -27.538104 -83.532744 26.005919 31.441738 -0.771627 4.201673 -1.376711 -3.636292 -2.244307 -19.133199 -7.100467 3.62086 1.822583 0 0 0 37.981329 3.85712 -18.21386 -3.981505 -0.312001 -2.714025 0 0 0 2.929467 -1.231741 -10.13273 -1.246458 0.377728 3.981735 0 0 0 18.723955 0.463054 -17.775594 -4.013708 0.99524 -3.126586 0 0 0 18.269087 2.108643 -5.565532 3.717059 8.635663 -20.580557 0 0 0 8.805303 2.600311 13.245125 46.405717 15.511144 25.206408 93.510398 31.561025 -32.415234 3.56907 15.925833 5.682635 3.635273 -2.24402 19.132416 7.100747 3.620751 -1.822804 0 0 0 -37.983061 3.857696 18.213087 3.981514 -0.312002 2.714676 0 0 0 -2.929954 -1.23167 10.131993 1.246384 0.377706 -3.981553 0 0 0 -18.724815 0.463336 17.774795 4.013885 0.995202 3.126699 0 0 0 -18.287739 2.122715 5.592006 -3.712166 8.636711 20.577783 0 0 0 -76.86134 -14.46971 29.232354 1.561991 4.779904 -0.331518 63.479148 -51.881243 -4.379861 0 0 0 44.737263 -22.150108 -18.888143 0.29409 -11.586049 0.967906 -44.27108 -35.178304 -5.430744 0 0 0
0.207493 0.117229 -1.069352 8.532768 34.119731 -9.044598 5.596456 16.076344 6.542691 2.543052 -10.309882 -4.725563 0 0 0 -5.257897 34.428816 0.902127 -20.8753 -57.35629 25.031427 0 0 0 0 0 0 -8.805303 2.600311 -13.245125 -67.565157 25.898087 -27.723245 -83.504579 25.990377 31.43806 -0.787376 4.279863 -1.403237 -3.636292 -2.244307 -19.133199 -7.100467 3.62086 1.822583 0 0 0 37.981329 3.85712 -18.21386 -3.981505 -0.312001 -2.714025 0 0 0 2.929467 -1.231741 -10.13273 -1.246458 0.377728 3.981735 0 0 0 18.723955 0.463054 -17.775594 -4.013708 0.99524 -3.126586 0 0 0 18.269087 2.108643 -5.565532 3.717059 8.635663 -20.580557 0 0 0 8.805303 2.600311 13.245125 46.583239 15.223498 25.621465 93.408461 31.504779 -32.409627 3.414678 15.318911 5.451599 3.635273 -2.24402 19.132416 7.100747 3.620751 -1.822804 0 0 0 -37.983061 3.857696 18.213087 3.981514 -0.312002 2.714676 0 0 0 -2.929954 -1.23167 10.131993 1.246384 0.377706 -3.981553 0 0 0 -18.724815 0.463336 17.774795 4.013885 0.995202 3.126699 0 0 0 -18.287739 2.122715 5.592006 -3.712166 8.636711 20.577783 0 0 0 -76.918201 -14.50475 29.283145 1.575543 4.829613 -0.324138 63.540973 -52.08137 -4.42301 0 0 0 44.791913 -22.15073 -18.93531 0.294437 -11.583329 0.970572 -44.322041 -35.19673 -5.437508 0 0 0
0.201717 0.121632 -1.076286 8.506292 34.074088 -8.996519 5.254112 15.964751 6.406275 2.446806 -10.501656 -4.641498 0 0 0 -5.204266 34.338402 0.64717 -20.121479 -56.781545 24.77133 0 0 0 0 0 0 -8.805303 2.600311 -13.245125 -67.034256 25.456376 -27.995243 -83.427937 25.947636 31.426117 -0.850547 4.591206 -1.509175 -3.636292 -2.244307 -19.133199 -7.100467 3.62086 1.822583 0 0 0 37.981329 3.85712 -18.21386 -3.981505 -0.312001 -2.714025 0 0 0 2.929467 -1.231741 -10.13273 -1.246458 0.377728 3.981735 0 0 0 18.723955 0.463054 -17.775594 -4.013708 0.99524 -3.126586 0 0 0 18.269087 2.108643 -5.565532 3.717059 8.635663 -20.580557 0 0 0 8.805303 2.600311 13.245125 47.265231 14.178099 27.043752 92.761104 31.14552 -32.35242 2.930381 13.113905 4.666893 3.635273 -2.24402 19.132416 7.100747 3.620751 -1.822804 0 0 0 -37.983061 3.857696 18.213087 3.981514 -0.312002 2.714676 0 0 0 -2.929954 -1.23167 10.131993 1.246384 0.377706 -3.981553 0 0 0 -18.724815 0.463336 17.774795 4.013885 0.995202 3.126699 0 0 0 -18.287739 2.122715 5.592006 -3.712166 8.636711 20.577783 0 0 0 -76.939958 -14.580901 29.312765 1.593624 4.90203 -0.313416 63.637562 -52.326068 -4.48272 0 0 0 44.888853 -22.119331 -19.009027 0.2977 -11.555275 0.973616 -44.311003 -35.213391 -5.444956 0 0 0
0.191328 0.128734 -1.088283 8.229152 33.876228 -8.962148 4.529714 15.614687 5.846021 2.228649 -10.855294 -4.361683 0 0 0 -4.731712 34.464329 0.828255 -18.395379 -56.066144 23.539935 0 0 0 0 0 0 -8.805303 2.600311 -13.245125 -65.750538 24.586061 -28.470488 -83.163298 25.800021 31.383637 -0.975072 5.201008 -1.717218 -3.636292 -2.244307 -19.133199 -7.100467 3.62086 1.822583 0 0 0 37.981329 3.85712 -18.21386 -3.981505 -0.312001 -2.714025 0 0 0 2.929467 -1.231741 -10.13273 -1.246458 0.377728 3.981735 0 0 0 18.723955 0.463054 -17.775594 -4.013708 0.99524 -3.126586 0 0 0 18.269087 2.108643 -5.565532 3.717059 8.635663 -20.580557 0 0 0 8.805303 2.600311 13.245125 47.982582 11.307962 30.821476 90.556635 29.9225 -32.09776 1.854301 7.660126 2.805348 3.635273 -2.24402 19.132416 7.100747 3.620751 -1.822804 0 0 0 -37.983061 3.857696 18.213087 3.981514 -0.312002 2.714676 0 0 0 -2.929954 -1.23167 10.131993 1.246384 0.377706 -3.981553 0 0 0 -18.724815 0.463336 17.774795 4.013885 0.995202 3.126699 0 0 0 -18.287739 2.122715 5.592006 -3.712166 8.636711 20.577783 0 0 0 -76.682578 -14.749528 29.132716 1.62469 5.02009 -0.29617 63.744825 -52.715067 -4.603958 0 0 0 45.224531 -21.937724 -19.088087 0.308367 -11.46834 0.97709 -44.333347 -35.12759 -5.464899 0 0 0
0.181424 0.130865 -1.086656 7.498935 33.323911 -8.964197 3.492923 14.92226 4.650609 1.892703 -11.344755 -3.826764 0 0 0 -3.799111 34.395813 1.568038 -15.529342 -54.554007 21.041289 0 0 0 0 0 0 -8.805303 2.600311 -13.245125 -63.840604 23.442404 -29.2332 -82.634146 25.504965 31.297687 -1.124884 5.930998 -1.96678 -3.636292 -2.244307 -19.133199 -7.100467 3.62086 1.822583 0 0 0 37.981329 3.85712 -18.21386 -3.981505 -0.312001 -2.714025 0 0 0 2.929467 -1.231741 -10.13273 -1.246458 0.377728 3.981735 0 0 0 18.723955 0.463054 -17.775594 -4.013708 0.99524 -3.126586 0 0 0 18.269087 2.108643 -5.565532 3.717059 8.635663 -20.580557 0 0 0 8.805303 2.600311 13.245125 46.651964 6.400916 37.885242 86.286912 27.557351 -31.510589 0.343579 -0.609638 0.057317 3.635273 -2.24402 19.132416 7.100747 3.620751 -1.822804 0 0 0 -37.983061 3.857696 18.213087 3.981514 -0.312002 2.714676 0 0 0 -2.929954 -1.23167 10.131993 1.246384 0.377706 -3.981553 0 0 0 -18.724815 0.463336 17.774795 4.013885 0.995202 3.126699 0 0 0 -18.287739 2.122715 5.592006 -3.712166 8.636711 20.577783 0 0 0 -75.844635 -15.012503 28.397759 1.665205 5.199992 -0.273852 63.860831 -53.157896 -4.793512 0 0 0 45.976436 -21.408484 -19.028953 0.329634 -11.295317 0.981159 -44.701136 -34.652693 -5.516472 0 0 0
0.172899 0.122019 -1.030069 6.526881 32.266232 -8.975545 1.983125 13.905055 2.841812 1.350417 -11.852026 -2.898513 0 0 0 -2.436571 33.569551 2.807011 -11.654407 -51.561093 17.485757 0 0 0 0 0 0 -8.805303 2.600311 -13.245125 -61.391709 22.634479 -30.227226 -82.046549 25.177378 31.201688 -1.236552 6.472522 -2.152287 -3.636292 -2.244307 -19.133199 -7.100467 3.62086 1.822583 0 0 0 37.981329 3.85712 -18.21386 -3.981505 -0.312001 -2.714025 0 0 0 2.929467 -1.231741 -10.13273 -1.246458 0.377728 3.981735 0 0 0 18.723955 0.463054 -17.775594 -4.013708 0.99524 -3.126586 0 0 0 18.269087 2.108643 -5.565532 3.717059 8.635663 -20.580557 0 0 0 8.805303 2.600311 13.245125 40.373616 1.375681 47.033978 82.546229 25.470437 -30.824492 -0.932016 -7.946037 -2.338608 3.635273 -2.24402 19.132416 7.100747 3.620751 -1.822804 0 0 0 -37.983061 3.857696 18.213087 3.981514 -0.312002 2.714676 0 0 0 -2.929954 -1.23167 10.131993 1.246384 0.377706 -3.981553 0 0 0 -18.724815 0.463336 17.774795 4.013885 0.995202 3.126699 0 0 0 -18.287739 2.122715 5.592006 -3.712166 8.636711 20.577783 0 0 0 -74.521967 -15.211561 26.90376 1.688806 5.448385 -0.256287 64.018009 -53.266733 -4.954049 0 0 0 46.926032 -20.435608 -18.546716 0.357203 -11.036315 0.985468 -45.720394 -33.528187 -5.613579 0 0 0
0.172819 0.114865 -0.902639 5.999238 30.786058 -8.947849 -0.429832 12.733779 0.967909 0.439964 -12.297537 -1.489436 0 0 0 -0.601591 32.045352 4.53649 -6.996623 -47.194929 13.041152 0 0 0 0 0 0 -8.805303 2.600311 -13.245125 -58.277611 22.670697 -31.234785 -81.699323 24.983845 31.144574 -1.277965 6.673254 -2.221064 -3.636292 -2.244307 -19.133199 -7.100467 3.62086 1.822583 0 0 0 37.981329 3.85712 -18.21386 -3.981505 -0.312001 -2.714025 0 0 0 2.929467 -1.231741 -10.13273 -1.246458 0.377728 3.981735 0 0 0 18.723955 0.463054 -17.775594 -4.013708 0.99524 -3.126586 0 0 0 18.269087 2.108643 -5.565532 3.717059 8.635663 -20.580557 0 0 0 8.805303 2.600311 13.245125 28.492326 -2.885519 54.55365 85.011067 26.645853 -30.403375 -1.341492 -10.411832 -3.119497 3.635273 -2.24402 19.132416 7.100747 3.620751 -1.822804 0 0 0 -37.983061 3.857696 18.213087 3.981514 -0.312002 2.714676 0 0 0 -2.929954 -1.23167 10.131993 1.246384 0.377706 -3.981553 0 0 0 -18.724815 0.463336 17.774795 4.013885 0.995202 3.126699 0 0 0 -18.287739 2.122715 5.592006 -3.712166 8.636711 20.577783 0 0 0 -73.398082 -15.021619 24.99536 1.61868 5.677981 -0.275761 64.422584 -51.87703 -4.772768 0 0 0 47.410349 -19.230659 -17.414269 0.382359 -10.727975 0.989351 -47.272436 -31.944257 -5.749092 0 0 0
0.200111 0.105929 -0.753243 6.371821 29.196318 -8.842315 -3.393208 11.713631 -0.097688 -0.681823 -12.769827 0.00406 0 0 0 1.363669 30.714966 6.455817 -2.527086 -42.631059 8.379123 0 0 0 0 0 0 -8.805303 2.600311 -13.245125 -55.259663 23.361469 -31.923364 -81.465573 24.85395 31.103012 -1.265869 6.617779 -2.201597 -3.636292 -2.244307 -19.133199 -7.100467 3.62086 1.822583 0 0 0 37.981329 3.85712 -18.21386 -3.981505 -0.312001 -2.714025 0 0 0 2.929467 -1.231741 -10.13273 -1.246458 0.377728 3.981735 0 0 0 18.723955 0.463054 -17.775594 -4.013708 0.99524 -3.126586 0 0 0 18.269087 2.108643 -5.565532 3.717059 8.635663 -20.580557 0 0 0 8.805303 2.600311 13.245125 16.439156 -10.105113 55.50167 96.491171 32.340661 -29.921985 -0.39649 -6.209888 -1.558893 3.635273 -2.24402 19.132416 7.100747 3.620751 -1.822804 0 0 0 -37.983061 3.857696 18.213087 3.981514 -0.312002 2.714676 0 0 0 -2.929954 -1.23167 10.131993 1.246384 0.377706 -3.981553 0 0 0 -18.724815 0.463336 17.774795 4.013885 0.995202 3.126699 0 0 0 -18.287739 2.122715 5.592006 -3.712166 8.636711 20.577783 0 0 0 -73.089318 -14.296794 23.412738 1.371037 5.692853 -0.370488 65.374789 -47.557207 -3.92524 0 0 0 47.005784 -18.182312 -15.822565 0.402984 -10.428746 0.993062 -48.738519 -30.583138 -5.891979 0 0 0
0.234573 0.096025 -0.688546 7.208652 27.844809 -8.665609 -5.118183 11.257271 0.160198 -1.330048 -13.412891 0.664061 0 0 0 2.380232 30.390685 7.540747 -0.239549 -39.505835 5.411186 0 0 0 0 0 0 -8.805303 2.600311 -13.245125 -54.40364 24.017883 -31.803644 -80.951776 24.568766 31.008878 -1.238844 6.491151 -2.157574 -3.636292 -2.244307 -19.133199 -7.100467 3.62086 1.822583 0 0 0 37.981329 3.85712 -18.21386 -3.981505 -0.312001 -2.714025 0 0 0 2.929467 -1.231741 -10.13273 -1.246458 0.377728 3.981735 0 0 0 18.723955 0.463054 -17.775594 -4.013708 0.99524 -3.126586 0 0 0 18.269087 2.108643 -5.565532 3.717059 8.635663 -20.580557 0 0 0 8.805303 2.600311 13.245125 14.934211 -22.310483 45.177245 110.489542 39.096702 -28.917023 2.224721 4.28653 2.513067 3.635273 -2.24402 19.132416 7.100747 3.620751 -1.822804 0 0 0 -37.983061 3.857696 18.213087 3.981514 -0.312002 2.714676 0 0 0 -2.929954 -1.23167 10.131993 1.246384 0.377706 -3.981553 0 0 0 -18.724815 0.463336 17.774795 4.013885 0.995202 3.126699 0 0 0 -18.287739 2.122715 5.592006 -3.712166 8.636711 20.577783 0 0 0 -73.384742 -13.41121 22.587079 1.003534 5.410321 -0.519948 66.739386 -41.087223 -2.646337 0 0 0 46.118959 -17.531034 -14.450379 0.424019 -10.181969 0.997674 -49.435171 -29.976233 -6.00002 0 0 0
0.273184 0.113264 -0.762502 7.570583 26.928685 -8.584077 -4.123888 11.737227 1.511417 -0.930473 -14.134208 -0.178351 0 0 0 1.757578 30.88785 7.050075 -1.122183 -38.727088 5.498045 0 0 0 0 0 0 -8.805303 2.600311 -13.245125 -56.477495 24.273067 -30.248278 -80.30062 24.20728 30.890017 -1.206669 6.336599 -2.104413 -3.636292 -2.244307 -19.133199 -7.100467 3.62086 1.822583 0 0 0 37.981329 3.85712 -18.21386 -3.981505 -0.312001 -2.714025 0 0 0 2.929467 -1.231741 -10.13273 -1.246458 0.377728 3.981735 0 0 0 18.723955 0.463054 -17.775594 -4.013708 0.99524 -3.126586 0 0 0 18.269087 2.108643 -5.565532 3.717059 8.635663 -20.580557 0 0 0 8.805303 2.600311 13.245125 29.032821 -31.358929 22.546794 114.422596 40.841825 -27.973871 5.370904 15.890228 7.208908 3.635273 -2.24402 19.132416 7.100747 3.620751 -1.822804 0 0 0 -37.983061 3.857696 18.213087 3.981514 -0.312002 2.714676 0 0 0 -2.929954 -1.23167 10.131993 1.246384 0.377706 -3.981553 0 0 0 -18.724815 0.463336 17.774795 4.013885 0.995202 3.126699 0 0 0 -18.287739 2.122715 5.592006 -3.712166 8.636711 20.577783 0 0 0 -73.502175 -12.911569 22.35939 0.737424 5.042822 -0.632365 67.777989 -36.256263 -1.758993 0 0 0 45.561833 -17.342237 -13.902852 0.442368 -9.991841 1.002834 -49.171401 -29.85786 -6.041858 0 0 0
0.287264 0.115718 -0.94936 6.911066 26.444901 -8.87726 -1.475454 13.039176 2.947245 0.173441 -14.609398 -2.129586 0 0 0 0.541974 31.327104 6.001442 -3.240003 -39.532438 7.184014 0 0 0 0 0 0 -8.805303 2.600311 -13.245125 -58.829534 24.612052 -27.155602 -80.181807 24.141349 30.868091 -1.124356 5.931021 -1.966386 -3.636292 -2.244307 -19.133199 -7.100467 3.62086 1.822583 0 0 0 37.981329 3.85712 -18.21386 -3.981505 -0.312001 -2.714025 0 0 0 2.929467 -1.231741 -10.13273 -1.246458 0.377728 3.981735 0 0 0 18.723955 0.463054 -17.775594 -4.013708 0.99524 -3.126586 0 0 0 18.269087 2.108643 -5.565532 3.717059 8.635663 -20.580557 0 0 0 8.805303 2.600311 13.245125 48.284009 -26.211637 -5.272129 103.599545 35.505919 -27.896185 6.341979 19.175048 8.591079 3.635273 -2.24402 19.132416 7.100747 3.620751 -1.822804 0 0 0 -37.983061 3.857696 18.213087 3.981514 -0.312002 2.714676 0 0 0 -2.929954 -1.23167 10.131993 1.246384 0.377706 -3.981553 0 0 0 -18.724815 0.463336 17.774795 4.013885 0.995202 3.126699 0 0 0 -18.287739 2.122715 5.592006 -3.712166 8.636711 20.577783 0 0 0 -72.910474 -12.927282 22.346343 0.762228 4.939683 -0.625194 67.783439 -36.556317 -1.931997 0 0 0 45.781268 -17.607461 -14.12786 0.44156 -9.858036 1.005984 -48.482188 -29.380929 -6.015884 0 0 0
0.220939 0.170729 -1.100125 5.523766 26.239766 -9.571811 0.269723 14.425296 3.228352 1.032486 -14.662464 -3.922288 0 0 0 0.335485 31.099543 6.05092 -3.884136 -40.154477 7.964255 0 0 0 0 0 0 -8.805303 2.600311 -13.245125 -58.423012 25.845417 -23.690974 -80.845115 24.509853 30.987081 -0.951222 5.067983 -1.674051 -3.636292 -2.244307 -19.133199 -7.100467 3.62086 1.822583 0 0 0 37.981329 3.85712 -18.21386 -3.981505 -0.312001 -2.714025 0 0 0 2.929467 -1.231741 -10.13273 -1.246458 0.377728 3.981735 0 0 0 18.723955 0.463054 -17.775594 -4.013708 0.99524 -3.126586 0 0 0 18.269087 2.108643 -5.565532 3.717059 8.635663 -20.580557 0 0 0 8.805303 2.600311 13.245125 57.157061 -7.52031 -25.927262 88.842891 28.367232 -28.659208 4.06659 9.581487 4.84144 3.635273 -2.24402 19.132416 7.100747 3.620751 -1.822804 0 0 0 -37.983061 3.857696 18.213087 3.981514 -0.312002 2.714676 0 0 0 -2.929954 -1.23167 10.131993 1.246384 0.377706 -3.981553 0 0 0 -18.724815 0.463336 17.774795 4.013885 0.995202 3.126699 0 0 0 -18.287739 2.122715 5.592006 -3.712166 8.636711 20.577783 0 0 0 -71.763362 -13.192089 22.256585 1.057329 5.259332 -0.501552 66.770633 -41.657825 -3.071817 0 0 0 46.566971 -18.140527 -14.565388 0.412123 -9.800637 1.0054 -48.15478 -28.072927 -5.951807 0 0 0
0.140303 0.164104 -1.102966 4.415557 26.149881 -10.259842 0.217865 15.232384 2.273258 1.177874 -14.433883 -4.530516 0 0 0 1.034307 30.233142 7.047886 -3.053462 -39.69882 7.553642 0 0 0 0 0 0 -8.805303 2.600311 -13.245125 -56.041478 28.011491 -21.671155 -81.841483 25.063802 31.162487 -0.72572 3.930223 -1.290511 -3.636292 -2.244307 -19.133199 -7.100467 3.62086 1.822583 0 0 0 37.981329 3.85712 -18.21386 -3.981505 -0.312001 -2.714025 0 0 0 2.929467 -1.231741 -10.13273 -1.246458 0.377728 3.981735 0 0 0 18.723955 0.463054 -17.775594 -4.013708 0.99524 -3.126586 0 0 0 18.269087 2.108643 -5.565532 3.717059 8.635663 -20.580557 0 0 0 8.805303 2.600311 13.245125 53.533734 13.379807 -31.952967 83.484865 25.947805 -29.928925 0.623737 -7.502905 -1.49972 3.635273 -2.24402 19.132416 7.100747 3.620751 -1.822804 0 0 0 -37.983061 3.857696 18.213087 3.981514 -0.312002 2.714676 0 0 0 -2.929954 -1.23167 10.131993 1.246384 0.377706 -3.981553 0 0 0 -18.724815 0.463336 17.774795 4.013885 0.995202 3.126699 0 0 0 -18.287739 2.122715 5.592006 -3.712166 8.636711 20.577783 0 0 0 -70.861678 -13.346626 22.105886 1.374884 5.750627 -0.364214 65.649187 -47.234301 -4.257436 0 0 0 47.112853 -18.644522 -14.701829 0.368987 -9.823098 1.002924 -48.320503 -26.550788 -5.885878 0 0 0
0.137283 0.1628 -1.08211 4.493336 26.190081 -10.496339 -0.35266 15.356889 1.406539 0.939496 -14.146896 -4.016732 0 0 0 1.298731 29.115302 7.521815 -2.71414 -38.726177 7.358048 0 0 0 0 0 0 -8.805303 2.600311 -13.245125 -54.844576 30.311549 -22.030137 -82.764659 25.577935 31.316745 -0.532827 2.941395 -0.959238 -3.636292 -2.244307 -19.133199 -7.100467 3.62086 1.822583 0 0 0 37.981329 3.85712 -18.21386 -3.981505 -0.312001 -2.714025 0 0 0 2.929467 -1.231741 -10.13273 -1.246458 0.377728 3.981735 0 0 0 18.723955 0.463054 -17.775594 -4.013708 0.99524 -3.126586 0 0 0 18.269087 2.108643 -5.565532 3.717059 8.635663 -20.580557 0 0 0 8.805303 2.600311 13.245125 46.844682 27.820453 -25.530874 88.013776 28.52733 -31.264049 -1.677004 -23.024144 -6.818783 3.635273 -2.24402 19.132416 7.100747 3.620751 -1.822804 0 0 0 -37.983061 3.857696 18.213087 3.981514 -0.312002 2.714676 0 0 0 -2.929954 -1.23167 10.131993 1.246384 0.377706 -3.981553 0 0 0 -18.724815 0.463336 17.774795 4.013885 0.995202 3.126699 0 0 0 -18.287739 2.122715 5.592006 -3.712166 8.636711 20.577783 0 0 0 -71.015813 -13.145808 22.270858 1.440903 5.939963 -0.334833 65.472539 -48.689183 -4.450249 0 0 0 46.631041 -19.01701 -14.421461 0.336054 -9.914225 1.002009 -48.349264 -25.997924 -5.825148 0 0 0
0.113602 0.141351 -1.083492 5.555356 26.455977 -10.266845 -0.317247 14.963902 1.521258 0.786238 -13.917383 -3.248138 0 0 0 0.697557 28.155895 7.04163 -3.625633 -38.034419 7.988675 0 0 0 0 0 0 -8.805303 2.600311 -13.245125 -55.897019 32.235818 -24.178381 -83.678335 26.087863 31.456251 -0.406392 2.276225 -0.738571 -3.636292 -2.244307 -19.133199 -7.100467 3.62086 1.822583 0 0 0 37.981329 3.85712 -18.21386 -3.981505 -0.312001 -2.714025 0 0 0 2.929467 -1.231741 -10.13273 -1.246458 0.377728 3.981735 0 0 0 18.723955 0.463054 -17.775594 -4.013708 0.99524 -3.126586 0 0 0 18.269087 2.108643 -5.565532 3.717059 8.635663 -20.580557 0 0 0 8.805303 2.600311 13.245125 43.50726 35.190974 -13.49135 94.513142 32.078387 -32.118176 -2.554881 -31.927368 -9.650678 3.635273 -2.24402 19.132416 7.100747 3.620751 -1.822804 0 0 0 -37.983061 3.857696 18.213087 3.981514 -0.312002 2.714676 0 0 0 -2.929954 -1.23167 10.131993 1.246384 0.377706 -3.981553 0 0 0 -18.724815 0.463336 17.774795 4.013885 0.995202 3.126699 0 0 0 -18.287739 2.122715 5.592006 -3.712166 8.636711 20.577783 0 0 0 -72.091769 -12.725285 22.903925 1.254992 5.711228 -0.418734 66.224827 -45.975474 -3.654146 0 0 0 45.29141 -19.320095 -14.017834 0.320855 -10.051269 1.003718 -47.858532 -26.655846 -5.758178 0 0 0
0.1539 0.123995 -1.087676 6.531852 26.819817 -9.904457 0.138012 14.295672 2.072853 0.823968 -13.776813 -2.903839 0 0 0 -0.082521 27.530681 6.381289 -4.880777 -37.718657 8.919408 0 0 0 0 0 0 -8.805303 2.600311 -13.245125 -57.636719 34.000447 -26.790471 -84.760391 26.692424 31.608571 -0.318244 1.79717 -0.581519 -3.636292 -2.244307 -19.133199 -7.100467 3.62086 1.822583 0 0 0 37.981329 3.85712 -18.21386 -3.981505 -0.312001 -2.714025 0 0 0 2.929467 -1.231741 -10.13273 -1.246458 0.377728 3.981735 0 0 0 18.723955 0.463054 -17.775594 -4.013708 0.99524 -3.126586 0 0 0 18.269087 2.108643 -5.565532 3.717059 8.635663 -20.580557 0 0 0 8.805303 2.600311 13.245125 43.522853 37.731064 -0.890018 98.452014 34.224136 -32.401656 -2.761343 -34.766574 -10.50966 3.635273 -2.24402 19.132416 7.100747 3.620751 -1.822804 0 0 0 -37.983061 3.857696 18.213087 3.981514 -0.312002 2.714676 0 0 0 -2.929954 -1.23167 10.131993 1.246384 0.377706 -3.981553 0 0 0 -18.724815 0.463336 17.774795 4.013885 0.995202 3.126699 0 0 0 -18.287739 2.122715 5.592006 -3.712166 8.636711 20.577783 0 0 0 -73.106641 -12.497075 23.532856 1.058855 5.451348 -0.509647 66.965197 -42.992031 -2.830682 0 0 0 44.069814 -19.527433 -13.834091 0.314498 -10.152125 1.006163 -47.257769 -27.406758 -5.699097 0 0 0
0.149206 0.119075 -1.05702 6.812773 27.023015 -9.673505 0.463795 13.645584 2.294589 0.911068 -13.720725 -2.9243 0 0 0 -0.515164 27.104775 6.049502 -5.616034 -37.398676 9.565334 0 0 0 0 0 0 -8.805303 2.600311 -13.245125 -58.696809 35.775052 -28.954903 -85.957065 27.361233 31.765989 -0.251934 1.431703 -0.462303 -3.636292 -2.244307 -19.133199 -7.100467 3.62086 1.822583 0 0 0 37.981329 3.85712 -18.21386 -3.981505 -0.312001 -2.714025 0 0 0 2.929467 -1.231741 -10.13273 -1.246458 0.377728 3.981735 0 0 0 18.723955 0.463054 -17.775594 -4.013708 0.99524 -3.126586 0 0 0 18.269087 2.108643 -5.565532 3.717059 8.635663 -20.580557 0 0 0 8.805303 2.600311 13.245125 45.228411 36.78412 10.323725 100.163681 35.147484 -32.427817 -2.79283 -34.482965 -10.408899 3.635273 -2.24402 19.132416 7.100747 3.620751 -1.822804 0 0 0 -37.983061 3.857696 18.213087 3.981514 -0.312002 2.714676 0 0 0 -2.929954 -1.23167 10.131993 1.246384 0.377706 -3.981553 0 0 0 -18.724815 0.463336 17.774795 4.013885 0.995202 3.126699 0 0 0 -18.287739 2.122715 5.592006 -3.712166 8.636711 20.577783 0 0 0 -73.439788 -12.585185 23.702736 0.997992 5.46552 -0.538767 67.181418 -42.144952 -2.563917 0 0 0 43.517547 -19.577029 -13.852555 0.307215 -10.148936 1.007491 -47.013716 -27.302546 -5.66956 0 0 0
0.148139 0.115718 -1.018047 6.712363 27.004526 -9.60076 0.521422 13.150687 2.203502 0.92733 -13.720775 -2.913568 0 0 0 -0.646125 26.65695 5.92372 -5.752985 -36.788158 9.770531 0 0 0 0 0 0 -8.805303 2.600311 -13.245125 -59.082444 37.287117 -30.506571 -87.080446 27.988993 31.902916 -0.217659 1.243033 -0.400734 -3.636292 -2.244307 -19.133199 -7.100467 3.62086 1.822583 0 0 0 37.981329 3.85712 -18.21386 -3.981505 -0.312001 -2.714025 0 0 0 2.929467 -1.231741 -10.13273 -1.246458 0.377728 3.981735 0 0 0 18.723955 0.463054 -17.775594 -4.013708 0.99524 -3.126586 0 0 0 18.269087 2.108643 -5.565532 3.717059 8.635663 -20.580557 0 0 0 8.805303 2.600311 13.245125 47.252119 33.646924 19.544007 100.880709 35.528406 -32.411647 -2.776995 -32.652291 -9.836595 3.635273 -2.24402 19.132416 7.100747 3.620751 -1.822804 0 0 0 -37.983061 3.857696 18.213087 3.981514 -0.312002 2.714676 0 0 0 -2.929954 -1.23167 10.131993 1.246384 0.377706 -3.981553 0 0 0 -18.724815 0.463336 17.774795 4.013885 0.995202 3.126699 0 0 0 -18.287739 2.122715 5.592006 -3.712166 8.636711 20.577783 0 0 0 -73.345027 -12.6968 23.523979 1.013474 5.637326 -0.529603 67.166187 -42.485281 -2.613804 0 0 0 43.313473 -19.530587 -13.778544 0.296684 -10.090284 1.007882 -47.007296 -26.63077 -5.656041 0 0 0
0.123771 0.115343 -0.984291 6.687668 26.878348 -9.616332 0.408216 12.753918 2.143491 0.86009 -13.737383 -2.731753 0 0 0 -0.659005 26.117017 5.829012 -5.569303 -35.907531 9.668042 0 0 0 0 0 0 -8.805303 2.600311 -13.245125 -59.153341 38.299884 -31.613958 -88.05152 28.531262 32.010079 -0.205084 1.173811 -0.378146 -3.636292 -2.244307 -19.133199 -7.100467 3.62086 1.822583 0 0 0 37.981329 3.85712 -18.21386 -3.981505 -0.312001 -2.714025 0 0 0 2.929467 -1.231741 -10.13273 -1.246458 0.377728 3.981735 0 0 0 18.723955 0.463054 -17.775594 -4.013708 0.99524 -3.126586 0 0 0 18.269087 2.108643 -5.565532 3.717059 8.635663 -20.580557 0 0 0 8.805303 2.600311 13.245125 48.86297 29.977306 26.615498 101.173943 35.68284 -32.400852 -2.695769 -29.19101 -8.775679 3.635273 -2.24402 19.132416 7.100747 3.620751 -1.822804 0 0 0 -37.983061 3.857696 18.213087 3.981514 -0.312002 2.714676 0 0 0 -2.929954 -1.23167 10.131993 1.246384 0.377706 -3.981553 0 0 0 -18.724815 0.463336 17.774795 4.013885 0.995202 3.126699 0 0 0 -18.287739 2.122715 5.592006 -3.712166 8.636711 20.577783 0 0 0 -73.257218 -12.582636 23.305456 1.018761 5.749999 -0.52202 67.269447 -42.54656 -2.629898 0 0 0 42.996286 -19.50916 -13.45022 0.286366 -10.043745 1.008397 -46.900249 -26.038868 -5.635977 0 0 0
0.096263 0.114943 -0.949347 6.758525 26.726906 -9.678839 0.208787 12.373785 2.182267 0.754401 -13.734986 -2.49901 0 0 0 -0.624413 25.53407 5.753555 -5.267091 -34.907121 9.440908 0 0 0 0 0 0 -8.805303 2.600311 -13.245125 -58.993618 38.924597 -32.456516 -88.914304 29.012554 32.095627 -0.188355 1.079821 -0.347684 -3.636292 -2.244307 -19.133199 -7.100467 3.62086 1.822583 0 0 0 37.981329 3.85712 -18.21386 -3.981505 -0.312001 -2.714025 0 0 0 2.929467 -1.231741 -10.13273 -1.246458 0.377728 3.981735 0 0 0 18.723955 0.463054 -17.775594 -4.013708 0.99524 -3.126586 0 0 0 18.269087 2.108643 -5.565532 3.717059 8.635663 -20.580557 0 0 0 8.805303 2.600311 13.245125 50.196781 26.942383 31.781502 101.202635 35.697967 -32.399854 -2.507006 -24.311589 -7.302553 3.635273 -2.24402 19.132416 7.100747 3.620751 -1.822804 0 0 0 -37.983061 3.857696 18.213087 3.981514 -0.312002 2.714676 0 0 0 -2.929954 -1.23167 10.131993 1.246384 0.377706 -3.981553 0 0 0 -18.724815 0.463336 17.774795 4.013885 0.995202 3.126699 0 0 0 -18.287739 2.122715 5.592006 -3.712166 8.636711 20.577783 0 0 0 -73.231221 -12.30799 23.136913 1.004096 5.782731 -0.522644 67.486489 -42.179298 -2.576136 0 0 0 42.48615 -19.567755 -12.972348 0.277235 -10.000178 1.009081 -46.612795 -25.546764 -5.607046 0 0 0
0.068723 0.114091 -0.92711 6.711214 26.541268 -9.766737 0.014835 12.014297 2.163684 0.658213 -13.709089 -2.303834 0 0 0 -0.550502 24.954638 5.70434 -4.909038 -33.906308 9.229803 0 0 0 0 0 0 -8.805303 2.600311 -13.245125 -58.709912 39.411428 -33.182948 -89.656819 29.426423 32.163762 -0.163802 0.941322 -0.302857 -3.636292 -2.244307 -19.133199 -7.100467 3.62086 1.822583 0 0 0 37.981329 3.85712 -18.21386 -3.981505 -0.312001 -2.714025 0 0 0 2.929467 -1.231741 -10.13273 -1.246458 0.377728 3.981735 0 0 0 18.723955 0.463054 -17.775594 -4.013708 0.99524 -3.126586 0 0 0 18.269087 2.108643 -5.565532 3.717059 8.635663 -20.580557 0 0 0 8.805303 2.600311 13.245125 51.534195 24.920194 35.368179 101.053595 35.619817 -32.406314 -2.214017 -19.116477 -5.755047 3.635273 -2.24402 19.132416 7.100747 3.620751 -1.822804 0 0 0 -37.983061 3.857696 18.213087 3.981514 -0.312002 2.714676 0 0 0 -2.929954 -1.23167 10.131993 1.246384 0.377706 -3.981553 0 0 0 -18.724815 0.463336 17.774795 4.013885 0.995202 3.126699 0 0 0 -18.287739 2.122715 5.592006 -3.712166 8.636711 20.577783 0 0 0 -73.093396 -12.070796 22.925515 0.996674 5.826269 -0.52066 67.658935 -41.92433 -2.55961 0 0 0 41.946018 -19.652071 -12.510207 0.26536 -9.943172 1.009232 -46.254288 -24.863581 -5.570014 0 0 0
0.057093 0.10961 -0.9108 6.46466 26.26221 -9.855197 -0.079858 11.769717 1.987364 0.598505 -13.693429 -2.137549 0 0 0 -0.4502 24.420606 5.668201 -4.536984 -33.029475 9.135156 0 0 0 0 0 0 -8.805303 2.600311 -13.245125 -58.54657 39.907573 -33.866898 -90.168468 29.711476 32.208579 -0.142402 0.820224 -0.263702 -3.636292 -2.244307 -19.133199 -7.100467 3.62086 1.822583 0 0 0 37.981329 3.85712 -18.21386 -3.981505 -0.312001 -2.714025 0 0 0 2.929467 -1.231741 -10.13273 -1.246458 0.377728 3.981735 0 0 0 18.723955 0.463054 -17.775594 -4.013708 0.99524 -3.126586 0 0 0 18.269087 2.108643 -5.565532 3.717059 8.635663 -20.580557 0 0 0 8.805303 2.600311 13.245125 52.813904 23.796122 37.594154 100.830966 35.502949 -32.41559 -1.902193 -14.870582 -4.502543 3.635273 -2.24402 19.132416 7.100747 3.620751 -1.822804 0 0 0 -37.983061 3.857696 18.213087 3.981514 -0.312002 2.714676 0 0 0 -2.929954 -1.23167 10.131993 1.246384 0.377706 -3.981553 0 0 0 -18.724815 0.463336 17.774795 4.013885 0.995202 3.126699 0 0 0 -18.287739 2.122715 5.592006 -3.712166 8.636711 20.577783 0 0 0 -72.75201 -11.939774 22.557119 1.013409 5.91031 -0.509965 67.711463 -42.120194 -2.632713 0 0 0 41.590355 -19.631198 -12.106441 0.252075 -9.896466 1.009115 -45.949433 -24.082551 -5.529244 0 0 0
0.043818 0.108176 -0.8944 6.139934 25.873736 -9.931482 -0.093459 11.702944 1.717501 0.563864 -13.699294 -1.979126 0 0 0 -0.347181 23.958456 5.635421 -4.204198 -32.3682 9.174571 0 0 0 0 0 0 -8.805303 2.600311 -13.245125 -58.618274 40.382741 -34.464178 -90.384874 29.831936 32.226877 -0.129047 0.744311 -0.239194 -3.636292 -2.244307 -19.133199 -7.100467 3.62086 1.822583 0 0 0 37.981329 3.85712 -18.21386 -3.981505 -0.312001 -2.714025 0 0 0 2.929467 -1.231741 -10.13273 -1.246458 0.377728 3.981735 0 0 0 18.723955 0.463054 -17.775594 -4.013708 0.99524 -3.126586 0 0 0 18.269087 2.108643 -5.565532 3.717059 8.635663 -20.580557 0 0 0 8.805303 2.600311 13.245125 53.904836 23.31937 38.690507 100.599637 35.381317 -32.424703 -1.685174 -12.341416 -3.75996 3.635273 -2.24402 19.132416 7.100747 3.620751 -1.822804 0 0 0 -37.983061 3.857696 18.213087 3.981514 -0.312002 2.714676 0 0 0 -2.929954 -1.23167 10.131993 1.246384 0.377706 -3.981553 0 0 0 -18.724815 0.463336 17.774795 4.013885 0.995202 3.126699 0 0 0 -18.287739 2.122715 5.592006 -3.712166 8.636711 20.577783 0 0 0 -72.300284 -11.840511 22.032803 1.054208 5.99591 -0.49199 67.671529 -42.741616 -2.777688 0 0 0 41.531495 -19.438696 -11.717926 0.244591 -9.878823 1.009757 -45.787707 -23.561493 -5.500943 0 0 0
0.021419 0.109119 -0.865164 5.89494 25.469822 -10.001186 -0.175417 11.744014 1.50307 0.503254 -13.678466 -1.792605 0 0 0 -0.269605 23.500376 5.521338 -3.887011 -31.857043 9.287616 0 0 0 0 0 0 -8.805303 2.600311 -13.245125 -58.792473 40.648217 -34.88032 -90.371259 29.824206 32.225538 -0.127388 0.734728 -0.236116 -3.636292 -2.244307 -19.133199 -7.100467 3.62086 1.822583 0 0 0 37.981329 3.85712 -18.21386 -3.981505 -0.312001 -2.714025 0 0 0 2.929467 -1.231741 -10.13273 -1.246458 0.377728 3.981735 0 0 0 18.723955 0.463054 -17.775594 -4.013708 0.99524 -3.126586 0 0 0 18.269087 2.108643 -5.565532 3.717059 8.635663 -20.580557 0 0 0 8.805303 2.600311 13.245125 54.805542 23.208397 39.031911 100.379243 35.265239 -32.432865 -1.590443 -11.334315 -3.464478 3.635273 -2.24402 19.132416 7.100747 3.620751 -1.822804 0 0 0 -37.983061 3.857696 18.213087 3.981514 -0.312002 2.714676 0 0 0 -2.929954 -1.23167 10.131993 1.246384 0.377706 -3.981553 0 0 0 -18.724815 0.463336 17.774795 4.013885 0.995202 3.126699 0 0 0 -18.287739 2.122715 5.592006 -3.712166 8.636711 20.577783 0 0 0 -71.923476 -11.721264 21.520232 1.107757 6.062559 -0.470988 67.591635 -43.565118 -2.952492 0 0 0 41.618459 -19.185564 -11.345417 0.242377 -9.8784 1.011035 -45.74332 -23.332176 -5.489295 0 0 0
0.013882 0.106807 -0.874061 5.779881 25.165655 -10.070062 -0.443913 11.788317 1.434922 0.373664 -13.594001 -1.524462 0 0 0 -0.245119 22.951721 5.193907 -3.517983 -31.350676 9.437062 0 0 0 0 0 0 -8.805303 2.600311 -13.245125 -58.862919 40.531252 -35.07966 -90.250334 29.756738 32.2154 -0.142889 0.822523 -0.264494 -3.636292 -2.244307 -19.133199 -7.100467 3.62086 1.822583 0 0 0 37.981329 3.85712 -18.21386 -3.981505 -0.312001 -2.714025 0 0 0 2.929467 -1.231741 -10.13273 -1.246458 0.377728 3.981735 0 0 0 18.723955 0.463054 -17.775594 -4.013708 0.99524 -3.126586 0 0 0 18.269087 2.108643 -5.565532 3.717059 8.635663 -20.580557 0 0 0 8.805303 2.600311 13.245125 55.551304 23.134413 39.080348 100.184318 35.162447 -32.439704 -1.548573 -10.94183 -3.348738 3.635273 -2.24402 19.132416 7.100747 3.620751 -1.822804 0 0 0 -37.983061 3.857696 18.213087 3.981514 -0.312002 2.714676 0 0 0 -2.929954 -1.23167 10.131993 1.246384 0.377706 -3.981553 0 0 0 -18.724815 0.463336 17.774795 4.013885 0.995202 3.126699 0 0 0 -18.287739 2.122715 5.592006 -3.712166 8.636711 20.577783 0 0 0 -71.727839 -11.604497 21.201276 1.154229 6.117807 -0.453091 67.519957 -44.26877 -3.102519 0 0 0 41.610988 -19.037127 -11.04651 0.237717 -9.877342 1.011852 -45.706977 -23.123751 -5.479834 0 0 0
0.001273 0.101087 -0.888796 5.745738 24.976309 -10.128239 -0.799083 11.802503 1.478227 0.212885 -13.482851 -1.218971 0 0 0 -0.281041 22.397886 4.720066 -3.172906 -30.840789 9.647167 0 0 0 0 0 0 -8.805303 2.600311 -13.245125 -58.822304 40.136661 -35.135695 -90.110014 29.678515 32.20372 -0.171862 0.986395 -0.317487 -3.636292 -2.244307 -19.133199 -7.100467 3.62086 1.822583 0 0 0 37.981329 3.85712 -18.21386 -3.981505 -0.312001 -2.714025 0 0 0 2.929467 -1.231741 -10.13273 -1.246458 0.377728 3.981735 0 0 0 18.723955 0.463054 -17.775594 -4.013708 0.99524 -3.126586 0 0 0 18.269087 2.108643 -5.565532 3.717059 8.635663 -20.580557 0 0 0 8.805303 2.600311 13.245125 56.138442 22.937212 39.128451 100.031711 35.081893 -32.444819 -1.50452 -10.557254 -3.234846 3.635273 -2.24402 19.132416 7.100747 3.620751 -1.822804 0 0 0 -37.983061 3.857696 18.213087 3.981514 -0.312002 2.714676 0 0 0 -2.929954 -1.23167 10.131993 1.246384 0.377706 -3.981553 0 0 0 -18.724815 0.463336 17.774795 4.013885 0.995202 3.126699 0 0 0 -18.287739 2.122715 5.592006 -3.712166 8.636711 20.577783 0 0 0 -71.673808 -11.514161 21.094524 1.176313 6.157102 -0.444155 67.495935 -44.588582 -3.177835 0 0 0 41.494033 -19.019622 -10.858134 0.228668 -9.873552 1.01193 -45.646237 -22.826195 -5.465098 0 0 0
-0.007106 0.099589 -0.90836 5.730308 24.845339 -10.158319 -0.95912 11.77495 1.542216 0.135106 -13.411232 -1.05683 0 0 0 -0.350278 22.102052 4.423676 -3.07648 -30.488648 9.915507 0 0 0 0 0 0 -8.805303 2.600311 -13.245125 -58.938821 39.840131 -35.18591 -89.999048 29.616839 32.194928 -0.19685 1.12746 -0.363133 -3.636292 -2.244307 -19.133199 -7.100467 3.62086 1.822583 0 0 0 37.981329 3.85712 -18.21386 -3.981505 -0.312001 -2.714025 0 0 0 2.929467 -1.231741 -10.13273 -1.246458 0.377728 3.981735 0 0 0 18.723955 0.463054 -17.775594 -4.013708 0.99524 -3.126586 0 0 0 18.269087 2.108643 -5.565532 3.717059 8.635663 -20.580557 0 0 0 8.805303 2.600311 13.245125 56.514867 22.759622 39.199472 99.923822 35.024885 -32.448276 -1.470652 -10.262378 -3.147495 3.635273 -2.24402 19.132416 7.100747 3.620751 -1.822804 0 0 0 -37.983061 3.857696 18.213087 3.981514 -0.312002 2.714676 0 0 0 -2.929954 -1.23167 10.131993 1.246384 0.377706 -3.981553 0 0 0 -18.724815 0.463336 17.774795 4.013885 0.995202 3.126699 0 0 0 -18.287739 2.122715 5.592006 -3.712166 8.636711 20.577783 0 0 0 -71.669208 -11.456922 21.095578 1.172944 6.175077 -0.444633 67.52636 -44.5136 -3.172604 0 0 0 41.404212 -19.045932 -10.769853 0.219073 -9.873624 1.011809 -45.612931 -22.522989 -5.450182 0 0 0
-0.011206 0.096761 -0.929215 5.714219 24.730707 -10.156856 -0.776917 11.694182 1.590308 0.202314 -13.400149 -1.148496 0 0 0 -0.417682 22.183603 4.506869 -3.318214 -30.397669 10.178816 0 0 0 0 0 0 -8.805303 2.600311 -13.245125 -59.412944 39.898514 -35.315752 -89.94698 29.588459 32.192385 -0.203449 1.164677 -0.375179 -3.636292 -2.244307 -19.133199 -7.100467 3.62086 1.822583 0 0 0 37.981329 3.85712 -18.21386 -3.981505 -0.312001 -2.714025 0 0 0 2.929467 -1.231741 -10.13273 -1.246458 0.377728 3.981735 0 0 0 18.723955 0.463054 -17.775594 -4.013708 0.99524 -3.126586 0 0 0 18.269087 2.108643 -5.565532 3.717059 8.635663 -20.580557 0 0 0 8.805303 2.600311 13.245125 56.650336 22.754163 39.263498 99.843564 34.982428 -32.450713 -1.467378 -10.233681 -3.138996 3.635273 -2.24402 19.132416 7.100747 3.620751 -1.822804 0 0 0 -37.983061 3.857696 18.213087 3.981514 -0.312002 2.714676 0 0 0 -2.929954 -1.23167 10.131993 1.246384 0.377706 -3.981553 0 0 0 -18.724815 0.463336 17.774795 4.013885 0.995202 3.126699 0 0 0 -18.287739 2.122715 5.592006 -3.712166 8.636711 20.577783 0 0 0 -71.67187 -11.432811 21.115771 1.155882 6.181242 -0.450142 67.586702 -44.229117 -3.121912 0 0 0 41.389809 -19.051201 -10.744794 0.211025 -9.881225 1.011799 -45.634117 -22.267006 -5.438398 0 0 0
-0.014817 0.094617 -0.946803 5.711985 24.616566 -10.137501 -0.499024 11.61378 1.646146 0.312575 -13.413538 -1.326673 0 0 0 -0.473486 22.380271 4.707537 -3.636995 -30.400647 10.408417 0 0 0 0 0 0 -8.805303 2.600311 -13.245125 -59.961549 40.131194 -35.487258 -89.941762 29.586384 32.194358 -0.200783 1.149717 -0.370329 -3.636292 -2.244307 -19.133199 -7.100467 3.62086 1.822583 0 0 0 37.981329 3.85712 -18.21386 -3.981505 -0.312001 -2.714025 0 0 0 2.929467 -1.231741 -10.13273 -1.246458 0.377728 3.981735 0 0 0 18.723955 0.463054 -17.775594 -4.013708 0.99524 -3.126586 0 0 0 18.269087 2.108643 -5.565532 3.717059 8.635663 -20.580557 0 0 0 8.805303 2.600311 13.245125 56.705326 22.833995 39.381135 99.767345 34.942074 -32.45292 -1.476009 -10.307719 -3.16096 3.635273 -2.24402 19.132416 7.100747 3.620751 -1.822804 0 0 0 -37.983061 3.857696 18.213087 3.981514 -0.312002 2.714676 0 0 0 -2.929954 -1.23167 10.131993 1.246384 0.377706 -3.981553 0 0 0 -18.724815 0.463336 17.774795 4.013885 0.995202 3.126699 0 0 0 -18.287739 2.122715 5.592006 -3.712166 8.636711 20.577783 0 0 0 -71.685685 -11.422394 21.119723 1.136741 6.176807 -0.456868 67.654 -43.904811 -3.063202 0 0 0 41.414931 -19.022842 -10.743453 0.205008 -9.896027 1.011927 -45.689042 -22.079959 -5.429232 0 0 0
-0.014398 0.092719 -0.965747 5.722216 24.496176 -10.119883 -0.510039 11.612925 1.725193 0.304736 -13.408142 -1.313204 0 0 0 -0.523745 22.31546 4.594794 -3.664916 -30.215708 10.630304 0 0 0 0 0 0 -8.805303 2.600311 -13.245125 -60.07427 40.177595 -35.608852 -89.938967 29.5851 32.194937 -0.207727 1.188855 -0.383 -3.636292 -2.244307 -19.133199 -7.100467 3.62086 1.822583 0 0 0 37.981329 3.85712 -18.21386 -3.981505 -0.312001 -2.714025 0 0 0 2.929467 -1.231741 -10.13273 -1.246458 0.377728 3.981735 0 0 0 18.723955 0.463054 -17.775594 -4.013708 0.99524 -3.126586 0 0 0 18.269087 2.108643 -5.565532 3.717059 8.635663 -20.580557 0 0 0 8.805303 2.600311 13.245125 56.964589 22.87744 39.578707 99.683523 34.897665 -32.455283 -1.466671 -10.226663 -3.136944 3.635273 -2.24402 19.132416 7.100747 3.620751 -1.822804 0 0 0 -37.983061 3.857696 18.213087 3.981514 -0.312002 2.714676 0 0 0 -2.929954 -1.23167 10.131993 1.246384 0.377706 -3.981553 0 0 0 -18.724815 0.463336 17.774795 4.013885 0.995202 3.126699 0 0 0 -18.287739 2.122715 5.592006 -3.712166 8.636711 20.577783 0 0 0 -71.704003 -11.401487 21.099875 1.123117 6.151595 -0.462939 67.716371 -43.640503 -3.022959 0 0 0 41.451092 -18.976696 -10.744366 0.202089 -9.910631 1.01229 -45.728998 -21.994062 -5.422923 0 0 0
-0.014667 0.091389 -0.982263 5.710928 24.37072 -10.118596 -0.815331 11.676918 1.809755 0.174699 -13.383236 -1.090798 0 0 0 -0.562527 21.974848 4.177536 -3.389988 -29.812303 10.814343 0 0 0 0 0 0 -8.805303 2.600311 -13.245125 -59.725163 40.01203 -35.656073 -89.917796 29.572803 32.191694 -0.224155 1.28124 -0.412931 -3.636292 -2.244307 -19.133199 -7.100467 3.62086 1.822583 0 0 0 37.981329 3.85712 -18.21386 -3.981505 -0.312001 -2.714025 0 0 0 2.929467 -1.231741 -10.13273 -1.246458 0.377728 3.981735 0 0 0 18.723955 0.463054 -17.775594 -4.013708 0.99524 -3.126586 0 0 0 18.269087 2.108643 -5.565532 3.717059 8.635663 -20.580557 0 0 0 8.805303 2.600311 13.245125 57.470455 22.980249 39.746228 99.598354 34.852504 -32.457614 -1.427942 -9.90597 -3.041373 3.635273 -2.24402 19.132416 7.100747 3.620751 -1.822804 0 0 0 -37.983061 3.857696 18.213087 3.981514 -0.312002 2.714676 0 0 0 -2.929954 -1.23167 10.131993 1.246384 0.377706 -3.981553 0 0 0 -18.724815 0.463336 17.774795 4.013885 0.995202 3.126699 0 0 0 -18.287739 2.122715 5.592006 -3.712166 8.636711 20.577783 0 0 0 -71.697935 -11.373501 21.062506 1.120198 6.112527 -0.466416 67.758515 -43.520632 -3.019432 0 0 0 41.48249 -18.941347 -10.747527 0.201981 -9.914405 1.012907 -45.706393 -21.988989 -5.418993 0 0 0
-0.017296 0.090614 -1.001969 5.657088 24.239973 -10.126544 -1.054385 11.718364 1.87494 0.071874 -13.373057 -0.909766 0 0 0 -0.575992 21.678013 3.880047 -3.140186 -29.394275 10.858307 0 0 0 0 0 0 -8.805303 2.600311 -13.245125 -59.400117 39.917358 -35.672981 -89.888742 29.555734 32.186635 -0.236672 1.351529 -0.435715 -3.636292 -2.244307 -19.133199 -7.100467 3.62086 1.822583 0 0 0 37.981329 3.85712 -18.21386 -3.981505 -0.312001 -2.714025 0 0 0 2.929467 -1.231741 -10.13273 -1.246458 0.377728 3.981735 0 0 0 18.723955 0.463054 -17.775594 -4.013708 0.99524 -3.126586 0 0 0 18.269087 2.108643 -5.565532 3.717059 8.635663 -20.580557 0 0 0 8.805303 2.600311 13.245125 57.925125 23.257341 39.780869 99.514739 34.808124 -32.459788 -1.337083 -9.197445 -2.828492 3.635273 -2.24402 19.132416 7.100747 3.620751 -1.822804 0 0 0 -37.983061 3.857696 18.213087 3.981514 -0.312002 2.714676 0 0 0 -2.929954 -1.23167 10.131993 1.246384 0.377706 -3.981553 0 0 0 -18.724815 0.463336 17.774795 4.013885 0.995202 3.126699 0 0 0 -18.287739 2.122715 5.592006 -3.712166 8.636711 20.577783 0 0 0 -71.652758 -11.363459 21.009068 1.126313 6.07938 -0.466867 67.777545 -43.539678 -3.047251 0 0 0 41.505206 -18.919433 -10.762092 0.202308 -9.909148 1.013561 -45.634393 -21.98488 -5.41466 0 0 0
-0.01636 0.089193 -1.024529 5.581647 24.097282 -10.120994 -0.954173 11.691878 1.912133 0.112139 -13.400893 -0.977189 0 0 0 -0.576934 21.646142 3.985431 -3.184717 -29.072295 10.732041 0 0 0 0 0 0 -8.805303 2.600311 -13.245125 -59.484738 40.071496 -35.685972 -89.86622 29.542397 32.182386 -0.238509 1.36182 -0.439054 -3.636292 -2.244307 -19.133199 -7.100467 3.62086 1.822583 0 0 0 37.981329 3.85712 -18.21386 -3.981505 -0.312001 -2.714025 0 0 0 2.929467 -1.231741 -10.13273 -1.246458 0.377728 3.981735 0 0 0 18.723955 0.463054 -17.775594 -4.013708 0.99524 -3.126586 0 0 0 18.269087 2.108643 -5.565532 3.717059 8.635663 -20.580557 0 0 0 8.805303 2.600311 13.245125 57.999632 23.549471 39.732121 99.412048 34.753572 -32.462293 -1.157213 -7.839554 -2.418555 3.635273 -2.24402 19.132416 7.100747 3.620751 -1.822804 0 0 0 -37.983061 3.857696 18.213087 3.981514 -0.312002 2.714676 0 0 0 -2.929954 -1.23167 10.131993 1.246384 0.377706 -3.981553 0 0 0 -18.724815 0.463336 17.774795 4.013885 0.995202 3.126699 0 0 0 -18.287739 2.122715 5.592006 -3.712166 8.636711 20.577783 0 0 0 -71.585566 -11.38216 20.932261 1.132509 6.056406 -0.466983 67.796033 -43.559306 -3.077965 0 0 0 41.52119 -18.885191 -10.790529 0.20097 -9.907268 1.013941 -45.572565 -21.904967 -5.406815 0 0 0
-0.013316 0.084971 -1.047192 5.518128 23.948277 -10.098961 -0.538509 11.614203 1.925974 0.289441 -13.458179 -1.296686 0 0 0 -0.603262 21.839594 4.416789 -3.552102 -28.811172 10.542662 0 0 0 0 0 0 -8.805303 2.600311 -13.245125 -59.97867 40.429917 -35.685738 -89.864596 29.541236 32.181504 -0.231024 1.319898 -0.425453 -3.636292 -2.244307 -19.133199 -7.100467 3.62086 1.822583 0 0 0 37.981329 3.85712 -18.21386 -3.981505 -0.312001 -2.714025 0 0 0 2.929467 -1.231741 -10.13273 -1.246458 0.377728 3.981735 0 0 0 18.723955 0.463054 -17.775594 -4.013708 0.99524 -3.126586 0 0 0 18.269087 2.108643 -5.565532 3.717059 8.635663 -20.580557 0 0 0 8.805303 2.600311 13.245125 57.637277 23.654384 39.664406 99.273707 34.680039 -32.465525 -0.913206 -6.026807 -1.869842 3.635273 -2.24402 19.132416 7.100747 3.620751 -1.822804 0 0 0 -37.983061 3.857696 18.213087 3.981514 -0.312002 2.714676 0 0 0 -2.929954 -1.23167 10.131993 1.246384 0.377706 -3.981553 0 0 0 -18.724815 0.463336 17.774795 4.013885 0.995202 3.126699 0 0 0 -18.287739 2.122715 5.592006 -3.712166 8.636711 20.577783 0 0 0 -71.52927 -11.417576 20.845326 1.136697 6.04589 -0.467265 67.810228 -43.548071 -3.103927 0 0 0 41.516681 -18.837903 -10.824085 0.197315 -9.913335 1.013863 -45.54402 -21.72246 -5.394638 0 0 0
-0.012682 0.080929 -1.073278 5.477569 23.811087 -10.085712 -0.044253 11.532342 1.922233 0.505822 -13.521768 -1.700705 0 0 0 -0.669211 22.085976 4.90237 -4.058241 -28.556391 10.412915 0 0 0 0 0 0 -8.805303 2.600311 -13.245125 -60.608044 40.835706 -35.666262 -89.886718 29.553928 32.184491 -0.220398 1.260443 -0.406158 -3.636292 -2.244307 -19.133199 -7.100467 3.62086 1.822583 0 0 0 37.981329 3.85712 -18.21386 -3.981505 -0.312001 -2.714025 0 0 0 2.929467 -1.231741 -10.13273 -1.246458 0.377728 3.981735 0 0 0 18.723955 0.463054 -17.775594 -4.013708 0.99524 -3.126586 0 0 0 18.269087 2.108643 -5.565532 3.717059 8.635663 -20.580557 0 0 0 8.805303 2.600311 13.245125 57.109787 23.64256 39.537183 99.123752 34.600272 -32.46887 -0.696214 -4.445659 -1.389536 3.635273 -2.24402 19.132416 7.100747 3.620751 -1.822804 0 0 0 -37.983061 3.857696 18.213087 3.981514 -0.312002 2.714676 0 0 0 -2.929954 -1.23167 10.131993 1.246384 0.377706 -3.981553 0 0 0 -18.724815 0.463336 17.774795 4.013885 0.995202 3.126699 0 0 0 -18.287739 2.122715 5.592006 -3.712166 8.636711 20.577783 0 0 0 -71.504609 -11.452511 20.777935 1.148177 6.063277 -0.463768 67.777897 -43.677283 -3.151387 0 0 0 41.47372 -18.809595 -10.84814 0.191801 -9.918852 1.013382 -45.515539 -21.471699 -5.380456 0 0 0
-0.011961 0.080193 -1.098549 5.445079 23.689888 -10.103296 0.292958 11.499729 1.913434 0.659158 -13.577751 -2.001173 0 0 0 -0.75098 22.205751 5.20748 -4.450783 -28.220535 10.353186 0 0 0 0 0 0 -8.805303 2.600311 -13.245125 -61.086551 41.137969 -35.643422 -89.910056 29.567493 32.188157 -0.213328 1.220925 -0.393329 -3.636292 -2.244307 -19.133199 -7.100467 3.62086 1.822583 0 0 0 37.981329 3.85712 -18.21386 -3.981505 -0.312001 -2.714025 0 0 0 2.929467 -1.231741 -10.13273 -1.246458 0.377728 3.981735 0 0 0 18.723955 0.463054 -17.775594 -4.013708 0.99524 -3.126586 0 0 0 18.269087 2.108643 -5.565532 3.717059 8.635663 -20.580557 0 0 0 8.805303 2.600311 13.245125 56.726527 23.615254 39.378673 99.005289 34.537201 -32.471359 -0.556279 -3.463749 -1.089077 3.635273 -2.24402 19.132416 7.100747 3.620751 -1.822804 0 0 0 -37.983061 3.857696 18.213087 3.981514 -0.312002 2.714676 0 0 0 -2.929954 -1.23167 10.131993 1.246384 0.377706 -3.981553 0 0 0 -18.724815 0.463336 17.774795 4.013885 0.995202 3.126699 0 0 0 -18.287739 2.122715 5.592006 -3.712166 8.636711 20.577783 0 0 0 -71.498603 -11.469878 20.735534 1.16915 6.105486 -0.455858 67.700584 -43.990922 -3.226344 0 0 0 41.378941 -18.822658 -10.844497 0.185718 -9.913038 1.012709 -45.434307 -21.207344 -5.366279 0 0 0
-0.014649 0.079327 -1.118578 5.409908 23.577891 -10.141057 0.439071 11.5279 1.91641 0.732382 -13.626305 -2.163098 0 0 0 -0.809167 22.132374 5.330505 -4.624694 -27.739788 10.258435 0 0 0 0 0 0 -8.805303 2.600311 -13.245125 -61.379213 41.314244 -35.654984 -89.910357 29.568066 32.189411 -0.211339 1.209821 -0.389722 -3.636292 -2.244307 -19.133199 -7.100467 3.62086 1.822583 0 0 0 37.981329 3.85712 -18.21386 -3.981505 -0.312001 -2.714025 0 0 0 2.929467 -1.231741 -10.13273 -1.246458 0.377728 3.981735 0 0 0 18.723955 0.463054 -17.775594 -4.013708 0.99524 -3.126586 0 0 0 18.269087 2.108643 -5.565532 3.717059 8.635663 -20.580557 0 0 0 8.805303 2.600311 13.245125 56.53311 23.491292 39.343119 98.934572 34.499629 -32.473066 -0.467446 -2.874326 -0.906628 3.635273 -2.24402 19.132416 7.100747 3.620751 -1.822804 0 0 0 -37.983061 3.857696 18.213087 3.981514 -0.312002 2.714676 0 0 0 -2.929954 -1.23167 10.131993 1.246384 0.377706 -3.981553 0 0 0 -18.724815 0.463336 17.774795 4.013885 0.995202 3.126699 0 0 0 -18.287739 2.122715 5.592006 -3.712166 8.636711 20.577783 0 0 0 -71.493591 -11.468378 20.70615 1.188917 6.151578 -0.447975 67.629206 -44.312012 -3.295286 0 0 0 41.238663 -18.866285 -10.813809 0.180671 -9.896331 1.012072 -45.28551 -20.981888 -5.35225 0 0 0
-0.017523 0.079173 -1.135908 5.387817 23.480234 -10.165912 0.495922 11.575763 1.931299 0.768381 -13.668603 -2.263205 0 0 0 -0.813221 21.959456 5.420276 -4.637353 -27.220941 10.04873 0 0 0 0 0 0 -8.805303 2.600311 -13.245125 -61.622728 41.427709 -35.732451 -89.884584 29.553927 32.187881 -0.215431 1.232667 -0.397142 -3.636292 -2.244307 -19.133199 -7.100467 3.62086 1.822583 0 0 0 37.981329 3.85712 -18.21386 -3.981505 -0.312001 -2.714025 0 0 0 2.929467 -1.231741 -10.13273 -1.246458 0.377728 3.981735 0 0 0 18.723955 0.463054 -17.775594 -4.013708 0.99524 -3.126586 0 0 0 18.269087 2.108643 -5.565532 3.717059 8.635663 -20.580557 0 0 0 8.805303 2.600311 13.245125 56.452872 23.310292 39.453066 98.894519 34.478634 -32.474848 -0.403482 -2.46268 -0.778342 3.635273 -2.24402 19.132416 7.100747 3.620751 -1.822804 0 0 0 -37.983061 3.857696 18.213087 3.981514 -0.312002 2.714676 0 0 0 -2.929954 -1.23167 10.131993 1.246384 0.377706 -3.981553 0 0 0 -18.724815 0.463336 17.774795 4.013885 0.995202 3.126699 0 0 0 -18.287739 2.122715 5.592006 -3.712166 8.636711 20.577783 0 0 0 -71.506028 -11.474371 20.692772 1.202375 6.200759 -0.441508 67.578376 -44.570948 -3.337624 0 0 0 41.125701 -18.901906 -10.793241 0.178205 -9.882584 1.011699 -45.139138 -20.875338 -5.341541 0 0 0
-0.015031 0.080787 -1.15307 5.391129 23.405527 -10.166767 0.538137 11.603341 1.952876 0.796426 -13.70041 -2.34538 0 0 0 -0.78042 21.825557 5.515627 -4.586941 -26.848087 9.829801 0 0 0 0 0 0 -8.805303 2.600311 -13.245125 -61.874583 41.49112 -35.865244 -89.839568 29.528796 32.183857 -0.230261 1.315343 -0.424006 -3.636292 -2.244307 -19.133199 -7.100467 3.62086 1.822583 0 0 0 37.981329 3.85712 -18.21386 -3.981505 -0.312001 -2.714025 0 0 0 2.929467 -1.231741 -10.13273 -1.246458 0.377728 3.981735 0 0 0 18.723955 0.463054 -17.775594 -4.013708 0.99524 -3.126586 0 0 0 18.269087 2.108643 -5.565532 3.717059 8.635663 -20.580557 0 0 0 8.805303 2.600311 13.245125 56.508549 23.36991 39.495085 98.860799 34.461106 -32.476785 -0.379181 -2.30768 -0.729931 3.635273 -2.24402 19.132416 7.100747 3.620751 -1.822804 0 0 0 -37.983061 3.857696 18.213087 3.981514 -0.312002 2.714676 0 0 0 -2.929954 -1.23167 10.131993 1.246384 0.377706 -3.981553 0 0 0 -18.724815 0.463336 17.774795 4.013885 0.995202 3.126699 0 0 0 -18.287739 2.122715 5.592006 -3.712166 8.636711 20.577783 0 0 0 -71.548276 -11.494108 20.699172 1.213236 6.250402 -0.435261 67.535108 -44.820827 -3.361696 0 0 0 41.151765 -18.895795 -10.811597 0.17975 -9.88426 1.011812 -45.095577 -20.961953 -5.340681 0 0 0
-0.017236 0.083344 -1.164744 5.404466 23.347938 -10.164114 0.594057 11.607836 1.989516 0.823826 -13.719556 -2.409289 0 0 0 -0.771833 21.772088 5.532524 -4.558154 -26.636375 9.791549 0 0 0 0 0 0 -8.805303 2.600311 -13.245125 -62.090469 41.468338 -36.012407 -89.778817 29.494563 32.177457 -0.256082 1.459059 -0.470729 -3.636292 -2.244307 -19.133199 -7.100467 3.62086 1.822583 0 0 0 37.981329 3.85712 -18.21386 -3.981505 -0.312001 -2.714025 0 0 0 2.929467 -1.231741 -10.13273 -1.246458 0.377728 3.981735 0 0 0 18.723955 0.463054 -17.775594 -4.013708 0.99524 -3.126586 0 0 0 18.269087 2.108643 -5.565532 3.717059 8.635663 -20.580557 0 0 0 8.805303 2.600311 13.245125 56.7169 23.81367 39.297875 98.81968 34.439391 -32.478151 -0.406675 -2.484417 -0.785024 3.635273 -2.24402 19.132416 7.100747 3.620751 -1.822804 0 0 0 -37.983061 3.857696 18.213087 3.981514 -0.312002 2.714676 0 0 0 -2.929954 -1.23167 10.131993 1.246384 0.377706 -3.981553 0 0 0 -18.724815 0.463336 17.774795 4.013885 0.995202 3.126699 0 0 0 -18.287739 2.122715 5.592006 -3.712166 8.636711 20.577783 0 0 0 -71.591487 -11.48823 20.707366 1.219105 6.265769 -0.432197 67.521014 -44.977388 -3.366791 0 0 0 41.350052 -18.849514 -10.850285 0.18588 -9.899071 1.012469 -45.179948 -21.224254 -5.352188 0 0 0
-0.019024 0.086249 -1.170968 5.41151 23.298039 -10.171841 0.656323 11.602308 2.037692 0.848236 -13.731101 -2.453689 0 0 0 -0.825566 21.75405 5.44011 -4.597809 -26.44767 9.94929 0 0 0 0 0 0 -8.805303 2.600311 -13.245125 -62.228261 41.320719 -36.153509 -89.688067 29.443593 32.16833 -0.285694 1.623403 -0.524209 -3.636292 -2.244307 -19.133199 -7.100467 3.62086 1.822583 0 0 0 37.981329 3.85712 -18.21386 -3.981505 -0.312001 -2.714025 0 0 0 2.929467 -1.231741 -10.13273 -1.246458 0.377728 3.981735 0 0 0 18.723955 0.463054 -17.775594 -4.013708 0.99524 -3.126586 0 0 0 18.269087 2.108643 -5.565532 3.717059 8.635663 -20.580557 0 0 0 8.805303 2.600311 13.245125 56.957017 24.317294 39.024396 98.761803 34.408368 -32.478721 -0.445103 -2.731263 -0.861982 3.635273 -2.24402 19.132416 7.100747 3.620751 -1.822804 0 0 0 -37.983061 3.857696 18.213087 3.981514 -0.312002 2.714676 0 0 0 -2.929954 -1.23167 10.131993 1.246384 0.377706 -3.981553 0 0 0 -18.724815 0.463336 17.774795 4.013885 0.995202 3.126699 0 0 0 -18.287739 2.122715 5.592006 -3.712166 8.636711 20.577783 0 0 0 -71.610843 -11.437573 20.697675 1.215674 6.231418 -0.434971 67.556153 -44.940578 -3.348563 0 0 0 41.615848 -18.791871 -10.877012 0.194405 -9.914766 1.013323 -45.320042 -21.530343 -5.369682 0 0 0
-0.019263 0.087166 -1.177825 5.424109 23.255338 -10.185545 0.698905 11.580738 2.077776 0.864896 -13.743697 -2.486419 0 0 0 -0.94721 21.883784 5.274033 -4.773353 -26.435591 10.275312 0 0 0 0 0 0 -8.805303 2.600311 -13.245125 -62.333151 40.950002 -36.33127 -89.500482 29.33901 32.151327 -0.317222 1.797061 -0.580868 -3.636292 -2.244307 -19.133199 -7.100467 3.62086 1.822583 0 0 0 37.981329 3.85712 -18.21386 -3.981505 -0.312001 -2.714025 0 0 0 2.929467 -1.231741 -10.13273 -1.246458 0.377728 3.981735 0 0 0 18.723955 0.463054 -17.775594 -4.013708 0.99524 -3.126586 0 0 0 18.269087 2.108643 -5.565532 3.717059 8.635663 -20.580557 0 0 0 8.805303 2.600311 13.245125 57.039002 24.40669 39.061754 98.677632 34.363071 -32.479046 -0.424575 -2.605241 -0.822216 3.635273 -2.24402 19.132416 7.100747 3.620751 -1.822804 0 0 0 -37.983061 3.857696 18.213087 3.981514 -0.312002 2.714676 0 0 0 -2.929954 -1.23167 10.131993 1.246384 0.377706 -3.981553 0 0 0 -18.724815 0.463336 17.774795 4.013885 0.995202 3.126699 0 0 0 -18.287739 2.122715 5.592006 -3.712166 8.636711 20.577783 0 0 0 -71.629122 -11.372091 20.671876 1.209804 6.187728 -0.439264 67.610949 -44.829112 -3.327252 0 0 0 41.789373 -18.750585 -10.874514 0.200817 -9.923337 1.013778 -45.421345 -21.725615 -5.382418 0 0 0
-0.020039 0.087179 -1.177347 5.501112 23.216707 -10.202913 0.722667 11.542747 2.120827 0.873573 -13.752681 -2.504548 0 0 0 -1.181715 22.716597 4.989071 -5.385162 -27.594834 11.255603 0 0 0 0 0 0 -8.805303 2.600311 -13.245125 -62.54682 40.14777 -36.622835 -89.125752 29.130371 32.117338 -0.362826 2.04509 -0.662149 -3.636292 -2.244307 -19.133199 -7.100467 3.62086 1.822583 0 0 0 37.981329 3.85712 -18.21386 -3.981505 -0.312001 -2.714025 0 0 0 2.929467 -1.231741 -10.13273 -1.246458 0.377728 3.981735 0 0 0 18.723955 0.463054 -17.775594 -4.013708 0.99524 -3.126586 0 0 0 18.269087 2.108643 -5.565532 3.717059 8.635663 -20.580557 0 0 0 8.805303 2.600311 13.245125 56.799761 23.967542 39.585977 98.587199 34.314428 -32.479483 -0.319912 -1.95502 -0.617691 3.635273 -2.24402 19.132416 7.100747 3.620751 -1.822804 0 0 0 -37.983061 3.857696 18.213087 3.981514 -0.312002 2.714676 0 0 0 -2.929954 -1.23167 10.131993 1.246384 0.377706 -3.981553 0 0 0 -18.724815 0.463336 17.774795 4.013885 0.995202 3.126699 0 0 0 -18.287739 2.122715 5.592006 -3.712166 8.636711 20.577783 0 0 0 -71.714857 -11.298844 20.643611 1.209031 6.173767 -0.44018 67.659954 -44.789569 -3.316502 0 0 0 41.776833 -18.73061 -10.818572 0.202559 -9.927913 1.013556 -45.454026 -21.785285 -5.385874 0 0 0
-0.0205 0.086856 -1.172931 5.733115 23.192109 -10.229492 0.724833 11.527323 2.227351 0.862535 -13.720855 -2.45935 0 0 0 -1.632855 24.968229 4.448101 -7.061539 -31.332432 13.959223 0 0 0 0 0 0 -8.805303 2.600311 -13.245125 -62.943103 38.784307 -37.023902 -88.590508 28.832151 32.067183 -0.43404 2.428576 -0.788262 -3.636292 -2.244307 -19.133199 -7.100467 3.62086 1.822583 0 0 0 37.981329 3.85712 -18.21386 -3.981505 -0.312001 -2.714025 0 0 0 2.929467 -1.231741 -10.13273 -1.246458 0.377728 3.981735 0 0 0 18.723955 0.463054 -17.775594 -4.013708 0.99524 -3.126586 0 0 0 18.269087 2.108643 -5.565532 3.717059 8.635663 -20.580557 0 0 0 8.805303 2.600311 13.245125 56.168651 23.298777 40.296143 98.571677 34.305912 -32.479075 -0.177981 -1.082205 -0.342385 3.635273 -2.24402 19.132416 7.100747 3.620751 -1.822804 0 0 0 -37.983061 3.857696 18.213087 3.981514 -0.312002 2.714676 0 0 0 -2.929954 -1.23167 10.131993 1.246384 0.377706 -3.981553 0 0 0 -18.724815 0.463336 17.774795 4.013885 0.995202 3.126699 0 0 0 -18.287739 2.122715 5.592006 -3.712166 8.636711 20.577783 0 0 0 -71.961407 -11.177804 20.64946 1.207681 6.181324 -0.439582 67.728593 -44.756428 -3.291324 0 0 0 41.557827 -18.7395 -10.692733 0.200481 -9.935049 1.012812 -45.443501 -21.812858 -5.383637 0 0 0
-0.016071 0.083796 -1.164821 6.136978 23.249932 -10.26156 0.666362 11.546002 2.462569 0.810412 -13.599639 -2.298725 0 0 0 -2.389382 28.558993 3.602286 -10.315509 -37.611603 18.980851 0 0 0 0 0 0 -8.805303 2.600311 -13.245125 -63.388494 37.13047 -37.371069 -88.088248 28.55214 32.018815 -0.518026 2.877928 -0.936379 -3.636292 -2.244307 -19.133199 -7.100467 3.62086 1.822583 0 0 0 37.981329 3.85712 -18.21386 -3.981505 -0.312001 -2.714025 0 0 0 2.929467 -1.231741 -10.13273 -1.246458 0.377728 3.981735 0 0 0 18.723955 0.463054 -17.775594 -4.013708 0.99524 -3.126586 0 0 0 18.269087 2.108643 -5.565532 3.717059 8.635663 -20.580557 0 0 0 8.805303 2.600311 13.245125 55.272838 22.797632 40.663917 98.719817 34.384797 -32.476062 -0.069751 -0.423118 -0.133939 3.635273 -2.24402 19.132416 7.100747 3.620751 -1.822804 0 0 0 -37.983061 3.857696 18.213087 3.981514 -0.312002 2.714676 0 0 0 -2.929954 -1.23167 10.131993 1.246384 0.377706 -3.981553 0 0 0 -18.724815 0.463336 17.774795 4.013885 0.995202 3.126699 0 0 0 -18.287739 2.122715 5.592006 -3.712166 8.636711 20.577783 0 0 0 -72.412486 -11.022991 20.779933 1.197198 6.188961 -0.441266 67.838419 -44.606577 -3.228502 0 0 0 41.166975 -18.830763 -10.577163 0.196225 -9.941798 1.011721 -45.399243 -21.876263 -5.380001 0 0 0
-0.020539 0.081781 -1.165906 6.569064 23.443679 -10.266779 0.53854 11.568252 2.81023 0.719082 -13.38191 -2.03399 0 0 0 -3.479924 32.260632 2.560564 -14.842195 -44.001659 25.367903 0 0 0 0 0 0 -8.805303 2.600311 -13.245125 -63.643075 35.766793 -37.438238 -87.802911 28.393064 31.990961 -0.582217 3.219923 -1.049279 -3.636292 -2.244307 -19.133199 -7.100467 3.62086 1.822583 0 0 0 37.981329 3.85712 -18.21386 -3.981505 -0.312001 -2.714025 0 0 0 2.929467 -1.231741 -10.13273 -1.246458 0.377728 3.981735 0 0 0 18.723955 0.463054 -17.775594 -4.013708 0.99524 -3.126586 0 0 0 18.269087 2.108643 -5.565532 3.717059 8.635663 -20.580557 0 0 0 8.805303 2.600311 13.245125 54.448633 22.656103 40.452976 99.007742 34.538253 -32.470596 -0.022175 -0.134901 -0.04266 3.635273 -2.24402 19.132416 7.100747 3.620751 -1.822804 0 0 0 -37.983061 3.857696 18.213087 3.981514 -0.312002 2.714676 0 0 0 -2.929954 -1.23167 10.131993 1.246384 0.377706 -3.981553 0 0 0 -18.724815 0.463336 17.774795 4.013885 0.995202 3.126699 0 0 0 -18.287739 2.122715 5.592006 -3.712166 8.636711 20.577783 0 0 0 -72.950765 -10.94502 21.065857 1.183546 6.192855 -0.443155 67.945272 -44.432574 -3.158967 0 0 0 40.810471 -19.007288 -10.629648 0.193747 -9.940068 1.010727 -45.356095 -22.027186 -5.382935 0 0 0
0.010524 0.063302 -1.22616 6.83174 23.675112 -10.202044 0.361938 11.651064 3.156407 0.597003 -13.108074 -1.670853 0 0 0 -4.887922 34.700108 1.45847 -19.524386 -47.673939 31.095114 0 0 0 0 0 0 -8.805303 2.600311 -13.245125 -63.491303 35.000274 -37.140224 -87.752068 28.364774 31.986221 -0.611017 3.372931 -1.099842 -3.636292 -2.244307 -19.133199 -7.100467 3.62086 1.822583 0 0 0 37.981329 3.85712 -18.21386 -3.981505 -0.312001 -2.714025 0 0 0 2.929467 -1.231741 -10.13273 -1.246458 0.377728 3.981735 0 0 0 18.723955 0.463054 -17.775594 -4.013708 0.99524 -3.126586 0 0 0 18.269087 2.108643 -5.565532 3.717059 8.635663 -20.580557 0 0 0 8.805303 2.600311 13.245125 54.077452 22.846437 39.807619 99.292752 34.690333 -32.465676 -0.012878 -0.078709 -0.024853 3.635273 -2.24402 19.132416 7.100747 3.620751 -1.822804 0 0 0 -37.983061 3.857696 18.213087 3.981514 -0.312002 2.714676 0 0 0 -2.929954 -1.23167 10.131993 1.246384 0.377706 -3.981553 0 0 0 -18.724815 0.463336 17.774795 4.013885 0.995202 3.126699 0 0 0 -18.287739 2.122715 5.592006 -3.712166 8.636711 20.577783 0 0 0 -73.330972 -11.016417 21.321495 1.184688 6.184136 -0.438735 67.971649 -44.502938 -3.14842 0 0 0 40.87002 -19.093184 -10.894851 0.201405 -9.936054 1.010936 -45.456342 -22.449773 -5.409853 0 0 0
0.007235 0.057349 -1.20413 6.876818 23.802058 -10.05065 0.090498 11.890406 3.435723 0.42252 -12.82049 -1.167647 0 0 0 -6.493811 35.446493 0.400732 -23.269937 -47.983641 34.591435 0 0 0 0 0 0 -8.805303 2.600311 -13.245125 -62.808943 34.587843 -36.628898 -87.849084 28.418893 31.996205 -0.621098 3.426036 -1.117446 -3.636292 -2.244307 -19.133199 -7.100467 3.62086 1.822583 0 0 0 37.981329 3.85712 -18.21386 -3.981505 -0.312001 -2.714025 0 0 0 2.929467 -1.231741 -10.13273 -1.246458 0.377728 3.981735 0 0 0 18.723955 0.463054 -17.775594 -4.013708 0.99524 -3.126586 0 0 0 18.269087 2.108643 -5.565532 3.717059 8.635663 -20.580557 0 0 0 8.805303 2.600311 13.245125 54.373686 23.356051 38.879194 99.465189 34.782648 -32.463529 -0.028013 -0.168744 -0.053516 3.635273 -2.24402 19.132416 7.100747 3.620751 -1.822804 0 0 0 -37.983061 3.857696 18.213087 3.981514 -0.312002 2.714676 0 0 0 -2.929954 -1.23167 10.131993 1.246384 0.377706 -3.981553 0 0 0 -18.724815 0.463336 17.774795 4.013885 0.995202 3.126699 0 0 0 -18.287739 2.122715 5.592006 -3.712166 8.636711 20.577783 0 0 0 -73.429645 -11.195946 21.337181 1.207549 6.141717 -0.426273 67.901694 -44.899443 -3.217811 0 0 0 41.520108 -18.909702 -11.266913 0.223269 -9.948369 1.012978 -45.813253 -23.27437 -5.469009 0 0 0
0.020087 0.059828 -1.199675 6.825799 23.848886 -9.831787 -0.322094 12.208625 3.72611 0.190677 -12.54957 -0.570904 0 0 0 -8.018493 35.112246 -0.488622 -25.766308 -46.574935 35.743409 0 0 0 0 0 0 -8.805303 2.600311 -13.245125 -61.721231 34.176313 -36.175744 -88.01581 28.511853 32.013128 -0.632173 3.483762 -1.136657 -3.636292 -2.244307 -19.133199 -7.100467 3.62086 1.822583 0 0 0 37.981329 3.85712 -18.21386 -3.981505 -0.312001 -2.714025 0 0 0 2.929467 -1.231741 -10.13273 -1.246458 0.377728 3.981735 0 0 0 18.723955 0.463054 -17.775594 -4.013708 0.99524 -3.126586 0 0 0 18.269087 2.108643 -5.565532 3.717059 8.635663 -20.580557 0 0 0 8.805303 2.600311 13.245125 55.211555 24.163904 37.774584 99.535467 34.820319 -32.46275 -0.070656 -0.421072 -0.133973 3.635273 -2.24402 19.132416 7.100747 3.620751 -1.822804 0 0 0 -37.983061 3.857696 18.213087 3.981514 -0.312002 2.714676 0 0 0 -2.929954 -1.23167 10.131993 1.246384 0.377706 -3.981553 0 0 0 -18.724815 0.463336 17.774795 4.013885 0.995202 3.126699 0 0 0 -18.287739 2.122715 5.592006 -3.712166 8.636711 20.577783 0 0 0 -73.379307 -11.426674 21.183375 1.238804 6.06971 -0.411529 67.801172 -45.390782 -3.319046 0 0 0 42.460286 -18.536635 -11.66273 0.251358 -9.981046 1.015865 -46.321402 -24.297636 -5.541878 0 0 0
0.039032 0.065562 -1.209463 6.797782 23.92724 -9.598425 -0.772509 12.417467 4.118715 -0.037885 -12.33188 -0.04684 0 0 0 -9.211285 34.775055 -1.150168 -27.563618 -45.570343 35.805254 0 0 0 0 0 0 -8.805303 2.600311 -13.245125 -60.623837 33.732756 -35.973264 -88.1983 28.613642 32.031619 -0.645029 3.55071 -1.158945 -3.636292 -2.244307 -19.133199 -7.100467 3.62086 1.822583 0 0 0 37.981329 3.85712 -18.21386 -3.981505 -0.312001 -2.714025 0 0 0 2.929467 -1.231741 -10.13273 -1.246458 0.377728 3.981735 0 0 0 18.723955 0.463054 -17.775594 -4.013708 0.99524 -3.126586 0 0 0 18.269087 2.108643 -5.565532 3.717059 8.635663 -20.580557 0 0 0 8.805303 2.600311 13.245125 56.167288 25.05139 36.756751 99.565953 34.836206 -32.461092 -0.121025 -0.718819 -0.228942 3.635273 -2.24402 19.132416 7.100747 3.620751 -1.822804 0 0 0 -37.983061 3.857696 18.213087 3.981514 -0.312002 2.714676 0 0 0 -2.929954 -1.23167 10.131993 1.246384 0.377706 -3.981553 0 0 0 -18.724815 0.463336 17.774795 4.013885 0.995202 3.126699 0 0 0 -18.287739 2.122715 5.592006 -3.712166 8.636711 20.577783 0 0 0 -73.365853 -11.676525 21.076114 1.266383 6.007226 -0.398985 67.721954 -45.796962 -3.40877 0 0 0 43.263363 -18.201364 -12.058244 0.275036 -10.013743 1.018153 -46.77101 -25.179304 -5.604727 0 0 0
0.043496 0.074769 -1.211826 6.816925 24.069306 -9.411657 -1.098021 12.433968 4.607549 -0.195646 -12.191263 0.289014 0 0 0 -10.070117 35.123945 -1.66843 -29.429711 -45.944674 36.228172 0 0 0 0 0 0 -8.805303 2.600311 -13.245125 -59.869826 33.394065 -36.05507 -88.355099 28.701167 32.047488 -0.655135 3.603216 -1.17644 -3.636292 -2.244307 -19.133199 -7.100467 3.62086 1.822583 0 0 0 37.981329 3.85712 -18.21386 -3.981505 -0.312001 -2.714025 0 0 0 2.929467 -1.231741 -10.13273 -1.246458 0.377728 3.981735 0 0 0 18.723955 0.463054 -17.775594 -4.013708 0.99524 -3.126586 0 0 0 18.269087 2.108643 -5.565532 3.717059 8.635663 -20.580557 0 0 0 8.805303 2.600311 13.245125 56.855094 25.760207 36.078448 99.598499 34.85295 -32.458742 -0.148069 -0.879117 -0.28003 3.635273 -2.24402 19.132416 7.100747 3.620751 -1.822804 0 0 0 -37.983061 3.857696 18.213087 3.981514 -0.312002 2.714676 0 0 0 -2.929954 -1.23167 10.131993 1.246384 0.377706 -3.981553 0 0 0 -18.724815 0.463336 17.774795 4.013885 0.995202 3.126699 0 0 0 -18.287739 2.122715 5.592006 -3.712166 8.636711 20.577783 0 0 0 -73.445795 -11.909114 21.108326 1.290605 5.993486 -0.3877 67.657065 -46.157864 -3.486186 0 0 0 43.750282 -18.035312 -12.421843 0.290363 -10.022597 1.019232 -47.057794 -25.730979 -5.649902 0 0 0
0.043333 0.081897 -1.209851 6.867301 24.272547 -9.288812 -1.263716 12.268013 5.153252 -0.273867 -12.111302 0.446259 0 0 0 -10.712152 35.922968 -2.081945 -31.483179 -47.238931 37.204513 0 0 0 0 0 0 -8.805303 2.600311 -13.245125 -59.523041 33.187554 -36.348753 -88.464481 28.762244 32.058438 -0.665571 3.657236 -1.194465 -3.636292 -2.244307 -19.133199 -7.100467 3.62086 1.822583 0 0 0 37.981329 3.85712 -18.21386 -3.981505 -0.312001 -2.714025 0 0 0 2.929467 -1.231741 -10.13273 -1.246458 0.377728 3.981735 0 0 0 18.723955 0.463054 -17.775594 -4.013708 0.99524 -3.126586 0 0 0 18.269087 2.108643 -5.565532 3.717059 8.635663 -20.580557 0 0 0 8.805303 2.600311 13.245125 57.18694 26.200751 35.776891 99.639037 34.874289 -32.45722 -0.140723 -0.836556 -0.266372 3.635273 -2.24402 19.132416 7.100747 3.620751 -1.822804 0 0 0 -37.983061 3.857696 18.213087 3.981514 -0.312002 2.714676 0 0 0 -2.929954 -1.23167 10.131993 1.246384 0.377706 -3.981553 0 0 0 -18.724815 0.463336 17.774795 4.013885 0.995202 3.126699 0 0 0 -18.287739 2.122715 5.592006 -3.712166 8.636711 20.577783 0 0 0 -73.613194 -12.125782 21.293559 1.310175 6.046888 -0.3769 67.598448 -46.480893 -3.550178 0 0 0 43.887705 -18.072812 -12.755883 0.295298 -9.999924 1.018785 -47.16079 -25.852188 -5.673055 0 0 0
0.05117 0.078088 -1.221666 6.929438 24.546318 -9.200037 -1.339722 11.941899 5.732902 -0.302643 -12.061109 0.488154 0 0 0 -11.164315 36.468439 -2.277111 -33.171814 -48.512126 37.722109 0 0 0 0 0 0 -8.805303 2.600311 -13.245125 -59.4463 33.06642 -36.749617 -88.530284 28.798903 32.064701 -0.679648 3.730001 -1.218758 -3.636292 -2.244307 -19.133199 -7.100467 3.62086 1.822583 0 0 0 37.981329 3.85712 -18.21386 -3.981505 -0.312001 -2.714025 0 0 0 2.929467 -1.231741 -10.13273 -1.246458 0.377728 3.981735 0 0 0 18.723955 0.463054 -17.775594 -4.013708 0.99524 -3.126586 0 0 0 18.269087 2.108643 -5.565532 3.717059 8.635663 -20.580557 0 0 0 8.805303 2.600311 13.245125 57.31591 26.471338 35.737502 99.668158 34.889947 -32.457057 -0.114909 -0.685464 -0.218039 3.635273 -2.24402 19.132416 7.100747 3.620751 -1.822804 0 0 0 -37.983061 3.857696 18.213087 3.981514 -0.312002 2.714676 0 0 0 -2.929954 -1.23167 10.131993 1.246384 0.377706 -3.981553 0 0 0 -18.724815 0.463336 17.774795 4.013885 0.995202 3.126699 0 0 0 -18.287739 2.122715 5.592006 -3.712166 8.636711 20.577783 0 0 0 -73.851735 -12.363999 21.633179 1.319287 6.155434 -0.368512 67.557406 -46.677322 -3.585364 0 0 0 43.712144 -18.293559 -13.105065 0.28952 -9.954824 1.016803 -47.08724 -25.562607 -5.671035 0 0 0
0.055641 0.064438 -1.255797 6.97028 24.839153 -9.114051 -1.376673 11.536168 6.307964 -0.309936 -12.031752 0.483768 0 0 0 -11.450886 36.41784 -2.244718 -34.094356 -49.267451 37.082783 0 0 0 0 0 0 -8.805303 2.600311 -13.245125 -59.479261 33.025346 -37.164758 -88.579718 28.826388 32.069249 -0.69625 3.815627 -1.247369 -3.636292 -2.244307 -19.133199 -7.100467 3.62086 1.822583 0 0 0 37.981329 3.85712 -18.21386 -3.981505 -0.312001 -2.714025 0 0 0 2.929467 -1.231741 -10.13273 -1.246458 0.377728 3.981735 0 0 0 18.723955 0.463054 -17.775594 -4.013708 0.99524 -3.126586 0 0 0 18.269087 2.108643 -5.565532 3.717059 8.635663 -20.580557 0 0 0 8.805303 2.600311 13.245125 57.444627 26.824055 35.77025 99.674931 34.89371 -32.457327 -0.109516 -0.655904 -0.208392 3.635273 -2.24402 19.132416 7.100747 3.620751 -1.822804 0 0 0 -37.983061 3.857696 18.213087 3.981514 -0.312002 2.714676 0 0 0 -2.929954 -1.23167 10.131993 1.246384 0.377706 -3.981553 0 0 0 -18.724815 0.463336 17.774795 4.013885 0.995202 3.126699 0 0 0 -18.287739 2.122715 5.592006 -3.712166 8.636711 20.577783 0 0 0 -74.08477 -12.612149 22.024457 1.318369 6.268046 -0.36444 67.535416 -46.733642 -3.590087 0 0 0 43.455917 -18.567569 -13.464068 0.28147 -9.905822 1.014458 -46.932413 -25.175638 -5.658913 0 0 0
0.056517 0.063186 -1.258831 6.958336 25.056363 -9.027225 -1.376177 11.175019 6.833677 -0.306806 -12.029044 0.473076 0 0 0 -11.702896 35.917576 -2.211749 -34.413524 -49.469324 35.694679 0 0 0 0 0 0 -8.805303 2.600311 -13.245125 -59.530473 33.077338 -37.529104 -88.641658 28.86098 32.075382 -0.714644 3.910182 -1.279003 -3.636292 -2.244307 -19.133199 -7.100467 3.62086 1.822583 0 0 0 37.981329 3.85712 -18.21386 -3.981505 -0.312001 -2.714025 0 0 0 2.929467 -1.231741 -10.13273 -1.246458 0.377728 3.981735 0 0 0 18.723955 0.463054 -17.775594 -4.013708 0.99524 -3.126586 0 0 0 18.269087 2.108643 -5.565532 3.717059 8.635663 -20.580557 0 0 0 8.805303 2.600311 13.245125 57.648656 27.379371 35.764939 99.674931 34.89358 -32.456891 -0.143722 -0.860375 -0.273396 3.635273 -2.24402 19.132416 7.100747 3.620751 -1.822804 0 0 0 -37.983061 3.857696 18.213087 3.981514 -0.312002 2.714676 0 0 0 -2.929954 -1.23167 10.131993 1.246384 0.377706 -3.981553 0 0 0 -18.724815 0.463336 17.774795 4.013885 0.995202 3.126699 0 0 0 -18.287739 2.122715 5.592006 -3.712166 8.636711 20.577783 0 0 0 -74.2155 -12.812974 22.307209 1.315432 6.334685 -0.364031 67.51961 -46.74635 -3.584494 0 0 0 43.400063 -18.732515 -13.770193 0.281461 -9.869862 1.013141 -46.837118 -25.043687 -5.658615 0 0 0
0.055289 0.061726 -1.261982 6.889527 25.15754 -8.952486 -1.328884 10.923256 7.283483 -0.290228 -12.054736 0.444863 0 0 0 -12.010492 35.26755 -2.378374 -34.500328 -49.271161 34.468037 0 0 0 0 0 0 -8.805303 2.600311 -13.245125 -59.605757 33.223458 -37.807822 -88.722347 28.906022 32.083209 -0.734237 4.010637 -1.312646 -3.636292 -2.244307 -19.133199 -7.100467 3.62086 1.822583 0 0 0 37.981329 3.85712 -18.21386 -3.981505 -0.312001 -2.714025 0 0 0 2.929467 -1.231741 -10.13273 -1.246458 0.377728 3.981735 0 0 0 18.723955 0.463054 -17.775594 -4.013708 0.99524 -3.126586 0 0 0 18.269087 2.108643 -5.565532 3.717059 8.635663 -20.580557 0 0 0 8.805303 2.600311 13.245125 57.825832 27.915284 35.811769 99.686235 34.899298 -32.455772 -0.185542 -1.108476 -0.352446 3.635273 -2.24402 19.132416 7.100747 3.620751 -1.822804 0 0 0 -37.983061 3.857696 18.213087 3.981514 -0.312002 2.714676 0 0 0 -2.929954 -1.23167 10.131993 1.246384 0.377706 -3.981553 0 0 0 -18.724815 0.463336 17.774795 4.013885 0.995202 3.126699 0 0 0 -18.287739 2.122715 5.592006 -3.712166 8.636711 20.577783 0 0 0 -74.219951 -12.942067 22.420326 1.318858 6.354118 -0.364054 67.498883 -46.822848 -3.594055 0 0 0 43.604436 -18.740916 -13.983075 0.289986 -9.852779 1.012928 -46.864627 -25.193324 -5.674736 0 0 0
0.051548 0.059906 -1.267935 6.790032 25.130382 -8.885088 -1.241955 10.804029 7.609541 -0.26121 -12.107885 0.394293 0 0 0 -12.292188 34.721483 -2.68815 -34.538021 -48.93948 33.951308 0 0 0 0 0 0 -8.805303 2.600311 -13.245125 -59.766018 33.467721 -38.002097 -88.809834 28.954541 32.090654 -0.753768 4.110481 -1.346122 -3.636292 -2.244307 -19.133199 -7.100467 3.62086 1.822583 0 0 0 37.981329 3.85712 -18.21386 -3.981505 -0.312001 -2.714025 0 0 0 2.929467 -1.231741 -10.13273 -1.246458 0.377728 3.981735 0 0 0 18.723955 0.463054 -17.775594 -4.013708 0.99524 -3.126586 0 0 0 18.269087 2.108643 -5.565532 3.717059 8.635663 -20.580557 0 0 0 8.805303 2.600311 13.245125 57.845436 28.203491 35.987869 99.702798 34.907905 -32.454845 -0.199712 -1.19126 -0.378943 3.635273 -2.24402 19.132416 7.100747 3.620751 -1.822804 0 0 0 -37.983061 3.857696 18.213087 3.981514 -0.312002 2.714676 0 0 0 -2.929954 -1.23167 10.131993 1.246384 0.377706 -3.981553 0 0 0 -18.724815 0.463336 17.774795 4.013885 0.995202 3.126699 0 0 0 -18.287739 2.122715 5.592006 -3.712166 8.636711 20.577783 0 0 0 -74.124519 -13.006671 22.352435 1.331861 6.345119 -0.362058 67.480475 -46.996542 -3.630789 0 0 0 43.983305 -18.596278 -14.081855 0.302956 -9.855925 1.01322 -47.015323 -25.491667 -5.700636 0 0 0
0.050565 0.059363 -1.27283 6.689864 24.949873 -8.803548 -1.141515 10.839315 7.747906 -0.233588 -12.181007 0.3582 0 0 0 -12.431186 34.380565 -2.941706 -34.517755 -48.661582 34.042965 0 0 0 0 0 0 -8.805303 2.600311 -13.245125 -60.046863 33.784142 -38.15067 -88.887082 28.997154 32.096518 -0.774619 4.216608 -1.381765 -3.636292 -2.244307 -19.133199 -7.100467 3.62086 1.822583 0 0 0 37.981329 3.85712 -18.21386 -3.981505 -0.312001 -2.714025 0 0 0 2.929467 -1.231741 -10.13273 -1.246458 0.377728 3.981735 0 0 0 18.723955 0.463054 -17.775594 -4.013708 0.99524 -3.126586 0 0 0 18.269087 2.108643 -5.565532 3.717059 8.635663 -20.580557 0 0 0 8.805303 2.600311 13.245125 57.702477 28.284821 36.19443 99.699754 34.906243 -32.454814 -0.188114 -1.12034 -0.356544 3.635273 -2.24402 19.132416 7.100747 3.620751 -1.822804 0 0 0 -37.983061 3.857696 18.213087 3.981514 -0.312002 2.714676 0 0 0 -2.929954 -1.23167 10.131993 1.246384 0.377706 -3.981553 0 0 0 -18.724815 0.463336 17.774795 4.013885 0.995202 3.126699 0 0 0 -18.287739 2.122715 5.592006 -3.712166 8.636711 20.577783 0 0 0 -73.946059 -13.012175 22.066332 1.352513 6.313964 -0.358138 67.480792 -47.23415 -3.691779 0 0 0 44.451987 -18.281218 -14.039168 0.318051 -9.882508 1.013674 -47.264569 -25.867665 -5.729285 0 0 0
0.040561 0.074201 -1.231326 6.582454 24.668636 -8.713829 -1.057421 10.958931 7.703172 -0.216239 -12.247943 0.352873 0 0 0 -12.447511 34.195665 -3.029935 -34.461782 -48.411519 34.353755 0 0 0 0 0 0 -8.805303 2.600311 -13.245125 -60.414096 34.0914 -38.30288 -88.941009 29.026992 32.100889 -0.796519 4.327715 -1.419128 -3.636292 -2.244307 -19.133199 -7.100467 3.62086 1.822583 0 0 0 37.981329 3.85712 -18.21386 -3.981505 -0.312001 -2.714025 0 0 0 2.929467 -1.231741 -10.13273 -1.246458 0.377728 3.981735 0 0 0 18.723955 0.463054 -17.775594 -4.013708 0.99524 -3.126586 0 0 0 18.269087 2.108643 -5.565532 3.717059 8.635663 -20.580557 0 0 0 8.805303 2.600311 13.245125 57.489919 28.274434 36.317597 99.66669 34.888713 -32.455728 -0.165878 -0.986031 -0.313977 3.635273 -2.24402 19.132416 7.100747 3.620751 -1.822804 0 0 0 -37.983061 3.857696 18.213087 3.981514 -0.312002 2.714676 0 0 0 -2.929954 -1.23167 10.131993 1.246384 0.377706 -3.981553 0 0 0 -18.724815 0.463336 17.774795 4.013885 0.995202 3.126699 0 0 0 -18.287739 2.122715 5.592006 -3.712166 8.636711 20.577783 0 0 0 -73.712017 -12.993008 21.638167 1.377849 6.284827 -0.352139 67.490171 -47.516055 -3.773683 0 0 0 44.870226 -17.884576 -13.89414 0.328986 -9.925845 1.01364 -47.513169 -26.160697 -5.746854 0 0 0
0.038675 0.076461 -1.238015 6.43255 24.421453 -8.652721 -0.999834 11.012673 7.559588 -0.200981 -12.279313 0.340839 0 0 0 -12.444277 34.094314 -2.973077 -34.461088 -48.107004 34.592737 0 0 0 0 0 0 -8.805303 2.600311 -13.245125 -60.776144 34.32641 -38.463775 -88.976368 29.04681 32.10452 -0.811084 4.401547 -1.443965 -3.636292 -2.244307 -19.133199 -7.100467 3.62086 1.822583 0 0 0 37.981329 3.85712 -18.21386 -3.981505 -0.312001 -2.714025 0 0 0 2.929467 -1.231741 -10.13273 -1.246458 0.377728 3.981735 0 0 0 18.723955 0.463054 -17.775594 -4.013708 0.99524 -3.126586 0 0 0 18.269087 2.108643 -5.565532 3.717059 8.635663 -20.580557 0 0 0 8.805303 2.600311 13.245125 57.292464 28.210875 36.348349 99.62227 34.865162 -32.456972 -0.141601 -0.839905 -0.267616 3.635273 -2.24402 19.132416 7.100747 3.620751 -1.822804 0 0 0 -37.983061 3.857696 18.213087 3.981514 -0.312002 2.714676 0 0 0 -2.929954 -1.23167 10.131993 1.246384 0.377706 -3.981553 0 0 0 -18.724815 0.463336 17.774795 4.013885 0.995202 3.126699 0 0 0 -18.287739 2.122715 5.592006 -3.712166 8.636711 20.577783 0 0 0 -73.47184 -13.005717 21.273976 1.405392 6.294667 -0.343188 67.476875 -47.847836 -3.872644 0 0 0 45.104336 -17.592323 -13.760781 0.328614 -9.96788 1.01239 -47.639412 -26.173947 -5.740895 0 0 0
0.032296 0.078488 -1.23879 6.238875 24.274761 -8.640795 -0.961633 10.94872 7.406317 -0.178749 -12.273022 0.286454 0 0 0 -12.480756 34.022065 -2.844768 -34.491741 -47.705898 34.56304 0 0 0 0 0 0 -8.805303 2.600311 -13.245125 -61.038452 34.496548 -38.584866 -89.011904 29.066817 32.108424 -0.810342 4.397904 -1.442724 -3.636292 -2.244307 -19.133199 -7.100467 3.62086 1.822583 0 0 0 37.981329 3.85712 -18.21386 -3.981505 -0.312001 -2.714025 0 0 0 2.929467 -1.231741 -10.13273 -1.246458 0.377728 3.981735 0 0 0 18.723955 0.463054 -17.775594 -4.013708 0.99524 -3.126586 0 0 0 18.269087 2.108643 -5.565532 3.717059 8.635663 -20.580557 0 0 0 8.805303 2.600311 13.245125 57.159908 28.137431 36.323824 99.583384 34.844531 -32.45804 -0.124196 -0.735276 -0.23441 3.635273 -2.24402 19.132416 7.100747 3.620751 -1.822804 0 0 0 -37.983061 3.857696 18.213087 3.981514 -0.312002 2.714676 0 0 0 -2.929954 -1.23167 10.131993 1.246384 0.377706 -3.981553 0 0 0 -18.724815 0.463336 17.774795 4.013885 0.995202 3.126699 0 0 0 -18.287739 2.122715 5.592006 -3.712166 8.636711 20.577783 0 0 0 -73.259803 -13.053847 21.080733 1.432059 6.34135 -0.332271 67.428315 -48.2076 -3.974749 0 0 0 45.182458 -17.476124 -13.697131 0.320296 -9.996328 1.01025 -47.624674 -25.970945 -5.718294 0 0 0
0.027008 0.082336 -1.24637 6.049394 24.18253 -8.665176 -0.945074 10.849127 7.287526 -0.15461 -12.252707 0.19528 0 0 0 -12.583613 33.902051 -2.756896 -34.403816 -47.114115 34.108793 0 0 0 0 0 0 -8.805303 2.600311 -13.245125 -61.162378 34.622421 -38.643822 -89.057429 29.092437 32.113359 -0.798971 4.34045 -1.423372 -3.636292 -2.244307 -19.133199 -7.100467 3.62086 1.822583 0 0 0 37.981329 3.85712 -18.21386 -3.981505 -0.312001 -2.714025 0 0 0 2.929467 -1.231741 -10.13273 -1.246458 0.377728 3.981735 0 0 0 18.723955 0.463054 -17.775594 -4.013708 0.99524 -3.126586 0 0 0 18.269087 2.108643 -5.565532 3.717059 8.635663 -20.580557 0 0 0 8.805303 2.600311 13.245125 57.129574 28.113792 36.283417 99.541077 34.822079 -32.459143 -0.121117 -0.716553 -0.228487 3.635273 -2.24402 19.132416 7.100747 3.620751 -1.822804 0 0 0 -37.983061 3.857696 18.213087 3.981514 -0.312002 2.714676 0 0 0 -2.929954 -1.23167 10.131993 1.246384 0.377706 -3.981553 0 0 0 -18.724815 0.463336 17.774795 4.013885 0.995202 3.126699 0 0 0 -18.287739 2.122715 5.592006 -3.712166 8.636711 20.577783 0 0 0 -73.08766 -13.094287 20.989192 1.458481 6.398867 -0.319995 67.350746 -48.596382 -4.076729 0 0 0 45.20801 -17.458379 -13.661345 0.313342 -10.0095 1.008123 -47.539801 -25.761442 -5.696215 0 0 0
0.022639 0.084648 -1.252891 5.899422 24.086773 -8.701978 -0.960951 10.784677 7.196852 -0.134737 -12.238507 0.070286 0 0 0 -12.826625 33.596294 -2.850252 -34.065865 -46.021849 33.059193 0 0 0 0 0 0 -8.805303 2.600311 -13.245125 -61.167401 34.707477 -38.692833 -89.105142 29.11952 32.119178 -0.787979 4.284832 -1.404649 -3.636292 -2.244307 -19.133199 -7.100467 3.62086 1.822583 0 0 0 37.981329 3.85712 -18.21386 -3.981505 -0.312001 -2.714025 0 0 0 2.929467 -1.231741 -10.13273 -1.246458 0.377728 3.981735 0 0 0 18.723955 0.463054 -17.775594 -4.013708 0.99524 -3.126586 0 0 0 18.269087 2.108643 -5.565532 3.717059 8.635663 -20.580557 0 0 0 8.805303 2.600311 13.245125 57.230073 28.123382 36.276133 99.4674 34.782959 -32.46094 -0.127873 -0.75685 -0.241305 3.635273 -2.24402 19.132416 7.100747 3.620751 -1.822804 0 0 0 -37.983061 3.857696 18.213087 3.981514 -0.312002 2.714676 0 0 0 -2.929954 -1.23167 10.131993 1.246384 0.377706 -3.981553 0 0 0 -18.724815 0.463336 17.774795 4.013885 0.995202 3.126699 0 0 0 -18.287739 2.122715 5.592006 -3.712166 8.636711 20.577783 0 0 0 -72.953775 -13.114217 20.899815 1.490673 6.464874 -0.304156 67.248493 -49.07319 -4.199442 0 0 0 45.209008 -17.456436 -13.607052 0.310147 -10.008823 1.006204 -47.452419 -25.576538 -5.681372 0 0 0
0.015072 0.087837 -1.251703 5.761402 23.975667 -8.736813 -1.030528 10.736947 7.097792 -0.118344 -12.228045 -0.125774 0 0 0 -13.357117 32.915224 -3.304871 -33.384254 -43.829141 31.061178 0 0 0 0 0 0 -8.805303 2.600311 -13.245125 -61.029212 34.762049 -38.782916 -89.141886 29.140583 32.124226 -0.782203 4.25554 -1.394798 -3.636292 -2.244307 -19.133199 -7.100467 3.62086 1.822583 0 0 0 37.981329 3.85712 -18.21386 -3.981505 -0.312001 -2.714025 0 0 0 2.929467 -1.231741 -10.13273 -1.246458 0.377728 3.981735 0 0 0 18.723955 0.463054 -17.775594 -4.013708 0.99524 -3.126586 0 0 0 18.269087 2.108643 -5.565532 3.717059 8.635663 -20.580557 0 0 0 8.805303 2.600311 13.245125 57.5332 28.08611 36.342549 99.314252 34.701506 -32.464296 -0.131325 -0.777581 -0.247887 3.635273 -2.24402 19.132416 7.100747 3.620751 -1.822804 0 0 0 -37.983061 3.857696 18.213087 3.981514 -0.312002 2.714676 0 0 0 -2.929954 -1.23167 10.131993 1.246384 0.377706 -3.981553 0 0 0 -18.724815 0.463336 17.774795 4.013885 0.995202 3.126699 0 0 0 -18.287739 2.122715 5.592006 -3.712166 8.636711 20.577783 0 0 0 -72.825645 -13.138491 20.780879 1.527768 6.546061 -0.285176 67.145185 -49.595515 -4.344008 0 0 0 45.151421 -17.454321 -13.534452 0.305674 -9.996163 1.003975 -47.371366 -25.271271 -5.666716 0 0 0
0.014393 0.08878 -1.251742 5.559064 23.852338 -8.775952 -1.233448 10.66352 6.932121 -0.125932 -12.198066 -0.396608 0 0 0 -14.334416 31.802854 -4.38255 -32.339575 -40.002411 27.777566 0 0 0 0 0 0 -8.805303 2.600311 -13.245125 -60.573825 34.764069 -38.886283 -89.169472 29.156105 32.127147 -0.783307 4.261037 -1.39666 -3.636292 -2.244307 -19.133199 -7.100467 3.62086 1.822583 0 0 0 37.981329 3.85712 -18.21386 -3.981505 -0.312001 -2.714025 0 0 0 2.929467 -1.231741 -10.13273 -1.246458 0.377728 3.981735 0 0 0 18.723955 0.463054 -17.775594 -4.013708 0.99524 -3.126586 0 0 0 18.269087 2.108643 -5.565532 3.717059 8.635663 -20.580557 0 0 0 8.805303 2.600311 13.245125 58.214614 27.982855 36.471096 99.025296 34.547515 -32.469823 -0.1261 -0.746452 -0.237981 3.635273 -2.24402 19.132416 7.100747 3.620751 -1.822804 0 0 0 -37.983061 3.857696 18.213087 3.981514 -0.312002 2.714676 0 0 0 -2.929954 -1.23167 10.131993 1.246384 0.377706 -3.981553 0 0 0 -18.724815 0.463336 17.774795 4.013885 0.995202 3.126699 0 0 0 -18.287739 2.122715 5.592006 -3.712166 8.636711 20.577783 0 0 0 -72.632663 -13.18359 20.636525 1.560088 6.638241 -0.267602 67.080844 -50.012213 -4.482704 0 0 0 44.974636 -17.481089 -13.44299 0.294235 -9.973302 1.000841 -47.224426 -24.682337 -5.63807 0 0 0
0.009889 0.087424 -1.250011 5.238072 23.70452 -8.840485 -1.689986 10.571069 6.610614 -0.206658 -12.118715 -0.649306 0 0 0 -15.782972 30.509283 -6.264915 -31.119089 -34.634387 23.418512 0 0 0 0 0 0 -8.805303 2.600311 -13.245125 -59.611789 34.652046 -38.932905 -89.209523 29.178043 32.129637 -0.794759 4.318917 -1.416153 -3.636292 -2.244307 -19.133199 -7.100467 3.62086 1.822583 0 0 0 37.981329 3.85712 -18.21386 -3.981505 -0.312001 -2.714025 0 0 0 2.929467 -1.231741 -10.13273 -1.246458 0.377728 3.981735 0 0 0 18.723955 0.463054 -17.775594 -4.013708 0.99524 -3.126586 0 0 0 18.269087 2.108643 -5.565532 3.717059 8.635663 -20.580557 0 0 0 8.805303 2.600311 13.245125 59.418932 27.898121 36.588993 98.591233 34.315719 -32.476761 -0.122883 -0.727356 -0.231898 3.635273 -2.24402 19.132416 7.100747 3.620751 -1.822804 0 0 0 -37.983061 3.857696 18.213087 3.981514 -0.312002 2.714676 0 0 0 -2.929954 -1.23167 10.131993 1.246384 0.377706 -3.981553 0 0 0 -18.724815 0.463336 17.774795 4.013885 0.995202 3.126699 0 0 0 -18.287739 2.122715 5.592006 -3.712166 8.636711 20.577783 0 0 0 -72.317965 -13.243584 20.452222 1.590027 6.748539 -0.251024 67.047754 -50.366497 -4.629916 0 0 0 44.605153 -17.567268 -13.298019 0.273829 -9.940607 0.996555 -46.905166 -23.73867 -5.584219 0 0 0
0.004153 0.085087 -1.242418 4.839426 23.531146 -8.943472 -2.409776 10.487469 6.07474 -0.378087 -11.977217 -0.796356 0 0 0 -17.471432 29.432478 -8.705055 -30.035437 -28.456849 18.683212 0 0 0 0 0 0 -8.805303 2.600311 -13.245125 -58.257792 34.449109 -38.887394 -89.27603 29.214762 32.134587 -0.81386 4.415541 -1.448683 -3.636292 -2.244307 -19.133199 -7.100467 3.62086 1.822583 0 0 0 37.981329 3.85712 -18.21386 -3.981505 -0.312001 -2.714025 0 0 0 2.929467 -1.231741 -10.13273 -1.246458 0.377728 3.981735 0 0 0 18.723955 0.463054 -17.775594 -4.013708 0.99524 -3.126586 0 0 0 18.269087 2.108643 -5.565532 3.717059 8.635663 -20.580557 0 0 0 8.805303 2.600311 13.245125 60.989441 27.896135 36.642829 98.078333 34.041199 -32.483021 -0.132069 -0.782876 -0.249492 3.635273 -2.24402 19.132416 7.100747 3.620751 -1.822804 0 0 0 -37.983061 3.857696 18.213087 3.981514 -0.312002 2.714676 0 0 0 -2.929954 -1.23167 10.131993 1.246384 0.377706 -3.981553 0 0 0 -18.724815 0.463336 17.774795 4.013885 0.995202 3.126699 0 0 0 -18.287739 2.122715 5.592006 -3.712166 8.636711 20.577783 0 0 0 -71.916915 -13.292557 20.223666 1.632255 6.888854 -0.229699 66.99234 -50.887922 -4.834506 0 0 0 44.033366 -17.720041 -13.071928 0.248526 -9.897317 0.991607 -46.382738 -22.579672 -5.510211 0 0 0
-0.008916 0.084415 -1.235019 4.47253 23.36442 -9.081769 -3.174857 10.409595 5.384902 -0.570536 -11.789187 -0.889536 0 0 0 -18.970223 28.808208 -10.963646 -29.267767 -22.245175 14.037034 0 0 0 0 0 0 -8.805303 2.600311 -13.245125 -56.991497 34.326993 -38.751254 -89.354376 29.258592 32.142053 -0.828457 4.489409 -1.473548 -3.636292 -2.244307 -19.133199 -7.100467 3.62086 1.822583 0 0 0 37.981329 3.85712 -18.21386 -3.981505 -0.312001 -2.714025 0 0 0 2.929467 -1.231741 -10.13273 -1.246458 0.377728 3.981735 0 0 0 18.723955 0.463054 -17.775594 -4.013708 0.99524 -3.126586 0 0 0 18.269087 2.108643 -5.565532 3.717059 8.635663 -20.580557 0 0 0 8.805303 2.600311 13.245125 62.412777 27.851687 36.700709 97.586971 33.777561 -32.486959 -0.13826 -0.821639 -0.261651 3.635273 -2.24402 19.132416 7.100747 3.620751 -1.822804 0 0 0 -37.983061 3.857696 18.213087 3.981514 -0.312002 2.714676 0 0 0 -2.929954 -1.23167 10.131993 1.246384 0.377706 -3.981553 0 0 0 -18.724815 0.463336 17.774795 4.013885 0.995202 3.126699 0 0 0 -18.287739 2.122715 5.592006 -3.712166 8.636711 20.577783 0 0 0 -71.541894 -13.285963 20.007494 1.685785 7.041766 -0.204057 66.894176 -51.593232 -5.078844 0 0 0 43.371012 -17.926294 -12.780756 0.225536 -9.847406 0.986934 -45.759309 -21.497327 -5.435776 0 0 0
-0.026729 0.084854 -1.23139 4.196842 23.238796 -9.242615 -3.635768 10.333741 4.686613 -0.65628 -11.566692 -1.111502 0 0 0 -19.860552 28.524045 -12.245837 -28.799804 -16.195332 9.31735 0 0 0 0 0 0 -8.805303 2.600311 -13.245125 -56.305084 34.477468 -38.483536 -89.416581 29.293775 32.149051 -0.828856 4.491481 -1.474239 -3.636292 -2.244307 -19.133199 -7.100467 3.62086 1.822583 0 0 0 37.981329 3.85712 -18.21386 -3.981505 -0.312001 -2.714025 0 0 0 2.929467 -1.231741 -10.13273 -1.246458 0.377728 3.981735 0 0 0 18.723955 0.463054 -17.775594 -4.013708 0.99524 -3.126586 0 0 0 18.269087 2.108643 -5.565532 3.717059 8.635663 -20.580557 0 0 0 8.805303 2.600311 13.245125 63.137779 27.489434 36.862335 97.196116 33.567354 -32.488516 -0.110132 -0.656695 -0.208916 3.635273 -2.24402 19.132416 7.100747 3.620751 -1.822804 0 0 0 -37.983061 3.857696 18.213087 3.981514 -0.312002 2.714676 0 0 0 -2.929954 -1.23167 10.131993 1.246384 0.377706 -3.981553 0 0 0 -18.724815 0.463336 17.774795 4.013885 0.995202 3.126699 0 0 0 -18.287739 2.122715 5.592006 -3.712166 8.636711 20.577783 0 0 0 -71.262858 -13.20359 19.87209 1.733307 7.178252 -0.1808 66.769294 -52.271632 -5.291819 0 0 0 42.784655 -18.157105 -12.472512 0.207309 -9.805624 0.982889 -45.200878 -20.655946 -5.375189 0 0 0
-0.047465 0.083628 -1.224753 3.979554 23.165 -9.403844 -3.564801 10.309186 4.112362 -0.544914 -11.27581 -1.636921 0 0 0 -19.94181 28.205749 -12.270815 -28.539116 -9.885674 4.115221 0 0 0 0 0 0 -8.805303 2.600311 -13.245125 -56.319418 34.933064 -37.953981 -89.4467 29.310849 32.152534 -0.81801 4.43671 -1.455787 -3.636292 -2.244307 -19.133199 -7.100467 3.62086 1.822583 0 0 0 37.981329 3.85712 -18.21386 -3.981505 -0.312001 -2.714025 0 0 0 2.929467 -1.231741 -10.13273 -1.246458 0.377728 3.981735 0 0 0 18.723955 0.463054 -17.775594 -4.013708 0.99524 -3.126586 0 0 0 18.269087 2.108643 -5.565532 3.717059 8.635663 -20.580557 0 0 0 8.805303 2.600311 13.245125 62.98739 26.706353 37.013301 96.943371 33.431154 -32.488679 -0.04605 -0.277825 -0.088079 3.635273 -2.24402 19.132416 7.100747 3.620751 -1.822804 0 0 0 -37.983061 3.857696 18.213087 3.981514 -0.312002 2.714676 0 0 0 -2.929954 -1.23167 10.131993 1.246384 0.377706 -3.981553 0 0 0 -18.724815 0.463336 17.774795 4.013885 0.995202 3.126699 0 0 0 -18.287739 2.122715 5.592006 -3.712166 8.636711 20.577783 0 0 0 -71.05581 -13.085511 19.828294 1.765995 7.290333 -0.163242 66.630222 -52.806965 -5.446937 0 0 0 42.38059 -18.37821 -12.207823 0.19059 -9.786996 0.979087 -44.809627 -20.001 -5.327909 0 0 0
-0.067432 0.083421 -1.225992 3.772861 23.137189 -9.54612 -3.069012 10.432839 3.71658 -0.277704 -10.85986 -2.41834 0 0 0 -19.305565 27.662991 -11.440992 -28.343345 -3.103462 -1.559204 0 0 0 0 0 0 -8.805303 2.600311 -13.245125 -56.67763 35.49494 -37.030937 -89.475027 29.326385 32.154242 -0.810862 4.400366 -1.443576 -3.636292 -2.244307 -19.133199 -7.100467 3.62086 1.822583 0 0 0 37.981329 3.85712 -18.21386 -3.981505 -0.312001 -2.714025 0 0 0 2.929467 -1.231741 -10.13273 -1.246458 0.377728 3.981735 0 0 0 18.723955 0.463054 -17.775594 -4.013708 0.99524 -3.126586 0 0 0 18.269087 2.108643 -5.565532 3.717059 8.635663 -20.580557 0 0 0 8.805303 2.600311 13.245125 62.270294 25.78366 36.846462 96.863608 33.388058 -32.488391 0.017963 0.100304 0.032557 3.635273 -2.24402 19.132416 7.100747 3.620751 -1.822804 0 0 0 -37.983061 3.857696 18.213087 3.981514 -0.312002 2.714676 0 0 0 -2.929954 -1.23167 10.131993 1.246384 0.377706 -3.981553 0 0 0 -18.724815 0.463336 17.774795 4.013885 0.995202 3.126699 0 0 0 -18.287739 2.122715 5.592006 -3.712166 8.636711 20.577783 0 0 0 -70.874425 -12.980292 19.8501 1.786784 7.376184 -0.150738 66.502112 -53.209394 -5.562253 0 0 0 42.161357 -18.575305 -12.025606 0.173145 -9.789765 0.97524 -44.572057 -19.455769 -5.289566 0 0 0
-0.079258 0.081006 -1.225721 3.565786 23.155705 -9.676313 -2.638511 10.808226 3.415695 -0.058428 -10.311287 -3.042865 0 0 0 -18.211488 27.146645 -10.501855 -27.898367 3.310799 -7.026142 0 0 0 0 0 0 -8.805303 2.600311 -13.245125 -56.647199 35.762865 -35.697948 -89.60356 29.39741 32.163361 -0.829809 4.494177 -1.475433 -3.636292 -2.244307 -19.133199 -7.100467 3.62086 1.822583 0 0 0 37.981329 3.85712 -18.21386 -3.981505 -0.312001 -2.714025 0 0 0 2.929467 -1.231741 -10.13273 -1.246458 0.377728 3.981735 0 0 0 18.723955 0.463054 -17.775594 -4.013708 0.99524 -3.126586 0 0 0 18.269087 2.108643 -5.565532 3.717059 8.635663 -20.580557 0 0 0 8.805303 2.600311 13.245125 61.60075 25.191097 36.196276 97.063773 33.495456 -32.486831 0.061213 0.352798 0.113402 3.635273 -2.24402 19.132416 7.100747 3.620751 -1.822804 0 0 0 -37.983061 3.857696 18.213087 3.981514 -0.312002 2.714676 0 0 0 -2.929954 -1.23167 10.131993 1.246384 0.377706 -3.981553 0 0 0 -18.724815 0.463336 17.774795 4.013885 0.995202 3.126699 0 0 0 -18.287739 2.122715 5.592006 -3.712166 8.636711 20.577783 0 0 0 -70.709549 -12.893209 19.932568 1.801353 7.429067 -0.141859 66.405856 -53.524354 -5.659564 0 0 0 42.083866 -18.767254 -11.923222 0.156111 -9.801475 0.971478 -44.42675 -19.042214 -5.260232 0 0 0
-0.098157 0.07956 -1.226096 3.364476 23.252354 -9.816607 -2.801558 11.497013 3.034191 -0.103481 -9.673396 -3.04106 0 0 0 -16.935822 27.048102 -9.994943 -26.795902 7.766158 -11.239494 0 0 0 0 0 0 -8.805303 2.600311 -13.245125 -55.562658 35.370507 -34.001304 -89.962685 29.596678 32.190468 -0.893822 4.811002 -1.583043 -3.636292 -2.244307 -19.133199 -7.100467 3.62086 1.822583 0 0 0 37.981329 3.85712 -18.21386 -3.981505 -0.312001 -2.714025 0 0 0 2.929467 -1.231741 -10.13273 -1.246458 0.377728 3.981735 0 0 0 18.723955 0.463054 -17.775594 -4.013708 0.99524 -3.126586 0 0 0 18.269087 2.108643 -5.565532 3.717059 8.635663 -20.580557 0 0 0 8.805303 2.600311 13.245125 61.457509 25.160424 35.187398 97.729892 33.851629 -32.477962 0.106952 0.612653 0.197322 3.635273 -2.24402 19.132416 7.100747 3.620751 -1.822804 0 0 0 -37.983061 3.857696 18.213087 3.981514 -0.312002 2.714676 0 0 0 -2.929954 -1.23167 10.131993 1.246384 0.377706 -3.981553 0 0 0 -18.724815 0.463336 17.774795 4.013885 0.995202 3.126699 0 0 0 -18.287739 2.122715 5.592006 -3.712166 8.636711 20.577783 0 0 0 -70.58437 -12.819786 20.118612 1.815078 7.452077 -0.134618 66.308561 -53.837258 -5.757931 0 0 0 42.138234 -18.992956 -11.904275 0.140911 -9.818393 0.967997 -44.34471 -18.831656 -5.241382 0 0 0
-0.112239 0.079134 -1.237279 3.167021 23.474534 -9.977665 -3.45573 12.490408 2.510438 -0.36011 -8.963415 -2.532957 0 0 0 -15.774808 27.647588 -9.876353 -24.996091 9.008119 -13.22085 0 0 0 0 0 0 -8.805303 2.600311 -13.245125 -53.559222 34.418878 -31.914388 -90.63925 29.971971 32.238797 -1.001205 5.338606 -1.762789 -3.636292 -2.244307 -19.133199 -7.100467 3.62086 1.822583 0 0 0 37.981329 3.85712 -18.21386 -3.981505 -0.312001 -2.714025 0 0 0 2.929467 -1.231741 -10.13273 -1.246458 0.377728 3.981735 0 0 0 18.723955 0.463054 -17.775594 -4.013708 0.99524 -3.126586 0 0 0 18.269087 2.108643 -5.565532 3.717059 8.635663 -20.580557 0 0 0 8.805303 2.600311 13.245125 61.585051 25.33377 34.080963 99.006503 34.529538 -32.447658 0.191651 1.084503 0.350703 3.635273 -2.24402 19.132416 7.100747 3.620751 -1.822804 0 0 0 -37.983061 3.857696 18.213087 3.981514 -0.312002 2.714676 0 0 0 -2.929954 -1.23167 10.131993 1.246384 0.377706 -3.981553 0 0 0 -18.724815 0.463336 17.774795 4.013885 0.995202 3.126699 0 0 0 -18.287739 2.122715 5.592006 -3.712166 8.636711 20.577783 0 0 0 -70.52378 -12.777839 20.470546 1.828122 7.45758 -0.128437 66.157799 -54.193274 -5.859979 0 0 0 42.323503 -19.295513 -12.005045 0.126763 -9.841998 0.964705 -44.316926 -18.826005 -5.231611 0 0 0
-0.121187 0.079315 -1.254854 2.952652 23.843918 -10.16746 -3.897789 13.732992 1.968214 -0.53053 -8.174888 -2.17657 0 0 0 -15.002555 29.080439 -9.7609 -22.957946 6.799641 -12.487408 0 0 0 0 0 0 -8.805303 2.600311 -13.245125 -51.49789 33.424194 -29.427899 -91.653143 30.533029 32.302488 -1.136268 5.991521 -1.986761 -3.636292 -2.244307 -19.133199 -7.100467 3.62086 1.822583 0 0 0 37.981329 3.85712 -18.21386 -3.981505 -0.312001 -2.714025 0 0 0 2.929467 -1.231741 -10.13273 -1.246458 0.377728 3.981735 0 0 0 18.723955 0.463054 -17.775594 -4.013708 0.99524 -3.126586 0 0 0 18.269087 2.108643 -5.565532 3.717059 8.635663 -20.580557 0 0 0 8.805303 2.600311 13.245125 61.200665 25.027966 33.101465 100.859608 35.503445 -32.376672 0.334904 1.867564 0.606919 3.635273 -2.24402 19.132416 7.100747 3.620751 -1.822804 0 0 0 -37.983061 3.857696 18.213087 3.981514 -0.312002 2.714676 0 0 0 -2.929954 -1.23167 10.131993 1.246384 0.377706 -3.981553 0 0 0 -18.724815 0.463336 17.774795 4.013885 0.995202 3.126699 0 0 0 -18.287739 2.122715 5.592006 -3.712166 8.636711 20.577783 0 0 0 -70.523255 -12.786265 21.011807 1.840445 7.459372 -0.122741 65.929055 -54.602854 -5.974031 0 0 0 42.584693 -19.715648 -12.248319 0.110642 -9.865397 0.96118 -44.310865 -18.882001 -5.225919 0 0 0
-0.129906 0.076047 -1.284568 2.707372 24.364174 -10.395664 -3.744057 15.143051 1.531287 -0.453896 -7.374432 -2.34045 0 0 0 -14.677784 31.179972 -9.538772 -21.123605 1.887572 -9.428358 0 0 0 0 0 0 -8.805303 2.600311 -13.245125 -49.931311 32.679381 -26.783395 -92.968225 31.257818 32.369404 -1.30038 6.76338 -2.254712 -3.636292 -2.244307 -19.133199 -7.100467 3.62086 1.822583 0 0 0 37.981329 3.85712 -18.21386 -3.981505 -0.312001 -2.714025 0 0 0 2.929467 -1.231741 -10.13273 -1.246458 0.377728 3.981735 0 0 0 18.723955 0.463054 -17.775594 -4.013708 0.99524 -3.126586 0 0 0 18.269087 2.108643 -5.565532 3.717059 8.635663 -20.580557 0 0 0 8.805303 2.600311 13.245125 60.045124 24.048466 32.354539 103.084913 36.656181 -32.249688 0.532503 2.923349 0.955203 3.635273 -2.24402 19.132416 7.100747 3.620751 -1.822804 0 0 0 -37.983061 3.857696 18.213087 3.981514 -0.312002 2.714676 0 0 0 -2.929954 -1.23167 10.131993 1.246384 0.377706 -3.981553 0 0 0 -18.724815 0.463336 17.774795 4.013885 0.995202 3.126699 0 0 0 -18.287739 2.122715 5.592006 -3.712166 8.636711 20.577783 0 0 0 -70.571914 -12.854599 21.721343 1.863813 7.472922 -0.112295 65.597795 -55.191385 -6.156281 0 0 0 42.842858 -20.270409 -12.622432 0.090532 -9.889635 0.95721 -44.274826 -18.882092 -5.21606 0 0 0
-0.13986 0.076164 -1.310485 2.473746 25.05111 -10.646492 -3.281116 16.594357 1.205383 -0.240636 -6.71241 -2.821954 0 0 0 -14.605403 33.447011 -9.403663 -19.631456 -4.419491 -5.127054 0 0 0 0 0 0 -8.805303 2.600311 -13.245125 -48.738525 32.082504 -24.43106 -94.509615 32.102519 32.425322 -1.510281 7.721541 -2.59184 -3.636292 -2.244307 -19.133199 -7.100467 3.62086 1.822583 0 0 0 37.981329 3.85712 -18.21386 -3.981505 -0.312001 -2.714025 0 0 0 2.929467 -1.231741 -10.13273 -1.246458 0.377728 3.981735 0 0 0 18.723955 0.463054 -17.775594 -4.013708 0.99524 -3.126586 0 0 0 18.269087 2.108643 -5.565532 3.717059 8.635663 -20.580557 0 0 0 8.805303 2.600311 13.245125 58.617815 22.844219 31.888144 105.431207 37.849536 -32.064796 0.762912 4.11901 1.353963 3.635273 -2.24402 19.132416 7.100747 3.620751 -1.822804 0 0 0 -37.983061 3.857696 18.213087 3.981514 -0.312002 2.714676 0 0 0 -2.929954 -1.23167 10.131993 1.246384 0.377706 -3.981553 0 0 0 -18.724815 0.463336 17.774795 4.013885 0.995202 3.126699 0 0 0 -18.287739 2.122715 5.592006 -3.712166 8.636711 20.577783 0 0 0 -70.709595 -12.989457 22.574449 1.913894 7.505396 -0.090284 65.133572 -56.132821 -6.47025 0 0 0 43.036561 -20.933961 -13.104843 0.068429 -9.942029 0.953328 -44.156416 -18.944761 -5.192082 0 0 0
-0.139106 0.076926 -1.339166 2.326868 25.911034 -10.886601 -2.884644 17.941368 0.960808 -0.038209 -6.314174 -3.319125 0 0 0 -14.548723 35.348429 -9.423643 -18.538435 -10.89138 -0.596147 0 0 0 0 0 0 -8.805303 2.600311 -13.245125 -47.727331 31.567491 -22.717885 -96.157661 32.999537 32.45951 -1.765162 8.851928 -2.994975 -3.636292 -2.244307 -19.133199 -7.100467 3.62086 1.822583 0 0 0 37.981329 3.85712 -18.21386 -3.981505 -0.312001 -2.714025 0 0 0 2.929467 -1.231741 -10.13273 -1.246458 0.377728 3.981735 0 0 0 18.723955 0.463054 -17.775594 -4.013708 0.99524 -3.126586 0 0 0 18.269087 2.108643 -5.565532 3.717059 8.635663 -20.580557 0 0 0 8.805303 2.600311 13.245125 57.406086 21.861059 31.768038 107.671225 38.965941 -31.839023 1.000802 5.312842 1.757339 3.635273 -2.24402 19.132416 7.100747 3.620751 -1.822804 0 0 0 -37.983061 3.857696 18.213087 3.981514 -0.312002 2.714676 0 0 0 -2.929954 -1.23167 10.131993 1.246384 0.377706 -3.981553 0 0 0 -18.724815 0.463336 17.774795 4.013885 0.995202 3.126699 0 0 0 -18.287739 2.122715 5.592006 -3.712166 8.636711 20.577783 0 0 0 -70.996148 -13.176961 23.540824 1.993622 7.54133 -0.055522 64.55625 -57.426394 -6.923467 0 0 0 43.120379 -21.658429 -13.665599 0.048478 -10.048562 0.950385 -43.922932 -19.271511 -5.149052 0 0 0
-0.132449 0.079702 -1.358446 2.28209 26.89611 -11.101613 -2.609748 19.093277 0.791868 0.124444 -6.189924 -3.73861 0 0 0 -14.419689 36.624823 -9.473168 -17.985666 -16.908115 3.763595 0 0 0 0 0 0 -8.805303 2.600311 -13.245125 -46.96778 31.281987 -21.672766 -97.739706 33.854259 32.468534 -2.043158 10.046259 -3.427541 -3.636292 -2.244307 -19.133199 -7.100467 3.62086 1.822583 0 0 0 37.981329 3.85712 -18.21386 -3.981505 -0.312001 -2.714025 0 0 0 2.929467 -1.231741 -10.13273 -1.246458 0.377728 3.981735 0 0 0 18.723955 0.463054 -17.775594 -4.013708 0.99524 -3.126586 0 0 0 18.269087 2.108643 -5.565532 3.717059 8.635663 -20.580557 0 0 0 8.805303 2.600311 13.245125 56.475595 21.23052 31.957808 109.602742 39.909591 -31.606131 1.220699 6.382517 2.123373 3.635273 -2.24402 19.132416 7.100747 3.620751 -1.822804 0 0 0 -37.983061 3.857696 18.213087 3.981514 -0.312002 2.714676 0 0 0 -2.929954 -1.23167 10.131993 1.246384 0.377706 -3.981553 0 0 0 -18.724815 0.463336 17.774795 4.013885 0.995202 3.126699 0 0 0 -18.287739 2.122715 5.592006 -3.712166 8.636711 20.577783 0 0 0 -71.413839 -13.384958 24.548494 2.09393 7.559608 -0.012216 63.92674 -58.911891 -7.487103 0 0 0 43.097032 -22.394949 -14.263853 0.032903 -10.199117 0.948695 -43.593431 -19.856037 -5.092776 0 0 0
-0.126126 0.086869 -1.368815 2.283071 27.917855 -11.288694 -2.342731 20.025495 0.676704 0.282811 -6.261507 -4.121191 0 0 0 -14.270365 37.327686 -9.456372 -18.106126 -22.392148 7.989414 0 0 0 0 0 0 -8.805303 2.600311 -13.245125 -46.568857 31.385104 -21.087096 -99.107541 34.58725 32.45614 -2.320009 11.196553 -3.851213 -3.636292 -2.244307 -19.133199 -7.100467 3.62086 1.822583 0 0 0 37.981329 3.85712 -18.21386 -3.981505 -0.312001 -2.714025 0 0 0 2.929467 -1.231741 -10.13273 -1.246458 0.377728 3.981735 0 0 0 18.723955 0.463054 -17.775594 -4.013708 0.99524 -3.126586 0 0 0 18.269087 2.108643 -5.565532 3.717059 8.635663 -20.580557 0 0 0 8.805303 2.600311 13.245125 55.693922 20.944102 32.267229 111.094046 40.624852 -31.401065 1.40556 7.255865 2.42597 3.635273 -2.24402 19.132416 7.100747 3.620751 -1.822804 0 0 0 -37.983061 3.857696 18.213087 3.981514 -0.312002 2.714676 0 0 0 -2.929954 -1.23167 10.131993 1.246384 0.377706 -3.981553 0 0 0 -18.724815 0.463336 17.774795 4.013885 0.995202 3.126699 0 0 0 -18.287739 2.122715 5.592006 -3.712166 8.636711 20.577783 0 0 0 -71.871218 -13.605838 25.500402 2.203927 7.569233 0.035359 63.264725 -60.469833 -8.14303 0 0 0 43.027443 -23.090454 -14.867415 0.020794 -10.361686 0.947885 -43.239509 -20.498932 -5.034651 0 0 0
-0.113939 0.090924 -1.369861 2.291212 28.904635 -11.436172 -2.057815 20.725259 0.575638 0.447422 -6.463782 -4.493887 0 0 0 -14.156198 37.634096 -9.379487 -18.857227 -27.353227 12.08001 0 0 0 0 0 0 -8.805303 2.600311 -13.245125 -46.470719 31.86502 -20.77763 -100.228429 35.182661 32.429771 -2.576293 12.228095 -4.237474 -3.636292 -2.244307 -19.133199 -7.100467 3.62086 1.822583 0 0 0 37.981329 3.85712 -18.21386 -3.981505 -0.312001 -2.714025 0 0 0 2.929467 -1.231741 -10.13273 -1.246458 0.377728 3.981735 0 0 0 18.723955 0.463054 -17.775594 -4.013708 0.99524 -3.126586 0 0 0 18.269087 2.108643 -5.565532 3.717059 8.635663 -20.580557 0 0 0 8.805303 2.600311 13.245125 54.996943 20.969195 32.564737 112.162143 41.12836 -31.23839 1.562905 7.976811 2.679185 3.635273 -2.24402 19.132416 7.100747 3.620751 -1.822804 0 0 0 -37.983061 3.857696 18.213087 3.981514 -0.312002 2.714676 0 0 0 -2.929954 -1.23167 10.131993 1.246384 0.377706 -3.981553 0 0 0 -18.724815 0.463336 17.774795 4.013885 0.995202 3.126699 0 0 0 -18.287739 2.122715 5.592006 -3.712166 8.636711 20.577783 0 0 0 -72.307968 -13.850911 26.334355 2.315382 7.598408 0.08468 62.565729 -62.055952 -8.877725 0 0 0 42.955991 -23.70438 -15.456032 0.010461 -10.514347 0.947468 -42.938022 -21.034008 -4.983057 0 0 0
-0.09951 0.096916 -1.366155 2.325273 29.815051 -11.535749 -1.821265 21.182442 0.479908 0.596247 -6.780005 -4.829489 0 0 0 -14.046326 37.683127 -9.241179 -20.02568 -31.73212 15.859043 0 0 0 0 0 0 -8.805303 2.600311 -13.245125 -46.539693 32.546057 -20.72707 -101.147685 35.666959 32.396618 -2.805639 13.122686 -4.578158 -3.636292 -2.244307 -19.133199 -7.100467 3.62086 1.822583 0 0 0 37.981329 3.85712 -18.21386 -3.981505 -0.312001 -2.714025 0 0 0 2.929467 -1.231741 -10.13273 -1.246458 0.377728 3.981735 0 0 0 18.723955 0.463054 -17.775594 -4.013708 0.99524 -3.126586 0 0 0 18.269087 2.108643 -5.565532 3.717059 8.635663 -20.580557 0 0 0 8.805303 2.600311 13.245125 54.409895 21.221406 32.914568 112.951018 41.49439 -31.108137 1.711205 8.638837 2.914512 3.635273 -2.24402 19.132416 7.100747 3.620751 -1.822804 0 0 0 -37.983061 3.857696 18.213087 3.981514 -0.312002 2.714676 0 0 0 -2.929954 -1.23167 10.131993 1.246384 0.377706 -3.981553 0 0 0 -18.724815 0.463336 17.774795 4.013885 0.995202 3.126699 0 0 0 -18.287739 2.122715 5.592006 -3.712166 8.636711 20.577783 0 0 0 -72.72647 -14.102109 27.02964 2.422613 7.652338 0.133356 61.900388 -63.577512 -9.652244 0 0 0 42.868172 -24.224379 -15.995442 0.001837 -10.646565 0.947213 -42.725044 -21.425447 -4.942077 0 0 0
-0.082989 0.102585 -1.350943 2.403689 30.623191 -11.593786 -1.662357 21.409476 0.413188 0.715615 -7.19945 -5.099843 0 0 0 -13.866323 37.567302 -8.993737 -21.41799 -35.603732 19.246088 0 0 0 0 0 0 -8.805303 2.600311 -13.245125 -46.727849 33.229772 -20.999512 -101.894038 36.05754 32.362588 -3.009792 13.897104 -4.877659 -3.636292 -2.244307 -19.133199 -7.100467 3.62086 1.822583 0 0 0 37.981329 3.85712 -18.21386 -3.981505 -0.312001 -2.714025 0 0 0 2.929467 -1.231741 -10.13273 -1.246458 0.377728 3.981735 0 0 0 18.723955 0.463054 -17.775594 -4.013708 0.99524 -3.126586 0 0 0 18.269087 2.108643 -5.565532 3.717059 8.635663 -20.580557 0 0 0 8.805303 2.600311 13.245125 53.955739 21.562862 33.457323 113.59671 41.790353 -30.99547 1.853865 9.263627 3.138631 3.635273 -2.24402 19.132416 7.100747 3.620751 -1.822804 0 0 0 -37.983061 3.857696 18.213087 3.981514 -0.312002 2.714676 0 0 0 -2.929954 -1.23167 10.131993 1.246384 0.377706 -3.981553 0 0 0 -18.724815 0.463336 17.774795 4.013885 0.995202 3.126699 0 0 0 -18.287739 2.122715 5.592006 -3.712166 8.636711 20.577783 0 0 0 -73.134538 -14.324597 27.587862 2.518907 7.713022 0.177352 61.399646 -64.859037 -10.380308 0 0 0 42.745027 -24.656894 -16.451424 -0.003834 -10.748966 0.947051 -42.588593 -21.705145 -4.913045 0 0 0
-0.068045 0.10846 -1.322895 2.502363 31.344366 -11.627685 -1.55474 21.398269 0.417011 0.81246 -7.696426 -5.322446 0 0 0 -13.596286 37.400311 -8.660627 -23.002366 -39.236743 22.492455 0 0 0 0 0 0 -8.805303 2.600311 -13.245125 -47.03914 33.834877 -21.593111 -102.457798 36.351035 32.332936 -3.172195 14.502342 -5.114077 -3.636292 -2.244307 -19.133199 -7.100467 3.62086 1.822583 0 0 0 37.981329 3.85712 -18.21386 -3.981505 -0.312001 -2.714025 0 0 0 2.929467 -1.231741 -10.13273 -1.246458 0.377728 3.981735 0 0 0 18.723955 0.463054 -17.775594 -4.013708 0.99524 -3.126586 0 0 0 18.269087 2.108643 -5.565532 3.717059 8.635663 -20.580557 0 0 0 8.805303 2.600311 13.245125 53.641929 21.902744 34.253751 114.13134 42.033452 -30.89902 1.98409 9.823978 3.341371 3.635273 -2.24402 19.132416 7.100747 3.620751 -1.822804 0 0 0 -37.983061 3.857696 18.213087 3.981514 -0.312002 2.714676 0 0 0 -2.929954 -1.23167 10.131993 1.246384 0.377706 -3.981553 0 0 0 -18.724815 0.463336 17.774795 4.013885 0.995202 3.126699 0 0 0 -18.287739 2.122715 5.592006 -3.712166 8.636711 20.577783 0 0 0 -73.530542 -14.512814 28.072294 2.591246 7.762201 0.209372 61.128813 -65.732777 -10.925803 0 0 0 42.608987 -25.039981 -16.853624 -0.00544 -10.814489 0.946904 -42.486816 -21.916291 -4.894602 0 0 0
-0.055094 0.109519 -1.294163 2.600057 32.019527 -11.650363 -1.452701 21.119482 0.53849 0.904118 -8.238387 -5.549274 0 0 0 -13.296768 37.308358 -8.347406 -24.889016 -42.819009 26.014181 0 0 0 0 0 0 -8.805303 2.600311 -13.245125 -47.468499 34.414459 -22.393057 -102.82747 36.54273 32.311632 -3.267312 14.853557 -5.251993 -3.636292 -2.244307 -19.133199 -7.100467 3.62086 1.822583 0 0 0 37.981329 3.85712 -18.21386 -3.981505 -0.312001 -2.714025 0 0 0 2.929467 -1.231741 -10.13273 -1.246458 0.377728 3.981735 0 0 0 18.723955 0.463054 -17.775594 -4.013708 0.99524 -3.126586 0 0 0 18.269087 2.108643 -5.565532 3.717059 8.635663 -20.580557 0 0 0 8.805303 2.600311 13.245125 53.457648 22.243163 35.263916 114.520457 42.209394 -30.827258 2.102123 10.322695 3.523454 3.635273 -2.24402 19.132416 7.100747 3.620751 -1.822804 0 0 0 -37.983061 3.857696 18.213087 3.981514 -0.312002 2.714676 0 0 0 -2.929954 -1.23167 10.131993 1.246384 0.377706 -3.981553 0 0 0 -18.724815 0.463336 17.774795 4.013885 0.995202 3.126699 0 0 0 -18.287739 2.122715 5.592006 -3.712166 8.636711 20.577783 0 0 0 -73.927595 -14.678803 28.571683 2.628372 7.789571 0.222322 61.023077 -66.179025 -11.196105 0 0 0 42.479863 -25.42063 -17.263599 -0.002888 -10.843985 0.946689 -42.376247 -22.101224 -4.88356 0 0 0
-0.028965 0.102933 -1.305694 2.728628 32.624005 -11.651002 -1.312037 20.634816 0.765059 1.004148 -8.801466 -5.792822 0 0 0 -13.028892 37.308228 -8.079704 -27.143225 -46.210002 29.928109 0 0 0 0 0 0 -8.805303 2.600311 -13.245125 -48.02931 35.027354 -23.281759 -103.024595 36.644666 32.299608 -3.298492 14.968242 -5.297128 -3.636292 -2.244307 -19.133199 -7.100467 3.62086 1.822583 0 0 0 37.981329 3.85712 -18.21386 -3.981505 -0.312001 -2.714025 0 0 0 2.929467 -1.231741 -10.13273 -1.246458 0.377728 3.981735 0 0 0 18.723955 0.463054 -17.775594 -4.013708 0.99524 -3.126586 0 0 0 18.269087 2.108643 -5.565532 3.717059 8.635663 -20.580557 0 0 0 8.805303 2.600311 13.245125 53.342616 22.583193 36.400542 114.752549 42.313878 -30.783732 2.211404 10.777172 3.690721 3.635273 -2.24402 19.132416 7.100747 3.620751 -1.822804 0 0 0 -37.983061 3.857696 18.213087 3.981514 -0.312002 2.714676 0 0 0 -2.929954 -1.23167 10.131993 1.246384 0.377706 -3.981553 0 0 0 -18.724815 0.463336 17.774795 4.013885 0.995202 3.126699 0 0 0 -18.287739 2.122715 5.592006 -3.712166 8.636711 20.577783 0 0 0 -74.329999 -14.808947 29.046455 2.638923 7.798801 0.218215 60.97407 -66.374753 -11.263375 0 0 0 42.321963 -25.764854 -17.637612 0.002099 -10.856564 0.946536 -42.24402 -22.289606 -4.874873 0 0 0
-0.017243 0.101564 -1.276329 2.923471 33.080284 -11.610628 -1.139567 20.102302 1.002227 1.104527 -9.385316 -5.990347 0 0 0 -12.784113 37.267845 -7.789856 -29.588945 -49.092017 33.899862 0 0 0 0 0 0 -8.805303 2.600311 -13.245125 -48.704932 35.620768 -24.246125 -103.11176 36.68966 32.294083 -3.297647 14.965504 -5.295965 -3.636292 -2.244307 -19.133199 -7.100467 3.62086 1.822583 0 0 0 37.981329 3.85712 -18.21386 -3.981505 -0.312001 -2.714025 0 0 0 2.929467 -1.231741 -10.13273 -1.246458 0.377728 3.981735 0 0 0 18.723955 0.463054 -17.775594 -4.013708 0.99524 -3.126586 0 0 0 18.269087 2.108643 -5.565532 3.717059 8.635663 -20.580557 0 0 0 8.805303 2.600311 13.245125 53.233174 22.869477 37.561882 114.877638 42.369962 -30.759896 2.303994 11.158042 3.831689 3.635273 -2.24402 19.132416 7.100747 3.620751 -1.822804 0 0 0 -37.983061 3.857696 18.213087 3.981514 -0.312002 2.714676 0 0 0 -2.929954 -1.23167 10.131993 1.246384 0.377706 -3.981553 0 0 0 -18.724815 0.463336 17.774795 4.013885 0.995202 3.126699 0 0 0 -18.287739 2.122715 5.592006 -3.712166 8.636711 20.577783 0 0 0 -74.704165 -14.877595 29.355406 2.645808 7.804423 0.208144 60.945784 -66.524448 -11.292635 0 0 0 42.094827 -25.979441 -17.853778 0.006502 -10.884391 0.946769 -42.11601 -22.475623 -4.862627 0 0 0
-0.011657 0.102456 -1.249198 3.154082 33.377848 -11.532664 -0.99544 19.628741 1.165412 1.184501 -10.000675 -6.088018 0 0 0 -12.515543 37.07414 -7.463485 -31.935277 -51.355639 37.578081 0 0 0 0 0 0 -8.805303 2.600311 -13.245125 -49.396627 36.089949 -25.316657 -103.162907 36.716026 32.290707 -3.297212 14.963945 -5.295341 -3.636292 -2.244307 -19.133199 -7.100467 3.62086 1.822583 0 0 0 37.981329 3.85712 -18.21386 -3.981505 -0.312001 -2.714025 0 0 0 2.929467 -1.231741 -10.13273 -1.246458 0.377728 3.981735 0 0 0 18.723955 0.463054 -17.775594 -4.013708 0.99524 -3.126586 0 0 0 18.269087 2.108643 -5.565532 3.717059 8.635663 -20.580557 0 0 0 8.805303 2.600311 13.245125 53.124709 23.07114 38.679054 114.985903 42.418289 -30.738903 2.367464 11.417104 3.927961 3.635273 -2.24402 19.132416 7.100747 3.620751 -1.822804 0 0 0 -37.983061 3.857696 18.213087 3.981514 -0.312002 2.714676 0 0 0 -2.929954 -1.23167 10.131993 1.246384 0.377706 -3.981553 0 0 0 -18.724815 0.463336 17.774795 4.013885 0.995202 3.126699 0 0 0 -18.287739 2.122715 5.592006 -3.712166 8.636711 20.577783 0 0 0 -75.012715 -14.901787 29.462716 2.660687 7.819156 0.201402 60.951085 -66.701372 -11.367509 0 0 0 41.828923 -26.044672 -17.899895 0.008474 -10.941409 0.947465 -42.026641 -22.620151 -4.845052 0 0 0
-0.002856 0.101461 -1.223668 3.356958 33.585786 -11.436868 -0.903915 19.212469 1.24894 1.243331 -10.65417 -6.112577 0 0 0 -12.21031 36.74776 -7.166765 -34.067715 -53.158166 40.970728 0 0 0 0 0 0 -8.805303 2.600311 -13.245125 -50.045335 36.420892 -26.490638 -103.211529 36.741059 32.287424 -3.311874 15.016663 -5.316364 -3.636292 -2.244307 -19.133199 -7.100467 3.62086 1.822583 0 0 0 37.981329 3.85712 -18.21386 -3.981505 -0.312001 -2.714025 0 0 0 2.929467 -1.231741 -10.13273 -1.246458 0.377728 3.981735 0 0 0 18.723955 0.463054 -17.775594 -4.013708 0.99524 -3.126586 0 0 0 18.269087 2.108643 -5.565532 3.717059 8.635663 -20.580557 0 0 0 8.805303 2.600311 13.245125 53.039915 23.240968 39.754426 115.134195 42.484339 -30.70995 2.406628 11.575597 3.987124 3.635273 -2.24402 19.132416 7.100747 3.620751 -1.822804 0 0 0 -37.983061 3.857696 18.213087 3.981514 -0.312002 2.714676 0 0 0 -2.929954 -1.23167 10.131993 1.246384 0.377706 -3.981553 0 0 0 -18.724815 0.463336 17.774795 4.013885 0.995202 3.126699 0 0 0 -18.287739 2.122715 5.592006 -3.712166 8.636711 20.577783 0 0 0 -75.251866 -14.931808 29.467448 2.679338 7.845734 0.199918 60.979899 -66.88732 -11.469539 0 0 0 41.593442 -26.029356 -17.88593 0.009049 -11.01281 0.948353 -41.981178 -22.710524 -4.825934 0 0 0
0.004632 0.101306 -1.20063 3.508382 33.761269 -11.338872 -0.821811 18.80838 1.299672 1.301727 -11.346914 -6.123197 0 0 0 -11.910374 36.312784 -6.976576 -35.992414 -54.581483 44.235464 0 0 0 0 0 0 -8.805303 2.600311 -13.245125 -50.723097 36.695258 -27.765627 -103.227128 36.749063 32.286327 -3.335209 15.100481 -5.349809 -3.636292 -2.244307 -19.133199 -7.100467 3.62086 1.822583 0 0 0 37.981329 3.85712 -18.21386 -3.981505 -0.312001 -2.714025 0 0 0 2.929467 -1.231741 -10.13273 -1.246458 0.377728 3.981735 0 0 0 18.723955 0.463054 -17.775594 -4.013708 0.99524 -3.126586 0 0 0 18.269087 2.108643 -5.565532 3.717059 8.635663 -20.580557 0 0 0 8.805303 2.600311 13.245125 52.986295 23.472308 40.789754 115.26675 42.543319 -30.684008 2.438194 11.702339 4.034631 3.635273 -2.24402 19.132416 7.100747 3.620751 -1.822804 0 0 0 -37.983061 3.857696 18.213087 3.981514 -0.312002 2.714676 0 0 0 -2.929954 -1.23167 10.131993 1.246384 0.377706 -3.981553 0 0 0 -18.724815 0.463336 17.774795 4.013885 0.995202 3.126699 0 0 0 -18.287739 2.122715 5.592006 -3.712166 8.636711 20.577783 0 0 0 -75.439636 -14.984342 29.458463 2.696053 7.872091 0.201569 61.016118 -67.039214 -11.556065 0 0 0 41.415449 -25.996806 -17.888241 0.011035 -11.078816 0.949218 -41.94947 -22.794035 -4.80932 0 0 0
0.01304 0.102133 -1.186542 3.628818 33.902639 -11.246798 -0.708494 18.382257 1.366146 1.373154 -12.052909 -6.153301 0 0 0 -11.640118 35.742279 -6.850662 -37.677589 -55.574254 47.298152 0 0 0 0 0 0 -8.805303 2.600311 -13.245125 -51.511745 36.965986 -29.137172 -103.160495 36.714708 32.290683 -3.351025 15.157214 -5.372466 -3.636292 -2.244307 -19.133199 -7.100467 3.62086 1.822583 0 0 0 37.981329 3.85712 -18.21386 -3.981505 -0.312001 -2.714025 0 0 0 2.929467 -1.231741 -10.13273 -1.246458 0.377728 3.981735 0 0 0 18.723955 0.463054 -17.775594 -4.013708 0.99524 -3.126586 0 0 0 18.269087 2.108643 -5.565532 3.717059 8.635663 -20.580557 0 0 0 8.805303 2.600311 13.245125 52.962078 23.792846 41.722006 115.256482 42.538656 -30.685899 2.469042 11.825738 4.080978 3.635273 -2.24402 19.132416 7.100747 3.620751 -1.822804 0 0 0 -37.983061 3.857696 18.213087 3.981514 -0.312002 2.714676 0 0 0 -2.929954 -1.23167 10.131993 1.246384 0.377706 -3.981553 0 0 0 -18.724815 0.463336 17.774795 4.013885 0.995202 3.126699 0 0 0 -18.287739 2.122715 5.592006 -3.712166 8.636711 20.577783 0 0 0 -75.588707 -15.031279 29.438341 2.710578 7.883827 0.204732 61.061141 -67.128726 -11.609379 0 0 0 41.269847 -25.956967 -17.892544 0.015904 -11.131636 0.950013 -41.900956 -22.911059 -4.795976 0 0 0
0.016358 0.102029 -1.169715 3.730809 33.977008 -11.163691 -0.566395 17.91867 1.458003 1.455064 -12.723749 -6.214779 0 0 0 -11.350964 35.07742 -6.564226 -39.086881 -56.208469 49.793775 0 0 0 0 0 0 -8.805303 2.600311 -13.245125 -52.380138 37.205982 -30.560962 -103.011866 36.63808 32.300357 -3.352439 15.162232 -5.374484 -3.636292 -2.244307 -19.133199 -7.100467 3.62086 1.822583 0 0 0 37.981329 3.85712 -18.21386 -3.981505 -0.312001 -2.714025 0 0 0 2.929467 -1.231741 -10.13273 -1.246458 0.377728 3.981735 0 0 0 18.723955 0.463054 -17.775594 -4.013708 0.99524 -3.126586 0 0 0 18.269087 2.108643 -5.565532 3.717059 8.635663 -20.580557 0 0 0 8.805303 2.600311 13.245125 52.968177 24.133234 42.516216 115.048213 42.445644 -30.726155 2.496119 11.933689 4.121597 3.635273 -2.24402 19.132416 7.100747 3.620751 -1.822804 0 0 0 -37.983061 3.857696 18.213087 3.981514 -0.312002 2.714676 0 0 0 -2.929954 -1.23167 10.131993 1.246384 0.377706 -3.981553 0 0 0 -18.724815 0.463336 17.774795 4.013885 0.995202 3.126699 0 0 0 -18.287739 2.122715 5.592006 -3.712166 8.636711 20.577783 0 0 0 -75.689894 -15.054127 29.359303 2.725202 7.884083 0.209906 61.115688 -67.185576 -11.650617 0 0 0 41.136157 -25.883924 -17.86512 0.022597 -11.173564 0.950752 -41.833132 -23.046529 -4.784612 0 0 0
0.019872 0.101319 -1.152179 3.796281 33.969933 -11.08644 -0.424953 17.397849 1.529594 1.537687 -13.3504 -6.29668 0 0 0 -11.020293 34.342714 -6.020108 -40.012965 -56.514853 51.288301 0 0 0 0 0 0 -8.805303 2.600311 -13.245125 -53.236891 37.378414 -32.005845 -102.821469 36.53981 32.312466 -3.350916 15.156718 -5.372295 -3.636292 -2.244307 -19.133199 -7.100467 3.62086 1.822583 0 0 0 37.981329 3.85712 -18.21386 -3.981505 -0.312001 -2.714025 0 0 0 2.929467 -1.231741 -10.13273 -1.246458 0.377728 3.981735 0 0 0 18.723955 0.463054 -17.775594 -4.013708 0.99524 -3.126586 0 0 0 18.269087 2.108643 -5.565532 3.717059 8.635663 -20.580557 0 0 0 8.805303 2.600311 13.245125 53.024407 24.421918 43.248558 114.69773 42.288698 -30.793217 2.513502 12.002803 4.14764 3.635273 -2.24402 19.132416 7.100747 3.620751 -1.822804 0 0 0 -37.983061 3.857696 18.213087 3.981514 -0.312002 2.714676 0 0 0 -2.929954 -1.23167 10.131993 1.246384 0.377706 -3.981553 0 0 0 -18.724815 0.463336 17.774795 4.013885 0.995202 3.126699 0 0 0 -18.287739 2.122715 5.592006 -3.712166 8.636711 20.577783 0 0 0 -75.720899 -15.069331 29.190186 2.739714 7.885773 0.217605 61.177883 -67.255286 -11.703933 0 0 0 41.03001 -25.754831 -17.812576 0.03043 -11.210246 0.951569 -41.751202 -23.181608 -4.773581 0 0 0
0.022424 0.101229 -1.138426 3.821898 33.89685 -11.000352 -0.325181 16.791207 1.519108 1.607123 -13.975596 -6.362917 0 0 0 -10.698048 33.527509 -5.46712 -40.115538 -56.394147 51.731792 0 0 0 0 0 0 -8.805303 2.600311 -13.245125 -54.03957 37.494738 -33.48562 -102.601374 36.42597 32.325875 -3.358845 15.185089 -5.383642 -3.636292 -2.244307 -19.133199 -7.100467 3.62086 1.822583 0 0 0 37.981329 3.85712 -18.21386 -3.981505 -0.312001 -2.714025 0 0 0 2.929467 -1.231741 -10.13273 -1.246458 0.377728 3.981735 0 0 0 18.723955 0.463054 -17.775594 -4.013708 0.99524 -3.126586 0 0 0 18.269087 2.108643 -5.565532 3.717059 8.635663 -20.580557 0 0 0 8.805303 2.600311 13.245125 53.16812 24.652558 44.020099 114.265215 42.093932 -30.87427 2.515192 12.009528 4.150172 3.635273 -2.24402 19.132416 7.100747 3.620751 -1.822804 0 0 0 -37.983061 3.857696 18.213087 3.981514 -0.312002 2.714676 0 0 0 -2.929954 -1.23167 10.131993 1.246384 0.377706 -3.981553 0 0 0 -18.724815 0.463336 17.774795 4.013885 0.995202 3.126699 0 0 0 -18.287739 2.122715 5.592006 -3.712166 8.636711 20.577783 0 0 0 -75.685529 -15.099425 28.939471 2.752087 7.895576 0.227393 61.246846 -67.342953 -11.766136 0 0 0 40.960885 -25.567087 -17.759365 0.040476 -11.245335 0.952635 -41.650971 -23.325692 -4.761838 0 0 0
0.025453 0.100764 -1.126081 3.852199 33.778741 -10.883776 -0.318202 16.086989 1.402997 1.645529 -14.632137 -6.385715 0 0 0 -10.357544 32.849178 -5.13686 -39.396634 -56.067563 51.645065 0 0 0 0 0 0 -8.805303 2.600311 -13.245125 -54.783068 37.595085 -34.983482 -102.322429 36.281311 32.341942 -3.369816 15.22441 -5.399354 -3.636292 -2.244307 -19.133199 -7.100467 3.62086 1.822583 0 0 0 37.981329 3.85712 -18.21386 -3.981505 -0.312001 -2.714025 0 0 0 2.929467 -1.231741 -10.13273 -1.246458 0.377728 3.981735 0 0 0 18.723955 0.463054 -17.775594 -4.013708 0.99524 -3.126586 0 0 0 18.269087 2.108643 -5.565532 3.717059 8.635663 -20.580557 0 0 0 8.805303 2.600311 13.245125 53.442943 24.837153 44.856809 113.748739 41.859623 -30.968294 2.504519 11.967185 4.134198 3.635273 -2.24402 19.132416 7.100747 3.620751 -1.822804 0 0 0 -37.983061 3.857696 18.213087 3.981514 -0.312002 2.714676 0 0 0 -2.929954 -1.23167 10.131993 1.246384 0.377706 -3.981553 0 0 0 -18.724815 0.463336 17.774795 4.013885 0.995202 3.126699 0 0 0 -18.287739 2.122715 5.592006 -3.712166 8.636711 20.577783 0 0 0 -75.631253 -15.14583 28.635375 2.76352 7.914508 0.239597 61.317081 -67.43568 -11.828266 0 0 0 40.893572 -25.329677 -17.701367 0.052656 -11.279801 0.953919 -41.539362 -23.480594 -4.74968 0 0 0
0.031746 0.099963 -1.108906 3.929335 33.624547 -10.736895 -0.43272 15.303709 1.210922 1.641187 -15.301868 -6.362146 0 0 0 -9.890711 32.530686 -4.975631 -38.027536 -55.862754 51.367985 0 0 0 0 0 0 -8.805303 2.600311 -13.245125 -55.432737 37.694618 -36.409085 -101.964086 36.094983 32.361351 -3.373149 15.23642 -5.404137 -3.636292 -2.244307 -19.133199 -7.100467 3.62086 1.822583 0 0 0 37.981329 3.85712 -18.21386 -3.981505 -0.312001 -2.714025 0 0 0 2.929467 -1.231741 -10.13273 -1.246458 0.377728 3.981735 0 0 0 18.723955 0.463054 -17.775594 -4.013708 0.99524 -3.126586 0 0 0 18.269087 2.108643 -5.565532 3.717059 8.635663 -20.580557 0 0 0 8.805303 2.600311 13.245125 53.873062 24.951248 45.722801 113.13814 41.580515 -31.076068 2.49401 11.925499 4.11847 3.635273 -2.24402 19.132416 7.100747 3.620751 -1.822804 0 0 0 -37.983061 3.857696 18.213087 3.981514 -0.312002 2.714676 0 0 0 -2.929954 -1.23167 10.131993 1.246384 0.377706 -3.981553 0 0 0 -18.724815 0.463336 17.774795 4.013885 0.995202 3.126699 0 0 0 -18.287739 2.122715 5.592006 -3.712166 8.636711 20.577783 0 0 0 -75.600292 -15.187189 28.301384 2.77705 7.938407 0.254534 61.388209 -67.526018 -11.890459 0 0 0 40.787309 -25.058927 -17.607038 0.065209 -11.313754 0.955268 -41.434062 -23.6329 -4.73812 0 0 0
0.035962 0.099395 -1.100783 4.040682 33.425047 -10.592872 -0.609257 14.495888 1.013741 1.60878 -15.935821 -6.305754 0 0 0 -9.292722 32.349164 -4.837148 -35.868806 -55.53484 50.452094 0 0 0 0 0 0 -8.805303 2.600311 -13.245125 -55.972897 37.768981 -37.661623 -101.552273 35.880297 32.382238 -3.371553 15.230779 -5.401865 -3.636292 -2.244307 -19.133199 -7.100467 3.62086 1.822583 0 0 0 37.981329 3.85712 -18.21386 -3.981505 -0.312001 -2.714025 0 0 0 2.929467 -1.231741 -10.13273 -1.246458 0.377728 3.981735 0 0 0 18.723955 0.463054 -17.775594 -4.013708 0.99524 -3.126586 0 0 0 18.269087 2.108643 -5.565532 3.717059 8.635663 -20.580557 0 0 0 8.805303 2.600311 13.245125 54.384979 24.953481 46.557824 112.475956 41.275601 -31.189329 2.488805 11.904843 4.11068 3.635273 -2.24402 19.132416 7.100747 3.620751 -1.822804 0 0 0 -37.983061 3.857696 18.213087 3.981514 -0.312002 2.714676 0 0 0 -2.929954 -1.23167 10.131993 1.246384 0.377706 -3.981553 0 0 0 -18.724815 0.463336 17.774795 4.013885 0.995202 3.126699 0 0 0 -18.287739 2.122715 5.592006 -3.712166 8.636711 20.577783 0 0 0 -75.581389 -15.196029 27.935701 2.793175 7.960373 0.271063 61.467098 -67.619639 -11.96058 0 0 0 40.644058 -24.769988 -17.447926 0.077247 -11.346795 0.956635 -41.341795 -23.772816 -4.727624 0 0 0
0.038758 0.099627 -1.081181 4.156934 33.163257 -10.478429 -0.748301 13.747502 0.882973 1.580784 -16.524141 -6.245944 0 0 0 -8.648564 31.912317 -4.615981 -32.752612 -54.517494 48.295501 0 0 0 0 0 0 -8.805303 2.600311 -13.245125 -56.444723 37.819036 -38.715139 -101.151864 35.671024 32.401203 -3.367735 15.217101 -5.396398 -3.636292 -2.244307 -19.133199 -7.100467 3.62086 1.822583 0 0 0 37.981329 3.85712 -18.21386 -3.981505 -0.312001 -2.714025 0 0 0 2.929467 -1.231741 -10.13273 -1.246458 0.377728 3.981735 0 0 0 18.723955 0.463054 -17.775594 -4.013708 0.99524 -3.126586 0 0 0 18.269087 2.108643 -5.565532 3.717059 8.635663 -20.580557 0 0 0 8.805303 2.600311 13.245125 54.846614 24.845315 47.308013 111.832107 40.976852 -31.295704 2.480658 11.872356 4.098458 3.635273 -2.24402 19.132416 7.100747 3.620751 -1.822804 0 0 0 -37.983061 3.857696 18.213087 3.981514 -0.312002 2.714676 0 0 0 -2.929954 -1.23167 10.131993 1.246384 0.377706 -3.981553 0 0 0 -18.724815 0.463336 17.774795 4.013885 0.995202 3.126699 0 0 0 -18.287739 2.122715 5.592006 -3.712166 8.636711 20.577783 0 0 0 -75.5473 -15.161853 27.524992 2.811026 7.980508 0.288241 61.551962 -67.730785 -12.047474 0 0 0 40.483315 -24.465433 -17.219521 0.088434 -11.378879 0.958027 -41.268075 -23.879774 -4.718081 0 0 0
0.041289 0.099615 -1.070036 4.294284 32.839953 -10.380429 -0.849434 13.139318 0.850515 1.567983 -17.131298 -6.21577 0 0 0 -8.014963 30.986781 -4.253208 -28.825023 -52.342686 44.856064 0 0 0 0 0 0 -8.805303 2.600311 -13.245125 -56.860513 37.905124 -39.626483 -100.820974 35.497639 32.415761 -3.35168 15.159357 -5.373375 -3.636292 -2.244307 -19.133199 -7.100467 3.62086 1.822583 0 0 0 37.981329 3.85712 -18.21386 -3.981505 -0.312001 -2.714025 0 0 0 2.929467 -1.231741 -10.13273 -1.246458 0.377728 3.981735 0 0 0 18.723955 0.463054 -17.775594 -4.013708 0.99524 -3.126586 0 0 0 18.269087 2.108643 -5.565532 3.717059 8.635663 -20.580557 0 0 0 8.805303 2.600311 13.245125 55.237377 24.694226 47.95633 111.242406 40.701003 -31.389403 2.461477 11.79575 4.069661 3.635273 -2.24402 19.132416 7.100747 3.620751 -1.822804 0 0 0 -37.983061 3.857696 18.213087 3.981514 -0.312002 2.714676 0 0 0 -2.929954 -1.23167 10.131993 1.246384 0.377706 -3.981553 0 0 0 -18.724815 0.463336 17.774795 4.013885 0.995202 3.126699 0 0 0 -18.287739 2.122715 5.592006 -3.712166 8.636711 20.577783 0 0 0 -75.517876 -15.093916 27.081747 2.830081 8.002904 0.306125 61.636827 -67.841048 -12.135222 0 0 0 40.292457 -24.145882 -16.943059 0.097881 -11.409231 0.959358 -41.214981 -23.933699 -4.70902 0 0 0
0.044314 0.102081 -1.061875 4.502039 32.485346 -10.265637 -0.991396 12.718135 0.933205 1.556903 -17.817136 -6.235209 0 0 0 -7.482648 29.352768 -3.838216 -24.503197 -48.558881 40.652698 0 0 0 0 0 0 -8.805303 2.600311 -13.245125 -57.205988 38.057599 -40.460541 -100.56591 35.363627 32.426048 -3.310947 15.0124 -5.314884 -3.636292 -2.244307 -19.133199 -7.100467 3.62086 1.822583 0 0 0 37.981329 3.85712 -18.21386 -3.981505 -0.312001 -2.714025 0 0 0 2.929467 -1.231741 -10.13273 -1.246458 0.377728 3.981735 0 0 0 18.723955 0.463054 -17.775594 -4.013708 0.99524 -3.126586 0 0 0 18.269087 2.108643 -5.565532 3.717059 8.635663 -20.580557 0 0 0 8.805303 2.600311 13.245125 55.624556 24.591482 48.487273 110.706024 40.448186 -31.471367 2.432852 11.681193 4.026644 3.635273 -2.24402 19.132416 7.100747 3.620751 -1.822804 0 0 0 -37.983061 3.857696 18.213087 3.981514 -0.312002 2.714676 0 0 0 -2.929954 -1.23167 10.131993 1.246384 0.377706 -3.981553 0 0 0 -18.724815 0.463336 17.774795 4.013885 0.995202 3.126699 0 0 0 -18.287739 2.122715 5.592006 -3.712166 8.636711 20.577783 0 0 0 -75.550707 -15.008809 26.644981 2.849246 8.024721 0.324021 61.728709 -67.906467 -12.193269 0 0 0 40.034108 -23.827194 -16.656216 0.105638 -11.43221 0.9605 -41.150918 -23.963346 -4.699651 0 0 0
0.049348 0.101164 -1.063244 4.797447 32.145533 -10.117555 -1.192279 12.483586 1.156513 1.543578 -18.551141 -6.309758 0 0 0 -7.163449 27.108724 -3.582209 -20.418294 -43.347039 36.563449 0 0 0 0 0 0 -8.805303 2.600311 -13.245125 -57.533699 38.211673 -41.229209 -100.345621 35.247578 32.434099 -3.243536 14.767979 -5.217887 -3.636292 -2.244307 -19.133199 -7.100467 3.62086 1.822583 0 0 0 37.981329 3.85712 -18.21386 -3.981505 -0.312001 -2.714025 0 0 0 2.929467 -1.231741 -10.13273 -1.246458 0.377728 3.981735 0 0 0 18.723955 0.463054 -17.775594 -4.013708 0.99524 -3.126586 0 0 0 18.269087 2.108643 -5.565532 3.717059 8.635663 -20.580557 0 0 0 8.805303 2.600311 13.245125 55.98518 24.589644 48.847024 110.225452 40.220234 -31.542303 2.398447 11.542911 3.974836 3.635273 -2.24402 19.132416 7.100747 3.620751 -1.822804 0 0 0 -37.983061 3.857696 18.213087 3.981514 -0.312002 2.714676 0 0 0 -2.929954 -1.23167 10.131993 1.246384 0.377706 -3.981553 0 0 0 -18.724815 0.463336 17.774795 4.013885 0.995202 3.126699 0 0 0 -18.287739 2.122715 5.592006 -3.712166 8.636711 20.577783 0 0 0 -75.67906 -14.929716 26.252753 2.86874 8.040041 0.340649 61.842946 -67.931302 -12.233275 0 0 0 39.700329 -23.537239 -16.401549 0.112742 -11.438871 0.961355 -41.040255 -24.01812 -4.690308 0 0 0
0.054135 0.10026 -1.072748 5.12424 31.849411 -9.947172 -1.391255 12.406812 1.50876 1.540264 -19.244352 -6.430753 0 0 0 -6.997472 25.053824 -3.520535 -17.15908 -38.133978 33.347691 0 0 0 0 0 0 -8.805303 2.600311 -13.245125 -57.905418 38.286694 -41.894864 -100.133103 35.135402 32.441283 -3.153736 14.439256 -5.088157 -3.636292 -2.244307 -19.133199 -7.100467 3.62086 1.822583 0 0 0 37.981329 3.85712 -18.21386 -3.981505 -0.312001 -2.714025 0 0 0 2.929467 -1.231741 -10.13273 -1.246458 0.377728 3.981735 0 0 0 18.723955 0.463054 -17.775594 -4.013708 0.99524 -3.126586 0 0 0 18.269087 2.108643 -5.565532 3.717059 8.635663 -20.580557 0 0 0 8.805303 2.600311 13.245125 56.212763 24.67055 49.000221 109.813377 40.023708 -31.601248 2.356548 11.373548 3.911577 3.635273 -2.24402 19.132416 7.100747 3.620751 -1.822804 0 0 0 -37.983061 3.857696 18.213087 3.981514 -0.312002 2.714676 0 0 0 -2.929954 -1.23167 10.131993 1.246384 0.377706 -3.981553 0 0 0 -18.724815 0.463336 17.774795 4.013885 0.995202 3.126699 0 0 0 -18.287739 2.122715 5.592006 -3.712166 8.636711 20.577783 0 0 0 -75.865118 -14.889388 25.917803 2.891921 8.052471 0.356216 61.981821 -67.980599 -12.31339 0 0 0 39.34979 -23.290584 -16.212437 0.119363 -11.422412 0.961846 -40.902784 -24.091212 -4.683829 0 0 0
0.06224 0.097716 -1.084357 5.385341 31.591498 -9.772684 -1.543502 12.464702 1.923376 1.55509 -19.832318 -6.586315 0 0 0 -6.83772 23.835486 -3.459835 -14.92215 -34.176355 31.153726 0 0 0 0 0 0 -8.805303 2.600311 -13.245125 -58.228618 38.270138 -42.370612 -100.042914 35.087085 32.442551 -3.036818 14.004515 -4.918122 -3.636292 -2.244307 -19.133199 -7.100467 3.62086 1.822583 0 0 0 37.981329 3.85712 -18.21386 -3.981505 -0.312001 -2.714025 0 0 0 2.929467 -1.231741 -10.13273 -1.246458 0.377728 3.981735 0 0 0 18.723955 0.463054 -17.775594 -4.013708 0.99524 -3.126586 0 0 0 18.269087 2.108643 -5.565532 3.717059 8.635663 -20.580557 0 0 0 8.805303 2.600311 13.245125 56.273894 24.756737 48.999619 109.470359 39.859304 -31.64886 2.309065 11.180796 3.839742 3.635273 -2.24402 19.132416 7.100747 3.620751 -1.822804 0 0 0 -37.983061 3.857696 18.213087 3.981514 -0.312002 2.714676 0 0 0 -2.929954 -1.23167 10.131993 1.246384 0.377706 -3.981553 0 0 0 -18.724815 0.463336 17.774795 4.013885 0.995202 3.126699 0 0 0 -18.287739 2.122715 5.592006 -3.712166 8.636711 20.577783 0 0 0 -76.022573 -14.921952 25.625046 2.919944 8.074772 0.371514 62.121247 -68.101321 -12.466231 0 0 0 39.077375 -23.071018 -16.10814 0.124913 -11.382134 0.961993 -40.792688 -24.12974 -4.683187 0 0 0
0.065177 0.094514 -1.094352 5.521128 31.36455 -9.597444 -1.67302 12.627347 2.33813 1.581525 -20.298995 -6.778524 0 0 0 -6.739401 23.111124 -3.379205 -13.546651 -31.112973 29.803414 0 0 0 0 0 0 -8.805303 2.600311 -13.245125 -58.193325 38.119328 -42.461153 -100.528943 35.335631 32.407229 -2.877878 13.401583 -4.684954 -3.636292 -2.244307 -19.133199 -7.100467 3.62086 1.822583 0 0 0 37.981329 3.85712 -18.21386 -3.981505 -0.312001 -2.714025 0 0 0 2.929467 -1.231741 -10.13273 -1.246458 0.377728 3.981735 0 0 0 18.723955 0.463054 -17.775594 -4.013708 0.99524 -3.126586 0 0 0 18.269087 2.108643 -5.565532 3.717059 8.635663 -20.580557 0 0 0 8.805303 2.600311 13.245125 56.261285 24.751795 48.970767 109.170828 39.71506 -31.689199 2.269422 11.019479 3.779699 3.635273 -2.24402 19.132416 7.100747 3.620751 -1.822804 0 0 0 -37.983061 3.857696 18.213087 3.981514 -0.312002 2.714676 0 0 0 -2.929954 -1.23167 10.131993 1.246384 0.377706 -3.981553 0 0 0 -18.724815 0.463336 17.774795 4.013885 0.995202 3.126699 0 0 0 -18.287739 2.122715 5.592006 -3.712166 8.636711 20.577783 0 0 0 -76.094798 -15.045113 25.366178 2.947504 8.111312 0.385066 62.233751 -68.255848 -12.651757 0 0 0 38.940633 -22.855509 -16.100454 0.129088 -11.330875 0.962097 -40.732147 -24.114998 -4.686848 0 0 0
0.074697 0.0894 -1.107356 5.523618 31.190642 -9.422324 -1.828646 12.821495 2.717735 1.603565 -20.640612 -6.9999 0 0 0 -6.869323 22.331777 -3.505039 -12.806518 -28.153378 29.2435 0 0 0 0 0 0 -8.805303 2.600311 -13.245125 -57.415921 37.510321 -41.823152 -102.369197 36.265324 32.251323 -2.638032 12.440781 -4.323887 -3.636292 -2.244307 -19.133199 -7.100467 3.62086 1.822583 0 0 0 37.981329 3.85712 -18.21386 -3.981505 -0.312001 -2.714025 0 0 0 2.929467 -1.231741 -10.13273 -1.246458 0.377728 3.981735 0 0 0 18.723955 0.463054 -17.775594 -4.013708 0.99524 -3.126586 0 0 0 18.269087 2.108643 -5.565532 3.717059 8.635663 -20.580557 0 0 0 8.805303 2.600311 13.245125 56.324241 24.607507 49.037393 108.875571 39.572263 -31.727848 2.24938 10.937814 3.749324 3.635273 -2.24402 19.132416 7.100747 3.620751 -1.822804 0 0 0 -37.983061 3.857696 18.213087 3.981514 -0.312002 2.714676 0 0 0 -2.929954 -1.23167 10.131993 1.246384 0.377706 -3.981553 0 0 0 -18.724815 0.463336 17.774795 4.013885 0.995202 3.126699 0 0 0 -18.287739 2.122715 5.592006 -3.712166 8.636711 20.577783 0 0 0 -76.076473 -15.250299 25.162077 2.970018 8.151491 0.39443 62.333895 -68.358601 -12.81083 0 0 0 38.946356 -22.654148 -16.197675 0.132299 -11.288929 0.962575 -40.703364 -24.07855 -4.690077 0 0 0
0.075166 0.087295 -1.118991 5.38987 31.090939 -9.268586 -2.01416 12.954152 3.016146 1.603429 -20.837092 -7.186138 0 0 0 -7.220577 21.562165 -3.894141 -12.538444 -25.426907 29.34494 0 0 0 0 0 0 -8.805303 2.600311 -13.245125 -55.81642 35.745168 -40.096086 -105.976841 38.052846 31.876041 -2.199577 10.497468 -3.628313 -3.636292 -2.244307 -19.133199 -7.100467 3.62086 1.822583 0 0 0 37.981329 3.85712 -18.21386 -3.981505 -0.312001 -2.714025 0 0 0 2.929467 -1.231741 -10.13273 -1.246458 0.377728 3.981735 0 0 0 18.723955 0.463054 -17.775594 -4.013708 0.99524 -3.126586 0 0 0 18.269087 2.108643 -5.565532 3.717059 8.635663 -20.580557 0 0 0 8.805303 2.600311 13.245125 56.597605 24.402201 49.24556 108.574808 39.426333 -31.766358 2.245371 10.92148 3.743249 3.635273 -2.24402 19.132416 7.100747 3.620751 -1.822804 0 0 0 -37.983061 3.857696 18.213087 3.981514 -0.312002 2.714676 0 0 0 -2.929954 -1.23167 10.131993 1.246384 0.377706 -3.981553 0 0 0 -18.724815 0.463336 17.774795 4.013885 0.995202 3.126699 0 0 0 -18.287739 2.122715 5.592006 -3.712166 8.636711 20.577783 0 0 0 -75.967195 -15.511846 25.031525 2.989841 8.18938 0.400061 62.462325 -68.381127 -12.941733 0 0 0 39.094417 -22.505782 -16.395946 0.135942 -11.256612 0.963371 -40.696216 -24.027849 -4.692584 0 0 0
0.081478 0.084532 -1.138723 5.148633 31.03649 -9.162865 -2.21238 12.989438 3.201324 1.557477 -20.885063 -7.224703 0 0 0 -7.641142 21.05236 -4.358664 -12.565734 -23.33007 29.721774 0 0 0 0 0 0 -8.805303 2.600311 -13.245125 -53.945678 32.164129 -37.213041 -110.345509 40.17532 31.339988 -1.450178 6.893572 -2.383794 -3.636292 -2.244307 -19.133199 -7.100467 3.62086 1.822583 0 0 0 37.981329 3.85712 -18.21386 -3.981505 -0.312001 -2.714025 0 0 0 2.929467 -1.231741 -10.13273 -1.246458 0.377728 3.981735 0 0 0 18.723955 0.463054 -17.775594 -4.013708 0.99524 -3.126586 0 0 0 18.269087 2.108643 -5.565532 3.717059 8.635663 -20.580557 0 0 0 8.805303 2.600311 13.245125 57.178009 24.32237 49.554571 108.30938 39.297234 -31.799778 2.243535 10.913847 3.740441 3.635273 -2.24402 19.132416 7.100747 3.620751 -1.822804 0 0 0 -37.983061 3.857696 18.213087 3.981514 -0.312002 2.714676 0 0 0 -2.929954 -1.23167 10.131993 1.246384 0.377706 -3.981553 0 0 0 -18.724815 0.463336 17.774795 4.013885 0.995202 3.126699 0 0 0 -18.287739 2.122715 5.592006 -3.712166 8.636711 20.577783 0 0 0 -75.782963 -15.782348 24.955917 3.008236 8.230481 0.40417 62.603973 -68.381234 -13.070026 0 0 0 39.348354 -22.426477 -16.644918 0.140957 -11.214351 0.963953 -40.717559 -23.930868 -4.698654 0 0 0
0.079903 0.082156 -1.154439 4.914624 30.960412 -9.105436 -2.477337 12.972739 3.309935 1.424469 -20.838597 -7.008558 0 0 0 -8.020995 20.783371 -4.791407 -12.674091 -21.820915 30.019861 0 0 0 0 0 0 -8.805303 2.600311 -13.245125 -52.833066 26.905201 -33.611326 -112.880809 41.377177 30.969455 -0.595059 2.580011 -0.923011 -3.636292 -2.244307 -19.133199 -7.100467 3.62086 1.822583 0 0 0 37.981329 3.85712 -18.21386 -3.981505 -0.312001 -2.714025 0 0 0 2.929467 -1.231741 -10.13273 -1.246458 0.377728 3.981735 0 0 0 18.723955 0.463054 -17.775594 -4.013708 0.99524 -3.126586 0 0 0 18.269087 2.108643 -5.565532 3.717059 8.635663 -20.580557 0 0 0 8.805303 2.600311 13.245125 58.117541 24.508368 49.875246 108.154373 39.221638 -31.818935 2.226721 10.844131 3.714745 3.635273 -2.24402 19.132416 7.100747 3.620751 -1.822804 0 0 0 -37.983061 3.857696 18.213087 3.981514 -0.312002 2.714676 0 0 0 -2.929954 -1.23167 10.131993 1.246384 0.377706 -3.981553 0 0 0 -18.724815 0.463336 17.774795 4.013885 0.995202 3.126699 0 0 0 -18.287739 2.122715 5.592006 -3.712166 8.636711 20.577783 0 0 0 -75.602916 -15.989804 24.888956 3.021138 8.275929 0.407901 62.687016 -68.430119 -13.192136 0 0 0 39.582358 -22.383147 -16.841003 0.146089 -11.156724 0.96402 -40.755435 -23.79024 -4.708891 0 0 0
0.083109 0.081071 -1.169393 4.804569 30.824862 -9.072636 -2.885765 12.946541 3.398008 1.173009 -20.753459 -6.492799 0 0 0 -8.335989 20.610102 -5.224384 -12.733428 -20.705636 30.086671 0 0 0 0 0 0 -8.805303 2.600311 -13.245125 -53.387322 21.176864 -30.027733 -110.962201 40.390058 31.07342 -0.190222 0.483489 -0.220318 -3.636292 -2.244307 -19.133199 -7.100467 3.62086 1.822583 0 0 0 37.981329 3.85712 -18.21386 -3.981505 -0.312001 -2.714025 0 0 0 2.929467 -1.231741 -10.13273 -1.246458 0.377728 3.981735 0 0 0 18.723955 0.463054 -17.775594 -4.013708 0.99524 -3.126586 0 0 0 18.269087 2.108643 -5.565532 3.717059 8.635663 -20.580557 0 0 0 8.805303 2.600311 13.245125 59.306852 24.907025 50.026116 108.271622 39.27739 -31.801904 2.176561 10.635035 3.637885 3.635273 -2.24402 19.132416 7.100747 3.620751 -1.822804 0 0 0 -37.983061 3.857696 18.213087 3.981514 -0.312002 2.714676 0 0 0 -2.929954 -1.23167 10.131993 1.246384 0.377706 -3.981553 0 0 0 -18.724815 0.463336 17.774795 4.013885 0.995202 3.126699 0 0 0 -18.287739 2.122715 5.592006 -3.712166 8.636711 20.577783 0 0 0 -75.513215 -16.092218 24.793541 3.02966 8.322736 0.413151 62.688944 -68.550307 -13.310676 0 0 0 39.674208 -22.332416 -16.910378 0.149489 -11.097561 0.963733 -40.789408 -23.642361 -4.719752 0 0 0
0.085835 0.0808 -1.183236 4.782868 30.644591 -9.046971 -3.364765 12.893373 3.459817 0.850168 -20.622202 -5.779674 0 0 0 -8.578134 20.450756 -5.577539 -12.7821 -19.92881 29.830903 0 0 0 0 0 0 -8.805303 2.600311 -13.245125 -55.71047 16.572294 -27.059611 -104.350563 37.035797 31.511875 -0.55051 2.350865 -0.845879 -3.636292 -2.244307 -19.133199 -7.100467 3.62086 1.822583 0 0 0 37.981329 3.85712 -18.21386 -3.981505 -0.312001 -2.714025 0 0 0 2.929467 -1.231741 -10.13273 -1.246458 0.377728 3.981735 0 0 0 18.723955 0.463054 -17.775594 -4.013708 0.99524 -3.126586 0 0 0 18.269087 2.108643 -5.565532 3.717059 8.635663 -20.580557 0 0 0 8.805303 2.600311 13.245125 60.295511 25.222437 49.646081 108.998407 39.622541 -31.695758 2.083101 10.242216 3.494089 3.635273 -2.24402 19.132416 7.100747 3.620751 -1.822804 0 0 0 -37.983061 3.857696 18.213087 3.981514 -0.312002 2.714676 0 0 0 -2.929954 -1.23167 10.131993 1.246384 0.377706 -3.981553 0 0 0 -18.724815 0.463336 17.774795 4.013885 0.995202 3.126699 0 0 0 -18.287739 2.122715 5.592006 -3.712166 8.636711 20.577783 0 0 0 -75.478967 -16.131586 24.643338 3.041279 8.372204 0.423007 62.677834 -68.701404 -13.450229 0 0 0 39.664412 -22.250282 -16.884054 0.15162 -11.045544 0.963375 -40.835599 -23.482029 -4.730121 0 0 0
0.092656 0.083331 -1.189796 4.636806 30.432104 -9.029814 -3.711256 12.822993 3.434172 0.578154 -20.434654 -5.123974 0 0 0 -8.710029 20.293339 -5.634695 -12.908238 -19.498148 29.195509 0 0 0 0 0 0 -8.805303 2.600311 -13.245125 -58.818971 14.138941 -24.982192 -95.937697 32.683226 31.834463 -1.272382 6.069564 -2.09417 -3.636292 -2.244307 -19.133199 -7.100467 3.62086 1.822583 0 0 0 37.981329 3.85712 -18.21386 -3.981505 -0.312001 -2.714025 0 0 0 2.929467 -1.231741 -10.13273 -1.246458 0.377728 3.981735 0 0 0 18.723955 0.463054 -17.775594 -4.013708 0.99524 -3.126586 0 0 0 18.269087 2.108643 -5.565532 3.717059 8.635663 -20.580557 0 0 0 8.805303 2.600311 13.245125 60.416352 24.967836 48.249745 110.609876 40.37988 -31.446866 1.995463 9.8542 3.355823 3.635273 -2.24402 19.132416 7.100747 3.620751 -1.822804 0 0 0 -37.983061 3.857696 18.213087 3.981514 -0.312002 2.714676 0 0 0 -2.929954 -1.23167 10.131993 1.246384 0.377706 -3.981553 0 0 0 -18.724815 0.463336 17.774795 4.013885 0.995202 3.126699 0 0 0 -18.287739 2.122715 5.592006 -3.712166 8.636711 20.577783 0 0 0 -75.300566 -16.213899 24.375472 3.060393 8.428925 0.439336 62.753268 -68.812337 -13.626169 0 0 0 39.774067 -22.099765 -16.861015 0.155583 -10.995922 0.963202 -40.948261 -23.248527 -4.743063 0 0 0
0.1092 0.087334 -1.201405 4.17198 30.176724 -9.019204 -3.819094 12.8133 3.293465 0.442909 -20.227711 -4.74329 0 0 0 -8.709992 20.110491 -5.338152 -13.085873 -19.311705 28.27968 0 0 0 0 0 0 -8.805303 2.600311 -13.245125 -61.30409 13.924493 -23.844684 -89.415928 29.229117 31.853504 -1.654849 7.926988 -2.731996 -3.636292 -2.244307 -19.133199 -7.100467 3.62086 1.822583 0 0 0 37.981329 3.85712 -18.21386 -3.981505 -0.312001 -2.714025 0 0 0 2.929467 -1.231741 -10.13273 -1.246458 0.377728 3.981735 0 0 0 18.723955 0.463054 -17.775594 -4.013708 0.99524 -3.126586 0 0 0 18.269087 2.108643 -5.565532 3.717059 8.635663 -20.580557 0 0 0 8.805303 2.600311 13.245125 59.236959 23.638269 45.483649 112.636529 41.323313 -31.118534 2.139636 10.304072 3.551353 3.635273 -2.24402 19.132416 7.100747 3.620751 -1.822804 0 0 0 -37.983061 3.857696 18.213087 3.981514 -0.312002 2.714676 0 0 0 -2.929954 -1.23167 10.131993 1.246384 0.377706 -3.981553 0 0 0 -18.724815 0.463336 17.774795 4.013885 0.995202 3.126699 0 0 0 -18.287739 2.122715 5.592006 -3.712166 8.636711 20.577783 0 0 0 -74.789348 -16.428684 23.936821 3.086365 8.496731 0.461432 62.959661 -68.847223 -13.841361 0 0 0 40.205487 -21.836782 -16.921109 0.163869 -10.942688 0.963374 -41.161383 -22.912376 -4.761461 0 0 0
0.105302 0.096089 -1.162561 3.461473 29.89452 -8.993989 -3.766137 12.89077 3.130009 0.423682 -20.023975 -4.645495 0 0 0 -8.625304 19.868219 -4.879397 -13.223008 -19.167241 27.284028 0 0 0 0 0 0 -8.805303 2.600311 -13.245125 -62.441907 15.053342 -23.523486 -86.243832 27.513295 31.750469 -1.554038 7.176126 -2.510584 -3.636292 -2.244307 -19.133199 -7.100467 3.62086 1.822583 0 0 0 37.981329 3.85712 -18.21386 -3.981505 -0.312001 -2.714025 0 0 0 2.929467 -1.231741 -10.13273 -1.246458 0.377728 3.981735 0 0 0 18.723955 0.463054 -17.775594 -4.013708 0.99524 -3.126586 0 0 0 18.269087 2.108643 -5.565532 3.717059 8.635663 -20.580557 0 0 0 8.805303 2.600311 13.245125 56.871144 20.951809 41.490208 113.687006 41.806663 -30.938734 2.827136 12.674567 4.52294 3.635273 -2.24402 19.132416 7.100747 3.620751 -1.822804 0 0 0 -37.983061 3.857696 18.213087 3.981514 -0.312002 2.714676 0 0 0 -2.929954 -1.23167 10.131993 1.246384 0.377706 -3.981553 0 0 0 -18.724815 0.463336 17.774795 4.013885 0.995202 3.126699 0 0 0 -18.287739 2.122715 5.592006 -3.712166 8.636711 20.577783 0 0 0 -74.027342 -16.755093 23.41361 3.11257 8.567042 0.483716 63.215893 -68.829119 -14.061234 0 0 0 40.892346 -21.485434 -17.062876 0.174468 -10.894102 0.96384 -41.426377 -22.562256 -4.782287 0 0 0
0.123161 0.08971 -1.186128 2.78111 29.631934 -8.94676 -3.659802 12.993424 3.091789 0.44933 -19.812008 -4.676327 0 0 0 -8.527985 19.653496 -4.447201 -13.308842 -19.021819 26.344925 0 0 0 0 0 0 -8.805303 2.600311 -13.245125 -62.471688 16.403969 -23.717849 -85.405402 27.052589 31.699239 -1.461957 6.494753 -2.310594 -3.636292 -2.244307 -19.133199 -7.100467 3.62086 1.822583 0 0 0 37.981329 3.85712 -18.21386 -3.981505 -0.312001 -2.714025 0 0 0 2.929467 -1.231741 -10.13273 -1.246458 0.377728 3.981735 0 0 0 18.723955 0.463054 -17.775594 -4.013708 0.99524 -3.126586 0 0 0 18.269087 2.108643 -5.565532 3.717059 8.635663 -20.580557 0 0 0 8.805303 2.600311 13.245125 53.900428 17.139987 37.064515 112.791626 41.385995 -31.077165 3.875561 16.282924 6.004374 3.635273 -2.24402 19.132416 7.100747 3.620751 -1.822804 0 0 0 -37.983061 3.857696 18.213087 3.981514 -0.312002 2.714676 0 0 0 -2.929954 -1.23167 10.131993 1.246384 0.377706 -3.981553 0 0 0 -18.724815 0.463336 17.774795 4.013885 0.995202 3.126699 0 0 0 -18.287739 2.122715 5.592006 -3.712166 8.636711 20.577783 0 0 0 -73.301664 -17.067253 22.967797 3.130843 8.623315 0.498721 63.400521 -68.815075 -14.233392 0 0 0 41.556345 -21.140455 -17.205879 0.182934 -10.865551 0.964424 -41.647345 -22.320614 -4.798374 0 0 0
0.115104 0.100351 -1.161477 2.31099 29.435312 -8.904597 -3.517765 13.059152 3.239621 0.471969 -19.585338 -4.663024 0 0 0 -8.437009 19.726337 -4.056672 -13.415869 -19.171068 25.479342 0 0 0 0 0 0 -8.805303 2.600311 -13.245125 -61.937405 17.418304 -24.070155 -85.59814 27.160455 31.724343 -1.625173 7.395375 -2.606309 -3.636292 -2.244307 -19.133199 -7.100467 3.62086 1.822583 0 0 0 37.981329 3.85712 -18.21386 -3.981505 -0.312001 -2.714025 0 0 0 2.929467 -1.231741 -10.13273 -1.246458 0.377728 3.981735 0 0 0 18.723955 0.463054 -17.775594 -4.013708 0.99524 -3.126586 0 0 0 18.269087 2.108643 -5.565532 3.717059 8.635663 -20.580557 0 0 0 8.805303 2.600311 13.245125 51.043496 13.182927 33.184448 110.922863 40.516419 -31.380469 4.384564 18.006589 6.718952 3.635273 -2.24402 19.132416 7.100747 3.620751 -1.822804 0 0 0 -37.983061 3.857696 18.213087 3.981514 -0.312002 2.714676 0 0 0 -2.929954 -1.23167 10.131993 1.246384 0.377706 -3.981553 0 0 0 -18.724815 0.463336 17.774795 4.013885 0.995202 3.126699 0 0 0 -18.287739 2.122715 5.592006 -3.712166 8.636711 20.577783 0 0 0 -72.801751 -17.266368 22.674074 3.141373 8.662544 0.504853 63.499426 -68.852317 -14.358603 0 0 0 42.007702 -20.893867 -17.289224 0.188024 -10.854459 0.964959 -41.775339 -22.197979 -4.807093 0 0 0
0.109682 0.10274 -1.162665 2.063122 29.339574 -8.882693 -3.348867 13.065233 3.548986 0.46284 -19.32993 -4.491622 0 0 0 -8.301748 20.490348 -3.596326 -13.600917 -20.134063 24.557704 0 0 0 0 0 0 -8.805303 2.600311 -13.245125 -61.084327 18.164272 -24.366489 -86.559545 27.696865 31.827722 -1.712393 8.218742 -2.832998 -3.636292 -2.244307 -19.133199 -7.100467 3.62086 1.822583 0 0 0 37.981329 3.85712 -18.21386 -3.981505 -0.312001 -2.714025 0 0 0 2.929467 -1.231741 -10.13273 -1.246458 0.377728 3.981735 0 0 0 18.723955 0.463054 -17.775594 -4.013708 0.99524 -3.126586 0 0 0 18.269087 2.108643 -5.565532 3.717059 8.635663 -20.580557 0 0 0 8.805303 2.600311 13.245125 48.847807 10.356922 30.20555 110.2884 40.219736 -31.481652 3.706653 15.499681 5.729509 3.635273 -2.24402 19.132416 7.100747 3.620751 -1.822804 0 0 0 -37.983061 3.857696 18.213087 3.981514 -0.312002 2.714676 0 0 0 -2.929954 -1.23167 10.131993 1.246384 0.377706 -3.981553 0 0 0 -18.724815 0.463336 17.774795 4.013885 0.995202 3.126699 0 0 0 -18.287739 2.122715 5.592006 -3.712166 8.636711 20.577783 0 0 0 -72.55214 -17.355454 22.531553 3.144903 8.689153 0.504565 63.540198 -68.937851 -14.4439 0 0 0 42.23302 -20.786093 -17.336013 0.19114 -10.843791 0.965286 -41.823186 -22.132415 -4.811606 0 0 0
0.099638 0.102029 -1.165596 2.010773 29.326294 -8.852495 -3.232392 13.041365 3.998598 0.391822 -19.01647 -4.129807 0 0 0 -8.033995 22.298762 -2.888041 -13.850267 -22.259059 23.263301 0 0 0 0 0 0 -8.805303 2.600311 -13.245125 -59.863024 18.873982 -24.599019 -88.422494 28.734259 32.006246 -1.54057 7.750733 -2.619712 -3.636292 -2.244307 -19.133199 -7.100467 3.62086 1.822583 0 0 0 37.981329 3.85712 -18.21386 -3.981505 -0.312001 -2.714025 0 0 0 2.929467 -1.231741 -10.13273 -1.246458 0.377728 3.981735 0 0 0 18.723955 0.463054 -17.775594 -4.013708 0.99524 -3.126586 0 0 0 18.269087 2.108643 -5.565532 3.717059 8.635663 -20.580557 0 0 0 8.805303 2.600311 13.245125 47.591509 9.036945 27.781896 112.148002 41.060038 -31.141793 2.248851 9.80373 3.545381 3.635273 -2.24402 19.132416 7.100747 3.620751 -1.822804 0 0 0 -37.983061 3.857696 18.213087 3.981514 -0.312002 2.714676 0 0 0 -2.929954 -1.23167 10.131993 1.246384 0.377706 -3.981553 0 0 0 -18.724815 0.463336 17.774795 4.013885 0.995202 3.126699 0 0 0 -18.287739 2.122715 5.592006 -3.712166 8.636711 20.577783 0 0 0 -72.521513 -17.379077 22.506209 3.135185 8.699122 0.498874 63.492929 -69.036652 -14.450388 0 0 0 42.265483 -20.775366 -17.373996 0.192117 -10.833225 0.965396 -41.814977 -22.110686 -4.813051 0 0 0
0.097731 0.097832 -1.16619 2.13444 29.330449 -8.773811 -3.216487 13.040207 4.598327 0.260699 -18.643318 -3.6463 0 0 0 -7.574808 24.969121 -1.770047 -14.081258 -25.180175 21.220697 0 0 0 0 0 0 -8.805303 2.600311 -13.245125 -58.35767 19.688452 -24.863359 -90.889718 30.103751 32.205159 -1.336839 6.92666 -2.312808 -3.636292 -2.244307 -19.133199 -7.100467 3.62086 1.822583 0 0 0 37.981329 3.85712 -18.21386 -3.981505 -0.312001 -2.714025 0 0 0 2.929467 -1.231741 -10.13273 -1.246458 0.377728 3.981735 0 0 0 18.723955 0.463054 -17.775594 -4.013708 0.99524 -3.126586 0 0 0 18.269087 2.108643 -5.565532 3.717059 8.635663 -20.580557 0 0 0 8.805303 2.600311 13.245125 47.325164 8.357969 25.638455 115.874871 42.715232 -30.416036 0.818147 3.461742 1.259236 3.635273 -2.24402 19.132416 7.100747 3.620751 -1.822804 0 0 0 -37.983061 3.857696 18.213087 3.981514 -0.312002 2.714676 0 0 0 -2.929954 -1.23167 10.131993 1.246384 0.377706 -3.981553 0 0 0 -18.724815 0.463336 17.774795 4.013885 0.995202 3.126699 0 0 0 -18.287739 2.122715 5.592006 -3.712166 8.636711 20.577783 0 0 0 -72.662868 -17.367312 22.536223 3.113259 8.684457 0.489375 63.360319 -69.103878 -14.361787 0 0 0 42.126815 -20.764917 -17.381058 0.189181 -10.85277 0.965707 -41.750856 -22.194262 -4.805553 0 0 0
0.099503 0.097858 -1.165544 2.370741 29.316103 -8.635369 -3.198351 13.048954 5.339856 0.130128 -18.249666 -3.170998 0 0 0 -6.983726 27.577533 -0.322606 -14.165947 -27.688951 18.336926 0 0 0 0 0 0 -8.805303 2.600311 -13.245125 -57.017682 20.619526 -25.262906 -93.33884 31.456857 32.358469 -1.256679 6.573976 -2.186483 -3.636292 -2.244307 -19.133199 -7.100467 3.62086 1.822583 0 0 0 37.981329 3.85712 -18.21386 -3.981505 -0.312001 -2.714025 0 0 0 2.929467 -1.231741 -10.13273 -1.246458 0.377728 3.981735 0 0 0 18.723955 0.463054 -17.775594 -4.013708 0.99524 -3.126586 0 0 0 18.269087 2.108643 -5.565532 3.717059 8.635663 -20.580557 0 0 0 8.805303 2.600311 13.245125 47.888388 7.396174 23.967778 119.714385 44.380313 -29.607572 -0.244095 -2.291425 -0.658086 3.635273 -2.24402 19.132416 7.100747 3.620751 -1.822804 0 0 0 -37.983061 3.857696 18.213087 3.981514 -0.312002 2.714676 0 0 0 -2.929954 -1.23167 10.131993 1.246384 0.377706 -3.981553 0 0 0 -18.724815 0.463336 17.774795 4.013885 0.995202 3.126699 0 0 0 -18.287739 2.122715 5.592006 -3.712166 8.636711 20.577783 0 0 0 -72.896067 -17.346347 22.578407 3.092321 8.642393 0.479663 63.225209 -69.07524 -14.213923 0 0 0 41.878326 -20.689903 -17.346751 0.182173 -10.929959 0.966781 -41.624375 -22.438851 -4.783539 0 0 0
0.103636 0.100893 -1.171652 2.562147 29.260702 -8.465302 -3.008762 12.995774 6.112896 0.075483 -17.874965 -2.809147 0 0 0 -6.457383 29.093648 1.011535 -13.999939 -28.331971 14.948728 0 0 0 0 0 0 -8.805303 2.600311 -13.245125 -56.289684 21.56586 -25.859993 -95.296297 32.531703 32.443248 -1.24651 6.527999 -2.170241 -3.636292 -2.244307 -19.133199 -7.100467 3.62086 1.822583 0 0 0 37.981329 3.85712 -18.21386 -3.981505 -0.312001 -2.714025 0 0 0 2.929467 -1.231741 -10.13273 -1.246458 0.377728 3.981735 0 0 0 18.723955 0.463054 -17.775594 -4.013708 0.99524 -3.126586 0 0 0 18.269087 2.108643 -5.565532 3.717059 8.635663 -20.580557 0 0 0 8.805303 2.600311 13.245125 48.916615 5.936195 22.940669 122.120597 45.402728 -29.069126 -1.011499 -8.423274 -2.584371 3.635273 -2.24402 19.132416 7.100747 3.620751 -1.822804 0 0 0 -37.983061 3.857696 18.213087 3.981514 -0.312002 2.714676 0 0 0 -2.929954 -1.23167 10.131993 1.246384 0.377706 -3.981553 0 0 0 -18.724815 0.463336 17.774795 4.013885 0.995202 3.126699 0 0 0 -18.287739 2.122715 5.592006 -3.712166 8.636711 20.577783 0 0 0 -73.061557 -17.358089 22.574166 3.081037 8.587425 0.472719 63.147388 -68.926572 -14.056237 0 0 0 41.675258 -20.531725 -17.305727 0.175125 -11.036088 0.968509 -41.4851 -22.7615 -4.755655 0 0 0
0.10991 0.102404 -1.172298 2.495813 29.093017 -8.308074 -2.625145 12.85664 6.715502 0.126195 -17.520576 -2.654963 0 0 0 -6.21027 29.215816 1.700225 -13.608736 -26.150854 11.390657 0 0 0 0 0 0 -8.805303 2.600311 -13.245125 -56.115061 22.435243 -26.601187 -96.673962 33.28246 32.476073 -1.23603 6.478053 -2.153005 -3.636292 -2.244307 -19.133199 -7.100467 3.62086 1.822583 0 0 0 37.981329 3.85712 -18.21386 -3.981505 -0.312001 -2.714025 0 0 0 2.929467 -1.231741 -10.13273 -1.246458 0.377728 3.981735 0 0 0 18.723955 0.463054 -17.775594 -4.013708 0.99524 -3.126586 0 0 0 18.269087 2.108643 -5.565532 3.717059 8.635663 -20.580557 0 0 0 8.805303 2.600311 13.245125 50.036695 3.811383 22.153131 122.777744 45.683437 -28.923517 -1.516945 -17.409155 -5.44365 3.635273 -2.24402 19.132416 7.100747 3.620751 -1.822804 0 0 0 -37.983061 3.857696 18.213087 3.981514 -0.312002 2.714676 0 0 0 -2.929954 -1.23167 10.131993 1.246384 0.377706 -3.981553 0 0 0 -18.724815 0.463336 17.774795 4.013885 0.995202 3.126699 0 0 0 -18.287739 2.122715 5.592006 -3.712166 8.636711 20.577783 0 0 0 -72.937002 -17.457974 22.392671 3.075585 8.555495 0.469692 63.11512 -68.733467 -13.941185 0 0 0 41.726537 -20.266128 -17.305881 0.174133 -11.092182 0.969973 -41.451741 -22.919635 -4.743114 0 0 0
0.119722 0.100725 -1.165092 2.022747 28.739222 -8.191706 -2.232501 12.715531 6.963235 0.255904 -17.144457 -2.833347 0 0 0 -6.32558 28.439586 1.513138 -13.213196 -21.101588 7.43293 0 0 0 0 0 0 -8.805303 2.600311 -13.245125 -55.975983 23.237604 -27.274429 -97.643292 33.806499 32.482404 -1.190146 6.25713 -2.0771 -3.636292 -2.244307 -19.133199 -7.100467 3.62086 1.822583 0 0 0 37.981329 3.85712 -18.21386 -3.981505 -0.312001 -2.714025 0 0 0 2.929467 -1.231741 -10.13273 -1.246458 0.377728 3.981735 0 0 0 18.723955 0.463054 -17.775594 -4.013708 0.99524 -3.126586 0 0 0 18.269087 2.108643 -5.565532 3.717059 8.635663 -20.580557 0 0 0 8.805303 2.600311 13.245125 51.196441 0.459074 20.680693 122.433718 45.550934 -29.019507 -1.552711 -30.184054 -9.746148 3.635273 -2.24402 19.132416 7.100747 3.620751 -1.822804 0 0 0 -37.983061 3.857696 18.213087 3.981514 -0.312002 2.714676 0 0 0 -2.929954 -1.23167 10.131993 1.246384 0.377706 -3.981553 0 0 0 -18.724815 0.463336 17.774795 4.013885 0.995202 3.126699 0 0 0 -18.287739 2.122715 5.592006 -3.712166 8.636711 20.577783 0 0 0 -72.363929 -17.689266 21.924279 3.070749 8.579909 0.470443 63.122013 -68.578851 -13.915985 0 0 0 42.176458 -19.865435 -17.382376 0.181207 -11.042473 0.970306 -41.632746 -22.669886 -4.76057 0 0 0
0.13824 0.096399 -1.170129 1.166805 28.218742 -8.131376 -2.04388 12.701159 6.779856 0.408499 -16.681748 -3.382174 0 0 0 -6.725766 27.463316 0.613766 -13.176522 -14.246366 2.419916 0 0 0 0 0 0 -8.805303 2.600311 -13.245125 -55.446524 23.997879 -27.667684 -98.364949 34.194242 32.478599 -1.100087 5.82117 -1.927653 -3.636292 -2.244307 -19.133199 -7.100467 3.62086 1.822583 0 0 0 37.981329 3.85712 -18.21386 -3.981505 -0.312001 -2.714025 0 0 0 2.929467 -1.231741 -10.13273 -1.246458 0.377728 3.981735 0 0 0 18.723955 0.463054 -17.775594 -4.013708 0.99524 -3.126586 0 0 0 18.269087 2.108643 -5.565532 3.717059 8.635663 -20.580557 0 0 0 8.805303 2.600311 13.245125 52.579292 -4.228136 17.659946 121.914488 45.344938 -29.15638 -1.028315 -43.417449 -14.502039 3.635273 -2.24402 19.132416 7.100747 3.620751 -1.822804 0 0 0 -37.983061 3.857696 18.213087 3.981514 -0.312002 2.714676 0 0 0 -2.929954 -1.23167 10.131993 1.246384 0.377706 -3.981553 0 0 0 -18.724815 0.463336 17.774795 4.013885 0.995202 3.126699 0 0 0 -18.287739 2.122715 5.592006 -3.712166 8.636711 20.577783 0 0 0 -71.375207 -18.022779 21.211401 3.06929 8.660413 0.474329 63.215942 -68.455463 -13.993407 0 0 0 42.998048 -19.363751 -17.521589 0.192331 -10.903077 0.969534 -42.030092 -21.973382 -4.803868 0 0 0
0.152976 0.088599 -1.177205 0.178898 27.664852 -8.155493 -2.094726 12.858383 6.273196 0.53999 -16.107199 -4.165365 0 0 0 -7.234192 26.701224 -0.568477 -13.778479 -7.446853 -3.892614 0 0 0 0 0 0 -8.805303 2.600311 -13.245125 -54.644392 24.745333 -27.835935 -98.908686 34.485085 32.47148 -1.003668 5.352373 -1.767244 -3.636292 -2.244307 -19.133199 -7.100467 3.62086 1.822583 0 0 0 37.981329 3.85712 -18.21386 -3.981505 -0.312001 -2.714025 0 0 0 2.929467 -1.231741 -10.13273 -1.246458 0.377728 3.981735 0 0 0 18.723955 0.463054 -17.775594 -4.013708 0.99524 -3.126586 0 0 0 18.269087 2.108643 -5.565532 3.717059 8.635663 -20.580557 0 0 0 8.805303 2.600311 13.245125 53.945566 -9.051101 12.914707 121.752952 45.279378 -29.197035 -0.42354 -51.886822 -17.71076 3.635273 -2.24402 19.132416 7.100747 3.620751 -1.822804 0 0 0 -37.983061 3.857696 18.213087 3.981514 -0.312002 2.714676 0 0 0 -2.929954 -1.23167 10.131993 1.246384 0.377706 -3.981553 0 0 0 -18.724815 0.463336 17.774795 4.013885 0.995202 3.126699 0 0 0 -18.287739 2.122715 5.592006 -3.712166 8.636711 20.577783 0 0 0 -70.253485 -18.315962 20.463002 3.075662 8.761506 0.480391 63.417954 -68.35153 -14.142761 0 0 0 43.937173 -18.902556 -17.630306 0.201598 -10.74164 0.96851 -42.503362 -21.075384 -4.854159 0 0 0
0.143441 0.087695 -1.172853 -0.568683 27.241467 -8.283336 -2.186539 13.119881 5.713918 0.679518 -15.487567 -5.075615 0 0 0 -7.624752 26.268748 -1.421118 -14.951004 -2.369701 -10.731603 0 0 0 0 0 0 -8.805303 2.600311 -13.245125 -54.137078 25.73047 -28.031976 -99.32811 34.708561 32.463259 -0.953543 5.108328 -1.683788 -3.636292 -2.244307 -19.133199 -7.100467 3.62086 1.822583 0 0 0 37.981329 3.85712 -18.21386 -3.981505 -0.312001 -2.714025 0 0 0 2.929467 -1.231741 -10.13273 -1.246458 0.377728 3.981735 0 0 0 18.723955 0.463054 -17.775594 -4.013708 0.99524 -3.126586 0 0 0 18.269087 2.108643 -5.565532 3.717059 8.635663 -20.580557 0 0 0 8.805303 2.600311 13.245125 54.331003 -12.145805 7.057514 122.340699 45.507636 -29.035802 -0.429838 -52.994942 -18.065516 3.635273 -2.24402 19.132416 7.100747 3.620751 -1.822804 0 0 0 -37.983061 3.857696 18.213087 3.981514 -0.312002 2.714676 0 0 0 -2.929954 -1.23167 10.131993 1.246384 0.377706 -3.981553 0 0 0 -18.724815 0.463336 17.774795 4.013885 0.995202 3.126699 0 0 0 -18.287739 2.122715 5.592006 -3.712166 8.636711 20.577783 0 0 0 -69.414771 -18.40358 19.936109 3.086396 8.841529 0.486869 63.651368 -68.334533 -14.308582 0 0 0 44.620826 -18.657194 -17.602035 0.204878 -10.623917 0.968043 -42.8506 -20.339615 -4.890493 0 0 0
0.130072 0.089723 -1.177451 -0.885007 27.021424 -8.484129 -1.994638 13.401441 5.321916 0.934466 -14.911811 -6.20364 0 0 0 -7.654513 26.18896 -1.313 -16.231845 0.354191 -16.694197 0 0 0 0 0 0 -8.805303 2.600311 -13.245125 -54.391365 27.368698 -28.336371 -99.66995 34.890134 32.454843 -0.949483 5.089834 -1.677282 -3.636292 -2.244307 -19.133199 -7.100467 3.62086 1.822583 0 0 0 37.981329 3.85712 -18.21386 -3.981505 -0.312001 -2.714025 0 0 0 2.929467 -1.231741 -10.13273 -1.246458 0.377728 3.981735 0 0 0 18.723955 0.463054 -17.775594 -4.013708 0.99524 -3.126586 0 0 0 18.269087 2.108643 -5.565532 3.717059 8.635663 -20.580557 0 0 0 8.805303 2.600311 13.245125 52.889296 -12.59072 1.04844 123.766356 46.055878 -28.638129 -1.135857 -47.667424 -15.827124 3.635273 -2.24402 19.132416 7.100747 3.620751 -1.822804 0 0 0 -37.983061 3.857696 18.213087 3.981514 -0.312002 2.714676 0 0 0 -2.929954 -1.23167 10.131993 1.246384 0.377706 -3.981553 0 0 0 -18.724815 0.463336 17.774795 4.013885 0.995202 3.126699 0 0 0 -18.287739 2.122715 5.592006 -3.712166 8.636711 20.577783 0 0 0 -69.073626 -18.258039 19.740973 3.094914 8.883634 0.49217 63.831634 -68.451129 -14.448897 0 0 0 44.865385 -18.680135 -17.428921 0.201638 -10.573341 0.968309 -42.974876 -19.955021 -4.903777 0 0 0
0.107855 0.093752 -1.178032 -0.936706 26.956385 -8.707241 -1.360323 13.65118 5.102854 1.358253 -14.414207 -7.585627 0 0 0 -7.145296 26.433387 -0.043368 -16.980221 1.106689 -20.774118 0 0 0 0 0 0 -8.805303 2.600311 -13.245125 -55.275669 29.68118 -28.647567 -99.929415 35.027671 32.447654 -0.9533 5.110282 -1.684011 -3.636292 -2.244307 -19.133199 -7.100467 3.62086 1.822583 0 0 0 37.981329 3.85712 -18.21386 -3.981505 -0.312001 -2.714025 0 0 0 2.929467 -1.231741 -10.13273 -1.246458 0.377728 3.981735 0 0 0 18.723955 0.463054 -17.775594 -4.013708 0.99524 -3.126586 0 0 0 18.269087 2.108643 -5.565532 3.717059 8.635663 -20.580557 0 0 0 8.805303 2.600311 13.245125 50.027072 -11.106223 -4.136782 125.702245 46.784941 -28.079197 -1.964525 -38.770062 -12.360352 3.635273 -2.24402 19.132416 7.100747 3.620751 -1.822804 0 0 0 -37.983061 3.857696 18.213087 3.981514 -0.312002 2.714676 0 0 0 -2.929954 -1.23167 10.131993 1.246384 0.377706 -3.981553 0 0 0 -18.724815 0.463336 17.774795 4.013885 0.995202 3.126699 0 0 0 -18.287739 2.122715 5.592006 -3.712166 8.636711 20.577783 0 0 0 -69.051707 -18.011245 19.771935 3.103303 8.905359 0.497585 63.974348 -68.653265 -14.584036 0 0 0 44.846904 -18.870125 -17.213502 0.195254 -10.566362 0.968991 -42.964466 -19.802779 -4.902316 0 0 0
0.092197 0.09658 -1.184721 -1.013382 26.95592 -8.92352 -0.546832 13.807723 4.937938 1.821042 -14.0329 -8.897299 0 0 0 -6.13932 26.83815 1.841228 -16.756103 0.713745 -22.933483 0 0 0 0 0 0 -8.805303 2.600311 -13.245125 -56.153571 32.01477 -29.04039 -100.056508 35.094972 32.443952 -0.958572 5.137304 -1.69306 -3.636292 -2.244307 -19.133199 -7.100467 3.62086 1.822583 0 0 0 37.981329 3.85712 -18.21386 -3.981505 -0.312001 -2.714025 0 0 0 2.929467 -1.231741 -10.13273 -1.246458 0.377728 3.981735 0 0 0 18.723955 0.463054 -17.775594 -4.013708 0.99524 -3.126586 0 0 0 18.269087 2.108643 -5.565532 3.717059 8.635663 -20.580557 0 0 0 8.805303 2.600311 13.245125 47.267214 -8.913045 -7.58725 127.648334 47.499634 -27.495148 -2.384943 -29.624453 -9.10856 3.635273 -2.24402 19.132416 7.100747 3.620751 -1.822804 0 0 0 -37.983061 3.857696 18.213087 3.981514 -0.312002 2.714676 0 0 0 -2.929954 -1.23167 10.131993 1.246384 0.377706 -3.981553 0 0 0 -18.724815 0.463336 17.774795 4.013885 0.995202 3.126699 0 0 0 -18.287739 2.122715 5.592006 -3.712166 8.636711 20.577783 0 0 0 -69.033675 -17.814869 19.854708 3.119558 8.938044 0.506652 64.140476 -68.87551 -14.773057 0 0 0 44.858786 -19.094359 -17.067321 0.190009 -10.560605 0.969608 -42.97578 -19.623652 -4.901677 0 0 0
0.080473 0.097019 -1.192701 -1.181048 26.955324 -9.099159 -0.049574 13.797139 4.758527 2.094308 -13.844821 -9.625421 0 0 0 -4.945965 27.166496 3.412092 -15.594611 -0.113772 -23.718755 0 0 0 0 0 0 -8.805303 2.600311 -13.245125 -56.509034 33.577124 -29.788485 -100.033699 35.082932 32.444711 -0.993813 5.308837 -1.751727 -3.636292 -2.244307 -19.133199 -7.100467 3.62086 1.822583 0 0 0 37.981329 3.85712 -18.21386 -3.981505 -0.312001 -2.714025 0 0 0 2.929467 -1.231741 -10.13273 -1.246458 0.377728 3.981735 0 0 0 18.723955 0.463054 -17.775594 -4.013708 0.99524 -3.126586 0 0 0 18.269087 2.108643 -5.565532 3.717059 8.635663 -20.580557 0 0 0 8.805303 2.600311 13.245125 45.876551 -6.157853 -8.79889 129.187066 48.051025 -27.016912 -2.347975 -22.334381 -6.74591 3.635273 -2.24402 19.132416 7.100747 3.620751 -1.822804 0 0 0 -37.983061 3.857696 18.213087 3.981514 -0.312002 2.714676 0 0 0 -2.929954 -1.23167 10.131993 1.246384 0.377706 -3.981553 0 0 0 -18.724815 0.463336 17.774795 4.013885 0.995202 3.126699 0 0 0 -18.287739 2.122715 5.592006 -3.712166 8.636711 20.577783 0 0 0 -68.927114 -17.718592 19.89799 3.143337 8.989859 0.519572 64.324569 -69.078077 -15.005693 0 0 0 44.969743 -19.269528 -17.011829 0.187622 -10.534035 0.969765 -43.058017 -19.315739 -4.908527 0 0 0
0.074347 0.096541 -1.194961 -1.272369 26.93489 -9.187169 -0.118222 13.597801 4.6145 2.066296 -13.895109 -9.531689 0 0 0 -3.90685 27.257946 4.095212 -13.848739 -1.033798 -23.531633 0 0 0 0 0 0 -8.805303 2.600311 -13.245125 -56.370749 34.127439 -31.005243 -99.936966 35.031798 32.447738 -1.083769 5.740808 -1.900321 -3.636292 -2.244307 -19.133199 -7.100467 3.62086 1.822583 0 0 0 37.981329 3.85712 -18.21386 -3.981505 -0.312001 -2.714025 0 0 0 2.929467 -1.231741 -10.13273 -1.246458 0.377728 3.981735 0 0 0 18.723955 0.463054 -17.775594 -4.013708 0.99524 -3.126586 0 0 0 18.269087 2.108643 -5.565532 3.717059 8.635663 -20.580557 0 0 0 8.805303 2.600311 13.245125 45.928252 -2.007245 -8.033772 130.105727 48.373495 -26.723413 -2.049578 -16.893432 -5.097345 3.635273 -2.24402 19.132416 7.100747 3.620751 -1.822804 0 0 0 -37.983061 3.857696 18.213087 3.981514 -0.312002 2.714676 0 0 0 -2.929954 -1.23167 10.131993 1.246384 0.377706 -3.981553 0 0 0 -18.724815 0.463336 17.774795 4.013885 0.995202 3.126699 0 0 0 -18.287739 2.122715 5.592006 -3.712166 8.636711 20.577783 0 0 0 -68.88126 -17.677813 19.917765 3.162871 9.035456 0.530797 64.450729 -69.217477 -15.173512 0 0 0 45.016605 -19.36803 -16.991975 0.186908 -10.500969 0.969295 -43.134053 -19.012741 -4.916233 0 0 0
0.074486 0.092538 -1.19899 -1.152366 26.91594 -9.18075 -0.568005 13.249232 4.59751 1.8313 -14.149898 -8.857654 0 0 0 -3.152477 27.047301 3.991499 -11.88227 -1.960089 -22.400483 0 0 0 0 0 0 -8.805303 2.600311 -13.245125 -56.153828 34.062861 -32.49363 -99.867007 34.994818 32.449924 -1.229194 6.430142 -2.138779 -3.636292 -2.244307 -19.133199 -7.100467 3.62086 1.822583 0 0 0 37.981329 3.85712 -18.21386 -3.981505 -0.312001 -2.714025 0 0 0 2.929467 -1.231741 -10.13273 -1.246458 0.377728 3.981735 0 0 0 18.723955 0.463054 -17.775594 -4.013708 0.99524 -3.126586 0 0 0 18.269087 2.108643 -5.565532 3.717059 8.635663 -20.580557 0 0 0 8.805303 2.600311 13.245125 46.67979 3.926959 -5.961294 130.298984 48.439065 -26.658931 -1.562483 -11.980379 -3.628363 3.635273 -2.24402 19.132416 7.100747 3.620751 -1.822804 0 0 0 -37.983061 3.857696 18.213087 3.981514 -0.312002 2.714676 0 0 0 -2.929954 -1.23167 10.131993 1.246384 0.377706 -3.981553 0 0 0 -18.724815 0.463336 17.774795 4.013885 0.995202 3.126699 0 0 0 -18.287739 2.122715 5.592006 -3.712166 8.636711 20.577783 0 0 0 -69.03764 -17.633649 19.981171 3.167308 9.046182 0.534332 64.457669 -69.258822 -15.181346 0 0 0 44.862836 -19.418268 -16.967066 0.186271 -10.487951 0.968269 -43.125299 -18.87986 -4.915671 0 0 0
0.07908 0.088651 -1.207746 -0.888102 26.904135 -9.128728 -1.014244 12.788946 4.678769 1.578737 -14.504135 -8.069223 0 0 0 -2.658789 26.475089 3.548999 -10.034342 -2.728048 -20.29069 0 0 0 0 0 0 -8.805303 2.600311 -13.245125 -56.293091 33.97876 -33.964867 -99.823014 34.971504 32.451175 -1.395569 7.209288 -2.409741 -3.636292 -2.244307 -19.133199 -7.100467 3.62086 1.822583 0 0 0 37.981329 3.85712 -18.21386 -3.981505 -0.312001 -2.714025 0 0 0 2.929467 -1.231741 -10.13273 -1.246458 0.377728 3.981735 0 0 0 18.723955 0.463054 -17.775594 -4.013708 0.99524 -3.126586 0 0 0 18.269087 2.108643 -5.565532 3.717059 8.635663 -20.580557 0 0 0 8.805303 2.600311 13.245125 47.457533 10.756538 -2.878684 129.451112 48.129741 -26.915328 -0.742634 -6.112356 -1.805861 3.635273 -2.24402 19.132416 7.100747 3.620751 -1.822804 0 0 0 -37.983061 3.857696 18.213087 3.981514 -0.312002 2.714676 0 0 0 -2.929954 -1.23167 10.131993 1.246384 0.377706 -3.981553 0 0 0 -18.724815 0.463336 17.774795 4.013885 0.995202 3.126699 0 0 0 -18.287739 2.122715 5.592006 -3.712166 8.636711 20.577783 0 0 0 -69.335619 -17.562953 20.085512 3.158926 9.022861 0.530515 64.375646 -69.212866 -15.054441 0 0 0 44.566757 -19.452191 -16.930387 0.186484 -10.49864 0.96701 -43.044225 -18.916974 -4.907088 0 0 0
0.087368 0.079185 -1.226741 -0.645034 26.81564 -9.083864 -1.2103 12.255914 4.676837 1.424217 -14.8399 -7.448239 0 0 0 -2.408636 25.478395 3.047986 -8.602368 -2.886611 -17.365641 0 0 0 0 0 0 -8.805303 2.600311 -13.245125 -57.015539 34.21286 -35.29755 -99.706127 34.909434 32.454169 -1.529213 7.828204 -2.626053 -3.636292 -2.244307 -19.133199 -7.100467 3.62086 1.822583 0 0 0 37.981329 3.85712 -18.21386 -3.981505 -0.312001 -2.714025 0 0 0 2.929467 -1.231741 -10.13273 -1.246458 0.377728 3.981735 0 0 0 18.723955 0.463054 -17.775594 -4.013708 0.99524 -3.126586 0 0 0 18.269087 2.108643 -5.565532 3.717059 8.635663 -20.580557 0 0 0 8.805303 2.600311 13.245125 48.017436 16.520471 1.504407 126.912051 47.164214 -27.631804 0.563482 1.325888 0.637439 3.635273 -2.24402 19.132416 7.100747 3.620751 -1.822804 0 0 0 -37.983061 3.857696 18.213087 3.981514 -0.312002 2.714676 0 0 0 -2.929954 -1.23167 10.131993 1.246384 0.377706 -3.981553 0 0 0 -18.724815 0.463336 17.774795 4.013885 0.995202 3.126699 0 0 0 -18.287739 2.122715 5.592006 -3.712166 8.636711 20.577783 0 0 0 -69.567368 -17.45117 20.080235 3.151391 8.992631 0.525971 64.307487 -69.136289 -14.913115 0 0 0 44.283319 -19.418292 -16.821077 0.189498 -10.518133 0.965983 -42.963931 -18.991973 -4.897292 0 0 0
0.085579 0.076022 -1.222235 -0.491447 26.52297 -9.066359 -1.166679 11.743507 4.456889 1.358703 -15.104395 -6.987617 0 0 0 -2.395813 24.095742 2.485539 -7.704561 -1.94465 -14.05953 0 0 0 0 0 0 -8.805303 2.600311 -13.245125 -58.265737 34.742041 -36.53954 -99.458689 34.777998 32.460296 -1.599812 8.151893 -2.739694 -3.636292 -2.244307 -19.133199 -7.100467 3.62086 1.822583 0 0 0 37.981329 3.85712 -18.21386 -3.981505 -0.312001 -2.714025 0 0 0 2.929467 -1.231741 -10.13273 -1.246458 0.377728 3.981735 0 0 0 18.723955 0.463054 -17.775594 -4.013708 0.99524 -3.126586 0 0 0 18.269087 2.108643 -5.565532 3.717059 8.635663 -20.580557 0 0 0 8.805303 2.600311 13.245125 48.27824 19.030161 7.391934 122.227263 45.281844 -28.816892 2.056541 8.647818 3.168114 3.635273 -2.24402 19.132416 7.100747 3.620751 -1.822804 0 0 0 -37.983061 3.857696 18.213087 3.981514 -0.312002 2.714676 0 0 0 -2.929954 -1.23167 10.131993 1.246384 0.377706 -3.981553 0 0 0 -18.724815 0.463336 17.774795 4.013885 0.995202 3.126699 0 0 0 -18.287739 2.122715 5.592006 -3.712166 8.636711 20.577783 0 0 0 -69.599158 -17.257787 19.795667 3.155589 8.977268 0.526506 64.322522 -69.090503 -14.85039 0 0 0 44.072266 -19.214961 -16.514236 0.194453 -10.544554 0.965442 -42.932617 -19.004634 -4.888171 0 0 0
0.077981 0.075079 -1.197208 -0.404401 26.021371 -9.063204 -0.996798 11.364854 4.0908 1.337073 -15.293949 -6.618831 0 0 0 -2.562854 22.629682 1.875558 -7.32288 -0.053459 -11.181776 0 0 0 0 0 0 -8.805303 2.600311 -13.245125 -59.728707 35.388925 -37.670382 -99.173484 34.626448 32.46714 -1.611668 8.206206 -2.75877 -3.636292 -2.244307 -19.133199 -7.100467 3.62086 1.822583 0 0 0 37.981329 3.85712 -18.21386 -3.981505 -0.312001 -2.714025 0 0 0 2.929467 -1.231741 -10.13273 -1.246458 0.377728 3.981735 0 0 0 18.723955 0.463054 -17.775594 -4.013708 0.99524 -3.126586 0 0 0 18.269087 2.108643 -5.565532 3.717059 8.635663 -20.580557 0 0 0 8.805303 2.600311 13.245125 48.146332 17.264284 13.905263 116.273909 42.770933 -30.156643 2.814319 11.038318 4.076069 3.635273 -2.24402 19.132416 7.100747 3.620751 -1.822804 0 0 0 -37.983061 3.857696 18.213087 3.981514 -0.312002 2.714676 0 0 0 -2.929954 -1.23167 10.131993 1.246384 0.377706 -3.981553 0 0 0 -18.724815 0.463336 17.774795 4.013885 0.995202 3.126699 0 0 0 -18.287739 2.122715 5.592006 -3.712166 8.636711 20.577783 0 0 0 -69.463344 -16.998418 19.258252 3.168373 8.980238 0.53144 64.392959 -69.098217 -14.86373 0 0 0 43.913034 -18.839407 -16.022002 0.197753 -10.58121 0.965116 -42.954367 -18.911996 -4.877648 0 0 0
0.067375 0.074162 -1.167443 -0.416754 25.48245 -9.037918 -0.767482 11.207543 3.765155 1.349358 -15.392253 -6.367416 0 0 0 -2.825384 21.822814 1.400073 -7.420956 1.460401 -9.75115 0 0 0 0 0 0 -8.805303 2.600311 -13.245125 -60.913937 36.020792 -38.460011 -99.054344 34.563088 32.46982 -1.582287 8.073817 -2.71192 -3.636292 -2.244307 -19.133199 -7.100467 3.62086 1.822583 0 0 0 37.981329 3.85712 -18.21386 -3.981505 -0.312001 -2.714025 0 0 0 2.929467 -1.231741 -10.13273 -1.246458 0.377728 3.981735 0 0 0 18.723955 0.463054 -17.775594 -4.013708 0.99524 -3.126586 0 0 0 18.269087 2.108643 -5.565532 3.717059 8.635663 -20.580557 0 0 0 8.805303 2.600311 13.245125 47.83351 12.124108 18.885571 111.751491 40.803552 -31.088561 2.161306 3.050213 1.40337 3.635273 -2.24402 19.132416 7.100747 3.620751 -1.822804 0 0 0 -37.983061 3.857696 18.213087 3.981514 -0.312002 2.714676 0 0 0 -2.929954 -1.23167 10.131993 1.246384 0.377706 -3.981553 0 0 0 -18.724815 0.463336 17.774795 4.013885 0.995202 3.126699 0 0 0 -18.287739 2.122715 5.592006 -3.712166 8.636711 20.577783 0 0 0 -69.234743 -16.822689 18.688687 3.176321 8.999186 0.535425 64.43286 -69.145743 -14.903301 0 0 0 43.856974 -18.423151 -15.60384 0.197411 -10.614577 0.96452 -43.015284 -18.692037 -4.866946 0 0 0
0.078468 0.071412 -1.188853 -0.591803 25.077903 -8.973187 -0.557475 11.372788 3.606732 1.381832 -15.38546 -6.259315 0 0 0 -3.120842 22.516217 1.206742 -7.873065 0.908718 -10.318054 0 0 0 0 0 0 -8.805303 2.600311 -13.245125 -61.361763 36.597955 -38.632894 -99.254318 34.669123 32.464367 -1.532579 7.849345 -2.632566 -3.636292 -2.244307 -19.133199 -7.100467 3.62086 1.822583 0 0 0 37.981329 3.85712 -18.21386 -3.981505 -0.312001 -2.714025 0 0 0 2.929467 -1.231741 -10.13273 -1.246458 0.377728 3.981735 0 0 0 18.723955 0.463054 -17.775594 -4.013708 0.99524 -3.126586 0 0 0 18.269087 2.108643 -5.565532 3.717059 8.635663 -20.580557 0 0 0 8.805303 2.600311 13.245125 47.96248 5.569494 20.231759 111.360965 40.641407 -31.179853 0.639027 -14.952031 -4.70339 3.635273 -2.24402 19.132416 7.100747 3.620751 -1.822804 0 0 0 -37.983061 3.857696 18.213087 3.981514 -0.312002 2.714676 0 0 0 -2.929954 -1.23167 10.131993 1.246384 0.377706 -3.981553 0 0 0 -18.724815 0.463336 17.774795 4.013885 0.995202 3.126699 0 0 0 -18.287739 2.122715 5.592006 -3.712166 8.636711 20.577783 0 0 0 -68.942758 -16.855696 18.272777 3.173766 9.026314 0.535808 64.401058 -69.206871 -14.95264 0 0 0 43.981937 -18.090494 -15.478033 0.194618 -10.64541 0.96378 -43.065171 -18.456097 -4.854712 0 0 0
0.102525 0.068545 -1.23897 -0.848386 24.831743 -8.904589 -0.514716 11.918305 3.629791 1.37837 -15.285148 -6.224796 0 0 0 -3.396273 24.62845 1.23339 -8.429095 -1.767205 -12.438234 0 0 0 0 0 0 -8.805303 2.600311 -13.245125 -61.020264 37.130853 -38.160126 -99.729866 34.92113 32.451024 -1.484244 7.63029 -2.555254 -3.636292 -2.244307 -19.133199 -7.100467 3.62086 1.822583 0 0 0 37.981329 3.85712 -18.21386 -3.981505 -0.312001 -2.714025 0 0 0 2.929467 -1.231741 -10.13273 -1.246458 0.377728 3.981735 0 0 0 18.723955 0.463054 -17.775594 -4.013708 0.99524 -3.126586 0 0 0 18.269087 2.108643 -5.565532 3.717059 8.635663 -20.580557 0 0 0 8.805303 2.600311 13.245125 48.906187 -0.48627 17.604905 115.073871 42.291018 -30.463212 -0.639509 -34.171623 -11.151512 3.635273 -2.24402 19.132416 7.100747 3.620751 -1.822804 0 0 0 -37.983061 3.857696 18.213087 3.981514 -0.312002 2.714676 0 0 0 -2.929954 -1.23167 10.131993 1.246384 0.377706 -3.981553 0 0 0 -18.724815 0.463336 17.774795 4.013885 0.995202 3.126699 0 0 0 -18.287739 2.122715 5.592006 -3.712166 8.636711 20.577783 0 0 0 -68.662222 -17.011055 18.039715 3.171187 9.042732 0.535767 64.353199 -69.250663 -15.029909 0 0 0 44.197761 -17.8699 -15.54674 0.190123 -10.709486 0.96359 -43.023031 -18.430372 -4.832096 0 0 0
0.092305 0.079508 -1.264423 -0.979946 24.697525 -8.868221 -0.71709 12.685248 3.770097 1.29784 -15.116148 -6.171017 0 0 0 -3.568001 26.87965 1.345549 -8.897196 -4.565531 -15.103307 0 0 0 0 0 0 -8.805303 2.600311 -13.245125 -60.409477 37.625227 -37.373702 -100.251472 35.197201 32.435408 -1.446417 7.457707 -2.494532 -3.636292 -2.244307 -19.133199 -7.100467 3.62086 1.822583 0 0 0 37.981329 3.85712 -18.21386 -3.981505 -0.312001 -2.714025 0 0 0 2.929467 -1.231741 -10.13273 -1.246458 0.377728 3.981735 0 0 0 18.723955 0.463054 -17.775594 -4.013708 0.99524 -3.126586 0 0 0 18.269087 2.108643 -5.565532 3.717059 8.635663 -20.580557 0 0 0 8.805303 2.600311 13.245125 50.159484 -4.551644 12.496599 120.25218 44.530178 -29.373814 -1.272601 -45.685504 -14.90159 3.635273 -2.24402 19.132416 7.100747 3.620751 -1.822804 0 0 0 -37.983061 3.857696 18.213087 3.981514 -0.312002 2.714676 0 0 0 -2.929954 -1.23167 10.131993 1.246384 0.377706 -3.981553 0 0 0 -18.724815 0.463336 17.774795 4.013885 0.995202 3.126699 0 0 0 -18.287739 2.122715 5.592006 -3.712166 8.636711 20.577783 0 0 0 -68.555311 -17.119804 17.966375 3.175645 9.035537 0.537227 64.336384 -69.266628 -15.116937 0 0 0 44.281999 -17.752928 -15.604024 0.181871 -10.824491 0.964028 -42.869714 -18.652209 -4.795063 0 0 0
0.109371 0.077223 -1.306275 -0.895618 24.644261 -8.848113 -1.060922 13.366373 3.91569 1.1718 -14.937366 -6.085654 0 0 0 -3.489195 27.982717 1.63658 -9.26535 -5.529731 -17.756482 0 0 0 0 0 0 -8.805303 2.600311 -13.245125 -60.135113 38.090716 -36.72418 -100.597277 35.379987 32.424379 -1.41556 7.315875 -2.444799 -3.636292 -2.244307 -19.133199 -7.100467 3.62086 1.822583 0 0 0 37.981329 3.85712 -18.21386 -3.981505 -0.312001 -2.714025 0 0 0 2.929467 -1.231741 -10.13273 -1.246458 0.377728 3.981735 0 0 0 18.723955 0.463054 -17.775594 -4.013708 0.99524 -3.126586 0 0 0 18.269087 2.108643 -5.565532 3.717059 8.635663 -20.580557 0 0 0 8.805303 2.600311 13.245125 50.736628 -5.918569 6.789011 124.433666 46.260297 -28.381654 -1.52921 -49.045365 -15.892432 3.635273 -2.24402 19.132416 7.100747 3.620751 -1.822804 0 0 0 -37.983061 3.857696 18.213087 3.981514 -0.312002 2.714676 0 0 0 -2.929954 -1.23167 10.131993 1.246384 0.377706 -3.981553 0 0 0 -18.724815 0.463336 17.774795 4.013885 0.995202 3.126699 0 0 0 -18.287739 2.122715 5.592006 -3.712166 8.636711 20.577783 0 0 0 -68.692244 -17.14807 18.024177 3.178624 9.016759 0.537157 64.305992 -69.29102 -15.166876 0 0 0 44.144459 -17.724433 -15.614997 0.168816 -10.951397 0.964277 -42.688878 -18.886963 -4.754074 0 0 0
0.113689 0.076086 -1.332554 -0.701246 24.622073 -8.813727 -1.384522 13.794636 3.966938 1.064273 -14.829715 -6.031118 0 0 0 -3.033107 27.704733 2.377517 -9.587882 -4.492188 -20.488412 0 0 0 0 0 0 -8.805303 2.600311 -13.245125 -60.276758 38.561518 -36.410144 -100.745449 35.458172 32.419298 -1.39537 7.222886 -2.412222 -3.636292 -2.244307 -19.133199 -7.100467 3.62086 1.822583 0 0 0 37.981329 3.85712 -18.21386 -3.981505 -0.312001 -2.714025 0 0 0 2.929467 -1.231741 -10.13273 -1.246458 0.377728 3.981735 0 0 0 18.723955 0.463054 -17.775594 -4.013708 0.99524 -3.126586 0 0 0 18.269087 2.108643 -5.565532 3.717059 8.635663 -20.580557 0 0 0 8.805303 2.600311 13.245125 50.149279 -4.849017 1.658997 126.987955 47.257486 -27.692758 -1.658061 -48.978902 -15.780261 3.635273 -2.24402 19.132416 7.100747 3.620751 -1.822804 0 0 0 -37.983061 3.857696 18.213087 3.981514 -0.312002 2.714676 0 0 0 -2.929954 -1.23167 10.131993 1.246384 0.377706 -3.981553 0 0 0 -18.724815 0.463336 17.774795 4.013885 0.995202 3.126699 0 0 0 -18.287739 2.122715 5.592006 -3.712166 8.636711 20.577783 0 0 0 -68.945122 -17.155675 18.121587 3.173539 9.007847 0.534238 64.223377 -69.36155 -15.178698 0 0 0 43.901826 -17.73109 -15.627391 0.154569 -11.038583 0.963758 -42.564555 -18.958525 -4.723595 0 0 0
0.118975 0.076693 -1.344693 -0.53449 24.577723 -8.769608 -1.604249 13.999493 3.916478 1.012072 -14.815308 -6.074713 0 0 0 -2.322453 26.744576 3.494516 -9.819176 -2.769748 -23.101316 0 0 0 0 0 0 -8.805303 2.600311 -13.245125 -60.509395 39.048419 -36.339931 -100.820735 35.497758 32.416373 -1.395837 7.225279 -2.413022 -3.636292 -2.244307 -19.133199 -7.100467 3.62086 1.822583 0 0 0 37.981329 3.85712 -18.21386 -3.981505 -0.312001 -2.714025 0 0 0 2.929467 -1.231741 -10.13273 -1.246458 0.377728 3.981735 0 0 0 18.723955 0.463054 -17.775594 -4.013708 0.99524 -3.126586 0 0 0 18.269087 2.108643 -5.565532 3.717059 8.635663 -20.580557 0 0 0 8.805303 2.600311 13.245125 48.689243 -2.080625 -2.393701 128.489817 47.808911 -27.242509 -1.760127 -48.289935 -15.485507 3.635273 -2.24402 19.132416 7.100747 3.620751 -1.822804 0 0 0 -37.983061 3.857696 18.213087 3.981514 -0.312002 2.714676 0 0 0 -2.929954 -1.23167 10.131993 1.246384 0.377706 -3.981553 0 0 0 -18.724815 0.463336 17.774795 4.013885 0.995202 3.126699 0 0 0 -18.287739 2.122715 5.592006 -3.712166 8.636711 20.577783 0 0 0 -69.151526 -17.163052 18.169276 3.16477 9.012019 0.53096 64.12089 -69.461929 -15.180909 0 0 0 43.695679 -17.722695 -15.632743 0.144694 -11.073708 0.96274 -42.496698 -18.932269 -4.70816 0 0 0
0.123192 0.078101 -1.35053 -0.459425 24.50637 -8.773835 -1.681208 14.051348 3.872838 1.025594 -14.847518 -6.241077 0 0 0 -1.764979 26.132589 4.325 -9.741073 -2.107366 -24.603435 0 0 0 0 0 0 -8.805303 2.600311 -13.245125 -60.637217 39.508133 -36.381252 -100.897885 35.538266 32.413228 -1.412683 7.303164 -2.44026 -3.636292 -2.244307 -19.133199 -7.100467 3.62086 1.822583 0 0 0 37.981329 3.85712 -18.21386 -3.981505 -0.312001 -2.714025 0 0 0 2.929467 -1.231741 -10.13273 -1.246458 0.377728 3.981735 0 0 0 18.723955 0.463054 -17.775594 -4.013708 0.99524 -3.126586 0 0 0 18.269087 2.108643 -5.565532 3.717059 8.635663 -20.580557 0 0 0 8.805303 2.600311 13.245125 46.901146 1.839584 -5.151182 129.513541 48.169189 -26.91678 -1.906596 -46.692157 -14.872467 3.635273 -2.24402 19.132416 7.100747 3.620751 -1.822804 0 0 0 -37.983061 3.857696 18.213087 3.981514 -0.312002 2.714676 0 0 0 -2.929954 -1.23167 10.131993 1.246384 0.377706 -3.981553 0 0 0 -18.724815 0.463336 17.774795 4.013885 0.995202 3.126699 0 0 0 -18.287739 2.122715 5.592006 -3.712166 8.636711 20.577783 0 0 0 -69.251038 -17.124706 18.175635 3.159242 9.018297 0.529973 64.047041 -69.557377 -15.1936 0 0 0 43.578689 -17.724046 -15.585189 0.141945 -11.075195 0.961723 -42.451644 -18.916627 -4.70379 0 0 0
0.122686 0.078217 -1.356367 -0.475751 24.412988 -8.939013 -1.598667 14.019357 4.035754 1.098498 -14.884204 -6.508746 0 0 0 -1.680912 26.535303 4.207869 -9.105823 -3.554582 -24.163935 0 0 0 0 0 0 -8.805303 2.600311 -13.245125 -60.712674 39.884064 -36.490531 -100.967188 35.574635 32.410368 -1.433686 7.399822 -2.474135 -3.636292 -2.244307 -19.133199 -7.100467 3.62086 1.822583 0 0 0 37.981329 3.85712 -18.21386 -3.981505 -0.312001 -2.714025 0 0 0 2.929467 -1.231741 -10.13273 -1.246458 0.377728 3.981735 0 0 0 18.723955 0.463054 -17.775594 -4.013708 0.99524 -3.126586 0 0 0 18.269087 2.108643 -5.565532 3.717059 8.635663 -20.580557 0 0 0 8.805303 2.600311 13.245125 45.181024 6.790168 -6.590148 130.027443 48.345104 -26.7475 -2.062491 -42.209675 -13.302836 3.635273 -2.24402 19.132416 7.100747 3.620751 -1.822804 0 0 0 -37.983061 3.857696 18.213087 3.981514 -0.312002 2.714676 0 0 0 -2.929954 -1.23167 10.131993 1.246384 0.377706 -3.981553 0 0 0 -18.724815 0.463336 17.774795 4.013885 0.995202 3.126699 0 0 0 -18.287739 2.122715 5.592006 -3.712166 8.636711 20.577783 0 0 0 -69.260165 -16.928753 18.207138 3.165693 9.019299 0.534139 64.046566 -69.648075 -15.255123 0 0 0 43.523319 -17.819554 -15.390336 0.144346 -11.061584 0.96083 -42.41537 -18.92319 -4.706203 0 0 0
0.122869 0.074059 -1.359479 -0.527484 24.290757 -9.299934 -1.432397 13.972876 4.487998 1.188727 -14.915998 -6.785759 0 0 0 -1.965461 27.619504 3.236791 -7.992183 -6.480693 -22.27368 0 0 0 0 0 0 -8.805303 2.600311 -13.245125 -60.819647 40.126385 -36.663033 -101.021376 35.603044 32.408078 -1.455906 7.501519 -2.509865 -3.636292 -2.244307 -19.133199 -7.100467 3.62086 1.822583 0 0 0 37.981329 3.85712 -18.21386 -3.981505 -0.312001 -2.714025 0 0 0 2.929467 -1.231741 -10.13273 -1.246458 0.377728 3.981735 0 0 0 18.723955 0.463054 -17.775594 -4.013708 0.99524 -3.126586 0 0 0 18.269087 2.108643 -5.565532 3.717059 8.635663 -20.580557 0 0 0 8.805303 2.600311 13.245125 43.776751 12.623928 -6.918172 129.371528 48.09479 -26.932186 -1.901472 -32.505654 -10.091568 3.635273 -2.24402 19.132416 7.100747 3.620751 -1.822804 0 0 0 -37.983061 3.857696 18.213087 3.981514 -0.312002 2.714676 0 0 0 -2.929954 -1.23167 10.131993 1.246384 0.377706 -3.981553 0 0 0 -18.724815 0.463336 17.774795 4.013885 0.995202 3.126699 0 0 0 -18.287739 2.122715 5.592006 -3.712166 8.636711 20.577783 0 0 0 -69.237068 -16.519892 18.300023 3.187935 9.012788 0.543646 64.133211 -69.742715 -15.381227 0 0 0 43.462625 -18.039113 -14.995366 0.147452 -11.044659 0.959969 -42.374181 -18.945513 -4.711728 0 0 0
0.080243 0.066027 -1.36356 -0.562393 24.180908 -9.626308 -1.328854 13.896992 4.87639 1.228003 -14.920462 -6.892712 0 0 0 -2.286144 28.425217 2.114845 -6.891178 -9.117245 -20.29087 0 0 0 0 0 0 -8.805303 2.600311 -13.245125 -60.985589 40.186213 -36.855169 -101.063624 35.625182 32.406264 -1.473159 7.580146 -2.537543 -3.636292 -2.244307 -19.133199 -7.100467 3.62086 1.822583 0 0 0 37.981329 3.85712 -18.21386 -3.981505 -0.312001 -2.714025 0 0 0 2.929467 -1.231741 -10.13273 -1.246458 0.377728 3.981735 0 0 0 18.723955 0.463054 -17.775594 -4.013708 0.99524 -3.126586 0 0 0 18.269087 2.108643 -5.565532 3.717059 8.635663 -20.580557 0 0 0 8.805303 2.600311 13.245125 42.883792 18.347133 -6.364308 126.619235 47.030732 -27.686121 -0.983684 -17.774774 -5.348585 3.635273 -2.24402 19.132416 7.100747 3.620751 -1.822804 0 0 0 -37.983061 3.857696 18.213087 3.981514 -0.312002 2.714676 0 0 0 -2.929954 -1.23167 10.131993 1.246384 0.377706 -3.981553 0 0 0 -18.724815 0.463336 17.774795 4.013885 0.995202 3.126699 0 0 0 -18.287739 2.122715 5.592006 -3.712166 8.636711 20.577783 0 0 0 -69.231228 -16.135971 18.407992 3.208547 9.003027 0.551022 64.225393 -69.813625 -15.48302 0 0 0 43.395195 -18.251595 -14.630467 0.148995 -11.033976 0.959212 -42.316934 -18.978588 -4.714603 0 0 0
0.086621 0.066466 -1.368635 -0.608055 24.152985 -9.625979 -1.344746 13.724591 4.689655 1.191535 -14.833755 -6.730196 0 0 0 -2.51467 28.527787 1.356113 -6.318426 -10.299371 -18.992437 0 0 0 0 0 0 -8.805303 2.600311 -13.245125 -61.197795 40.051121 -36.938481 -101.08988 35.638946 32.405129 -1.466807 7.550643 -2.527247 -3.636292 -2.244307 -19.133199 -7.100467 3.62086 1.822583 0 0 0 37.981329 3.85712 -18.21386 -3.981505 -0.312001 -2.714025 0 0 0 2.929467 -1.231741 -10.13273 -1.246458 0.377728 3.981735 0 0 0 18.723955 0.463054 -17.775594 -4.013708 0.99524 -3.126586 0 0 0 18.269087 2.108643 -5.565532 3.717059 8.635663 -20.580557 0 0 0 8.805303 2.600311 13.245125 42.79725 21.867967 -4.880464 121.663392 45.04172 -28.945166 0.463521 -3.233617 -0.697282 3.635273 -2.24402 19.132416 7.100747 3.620751 -1.822804 0 0 0 -37.983061 3.857696 18.213087 3.981514 -0.312002 2.714676 0 0 0 -2.929954 -1.23167 10.131993 1.246384 0.377706 -3.981553 0 0 0 -18.724815 0.463336 17.774795 4.013885 0.995202 3.126699 0 0 0 -18.287739 2.122715 5.592006 -3.712166 8.636711 20.577783 0 0 0 -69.220284 -16.124002 18.452359 3.204233 9.002206 0.548629 64.22493 -69.827298 -15.459726 0 0 0 43.416438 -18.291059 -14.642611 0.149809 -11.031029 0.958673 -42.261882 -18.968394 -4.711089 0 0 0
0.101677 0.070159 -1.387372 -0.722923 24.207331 -9.36891 -1.407233 13.522389 3.976983 1.122736 -14.621217 -6.427567 0 0 0 -2.745981 28.246102 0.97778 -6.463227 -9.972839 -18.345049 0 0 0 0 0 0 -8.805303 2.600311 -13.245125 -61.349405 39.731851 -36.770465 -101.113758 35.651476 32.404079 -1.431568 7.388795 -2.470474 -3.636292 -2.244307 -19.133199 -7.100467 3.62086 1.822583 0 0 0 37.981329 3.85712 -18.21386 -3.981505 -0.312001 -2.714025 0 0 0 2.929467 -1.231741 -10.13273 -1.246458 0.377728 3.981735 0 0 0 18.723955 0.463054 -17.775594 -4.013708 0.99524 -3.126586 0 0 0 18.269087 2.108643 -5.565532 3.717059 8.635663 -20.580557 0 0 0 8.805303 2.600311 13.245125 43.92303 20.986233 -2.295168 116.538323 42.924091 -30.164322 1.285723 2.802803 1.254927 3.635273 -2.24402 19.132416 7.100747 3.620751 -1.822804 0 0 0 -37.983061 3.857696 18.213087 3.981514 -0.312002 2.714676 0 0 0 -2.929954 -1.23167 10.131993 1.246384 0.377706 -3.981553 0 0 0 -18.724815 0.463336 17.774795 4.013885 0.995202 3.126699 0 0 0 -18.287739 2.122715 5.592006 -3.712166 8.636711 20.577783 0 0 0 -69.156426 -16.439738 18.451647 3.179261 9.014625 0.539397 64.158422 -69.800634 -15.353733 0 0 0 43.571255 -18.205895 -14.999276 0.150379 -11.027309 0.958183 -42.22893 -18.882653 -4.704492 0 0 0
0.08515 0.070391 -1.399446 -0.886787 24.297407 -9.16986 -1.482048 13.485688 3.27856 1.054458 -14.343059 -6.155088 0 0 0 -3.007067 27.869637 0.8152 -7.158464 -8.484488 -18.35912 0 0 0 0 0 0 -8.805303 2.600311 -13.245125 -61.25609 39.20912 -36.338499 -101.16471 35.678174 32.401793 -1.38998 7.197678 -2.403452 -3.636292 -2.244307 -19.133199 -7.100467 3.62086 1.822583 0 0 0 37.981329 3.85712 -18.21386 -3.981505 -0.312001 -2.714025 0 0 0 2.929467 -1.231741 -10.13273 -1.246458 0.377728 3.981735 0 0 0 18.723955 0.463054 -17.775594 -4.013708 0.99524 -3.126586 0 0 0 18.269087 2.108643 -5.565532 3.717059 8.635663 -20.580557 0 0 0 8.805303 2.600311 13.245125 46.292524 15.259658 1.022028 114.549954 42.09836 -30.631109 0.668856 -4.434195 -1.044251 3.635273 -2.24402 19.132416 7.100747 3.620751 -1.822804 0 0 0 -37.983061 3.857696 18.213087 3.981514 -0.312002 2.714676 0 0 0 -2.929954 -1.23167 10.131993 1.246384 0.377706 -3.981553 0 0 0 -18.724815 0.463336 17.774795 4.013885 0.995202 3.126699 0 0 0 -18.287739 2.122715 5.592006 -3.712166 8.636711 20.577783 0 0 0 -69.071641 -16.73074 18.522657 3.157043 9.027226 0.531462 64.115374 -69.778295 -15.280031 0 0 0 43.766116 -18.192323 -15.361558 0.148868 -11.026281 0.957623 -42.1957 -18.792248 -4.69766 0 0 0
0.074627 0.069397 -1.416905 -1.012067 24.415779 -9.146628 -1.630632 13.710254 2.920226 0.971673 -14.092888 -5.938605 0 0 0 -3.245817 27.484928 0.673913 -8.001697 -6.510132 -19.029085 0 0 0 0 0 0 -8.805303 2.600311 -13.245125 -60.856676 38.543947 -35.769426 -101.257045 35.726489 32.397575 -1.365522 7.085079 -2.363996 -3.636292 -2.244307 -19.133199 -7.100467 3.62086 1.822583 0 0 0 37.981329 3.85712 -18.21386 -3.981505 -0.312001 -2.714025 0 0 0 2.929467 -1.231741 -10.13273 -1.246458 0.377728 3.981735 0 0 0 18.723955 0.463054 -17.775594 -4.013708 0.99524 -3.126586 0 0 0 18.269087 2.108643 -5.565532 3.717059 8.635663 -20.580557 0 0 0 8.805303 2.600311 13.245125 49.120691 7.12983 3.840876 116.913095 43.117064 -30.125861 -0.717981 -20.721781 -6.29976 3.635273 -2.24402 19.132416 7.100747 3.620751 -1.822804 0 0 0 -37.983061 3.857696 18.213087 3.981514 -0.312002 2.714676 0 0 0 -2.929954 -1.23167 10.131993 1.246384 0.377706 -3.981553 0 0 0 -18.724815 0.463336 17.774795 4.013885 0.995202 3.126699 0 0 0 -18.287739 2.122715 5.592006 -3.712166 8.636711 20.577783 0 0 0 -69.060091 -16.837642 18.737392 3.148822 9.026161 0.527846 64.111757 -69.77548 -15.271077 0 0 0 43.879798 -18.324417 -15.569949 0.142787 -11.053177 0.957311 -42.120227 -18.788796 -4.685354 0 0 0
0.072354 0.067176 -1.44228 -1.04774 24.569743 -9.200204 -1.87988 14.103415 2.831608 0.867754 -13.914855 -5.764581 0 0 0 -3.510729 27.356194 0.260362 -8.535501 -5.157238 -19.691902 0 0 0 0 0 0 -8.805303 2.600311 -13.245125 -60.309789 37.977532 -35.223512 -101.380905 35.791247 32.391801 -1.360999 7.064234 -2.356695 -3.636292 -2.244307 -19.133199 -7.100467 3.62086 1.822583 0 0 0 37.981329 3.85712 -18.21386 -3.981505 -0.312001 -2.714025 0 0 0 2.929467 -1.231741 -10.13273 -1.246458 0.377728 3.981735 0 0 0 18.723955 0.463054 -17.775594 -4.013708 0.99524 -3.126586 0 0 0 18.269087 2.108643 -5.565532 3.717059 8.635663 -20.580557 0 0 0 8.805303 2.600311 13.245125 51.282744 0.527367 4.762734 121.392792 45.008353 -29.113068 -1.659213 -36.247972 -11.384244 3.635273 -2.24402 19.132416 7.100747 3.620751 -1.822804 0 0 0 -37.983061 3.857696 18.213087 3.981514 -0.312002 2.714676 0 0 0 -2.929954 -1.23167 10.131993 1.246384 0.377706 -3.981553 0 0 0 -18.724815 0.463336 17.774795 4.013885 0.995202 3.126699 0 0 0 -18.287739 2.122715 5.592006 -3.712166 8.636711 20.577783 0 0 0 -69.163573 -16.849127 19.05577 3.151062 9.012611 0.527192 64.112271 -69.788589 -15.298641 0 0 0 43.878357 -18.525192 -15.693514 0.132116 -11.122857 0.957629 -41.99129 -18.888158 -4.662863 0 0 0
0.069883 0.065187 -1.469954 -1.012902 24.722323 -9.265027 -2.168083 14.497205 2.86438 0.771054 -13.798582 -5.68489 0 0 0 -3.810211 27.661053 -0.469728 -8.539168 -4.994026 -19.691876 0 0 0 0 0 0 -8.805303 2.600311 -13.245125 -59.815814 37.733763 -34.838003 -101.515451 35.861566 32.385388 -1.372629 7.11791 -2.375482 -3.636292 -2.244307 -19.133199 -7.100467 3.62086 1.822583 0 0 0 37.981329 3.85712 -18.21386 -3.981505 -0.312001 -2.714025 0 0 0 2.929467 -1.231741 -10.13273 -1.246458 0.377728 3.981735 0 0 0 18.723955 0.463054 -17.775594 -4.013708 0.99524 -3.126586 0 0 0 18.269087 2.108643 -5.565532 3.717059 8.635663 -20.580557 0 0 0 8.805303 2.600311 13.245125 52.1781 -2.227039 3.290973 125.132063 46.53735 -28.198595 -1.87517 -44.899164 -14.281625 3.635273 -2.24402 19.132416 7.100747 3.620751 -1.822804 0 0 0 -37.983061 3.857696 18.213087 3.981514 -0.312002 2.714676 0 0 0 -2.929954 -1.23167 10.131993 1.246384 0.377706 -3.981553 0 0 0 -18.724815 0.463336 17.774795 4.013885 0.995202 3.126699 0 0 0 -18.287739 2.122715 5.592006 -3.712166 8.636711 20.577783 0 0 0 -69.336415 -16.828479 19.383893 3.160241 8.999303 0.52919 64.111469 -69.836805 -15.36724 0 0 0 43.796052 -18.71808 -15.76643 0.120188 -11.213036 0.958473 -41.837089 -19.048026 -4.635869 0 0 0
0.075068 0.064412 -1.490241 -0.949542 24.801675 -9.390128 -2.39744 14.760412 2.989889 0.71826 -13.718772 -5.76673 0 0 0 -3.936169 28.028993 -0.994878 -8.225912 -5.345449 -19.392905 0 0 0 0 0 0 -8.805303 2.600311 -13.245125 -59.461346 37.824389 -34.712304 -101.641633 35.927483 32.379243 -1.402354 7.254814 -2.423443 -3.636292 -2.244307 -19.133199 -7.100467 3.62086 1.822583 0 0 0 37.981329 3.85712 -18.21386 -3.981505 -0.312001 -2.714025 0 0 0 2.929467 -1.231741 -10.13273 -1.246458 0.377728 3.981735 0 0 0 18.723955 0.463054 -17.775594 -4.013708 0.99524 -3.126586 0 0 0 18.269087 2.108643 -5.565532 3.717059 8.635663 -20.580557 0 0 0 8.805303 2.600311 13.245125 51.872839 -1.730106 0.132091 127.339343 47.39115 -27.593134 -1.841226 -47.562263 -15.194949 3.635273 -2.24402 19.132416 7.100747 3.620751 -1.822804 0 0 0 -37.983061 3.857696 18.213087 3.981514 -0.312002 2.714676 0 0 0 -2.929954 -1.23167 10.131993 1.246384 0.377706 -3.981553 0 0 0 -18.724815 0.463336 17.774795 4.013885 0.995202 3.126699 0 0 0 -18.287739 2.122715 5.592006 -3.712166 8.636711 20.577783 0 0 0 -69.501302 -16.709042 19.634635 3.178235 8.996731 0.535806 64.146115 -69.937827 -15.503073 0 0 0 43.666454 -18.893825 -15.698735 0.110996 -11.281345 0.959281 -41.707656 -19.190564 -4.616127 0 0 0
0.073633 0.062953 -1.496581 -0.892608 24.758501 -9.59922 -2.501701 14.804938 3.172642 0.720607 -13.663716 -5.981213 0 0 0 -3.695352 27.89167 -0.731595 -8.028961 -5.185471 -19.651958 0 0 0 0 0 0 -8.805303 2.600311 -13.245125 -59.268491 38.137236 -34.870355 -101.749818 35.983945 32.373854 -1.445251 7.451933 -2.492573 -3.636292 -2.244307 -19.133199 -7.100467 3.62086 1.822583 0 0 0 37.981329 3.85712 -18.21386 -3.981505 -0.312001 -2.714025 0 0 0 2.929467 -1.231741 -10.13273 -1.246458 0.377728 3.981735 0 0 0 18.723955 0.463054 -17.775594 -4.013708 0.99524 -3.126586 0 0 0 18.269087 2.108643 -5.565532 3.717059 8.635663 -20.580557 0 0 0 8.805303 2.600311 13.245125 50.715006 0.283291 -3.448523 128.748454 47.899384 -27.159729 -1.878432 -47.492989 -15.144901 3.635273 -2.24402 19.132416 7.100747 3.620751 -1.822804 0 0 0 -37.983061 3.857696 18.213087 3.981514 -0.312002 2.714676 0 0 0 -2.929954 -1.23167 10.131993 1.246384 0.377706 -3.981553 0 0 0 -18.724815 0.463336 17.774795 4.013885 0.995202 3.126699 0 0 0 -18.287739 2.122715 5.592006 -3.712166 8.636711 20.577783 0 0 0 -69.592441 -16.448421 19.730235 3.203421 9.002923 0.546387 64.248014 -70.049304 -15.669267 0 0 0 43.521085 -19.038135 -15.43888 0.107165 -11.30355 0.959756 -41.643356 -19.235742 -4.609891 0 0 0
0.03551 0.066634 -1.481253 -0.886357 24.616764 -9.75681 -2.48575 14.535567 3.191647 0.75272 -13.615236 -6.174814 0 0 0 -3.104579 26.89724 0.467741 -8.28513 -3.96999 -20.947871 0 0 0 0 0 0 -8.805303 2.600311 -13.245125 -59.273258 38.558388 -35.252097 -101.840371 36.031146 32.369234 -1.486089 7.639015 -2.558276 -3.636292 -2.244307 -19.133199 -7.100467 3.62086 1.822583 0 0 0 37.981329 3.85712 -18.21386 -3.981505 -0.312001 -2.714025 0 0 0 2.929467 -1.231741 -10.13273 -1.246458 0.377728 3.981735 0 0 0 18.723955 0.463054 -17.775594 -4.013708 0.99524 -3.126586 0 0 0 18.269087 2.108643 -5.565532 3.717059 8.635663 -20.580557 0 0 0 8.805303 2.600311 13.245125 49.122944 2.959575 -6.376983 130.00665 48.334449 -26.750464 -2.015459 -46.259341 -14.656257 3.635273 -2.24402 19.132416 7.100747 3.620751 -1.822804 0 0 0 -37.983061 3.857696 18.213087 3.981514 -0.312002 2.714676 0 0 0 -2.929954 -1.23167 10.131993 1.246384 0.377706 -3.981553 0 0 0 -18.724815 0.463336 17.774795 4.013885 0.995202 3.126699 0 0 0 -18.287739 2.122715 5.592006 -3.712166 8.636711 20.577783 0 0 0 -69.558803 -16.204735 19.604992 3.223516 9.013949 0.55516 64.3971 -70.109027 -15.775064 0 0 0 43.43831 -19.062845 -15.150604 0.110689 -11.283733 0.960275 -41.648544 -19.15766 -4.614277 0 0 0
0.053683 0.07442 -1.46134 -0.974967 24.436617 -9.735068 -2.357155 13.890941 2.882379 0.798193 -13.55027 -6.245603 0 0 0 -2.334553 25.017933 2.331256 -9.085707 -1.736691 -23.094879 0 0 0 0 0 0 -8.805303 2.600311 -13.245125 -59.528354 38.991512 -35.809778 -101.909245 36.067022 32.365649 -1.516382 7.777124 -2.606885 -3.636292 -2.244307 -19.133199 -7.100467 3.62086 1.822583 0 0 0 37.981329 3.85712 -18.21386 -3.981505 -0.312001 -2.714025 0 0 0 2.929467 -1.231741 -10.13273 -1.246458 0.377728 3.981735 0 0 0 18.723955 0.463054 -17.775594 -4.013708 0.99524 -3.126586 0 0 0 18.269087 2.108643 -5.565532 3.717059 8.635663 -20.580557 0 0 0 8.805303 2.600311 13.245125 47.491295 6.311234 -7.996272 131.160502 48.725538 -26.366154 -2.226175 -43.691986 -13.696744 3.635273 -2.24402 19.132416 7.100747 3.620751 -1.822804 0 0 0 -37.983061 3.857696 18.213087 3.981514 -0.312002 2.714676 0 0 0 -2.929954 -1.23167 10.131993 1.246384 0.377706 -3.981553 0 0 0 -18.724815 0.463336 17.774795 4.013885 0.995202 3.126699 0 0 0 -18.287739 2.122715 5.592006 -3.712166 8.636711 20.577783 0 0 0 -69.378686 -16.155229 19.268992 3.230478 9.038039 0.559736 64.54675 -70.130976 -15.80452 0 0 0 43.496246 -18.912659 -15.02517 0.121714 -11.232203 0.961163 -41.713492 -18.955146 -4.625053 0 0 0
0.044126 0.071244 -1.437567 -1.13174 24.235665 -9.608875 -2.03048 12.914619 2.435141 0.897549 -13.477848 -6.299645 0 0 0 -1.754435 23.198896 3.998367 -9.952952 0.013129 -24.578317 0 0 0 0 0 0 -8.805303 2.600311 -13.245125 -60.129065 39.430498 -36.591531 -101.944008 36.085122 32.363806 -1.538775 7.878695 -2.642717 -3.636292 -2.244307 -19.133199 -7.100467 3.62086 1.822583 0 0 0 37.981329 3.85712 -18.21386 -3.981505 -0.312001 -2.714025 0 0 0 2.929467 -1.231741 -10.13273 -1.246458 0.377728 3.981735 0 0 0 18.723955 0.463054 -17.775594 -4.013708 0.99524 -3.126586 0 0 0 18.269087 2.108643 -5.565532 3.717059 8.635663 -20.580557 0 0 0 8.805303 2.600311 13.245125 46.009409 10.228438 -7.967026 131.936906 48.985392 -26.103841 -2.444618 -39.168246 -12.111523 3.635273 -2.24402 19.132416 7.100747 3.620751 -1.822804 0 0 0 -37.983061 3.857696 18.213087 3.981514 -0.312002 2.714676 0 0 0 -2.929954 -1.23167 10.131993 1.246384 0.377706 -3.981553 0 0 0 -18.724815 0.463336 17.774795 4.013885 0.995202 3.126699 0 0 0 -18.287739 2.122715 5.592006 -3.712166 8.636711 20.577783 0 0 0 -69.104734 -16.22466 18.829249 3.23428 9.081192 0.565886 64.676963 -70.176168 -15.837388 0 0 0 43.650471 -18.658312 -14.994163 0.136293 -11.165912 0.962375 -41.827736 -18.639699 -4.639145 0 0 0
0.038457 0.069901 -1.414413 -1.257231 23.988627 -9.499896 -1.402682 11.690363 2.126343 1.106143 -13.413951 -6.513222 0 0 0 -1.757794 23.143614 4.382094 -9.92982 -1.320029 -23.141823 0 0 0 0 0 0 -8.805303 2.600311 -13.245125 -61.185127 39.994266 -37.660316 -101.937577 36.081762 32.364117 -1.556177 7.957382 -2.670516 -3.636292 -2.244307 -19.133199 -7.100467 3.62086 1.822583 0 0 0 37.981329 3.85712 -18.21386 -3.981505 -0.312001 -2.714025 0 0 0 2.929467 -1.231741 -10.13273 -1.246458 0.377728 3.981735 0 0 0 18.723955 0.463054 -17.775594 -4.013708 0.99524 -3.126586 0 0 0 18.269087 2.108643 -5.565532 3.717059 8.635663 -20.580557 0 0 0 8.805303 2.600311 13.245125 44.654703 14.223067 -6.198053 132.036767 49.017786 -26.068925 -2.519976 -32.48516 -9.911922 3.635273 -2.24402 19.132416 7.100747 3.620751 -1.822804 0 0 0 -37.983061 3.857696 18.213087 3.981514 -0.312002 2.714676 0 0 0 -2.929954 -1.23167 10.131993 1.246384 0.377706 -3.981553 0 0 0 -18.724815 0.463336 17.774795 4.013885 0.995202 3.126699 0 0 0 -18.287739 2.122715 5.592006 -3.712166 8.636711 20.577783 0 0 0 -68.840267 -16.235978 18.374926 3.24763 9.132254 0.577689 64.797286 -70.2497 -15.915535 0 0 0 43.766309 -18.373301 -14.872395 0.149714 -11.114092 0.963981 -41.961797 -18.274102 -4.651049 0 0 0
0.031031 0.069642 -1.393558 -1.298085 23.659322 -9.418863 -0.557032 10.268718 1.978668 1.396161 -13.350542 -6.874922 0 0 0 -2.207384 25.054502 3.531223 -8.718857 -5.94684 -18.699923 0 0 0 0 0 0 -8.805303 2.600311 -13.245125 -62.586333 40.713175 -39.000565 -101.880263 36.051888 32.367053 -1.568482 8.012914 -2.690153 -3.636292 -2.244307 -19.133199 -7.100467 3.62086 1.822583 0 0 0 37.981329 3.85712 -18.21386 -3.981505 -0.312001 -2.714025 0 0 0 2.929467 -1.231741 -10.13273 -1.246458 0.377728 3.981735 0 0 0 18.723955 0.463054 -17.775594 -4.013708 0.99524 -3.126586 0 0 0 18.269087 2.108643 -5.565532 3.717059 8.635663 -20.580557 0 0 0 8.805303 2.600311 13.245125 43.528015 17.872837 -2.766006 131.249602 48.74964 -26.329474 -2.284429 -24.140818 -7.302405 3.635273 -2.24402 19.132416 7.100747 3.620751 -1.822804 0 0 0 -37.983061 3.857696 18.213087 3.981514 -0.312002 2.714676 0 0 0 -2.929954 -1.23167 10.131993 1.246384 0.377706 -3.981553 0 0 0 -18.724815 0.463336 17.774795 4.013885 0.995202 3.126699 0 0 0 -18.287739 2.122715 5.592006 -3.712166 8.636711 20.577783 0 0 0 -68.623103 -16.136618 17.882137 3.266589 9.172989 0.589972 64.932179 -70.278781 -15.964936 0 0 0 43.784141 -18.043549 -14.600321 0.161584 -11.079931 0.96589 -42.098972 -17.889607 -4.659816 0 0 0
0.024724 0.068119 -1.362423 -1.301208 23.205334 -9.348708 0.22149 8.693625 1.863359 1.64634 -13.280827 -7.160846 0 0 0 -2.506233 27.01594 2.656227 -7.119535 -10.779368 -13.798368 0 0 0 0 0 0 -8.805303 2.600311 -13.245125 -63.926678 41.356014 -40.56442 -101.745806 35.981749 32.373773 -1.57531 8.043673 -2.701039 -3.636292 -2.244307 -19.133199 -7.100467 3.62086 1.822583 0 0 0 37.981329 3.85712 -18.21386 -3.981505 -0.312001 -2.714025 0 0 0 2.929467 -1.231741 -10.13273 -1.246458 0.377728 3.981735 0 0 0 18.723955 0.463054 -17.775594 -4.013708 0.99524 -3.126586 0 0 0 18.269087 2.108643 -5.565532 3.717059 8.635663 -20.580557 0 0 0 8.805303 2.600311 13.245125 43.034263 20.978487 2.231149 129.496763 48.138472 -26.893357 -1.662038 -15.111311 -4.556048 3.635273 -2.24402 19.132416 7.100747 3.620751 -1.822804 0 0 0 -37.983061 3.857696 18.213087 3.981514 -0.312002 2.714676 0 0 0 -2.929954 -1.23167 10.131993 1.246384 0.377706 -3.981553 0 0 0 -18.724815 0.463336 17.774795 4.013885 0.995202 3.126699 0 0 0 -18.287739 2.122715 5.592006 -3.712166 8.636711 20.577783 0 0 0 -68.389334 -15.936764 17.266858 3.274807 9.187772 0.593863 65.121677 -70.150101 -15.843491 0 0 0 43.759773 -17.638002 -14.195773 0.175171 -11.02377 0.967479 -42.265332 -17.427336 -4.67475 0 0 0
0.013603 0.064529 -1.317846 -1.322951 22.590325 -9.298059 0.708867 7.031336 1.698391 1.758299 -13.211779 -7.180461 0 0 0 -2.382161 27.590133 2.422199 -5.859125 -13.521799 -10.173162 0 0 0 0 0 0 -8.805303 2.600311 -13.245125 -64.877715 41.658247 -42.327075 -101.513418 35.860343 32.384942 -1.5767 8.049912 -2.703252 -3.636292 -2.244307 -19.133199 -7.100467 3.62086 1.822583 0 0 0 37.981329 3.85712 -18.21386 -3.981505 -0.312001 -2.714025 0 0 0 2.929467 -1.231741 -10.13273 -1.246458 0.377728 3.981735 0 0 0 18.723955 0.463054 -17.775594 -4.013708 0.99524 -3.126586 0 0 0 18.269087 2.108643 -5.565532 3.717059 8.635663 -20.580557 0 0 0 8.805303 2.600311 13.245125 43.528074 23.290911 8.713753 126.853236 47.180058 -27.7 -0.717868 -6.448732 -1.913479 3.635273 -2.24402 19.132416 7.100747 3.620751 -1.822804 0 0 0 -37.983061 3.857696 18.213087 3.981514 -0.312002 2.714676 0 0 0 -2.929954 -1.23167 10.131993 1.246384 0.377706 -3.981553 0 0 0 -18.724815 0.463336 17.774795 4.013885 0.995202 3.126699 0 0 0 -18.287739 2.122715 5.592006 -3.712166 8.636711 20.577783 0 0 0 -68.075359 -15.626173 16.474809 3.259928 9.1715 0.585104 65.414069 -69.760942 -15.442294 0 0 0 43.754325 -17.145933 -13.652683 0.193027 -10.913434 0.968334 -42.482702 -16.857641 -4.704558 0 0 0
0.008215 0.060861 -1.262008 -1.365422 21.795974 -9.249006 0.92414 5.38245 1.4603 1.742023 -13.174329 -6.952956 0 0 0 -2.081121 27.083599 2.459707 -4.960005 -14.608025 -7.366535 0 0 0 0 0 0 -8.805303 2.600311 -13.245125 -65.49013 41.609228 -44.284242 -101.196924 35.694687 32.399371 -1.572341 8.030226 -2.696293 -3.636292 -2.244307 -19.133199 -7.100467 3.62086 1.822583 0 0 0 37.981329 3.85712 -18.21386 -3.981505 -0.312001 -2.714025 0 0 0 2.929467 -1.231741 -10.13273 -1.246458 0.377728 3.981735 0 0 0 18.723955 0.463054 -17.775594 -4.013708 0.99524 -3.126586 0 0 0 18.269087 2.108643 -5.565532 3.717059 8.635663 -20.580557 0 0 0 8.805303 2.600311 13.245125 44.923889 24.495556 16.484977 123.526174 45.912399 -28.638969 0.381025 1.020241 0.439064 3.635273 -2.24402 19.132416 7.100747 3.620751 -1.822804 0 0 0 -37.983061 3.857696 18.213087 3.981514 -0.312002 2.714676 0 0 0 -2.929954 -1.23167 10.131993 1.246384 0.377706 -3.981553 0 0 0 -18.724815 0.463336 17.774795 4.013885 0.995202 3.126699 0 0 0 -18.287739 2.122715 5.592006 -3.712166 8.636711 20.577783 0 0 0 -67.67914 -15.224468 15.486546 3.222611 9.150683 0.566778 65.829122 -69.106857 -14.784408 0 0 0 43.722584 -16.550977 -12.962733 0.214385 -10.757807 0.968744 -42.69014 -16.20821 -4.743824 0 0 0
-0.007266 0.056639 -1.202993 -1.423333 20.827661 -9.139057 1.027866 3.859626 1.123816 1.67317 -13.226967 -6.621369 0 0 0 -1.892105 26.179449 2.340035 -4.309418 -15.010598 -4.581528 0 0 0 0 0 0 -8.805303 2.600311 -13.245125 -66.022046 41.375444 -46.433275 -100.842777 35.508931 32.414484 -1.559871 7.973894 -2.676382 -3.636292 -2.244307 -19.133199 -7.100467 3.62086 1.822583 0 0 0 37.981329 3.85712 -18.21386 -3.981505 -0.312001 -2.714025 0 0 0 2.929467 -1.231741 -10.13273 -1.246458 0.377728 3.981735 0 0 0 18.723955 0.463054 -17.775594 -4.013708 0.99524 -3.126586 0 0 0 18.269087 2.108643 -5.565532 3.717059 8.635663 -20.580557 0 0 0 8.805303 2.600311 13.245125 46.733336 24.492651 25.110209 119.828496 44.426003 -29.581489 1.442682 6.840267 2.366857 3.635273 -2.24402 19.132416 7.100747 3.620751 -1.822804 0 0 0 -37.983061 3.857696 18.213087 3.981514 -0.312002 2.714676 0 0 0 -2.929954 -1.23167 10.131993 1.246384 0.377706 -3.981553 0 0 0 -18.724815 0.463336 17.774795 4.013885 0.995202 3.126699 0 0 0 -18.287739 2.122715 5.592006 -3.712166 8.636711 20.577783 0 0 0 -67.210915 -14.828225 14.286813 3.174509 9.180074 0.547028 66.326953 -68.331649 -14.042498 0 0 0 43.455176 -15.849311 -12.169095 0.235445 -10.582061 0.969052 -42.676159 -15.415146 -4.768378 0 0 0
-0.01545 0.052222 -1.135456 -1.483578 19.729962 -8.949924 1.13406 2.489923 0.73099 1.610816 -13.373485 -6.316978 0 0 0 -1.924888 25.114211 1.988035 -3.965834 -14.985212 -1.657787 0 0 0 0 0 0 -8.805303 2.600311 -13.245125 -66.615749 41.065973 -48.706655 -100.511386 35.334745 32.427656 -1.533073 7.852033 -2.633439 -3.636292 -2.244307 -19.133199 -7.100467 3.62086 1.822583 0 0 0 37.981329 3.85712 -18.21386 -3.981505 -0.312001 -2.714025 0 0 0 2.929467 -1.231741 -10.13273 -1.246458 0.377728 3.981735 0 0 0 18.723955 0.463054 -17.775594 -4.013708 0.99524 -3.126586 0 0 0 18.269087 2.108643 -5.565532 3.717059 8.635663 -20.580557 0 0 0 8.805303 2.600311 13.245125 48.338634 23.433624 33.990333 116.136399 42.862151 -30.412432 2.275175 10.778185 3.73917 3.635273 -2.24402 19.132416 7.100747 3.620751 -1.822804 0 0 0 -37.983061 3.857696 18.213087 3.981514 -0.312002 2.714676 0 0 0 -2.929954 -1.23167 10.131993 1.246384 0.377706 -3.981553 0 0 0 -18.724815 0.463336 17.774795 4.013885 0.995202 3.126699 0 0 0 -18.287739 2.122715 5.592006 -3.712166 8.636711 20.577783 0 0 0 -66.701424 -14.487864 12.914248 3.12574 9.273051 0.530549 66.864654 -67.55608 -13.36618 0 0 0 42.685838 -15.092435 -11.300722 0.251086 -10.414008 0.969184 -42.195336 -14.379462 -4.748225 0 0 0
0.003347 0.042563 -1.095127 -1.471088 18.571491 -8.788253 1.237398 1.189796 0.480562 1.565267 -13.522273 -6.114691 0 0 0 -2.181003 23.991964 1.481492 -3.981021 -14.568225 1.285213 0 0 0 0 0 0 -8.805303 2.600311 -13.245125 -67.155721 40.659126 -50.952405 -100.268767 35.20698 32.436677 -1.474856 7.583307 -2.539382 -3.636292 -2.244307 -19.133199 -7.100467 3.62086 1.822583 0 0 0 37.981329 3.85712 -18.21386 -3.981505 -0.312001 -2.714025 0 0 0 2.929467 -1.231741 -10.13273 -1.246458 0.377728 3.981735 0 0 0 18.723955 0.463054 -17.775594 -4.013708 0.99524 -3.126586 0 0 0 18.269087 2.108643 -5.565532 3.717059 8.635663 -20.580557 0 0 0 8.805303 2.600311 13.245125 49.307356 21.575289 42.539537 112.790755 41.375659 -31.063153 2.659537 12.443867 4.341576 3.635273 -2.24402 19.132416 7.100747 3.620751 -1.822804 0 0 0 -37.983061 3.857696 18.213087 3.981514 -0.312002 2.714676 0 0 0 -2.929954 -1.23167 10.131993 1.246384 0.377706 -3.981553 0 0 0 -18.724815 0.463336 17.774795 4.013885 0.995202 3.126699 0 0 0 -18.287739 2.122715 5.592006 -3.712166 8.636711 20.577783 0 0 0 -66.256598 -14.056537 11.510195 3.070142 9.356033 0.510149 67.471041 -66.654678 -12.682019 0 0 0 41.366967 -14.359915 -10.267029 0.258328 -10.287641 0.969083 -41.250584 -13.223675 -4.676593 0 0 0
-0.026461 0.042627 -1.014457 -1.353332 17.396188 -8.758852 1.30068 -0.095038 0.513783 1.525616 -13.62269 -6.018036 0 0 0 -2.602915 22.985866 0.919794 -4.291781 -13.785807 4.095408 0 0 0 0 0 0 -8.805303 2.600311 -13.245125 -67.297266 40.089793 -53.051979 -100.228013 35.185164 32.437297 -1.359067 7.040687 -2.350733 -3.636292 -2.244307 -19.133199 -7.100467 3.62086 1.822583 0 0 0 37.981329 3.85712 -18.21386 -3.981505 -0.312001 -2.714025 0 0 0 2.929467 -1.231741 -10.13273 -1.246458 0.377728 3.981735 0 0 0 18.723955 0.463054 -17.775594 -4.013708 0.99524 -3.126586 0 0 0 18.269087 2.108643 -5.565532 3.717059 8.635663 -20.580557 0 0 0 8.805303 2.600311 13.245125 49.674292 19.272196 50.2018 110.133969 40.150195 -31.50964 2.410427 11.276419 3.933968 3.635273 -2.24402 19.132416 7.100747 3.620751 -1.822804 0 0 0 -37.983061 3.857696 18.213087 3.981514 -0.312002 2.714676 0 0 0 -2.929954 -1.23167 10.131993 1.246384 0.377706 -3.981553 0 0 0 -18.724815 0.463336 17.774795 4.013885 0.995202 3.126699 0 0 0 -18.287739 2.122715 5.592006 -3.712166 8.636711 20.577783 0 0 0 -65.935035 -13.381986 10.196758 2.993085 9.357975 0.475213 68.174723 -65.442349 -11.840822 0 0 0 39.729856 -13.678641 -9.007977 0.259832 -10.20919 0.969014 -40.052352 -12.192305 -4.574251 0 0 0
-0.037323 0.038379 -0.955804 -1.282828 16.214604 -8.809 1.348663 -1.31939 0.687014 1.488837 -13.723678 -5.956982 0 0 0 -3.117337 22.233595 0.359765 -4.758392 -12.45366 6.62724 0 0 0 0 0 0 -8.805303 2.600311 -13.245125 -66.610791 39.350434 -54.951649 -100.593509 35.375923 32.41937 -1.185892 6.21865 -2.066536 -3.636292 -2.244307 -19.133199 -7.100467 3.62086 1.822583 0 0 0 37.981329 3.85712 -18.21386 -3.981505 -0.312001 -2.714025 0 0 0 2.929467 -1.231741 -10.13273 -1.246458 0.377728 3.981735 0 0 0 18.723955 0.463054 -17.775594 -4.013708 0.99524 -3.126586 0 0 0 18.269087 2.108643 -5.565532 3.717059 8.635663 -20.580557 0 0 0 8.805303 2.600311 13.245125 49.993136 16.971151 56.218179 108.739798 39.491678 -31.718714 1.552994 7.162403 2.508688 3.635273 -2.24402 19.132416 7.100747 3.620751 -1.822804 0 0 0 -37.983061 3.857696 18.213087 3.981514 -0.312002 2.714676 0 0 0 -2.929954 -1.23167 10.131993 1.246384 0.377706 -3.981553 0 0 0 -18.724815 0.463336 17.774795 4.013885 0.995202 3.126699 0 0 0 -18.287739 2.122715 5.592006 -3.712166 8.636711 20.577783 0 0 0 -65.591809 -12.582021 8.946357 2.899141 9.306855 0.429399 68.89762 -64.061387 -10.928915 0 0 0 38.055967 -13.007392 -7.695626 0.262269 -10.142038 0.969367 -38.711002 -11.319885 -4.460192 0 0 0
-0.05037 0.034027 -0.898481 -1.494474 15.035637 -8.821266 1.422401 -2.455902 0.773596 1.447915 -13.808963 -5.834091 0 0 0 -3.679782 21.730135 -0.178757 -5.271156 -10.140332 8.684026 0 0 0 0 0 0 -8.805303 2.600311 -13.245125 -64.869201 38.528691 -56.496495 -101.498368 35.847288 32.372768 -1.007211 5.36021 -1.771286 -3.636292 -2.244307 -19.133199 -7.100467 3.62086 1.822583 0 0 0 37.981329 3.85712 -18.21386 -3.981505 -0.312001 -2.714025 0 0 0 2.929467 -1.231741 -10.13273 -1.246458 0.377728 3.981735 0 0 0 18.723955 0.463054 -17.775594 -4.013708 0.99524 -3.126586 0 0 0 18.269087 2.108643 -5.565532 3.717059 8.635663 -20.580557 0 0 0 8.805303 2.600311 13.245125 51.075389 15.045977 59.475967 109.323068 39.756277 -31.613331 0.401479 1.133403 0.487246 3.635273 -2.24402 19.132416 7.100747 3.620751 -1.822804 0 0 0 -37.983061 3.857696 18.213087 3.981514 -0.312002 2.714676 0 0 0 -2.929954 -1.23167 10.131993 1.246384 0.377706 -3.981553 0 0 0 -18.724815 0.463336 17.774795 4.013885 0.995202 3.126699 0 0 0 -18.287739 2.122715 5.592006 -3.712166 8.636711 20.577783 0 0 0 -64.989822 -11.903631 7.667165 2.816519 9.279491 0.389712 69.517849 -62.91556 -10.213545 0 0 0 36.534141 -12.303864 -6.587438 0.270698 -10.053934 0.970489 -37.209396 -10.46754 -4.337389 0 0 0
-0.053178 0.034789 -0.84232 -2.088057 13.874385 -8.749914 1.546008 -3.5399 0.72807 1.404678 -13.767259 -5.649938 0 0 0 -4.26987 21.370528 -0.658577 -5.795174 -6.367725 10.060517 0 0 0 0 0 0 -8.805303 2.600311 -13.245125 -62.346187 37.812968 -57.409441 -102.726315 36.484624 32.303804 -0.884471 4.763655 -1.567116 -3.636292 -2.244307 -19.133199 -7.100467 3.62086 1.822583 0 0 0 37.981329 3.85712 -18.21386 -3.981505 -0.312001 -2.714025 0 0 0 2.929467 -1.231741 -10.13273 -1.246458 0.377728 3.981735 0 0 0 18.723955 0.463054 -17.775594 -4.013708 0.99524 -3.126586 0 0 0 18.269087 2.108643 -5.565532 3.717059 8.635663 -20.580557 0 0 0 8.805303 2.600311 13.245125 53.461199 13.649687 58.961343 112.131826 41.0351 -31.116347 -0.593882 -4.590613 -1.370764 3.635273 -2.24402 19.132416 7.100747 3.620751 -1.822804 0 0 0 -37.983061 3.857696 18.213087 3.981514 -0.312002 2.714676 0 0 0 -2.929954 -1.23167 10.131993 1.246384 0.377706 -3.981553 0 0 0 -18.724815 0.463336 17.774795 4.013885 0.995202 3.126699 0 0 0 -18.287739 2.122715 5.592006 -3.712166 8.636711 20.577783 0 0 0 -64.028747 -11.454659 6.331452 2.766414 9.312784 0.367963 69.98625 -62.242294 -9.831189 0 0 0 35.239789 -11.563126 -5.789473 0.285457 -9.943088 0.972521 -35.551541 -9.556299 -4.203845 0 0 0
-0.053458 0.03639 -0.803541 -2.923016 12.754728 -8.602824 1.773455 -4.550798 0.650549 1.403183 -13.592393 -5.551558 0 0 0 -4.861457 21.050965 -1.041682 -6.314973 -0.985845 10.737269 0 0 0 0 0 0 -8.805303 2.600311 -13.245125 -59.780197 37.400817 -57.579055 -103.805975 37.042476 32.237069 -0.829183 4.491819 -1.474531 -3.636292 -2.244307 -19.133199 -7.100467 3.62086 1.822583 0 0 0 37.981329 3.85712 -18.21386 -3.981505 -0.312001 -2.714025 0 0 0 2.929467 -1.231741 -10.13273 -1.246458 0.377728 3.981735 0 0 0 18.723955 0.463054 -17.775594 -4.013708 0.99524 -3.126586 0 0 0 18.269087 2.108643 -5.565532 3.717059 8.635663 -20.580557 0 0 0 8.805303 2.600311 13.245125 56.820391 12.813962 54.652379 116.568157 42.988283 -30.23139 -1.108523 -7.722115 -2.368108 3.635273 -2.24402 19.132416 7.100747 3.620751 -1.822804 0 0 0 -37.983061 3.857696 18.213087 3.981514 -0.312002 2.714676 0 0 0 -2.929954 -1.23167 10.131993 1.246384 0.377706 -3.981553 0 0 0 -18.724815 0.463336 17.774795 4.013885 0.995202 3.126699 0 0 0 -18.287739 2.122715 5.592006 -3.712166 8.636711 20.577783 0 0 0 -62.840675 -11.189679 4.990538 2.737762 9.38668 0.358767 70.311787 -61.889276 -9.664938 0 0 0 34.153758 -10.795257 -5.253091 0.302795 -9.825474 0.975169 -33.849502 -8.645696 -4.065505 0 0 0
-0.04613 0.038702 -0.755748 -3.656185 11.741026 -8.41545 2.119621 -5.373741 0.664248 1.477024 -13.413668 -5.634804 0 0 0 -5.409547 20.751731 -1.321027 -6.807252 5.343251 10.894321 0 0 0 0 0 0 -8.805303 2.600311 -13.245125 -57.921142 37.32458 -57.242708 -104.446521 37.371741 32.193389 -0.808803 4.390046 -1.440089 -3.636292 -2.244307 -19.133199 -7.100467 3.62086 1.822583 0 0 0 37.981329 3.85712 -18.21386 -3.981505 -0.312001 -2.714025 0 0 0 2.929467 -1.231741 -10.13273 -1.246458 0.377728 3.981735 0 0 0 18.723955 0.463054 -17.775594 -4.013708 0.99524 -3.126586 0 0 0 18.269087 2.108643 -5.565532 3.717059 8.635663 -20.580557 0 0 0 8.805303 2.600311 13.245125 59.929355 12.648899 47.843828 121.521222 45.06279 -29.089943 -1.096724 -7.49664 -2.308714 3.635273 -2.24402 19.132416 7.100747 3.620751 -1.822804 0 0 0 -37.983061 3.857696 18.213087 3.981514 -0.312002 2.714676 0 0 0 -2.929954 -1.23167 10.131993 1.246384 0.377706 -3.981553 0 0 0 -18.724815 0.463336 17.774795 4.013885 0.995202 3.126699 0 0 0 -18.287739 2.122715 5.592006 -3.712166 8.636711 20.577783 0 0 0 -61.715647 -10.9883 3.797326 2.687686 9.420724 0.339206 70.468058 -61.34969 -9.431329 0 0 0 33.265898 -10.035681 -4.863404 0.316405 -9.727964 0.977598 -32.391155 -7.919311 -3.944238 0 0 0
-0.036872 0.04224 -0.721928 -3.941166 10.930209 -8.255246 2.440147 -5.915065 0.832539 1.574913 -13.340122 -5.781763 0 0 0 -5.870381 20.580494 -1.50379 -7.252626 11.270045 10.792823 0 0 0 0 0 0 -8.805303 2.600311 -13.245125 -57.099964 37.494416 -56.81623 -104.706385 37.504605 32.173952 -0.799174 4.341295 -1.423681 -3.636292 -2.244307 -19.133199 -7.100467 3.62086 1.822583 0 0 0 37.981329 3.85712 -18.21386 -3.981505 -0.312001 -2.714025 0 0 0 2.929467 -1.231741 -10.13273 -1.246458 0.377728 3.981735 0 0 0 18.723955 0.463054 -17.775594 -4.013708 0.99524 -3.126586 0 0 0 18.269087 2.108643 -5.565532 3.717059 8.635663 -20.580557 0 0 0 8.805303 2.600311 13.245125 61.528389 13.258886 40.539704 125.945717 46.810264 -27.925204 -0.673026 -4.687553 -1.433628 3.635273 -2.24402 19.132416 7.100747 3.620751 -1.822804 0 0 0 -37.983061 3.857696 18.213087 3.981514 -0.312002 2.714676 0 0 0 -2.929954 -1.23167 10.131993 1.246384 0.377706 -3.981553 0 0 0 -18.724815 0.463336 17.774795 4.013885 0.995202 3.126699 0 0 0 -18.287739 2.122715 5.592006 -3.712166 8.636711 20.577783 0 0 0 -60.888966 -10.713105 2.980439 2.564734 9.291568 0.279575 70.374207 -59.984456 -8.848939 0 0 0 32.608878 -9.375596 -4.502229 0.320386 -9.671515 0.978772 -31.514785 -7.558929 -3.869256 0 0 0
-0.037135 0.040665 -0.713147 -3.697069 10.368646 -8.17533 2.531965 -6.184681 1.108969 1.60583 -13.412948 -5.802746 0 0 0 -6.248319 20.656122 -1.654396 -7.619668 15.797505 10.718133 0 0 0 0 0 0 -8.805303 2.600311 -13.245125 -57.184414 37.904056 -56.623172 -104.778723 37.541413 32.168125 -0.802475 4.357845 -1.429273 -3.636292 -2.244307 -19.133199 -7.100467 3.62086 1.822583 0 0 0 37.981329 3.85712 -18.21386 -3.981505 -0.312001 -2.714025 0 0 0 2.929467 -1.231741 -10.13273 -1.246458 0.377728 3.981735 0 0 0 18.723955 0.463054 -17.775594 -4.013708 0.99524 -3.126586 0 0 0 18.269087 2.108643 -5.565532 3.717059 8.635663 -20.580557 0 0 0 8.805303 2.600311 13.245125 61.208562 14.390215 34.550381 129.180229 48.016729 -26.981258 0.104533 -0.174945 0.026356 3.635273 -2.24402 19.132416 7.100747 3.620751 -1.822804 0 0 0 -37.983061 3.857696 18.213087 3.981514 -0.312002 2.714676 0 0 0 -2.929954 -1.23167 10.131993 1.246384 0.377706 -3.981553 0 0 0 -18.724815 0.463336 17.774795 4.013885 0.995202 3.126699 0 0 0 -18.287739 2.122715 5.592006 -3.712166 8.636711 20.577783 0 0 0 -60.393584 -10.311137 2.63166 2.364256 8.956481 0.174778 70.016331 -57.668283 -7.908383 0 0 0 32.166045 -8.899849 -4.114352 0.314347 -9.65149 0.978421 -31.290409 -7.563194 -3.849908 0 0 0
-0.043314 0.036584 -0.720081 -3.196577 10.000616 -8.169135 2.380842 -6.251228 1.40189 1.548164 -13.588755 -5.654595 0 0 0 -6.605995 20.95462 -1.918791 -7.904705 18.837924 10.803445 0 0 0 0 0 0 -8.805303 2.600311 -13.245125 -57.802906 38.614569 -56.711458 -104.80769 37.556079 32.165647 -0.818926 4.440984 -1.457274 -3.636292 -2.244307 -19.133199 -7.100467 3.62086 1.822583 0 0 0 37.981329 3.85712 -18.21386 -3.981505 -0.312001 -2.714025 0 0 0 2.929467 -1.231741 -10.13273 -1.246458 0.377728 3.981735 0 0 0 18.723955 0.463054 -17.775594 -4.013708 0.99524 -3.126586 0 0 0 18.269087 2.108643 -5.565532 3.717059 8.635663 -20.580557 0 0 0 8.805303 2.600311 13.245125 59.490283 15.244979 30.72868 130.972253 48.656311 -26.422371 1.116435 5.093692 1.792934 3.635273 -2.24402 19.132416 7.100747 3.620751 -1.822804 0 0 0 -37.983061 3.857696 18.213087 3.981514 -0.312002 2.714676 0 0 0 -2.929954 -1.23167 10.131993 1.246384 0.377706 -3.981553 0 0 0 -18.724815 0.463336 17.774795 4.013885 0.995202 3.126699 0 0 0 -18.287739 2.122715 5.592006 -3.712166 8.636711 20.577783 0 0 0 -60.128148 -9.878583 2.566629 2.160948 8.560742 0.064976 69.561837 -55.253389 -6.979082 0 0 0 31.841903 -8.604607 -3.742995 0.30481 -9.644363 0.977516 -31.400459 -7.728886 -3.86151 0 0 0
-0.045835 0.035551 -0.722419 -2.865496 9.727856 -8.180757 2.238282 -6.164379 1.679153 1.485667 -13.694017 -5.482463 0 0 0 -6.997584 21.372241 -2.368418 -8.209758 20.597583 10.865826 0 0 0 0 0 0 -8.805303 2.600311 -13.245125 -58.644358 39.619336 -56.850945 -104.872883 37.589056 32.159998 -0.833074 4.51254 -1.481366 -3.636292 -2.244307 -19.133199 -7.100467 3.62086 1.822583 0 0 0 37.981329 3.85712 -18.21386 -3.981505 -0.312001 -2.714025 0 0 0 2.929467 -1.231741 -10.13273 -1.246458 0.377728 3.981735 0 0 0 18.723955 0.463054 -17.775594 -4.013708 0.99524 -3.126586 0 0 0 18.269087 2.108643 -5.565532 3.717059 8.635663 -20.580557 0 0 0 8.805303 2.600311 13.245125 57.330449 14.875793 28.670885 131.452909 48.825347 -26.269259 1.918396 9.060535 3.147411 3.635273 -2.24402 19.132416 7.100747 3.620751 -1.822804 0 0 0 -37.983061 3.857696 18.213087 3.981514 -0.312002 2.714676 0 0 0 -2.929954 -1.23167 10.131993 1.246384 0.377706 -3.981553 0 0 0 -18.724815 0.463336 17.774795 4.013885 0.995202 3.126699 0 0 0 -18.287739 2.122715 5.592006 -3.712166 8.636711 20.577783 0 0 0 -59.95633 -9.588141 2.506001 2.045647 8.324438 0.001482 69.252445 -53.873877 -6.472218 0 0 0 31.550835 -8.430013 -3.496293 0.298981 -9.625169 0.977242 -31.394302 -7.793604 -3.865554 0 0 0
-0.052783 0.033872 -0.734518 -2.9601 9.504899 -8.147245 2.378511 -5.941358 1.96248 1.518906 -13.543241 -5.45746 0 0 0 -7.387682 21.856084 -2.868198 -8.642663 21.088811 10.617382 0 0 0 0 0 0 -8.805303 2.600311 -13.245125 -59.606754 40.823342 -56.781923 -104.995049 37.650829 32.149361 -0.833994 4.517243 -1.482942 -3.636292 -2.244307 -19.133199 -7.100467 3.62086 1.822583 0 0 0 37.981329 3.85712 -18.21386 -3.981505 -0.312001 -2.714025 0 0 0 2.929467 -1.231741 -10.13273 -1.246458 0.377728 3.981735 0 0 0 18.723955 0.463054 -17.775594 -4.013708 0.99524 -3.126586 0 0 0 18.269087 2.108643 -5.565532 3.717059 8.635663 -20.580557 0 0 0 8.805303 2.600311 13.245125 55.644056 13.105038 27.275862 131.213672 48.746548 -26.351459 2.032421 9.724454 3.359623 3.635273 -2.24402 19.132416 7.100747 3.620751 -1.822804 0 0 0 -37.983061 3.857696 18.213087 3.981514 -0.312002 2.714676 0 0 0 -2.929954 -1.23167 10.131993 1.246384 0.377706 -3.981553 0 0 0 -18.724815 0.463336 17.774795 4.013885 0.995202 3.126699 0 0 0 -18.287739 2.122715 5.592006 -3.712166 8.636711 20.577783 0 0 0 -59.73934 -9.549502 2.33509 2.036354 8.32696 -0.003884 69.170412 -53.826903 -6.452055 0 0 0 31.30055 -8.339111 -3.464205 0.298054 -9.58349 0.977806 -31.057962 -7.610961 -3.842212 0 0 0
-0.052875 0.03559 -0.739645 -3.378007 9.363564 -8.051146 2.744937 -5.607904 2.268168 1.630579 -13.13771 -5.559288 0 0 0 -7.642506 22.372927 -3.175915 -9.127343 20.401562 9.973933 0 0 0 0 0 0 -8.805303 2.600311 -13.245125 -60.606668 42.028132 -56.486299 -105.14388 37.726017 32.136262 -0.83012 4.497666 -1.476349 -3.636292 -2.244307 -19.133199 -7.100467 3.62086 1.822583 0 0 0 37.981329 3.85712 -18.21386 -3.981505 -0.312001 -2.714025 0 0 0 2.929467 -1.231741 -10.13273 -1.246458 0.377728 3.981735 0 0 0 18.723955 0.463054 -17.775594 -4.013708 0.99524 -3.126586 0 0 0 18.269087 2.108643 -5.565532 3.717059 8.635663 -20.580557 0 0 0 8.805303 2.600311 13.245125 54.989075 11.032399 25.812691 131.127573 48.716962 -26.379711 1.501113 7.351917 2.514534 3.635273 -2.24402 19.132416 7.100747 3.620751 -1.822804 0 0 0 -37.983061 3.857696 18.213087 3.981514 -0.312002 2.714676 0 0 0 -2.929954 -1.23167 10.131993 1.246384 0.377706 -3.981553 0 0 0 -18.724815 0.463336 17.774795 4.013885 0.995202 3.126699 0 0 0 -18.287739 2.122715 5.592006 -3.712166 8.636711 20.577783 0 0 0 -59.459769 -9.734557 2.149748 2.081646 8.473688 0.021784 69.213291 -54.514276 -6.682726 0 0 0 31.168584 -8.333263 -3.638126 0.297862 -9.534108 0.978527 -30.558596 -7.256647 -3.803391 0 0 0
-0.055255 0.031586 -0.767926 -3.771576 9.351176 -7.936546 2.966417 -5.229813 2.600513 1.686931 -12.659641 -5.581689 0 0 0 -7.646875 22.841758 -3.169306 -9.475195 18.997741 9.020808 0 0 0 0 0 0 -8.805303 2.600311 -13.245125 -61.426376 42.933043 -56.192678 -105.268029 37.788671 32.125189 -0.837522 4.534675 -1.488867 -3.636292 -2.244307 -19.133199 -7.100467 3.62086 1.822583 0 0 0 37.981329 3.85712 -18.21386 -3.981505 -0.312001 -2.714025 0 0 0 2.929467 -1.231741 -10.13273 -1.246458 0.377728 3.981735 0 0 0 18.723955 0.463054 -17.775594 -4.013708 0.99524 -3.126586 0 0 0 18.269087 2.108643 -5.565532 3.717059 8.635663 -20.580557 0 0 0 8.805303 2.600311 13.245125 55.337232 10.20462 24.502304 131.695549 48.902608 -26.182995 0.779717 3.928661 1.327292 3.635273 -2.24402 19.132416 7.100747 3.620751 -1.822804 0 0 0 -37.983061 3.857696 18.213087 3.981514 -0.312002 2.714676 0 0 0 -2.929954 -1.23167 10.131993 1.246384 0.377706 -3.981553 0 0 0 -18.724815 0.463336 17.774795 4.013885 0.995202 3.126699 0 0 0 -18.287739 2.122715 5.592006 -3.712166 8.636711 20.577783 0 0 0 -59.34603 -10.025659 2.092104 2.140562 8.657826 0.056133 69.328433 -55.37145 -6.96778 0 0 0 31.202726 -8.41161 -3.910561 0.295381 -9.502559 0.978845 -30.24604 -6.953986 -3.778343 0 0 0
-0.050312 0.031289 -0.795728 -3.891221 9.448384 -7.857951 2.801061 -4.866065 2.991002 1.595253 -12.289532 -5.349182 0 0 0 -7.451702 23.170633 -2.97347 -9.676078 17.590423 7.732896 0 0 0 0 0 0 -8.805303 2.600311 -13.245125 -61.924673 43.295779 -56.150623 -105.316098 37.812912 32.120854 -0.861901 4.656419 -1.530067 -3.636292 -2.244307 -19.133199 -7.100467 3.62086 1.822583 0 0 0 37.981329 3.85712 -18.21386 -3.981505 -0.312001 -2.714025 0 0 0 2.929467 -1.231741 -10.13273 -1.246458 0.377728 3.981735 0 0 0 18.723955 0.463054 -17.775594 -4.013708 0.99524 -3.126586 0 0 0 18.269087 2.108643 -5.565532 3.717059 8.635663 -20.580557 0 0 0 8.805303 2.600311 13.245125 56.090954 11.128498 23.99647 132.633708 49.208707 -25.857451 0.202514 0.973361 0.333876 3.635273 -2.24402 19.132416 7.100747 3.620751 -1.822804 0 0 0 -37.983061 3.857696 18.213087 3.981514 -0.312002 2.714676 0 0 0 -2.929954 -1.23167 10.131993 1.246384 0.377706 -3.981553 0 0 0 -18.724815 0.463336 17.774795 4.013885 0.995202 3.126699 0 0 0 -18.287739 2.122715 5.592006 -3.712166 8.636711 20.577783 0 0 0 -59.614901 -10.30954 2.183757 2.209243 8.846176 0.096415 69.561673 -56.271231 -7.267915 0 0 0 31.34656 -8.542965 -4.161551 0.291824 -9.491456 0.97891 -30.278484 -6.846256 -3.784097 0 0 0
-0.043241 0.031974 -0.817126 -3.798989 9.566247 -7.816205 2.41594 -4.472952 3.516295 1.409746 -12.079632 -4.879797 0 0 0 -7.231459 23.351258 -2.755243 -10.028804 16.721584 5.797268 0 0 0 0 0 0 -8.805303 2.600311 -13.245125 -62.211879 43.18193 -56.387341 -105.287258 37.798371 32.123457 -0.895022 4.821189 -1.585913 -3.636292 -2.244307 -19.133199 -7.100467 3.62086 1.822583 0 0 0 37.981329 3.85712 -18.21386 -3.981505 -0.312001 -2.714025 0 0 0 2.929467 -1.231741 -10.13273 -1.246458 0.377728 3.981735 0 0 0 18.723955 0.463054 -17.775594 -4.013708 0.99524 -3.126586 0 0 0 18.269087 2.108643 -5.565532 3.717059 8.635663 -20.580557 0 0 0 8.805303 2.600311 13.245125 56.511209 12.787287 24.330545 133.284898 49.420446 -25.630696 -0.183285 -1.188277 -0.369004 3.635273 -2.24402 19.132416 7.100747 3.620751 -1.822804 0 0 0 -37.983061 3.857696 18.213087 3.981514 -0.312002 2.714676 0 0 0 -2.929954 -1.23167 10.131993 1.246384 0.377706 -3.981553 0 0 0 -18.724815 0.463336 17.774795 4.013885 0.995202 3.126699 0 0 0 -18.287739 2.122715 5.592006 -3.712166 8.636711 20.577783 0 0 0 -60.026597 -10.524721 2.357788 2.256969 8.976553 0.125283 69.77127 -56.870656 -7.469292 0 0 0 31.470833 -8.691968 -4.351318 0.287419 -9.473404 0.978933 -30.466917 -6.859321 -3.808831 0 0 0
-0.041345 0.032813 -0.834637 -3.722328 9.649074 -7.748479 2.175384 -3.954732 4.223826 1.270821 -11.920161 -4.391768 0 0 0 -7.084475 23.498419 -2.417708 -10.889317 16.41456 2.896848 0 0 0 0 0 0 -8.805303 2.600311 -13.245125 -62.495029 43.003614 -56.601239 -105.255513 37.782382 32.126351 -0.923957 4.96468 -1.634609 -3.636292 -2.244307 -19.133199 -7.100467 3.62086 1.822583 0 0 0 37.981329 3.85712 -18.21386 -3.981505 -0.312001 -2.714025 0 0 0 2.929467 -1.231741 -10.13273 -1.246458 0.377728 3.981735 0 0 0 18.723955 0.463054 -17.775594 -4.013708 0.99524 -3.126586 0 0 0 18.269087 2.108643 -5.565532 3.717059 8.635663 -20.580557 0 0 0 8.805303 2.600311 13.245125 56.279679 13.709461 24.695987 133.347492 49.441685 -25.609889 -0.460602 -2.893607 -0.907739 3.635273 -2.24402 19.132416 7.100747 3.620751 -1.822804 0 0 0 -37.983061 3.857696 18.213087 3.981514 -0.312002 2.714676 0 0 0 -2.929954 -1.23167 10.131993 1.246384 0.377706 -3.981553 0 0 0 -18.724815 0.463336 17.774795 4.013885 0.995202 3.126699 0 0 0 -18.287739 2.122715 5.592006 -3.712166 8.636711 20.577783 0 0 0 -60.0687 -10.698453 2.585869 2.222085 8.939184 0.108776 69.657888 -56.519377 -7.35806 0 0 0 31.554542 -8.845166 -4.554538 0.278346 -9.431903 0.978498 -30.586302 -6.843238 -3.831764 0 0 0
-0.023371 0.027247 -0.872861 -3.772526 9.741071 -7.59696 2.242334 -3.342809 5.052159 1.256765 -11.629817 -4.109159 0 0 0 -6.966276 23.737803 -1.790857 -12.213299 16.343875 -0.687709 0 0 0 0 0 0 -8.805303 2.600311 -13.245125 -62.855241 43.109351 -56.408275 -105.266058 37.787722 32.125427 -0.942734 5.057804 -1.666212 -3.636292 -2.244307 -19.133199 -7.100467 3.62086 1.822583 0 0 0 37.981329 3.85712 -18.21386 -3.981505 -0.312001 -2.714025 0 0 0 2.929467 -1.231741 -10.13273 -1.246458 0.377728 3.981735 0 0 0 18.723955 0.463054 -17.775594 -4.013708 0.99524 -3.126586 0 0 0 18.269087 2.108643 -5.565532 3.717059 8.635663 -20.580557 0 0 0 8.805303 2.600311 13.245125 55.696662 13.557378 24.412255 133.148583 49.378529 -25.680862 -0.706697 -4.529626 -1.414218 3.635273 -2.24402 19.132416 7.100747 3.620751 -1.822804 0 0 0 -37.983061 3.857696 18.213087 3.981514 -0.312002 2.714676 0 0 0 -2.929954 -1.23167 10.131993 1.246384 0.377706 -3.981553 0 0 0 -18.724815 0.463336 17.774795 4.013885 0.995202 3.126699 0 0 0 -18.287739 2.122715 5.592006 -3.712166 8.636711 20.577783 0 0 0 -59.63661 -10.928869 2.881756 2.103167 8.731685 0.045791 69.211655 -55.197808 -6.941576 0 0 0 31.783429 -8.992154 -4.875022 0.262832 -9.39291 0.97714 -30.72381 -6.797013 -3.852846 0 0 0
-0.00719 0.022973 -0.924204 -3.856061 9.899246 -7.386451 2.443451 -2.779253 5.884408 1.307469 -11.184409 -3.999816 0 0 0 -6.816512 24.06654 -1.045636 -13.479971 16.25412 -4.035414 0 0 0 0 0 0 -8.805303 2.600311 -13.245125 -63.222288 43.35338 -55.815307 -105.270148 37.789793 32.125056 -0.951846 5.103445 -1.681638 -3.636292 -2.244307 -19.133199 -7.100467 3.62086 1.822583 0 0 0 37.981329 3.85712 -18.21386 -3.981505 -0.312001 -2.714025 0 0 0 2.929467 -1.231741 -10.13273 -1.246458 0.377728 3.981735 0 0 0 18.723955 0.463054 -17.775594 -4.013708 0.99524 -3.126586 0 0 0 18.269087 2.108643 -5.565532 3.717059 8.635663 -20.580557 0 0 0 8.805303 2.600311 13.245125 55.251845 13.466695 23.755333 133.248053 49.409321 -25.644624 -0.936914 -6.140549 -1.907288 3.635273 -2.24402 19.132416 7.100747 3.620751 -1.822804 0 0 0 -37.983061 3.857696 18.213087 3.981514 -0.312002 2.714676 0 0 0 -2.929954 -1.23167 10.131993 1.246384 0.377706 -3.981553 0 0 0 -18.724815 0.463336 17.774795 4.013885 0.995202 3.126699 0 0 0 -18.287739 2.122715 5.592006 -3.712166 8.636711 20.577783 0 0 0 -59.095737 -11.242147 3.23513 1.961649 8.466059 -0.029754 68.716197 -53.549718 -6.450427 0 0 0 32.286608 -9.115184 -5.295027 0.244732 -9.388017 0.975124 -31.091983 -6.842856 -3.886087 0 0 0
0.01312 0.020403 -0.956643 -3.832934 10.095188 -7.200513 2.533928 -2.328452 6.640089 1.318585 -10.765097 -3.851889 0 0 0 -6.647604 24.405056 -0.526185 -14.209107 16.035656 -6.335733 0 0 0 0 0 0 -8.805303 2.600311 -13.245125 -63.507464 43.370365 -55.220767 -105.235556 37.772331 32.128145 -0.950274 5.096491 -1.679162 -3.636292 -2.244307 -19.133199 -7.100467 3.62086 1.822583 0 0 0 37.981329 3.85712 -18.21386 -3.981505 -0.312001 -2.714025 0 0 0 2.929467 -1.231741 -10.13273 -1.246458 0.377728 3.981735 0 0 0 18.723955 0.463054 -17.775594 -4.013708 0.99524 -3.126586 0 0 0 18.269087 2.108643 -5.565532 3.717059 8.635663 -20.580557 0 0 0 8.805303 2.600311 13.245125 55.008921 14.420842 23.440087 133.810545 49.585729 -25.441817 -1.12305 -7.495834 -2.318935 3.635273 -2.24402 19.132416 7.100747 3.620751 -1.822804 0 0 0 -37.983061 3.857696 18.213087 3.981514 -0.312002 2.714676 0 0 0 -2.929954 -1.23167 10.131993 1.246384 0.377706 -3.981553 0 0 0 -18.724815 0.463336 17.774795 4.013885 0.995202 3.126699 0 0 0 -18.287739 2.122715 5.592006 -3.712166 8.636711 20.577783 0 0 0 -58.716516 -11.532185 3.604694 1.833563 8.212667 -0.097055 68.319796 -51.967735 -6.01494 0 0 0 32.892824 -9.213531 -5.677643 0.228924 -9.404136 0.973232 -31.64332 -7.028324 -3.933039 0 0 0
0.02048 0.016826 -0.98185 -3.731531 10.264008 -7.084576 2.468355 -1.951175 7.266424 1.267997 -10.518306 -3.600904 0 0 0 -6.490344 24.712805 -0.290147 -14.385427 15.643239 -7.493359 0 0 0 0 0 0 -8.805303 2.600311 -13.245125 -63.638494 43.174619 -54.880108 -105.223643 37.766292 32.129179 -0.936502 5.028812 -1.656108 -3.636292 -2.244307 -19.133199 -7.100467 3.62086 1.822583 0 0 0 37.981329 3.85712 -18.21386 -3.981505 -0.312001 -2.714025 0 0 0 2.929467 -1.231741 -10.13273 -1.246458 0.377728 3.981735 0 0 0 18.723955 0.463054 -17.775594 -4.013708 0.99524 -3.126586 0 0 0 18.269087 2.108643 -5.565532 3.717059 8.635663 -20.580557 0 0 0 8.805303 2.600311 13.245125 54.701846 15.764998 23.552559 134.435023 49.781419 -25.216469 -1.247735 -8.439848 -2.603727 3.635273 -2.24402 19.132416 7.100747 3.620751 -1.822804 0 0 0 -37.983061 3.857696 18.213087 3.981514 -0.312002 2.714676 0 0 0 -2.929954 -1.23167 10.131993 1.246384 0.377706 -3.981553 0 0 0 -18.724815 0.463336 17.774795 4.013885 0.995202 3.126699 0 0 0 -18.287739 2.122715 5.592006 -3.712166 8.636711 20.577783 0 0 0 -58.479452 -11.72979 3.927986 1.729393 8.004539 -0.150489 67.999079 -50.652038 -5.669888 0 0 0 33.347052 -9.309031 -5.949311 0.217983 -9.404696 0.972134 -32.106608 -7.245463 -3.977941 0 0 0
0.025278 0.017769 -0.991742 -3.756589 10.398301 -7.003527 2.343656 -1.622251 7.695587 1.201453 -10.392507 -3.373055 0 0 0 -6.341034 24.961287 -0.142669 -14.289477 15.14294 -7.942083 0 0 0 0 0 0 -8.805303 2.600311 -13.245125 -63.490355 43.070468 -54.640334 -105.282547 37.795976 32.123832 -0.909237 4.893214 -1.610144 -3.636292 -2.244307 -19.133199 -7.100467 3.62086 1.822583 0 0 0 37.981329 3.85712 -18.21386 -3.981505 -0.312001 -2.714025 0 0 0 2.929467 -1.231741 -10.13273 -1.246458 0.377728 3.981735 0 0 0 18.723955 0.463054 -17.775594 -4.013708 0.99524 -3.126586 0 0 0 18.269087 2.108643 -5.565532 3.717059 8.635663 -20.580557 0 0 0 8.805303 2.600311 13.245125 54.398473 16.224652 23.521602 134.649213 49.848959 -25.139636 -1.316365 -8.977826 -2.765135 3.635273 -2.24402 19.132416 7.100747 3.620751 -1.822804 0 0 0 -37.983061 3.857696 18.213087 3.981514 -0.312002 2.714676 0 0 0 -2.929954 -1.23167 10.131993 1.246384 0.377706 -3.981553 0 0 0 -18.724815 0.463336 17.774795 4.013885 0.995202 3.126699 0 0 0 -18.287739 2.122715 5.592006 -3.712166 8.636711 20.577783 0 0 0 -58.304433 -11.930793 4.128415 1.682539 7.922519 -0.173932 67.784147 -50.117019 -5.536532 0 0 0 33.615066 -9.415778 -6.196894 0.212512 -9.384745 0.971966 -32.29323 -7.320798 -4.001888 0 0 0
0.035036 0.018815 -1.009098 -4.035471 10.544903 -6.91059 2.242809 -1.364009 7.901034 1.157788 -10.268231 -3.272562 0 0 0 -6.189777 25.117223 0.037079 -14.12593 14.618255 -8.083533 0 0 0 0 0 0 -8.805303 2.600311 -13.245125 -63.04195 43.10584 -54.27921 -105.357694 37.833873 32.117058 -0.868238 4.688033 -1.540769 -3.636292 -2.244307 -19.133199 -7.100467 3.62086 1.822583 0 0 0 37.981329 3.85712 -18.21386 -3.981505 -0.312001 -2.714025 0 0 0 2.929467 -1.231741 -10.13273 -1.246458 0.377728 3.981735 0 0 0 18.723955 0.463054 -17.775594 -4.013708 0.99524 -3.126586 0 0 0 18.269087 2.108643 -5.565532 3.717059 8.635663 -20.580557 0 0 0 8.805303 2.600311 13.245125 54.516092 15.915805 23.220161 134.474425 49.795366 -25.203996 -1.328525 -9.077541 -2.794862 3.635273 -2.24402 19.132416 7.100747 3.620751 -1.822804 0 0 0 -37.983061 3.857696 18.213087 3.981514 -0.312002 2.714676 0 0 0 -2.929954 -1.23167 10.131993 1.246384 0.377706 -3.981553 0 0 0 -18.724815 0.463336 17.774795 4.013885 0.995202 3.126699 0 0 0 -18.287739 2.122715 5.592006 -3.712166 8.636711 20.577783 0 0 0 -58.135996 -12.237371 4.192794 1.709126 7.99258 -0.160637 67.697336 -50.577056 -5.675952 0 0 0 33.844507 -9.531793 -6.520357 0.210955 -9.373253 0.972268 -32.262935 -7.1957 -4.000327 0 0 0
0.052745 0.018996 -1.025627 -4.409713 10.724656 -6.853222 2.191341 -1.180811 8.006803 1.147295 -10.156665 -3.292856 0 0 0 -6.049432 25.190527 0.213176 -13.917411 14.002058 -8.028626 0 0 0 0 0 0 -8.805303 2.600311 -13.245125 -62.592738 43.016369 -53.890628 -105.385572 37.847942 32.114597 -0.822259 4.456996 -1.462777 -3.636292 -2.244307 -19.133199 -7.100467 3.62086 1.822583 0 0 0 37.981329 3.85712 -18.21386 -3.981505 -0.312001 -2.714025 0 0 0 2.929467 -1.231741 -10.13273 -1.246458 0.377728 3.981735 0 0 0 18.723955 0.463054 -17.775594 -4.013708 0.99524 -3.126586 0 0 0 18.269087 2.108643 -5.565532 3.717059 8.635663 -20.580557 0 0 0 8.805303 2.600311 13.245125 55.021098 16.106576 23.616587 134.199625 49.708466 -25.30232 -1.280592 -8.702294 -2.682275 3.635273 -2.24402 19.132416 7.100747 3.620751 -1.822804 0 0 0 -37.983061 3.857696 18.213087 3.981514 -0.312002 2.714676 0 0 0 -2.929954 -1.23167 10.131993 1.246384 0.377706 -3.981553 0 0 0 -18.724815 0.463336 17.774795 4.013885 0.995202 3.126699 0 0 0 -18.287739 2.122715 5.592006 -3.712166 8.636711 20.577783 0 0 0 -57.951895 -12.526006 4.240418 1.75491 8.076813 -0.139439 67.664917 -51.258879 -5.883661 0 0 0 34.13334 -9.662453 -6.820944 0.209764 -9.392426 0.972378 -32.251808 -7.028181 -3.990544 0 0 0
0.053231 0.015277 -1.030392 -4.584242 10.873559 -6.967425 2.158467 -1.013833 8.251937 1.155312 -10.147495 -3.369114 0 0 0 -5.948364 25.197803 0.2881 -13.621164 13.158617 -7.747715 0 0 0 0 0 0 -8.805303 2.600311 -13.245125 -62.517407 42.622606 -53.717577 -105.389453 37.849894 32.11429 -0.780158 4.243619 -1.390991 -3.636292 -2.244307 -19.133199 -7.100467 3.62086 1.822583 0 0 0 37.981329 3.85712 -18.21386 -3.981505 -0.312001 -2.714025 0 0 0 2.929467 -1.231741 -10.13273 -1.246458 0.377728 3.981735 0 0 0 18.723955 0.463054 -17.775594 -4.013708 0.99524 -3.126586 0 0 0 18.269087 2.108643 -5.565532 3.717059 8.635663 -20.580557 0 0 0 8.805303 2.600311 13.245125 55.104334 17.011001 25.706337 133.572346 49.499211 -25.514841 -1.234812 -8.545397 -2.634607 3.635273 -2.24402 19.132416 7.100747 3.620751 -1.822804 0 0 0 -37.983061 3.857696 18.213087 3.981514 -0.312002 2.714676 0 0 0 -2.929954 -1.23167 10.131993 1.246384 0.377706 -3.981553 0 0 0 -18.724815 0.463336 17.774795 4.013885 0.995202 3.126699 0 0 0 -18.287739 2.122715 5.592006 -3.712166 8.636711 20.577783 0 0 0 -57.84053 -12.50569 4.410027 1.747601 8.014605 -0.146169 67.658017 -51.165373 -5.87331 0 0 0 34.393117 -9.815365 -6.82745 0.205386 -9.438665 0.971876 -32.419513 -7.020797 -3.992037 0 0 0
0.044512 0.006573 -1.02697 -4.527111 10.900631 -7.289259 2.134928 -0.795762 8.71909 1.169683 -10.219394 -3.459237 0 0 0 -5.888467 25.204034 0.235777 -13.234137 11.953352 -7.320584 0 0 0 0 0 0 -8.805303 2.600311 -13.245125 -62.813117 42.073996 -53.699635 -105.429436 37.869996 32.110584 -0.709806 3.864787 -1.266261 -3.636292 -2.244307 -19.133199 -7.100467 3.62086 1.822583 0 0 0 37.981329 3.85712 -18.21386 -3.981505 -0.312001 -2.714025 0 0 0 2.929467 -1.231741 -10.13273 -1.246458 0.377728 3.981735 0 0 0 18.723955 0.463054 -17.775594 -4.013708 0.99524 -3.126586 0 0 0 18.269087 2.108643 -5.565532 3.717059 8.635663 -20.580557 0 0 0 8.805303 2.600311 13.245125 54.089185 16.910881 28.789713 131.862032 48.919352 -26.083701 -1.333524 -10.972571 -3.379808 3.635273 -2.24402 19.132416 7.100747 3.620751 -1.822804 0 0 0 -37.983061 3.857696 18.213087 3.981514 -0.312002 2.714676 0 0 0 -2.929954 -1.23167 10.131993 1.246384 0.377706 -3.981553 0 0 0 -18.724815 0.463336 17.774795 4.013885 0.995202 3.126699 0 0 0 -18.287739 2.122715 5.592006 -3.712166 8.636711 20.577783 0 0 0 -57.877309 -12.105706 4.652314 1.692353 7.840659 -0.175948 67.735864 -50.399349 -5.655944 0 0 0 34.461009 -9.97054 -6.455677 0.198184 -9.488986 0.971006 -32.622472 -7.134661 -3.998406 0 0 0
0.027082 -0.003254 -1.012261 -4.640889 10.825011 -7.576055 2.268473 -0.538655 9.080118 1.229725 -10.243954 -3.594278 0 0 0 -5.79917 25.478833 0.234034 -12.794442 10.063767 -6.982947 0 0 0 0 0 0 -8.805303 2.600311 -13.245125 -63.099356 41.717107 -53.422525 -105.560381 37.935679 32.098031 -0.515724 2.761659 -0.909525 -3.636292 -2.244307 -19.133199 -7.100467 3.62086 1.822583 0 0 0 37.981329 3.85712 -18.21386 -3.981505 -0.312001 -2.714025 0 0 0 2.929467 -1.231741 -10.13273 -1.246458 0.377728 3.981735 0 0 0 18.723955 0.463054 -17.775594 -4.013708 0.99524 -3.126586 0 0 0 18.269087 2.108643 -5.565532 3.717059 8.635663 -20.580557 0 0 0 8.805303 2.600311 13.245125 52.46513 13.935585 30.529647 128.93766 47.906518 -27.031348 -1.580716 -18.767264 -5.844875 3.635273 -2.24402 19.132416 7.100747 3.620751 -1.822804 0 0 0 -37.983061 3.857696 18.213087 3.981514 -0.312002 2.714676 0 0 0 -2.929954 -1.23167 10.131993 1.246384 0.377706 -3.981553 0 0 0 -18.724815 0.463336 17.774795 4.013885 0.995202 3.126699 0 0 0 -18.287739 2.122715 5.592006 -3.712166 8.636711 20.577783 0 0 0 -57.881065 -11.759468 4.729956 1.676001 7.779619 -0.18378 67.908069 -50.189904 -5.592353 0 0 0 34.377089 -10.085233 -6.121533 0.194607 -9.506191 0.97086 -32.504008 -7.092856 -3.982778 0 0 0
0.031974 0.003848 -1.008581 -5.351441 10.779388 -7.507018 2.760415 -0.282372 8.899326 1.39602 -10.14415 -3.817563 0 0 0 -5.579473 26.412862 0.535884 -12.295563 6.905584 -6.908786 0 0 0 0 0 0 -8.805303 2.600311 -13.245125 -63.005872 41.719305 -52.540688 -105.859339 38.085122 32.068316 -0.138317 0.557729 -0.202881 -3.636292 -2.244307 -19.133199 -7.100467 3.62086 1.822583 0 0 0 37.981329 3.85712 -18.21386 -3.981505 -0.312001 -2.714025 0 0 0 2.929467 -1.231741 -10.13273 -1.246458 0.377728 3.981735 0 0 0 18.723955 0.463054 -17.775594 -4.013708 0.99524 -3.126586 0 0 0 18.269087 2.108643 -5.565532 3.717059 8.635663 -20.580557 0 0 0 8.805303 2.600311 13.245125 51.465812 8.291606 28.968684 125.548211 46.68782 -28.076643 -1.677518 -31.264611 -9.964195 3.635273 -2.24402 19.132416 7.100747 3.620751 -1.822804 0 0 0 -37.983061 3.857696 18.213087 3.981514 -0.312002 2.714676 0 0 0 -2.929954 -1.23167 10.131993 1.246384 0.377706 -3.981553 0 0 0 -18.724815 0.463336 17.774795 4.013885 0.995202 3.126699 0 0 0 -18.287739 2.122715 5.592006 -3.712166 8.636711 20.577783 0 0 0 -57.518646 -12.015774 4.493326 1.758931 7.984965 -0.139939 68.069265 -51.385829 -5.965613 0 0 0 34.405075 -10.140249 -6.38379 0.20024 -9.467789 0.972299 -31.891907 -6.706964 -3.931394 0 0 0
0.073146 0.014786 -1.029126 -6.506717 10.849582 -7.110351 3.520915 0.02599 8.304035 1.643054 -9.967217 -4.096767 0 0 0 -5.185319 28.196081 1.153408 -11.616024 2.047673 -7.101967 0 0 0 0 0 0 -8.805303 2.600311 -13.245125 -62.463261 41.898368 -51.167019 -106.352537 38.330982 32.017929 0.296643 -2.018876 0.619574 -3.636292 -2.244307 -19.133199 -7.100467 3.62086 1.822583 0 0 0 37.981329 3.85712 -18.21386 -3.981505 -0.312001 -2.714025 0 0 0 2.929467 -1.231741 -10.13273 -1.246458 0.377728 3.981735 0 0 0 18.723955 0.463054 -17.775594 -4.013708 0.99524 -3.126586 0 0 0 18.269087 2.108643 -5.565532 3.717059 8.635663 -20.580557 0 0 0 8.805303 2.600311 13.245125 51.651645 2.243238 23.978084 122.544316 45.55659 -28.941555 -1.377589 -43.513841 -14.231485 3.635273 -2.24402 19.132416 7.100747 3.620751 -1.822804 0 0 0 -37.983061 3.857696 18.213087 3.981514 -0.312002 2.714676 0 0 0 -2.929954 -1.23167 10.131993 1.246384 0.377706 -3.981553 0 0 0 -18.724815 0.463336 17.774795 4.013885 0.995202 3.126699 0 0 0 -18.287739 2.122715 5.592006 -3.712166 8.636711 20.577783 0 0 0 -56.730141 -12.820958 4.107118 1.886772 8.318368 -0.073991 68.067401 -53.257648 -6.575148 0 0 0 34.696045 -10.168656 -7.212232 0.209972 -9.40552 0.974417 -31.083057 -6.131859 -3.864126 0 0 0
0.097167 0.018143 -1.046921 -7.417077 11.009775 -6.723048 4.13475 0.469327 7.908804 1.847338 -9.814274 -4.34238 0 0 0 -4.637895 30.599512 1.849923 -10.622263 -4.084289 -7.646431 0 0 0 0 0 0 -8.805303 2.600311 -13.245125 -61.732015 42.028385 -49.792652 -106.884877 38.595844 31.962524 0.562516 -3.58935 1.12115 -3.636292 -2.244307 -19.133199 -7.100467 3.62086 1.822583 0 0 0 37.981329 3.85712 -18.21386 -3.981505 -0.312001 -2.714025 0 0 0 2.929467 -1.231741 -10.13273 -1.246458 0.377728 3.981735 0 0 0 18.723955 0.463054 -17.775594 -4.013708 0.99524 -3.126586 0 0 0 18.269087 2.108643 -5.565532 3.717059 8.635663 -20.580557 0 0 0 8.805303 2.600311 13.245125 52.342267 -2.15939 16.821146 120.481824 44.750931 -29.500095 -0.870003 -51.189768 -17.10883 3.635273 -2.24402 19.132416 7.100747 3.620751 -1.822804 0 0 0 -37.983061 3.857696 18.213087 3.981514 -0.312002 2.714676 0 0 0 -2.929954 -1.23167 10.131993 1.246384 0.377706 -3.981553 0 0 0 -18.724815 0.463336 17.774795 4.013885 0.995202 3.126699 0 0 0 -18.287739 2.122715 5.592006 -3.712166 8.636711 20.577783 0 0 0 -55.919837 -13.586433 3.90939 1.947128 8.494181 -0.044054 67.861639 -54.255969 -6.925988 0 0 0 35.14359 -10.206677 -8.02617 0.212165 -9.375422 0.975301 -30.651984 -5.758872 -3.824721 0 0 0
0.105572 0.020468 -1.062779 -7.541833 11.200618 -6.565822 4.282932 1.034624 8.06546 1.910161 -9.721362 -4.489485 0 0 0 -3.970189 33.040672 2.44841 -9.348611 -10.049911 -8.896044 0 0 0 0 0 0 -8.805303 2.600311 -13.245125 -61.144375 42.116151 -48.817812 -107.225545 38.765148 31.926697 0.605252 -3.804999 1.19332 -3.636292 -2.244307 -19.133199 -7.100467 3.62086 1.822583 0 0 0 37.981329 3.85712 -18.21386 -3.981505 -0.312001 -2.714025 0 0 0 2.929467 -1.231741 -10.13273 -1.246458 0.377728 3.981735 0 0 0 18.723955 0.463054 -17.775594 -4.013708 0.99524 -3.126586 0 0 0 18.269087 2.108643 -5.565532 3.717059 8.635663 -20.580557 0 0 0 8.805303 2.600311 13.245125 52.412518 -4.691322 8.995079 119.643013 44.418256 -29.721163 -0.500207 -54.268455 -18.379739 3.635273 -2.24402 19.132416 7.100747 3.620751 -1.822804 0 0 0 -37.983061 3.857696 18.213087 3.981514 -0.312002 2.714676 0 0 0 -2.929954 -1.23167 10.131993 1.246384 0.377706 -3.981553 0 0 0 -18.724815 0.463336 17.774795 4.013885 0.995202 3.126699 0 0 0 -18.287739 2.122715 5.592006 -3.712166 8.636711 20.577783 0 0 0 -55.595843 -13.901847 4.077135 1.891997 8.396336 -0.072877 67.591021 -53.661947 -6.764684 0 0 0 35.588968 -10.242908 -8.397372 0.202203 -9.391662 0.974248 -30.948242 -5.86589 -3.847087 0 0 0
0.113616 0.019951 -1.070165 -6.956084 11.363419 -6.658789 4.018901 1.673377 8.665034 1.841831 -9.585648 -4.560939 0 0 0 -3.206087 34.899804 2.958473 -7.987212 -14.257248 -11.141565 0 0 0 0 0 0 -8.805303 2.600311 -13.245125 -60.701057 42.254249 -48.19824 -107.332705 38.818419 31.915467 0.5695 -3.555544 1.117091 -3.636292 -2.244307 -19.133199 -7.100467 3.62086 1.822583 0 0 0 37.981329 3.85712 -18.21386 -3.981505 -0.312001 -2.714025 0 0 0 2.929467 -1.231741 -10.13273 -1.246458 0.377728 3.981735 0 0 0 18.723955 0.463054 -17.775594 -4.013708 0.99524 -3.126586 0 0 0 18.269087 2.108643 -5.565532 3.717059 8.635663 -20.580557 0 0 0 8.805303 2.600311 13.245125 51.349963 -6.061156 1.551389 120.000996 44.564125 -29.632002 -0.371091 -54.982737 -18.708142 3.635273 -2.24402 19.132416 7.100747 3.620751 -1.822804 0 0 0 -37.983061 3.857696 18.213087 3.981514 -0.312002 2.714676 0 0 0 -2.929954 -1.23167 10.131993 1.246384 0.377706 -3.981553 0 0 0 -18.724815 0.463336 17.774795 4.013885 0.995202 3.126699 0 0 0 -18.287739 2.122715 5.592006 -3.712166 8.636711 20.577783 0 0 0 -55.846201 -13.741897 4.531204 1.762273 8.118811 -0.138248 67.397919 -51.980725 -6.248704 0 0 0 35.9322 -10.279146 -8.273784 0.184765 -9.429144 0.971994 -31.799623 -6.374287 -3.922262 0 0 0
0.107091 0.020752 -1.074466 -6.174463 11.455337 -6.95988 3.610032 2.384198 9.398927 1.722467 -9.250525 -4.65388 0 0 0 -2.401375 35.839695 3.399371 -6.745618 -15.959293 -14.111808 0 0 0 0 0 0 -8.805303 2.600311 -13.245125 -60.090976 42.45633 -47.612416 -107.356938 38.830441 31.912873 0.554741 -3.452827 1.085655 -3.636292 -2.244307 -19.133199 -7.100467 3.62086 1.822583 0 0 0 37.981329 3.85712 -18.21386 -3.981505 -0.312001 -2.714025 0 0 0 2.929467 -1.231741 -10.13273 -1.246458 0.377728 3.981735 0 0 0 18.723955 0.463054 -17.775594 -4.013708 0.99524 -3.126586 0 0 0 18.269087 2.108643 -5.565532 3.717059 8.635663 -20.580557 0 0 0 8.805303 2.600311 13.245125 49.417864 -6.515052 -4.803205 121.364176 45.107409 -29.276325 -0.429719 -54.745774 -18.585296 3.635273 -2.24402 19.132416 7.100747 3.620751 -1.822804 0 0 0 -37.983061 3.857696 18.213087 3.981514 -0.312002 2.714676 0 0 0 -2.929954 -1.23167 10.131993 1.246384 0.377706 -3.981553 0 0 0 -18.724815 0.463336 17.774795 4.013885 0.995202 3.126699 0 0 0 -18.287739 2.122715 5.592006 -3.712166 8.636711 20.577783 0 0 0 -56.333703 -13.255458 5.085427 1.630394 7.817784 -0.204616 67.303464 -50.231265 -5.706318 0 0 0 36.105559 -10.376895 -7.793219 0.165558 -9.466259 0.969404 -32.694646 -6.935431 -4.004113 0 0 0
0.065223 0.02717 -1.068874 -5.687761 11.504205 -7.346651 3.27652 3.160882 9.844627 1.627325 -8.725401 -4.856547 0 0 0 -1.645902 35.906813 3.704944 -5.743208 -15.468094 -17.086642 0 0 0 0 0 0 -8.805303 2.600311 -13.245125 -59.179969 42.709781 -46.911718 -107.40823 38.855719 31.907056 0.532879 -3.30408 1.039908 -3.636292 -2.244307 -19.133199 -7.100467 3.62086 1.822583 0 0 0 37.981329 3.85712 -18.21386 -3.981505 -0.312001 -2.714025 0 0 0 2.929467 -1.231741 -10.13273 -1.246458 0.377728 3.981735 0 0 0 18.723955 0.463054 -17.775594 -4.013708 0.99524 -3.126586 0 0 0 18.269087 2.108643 -5.565532 3.717059 8.635663 -20.580557 0 0 0 8.805303 2.600311 13.245125 47.065674 -5.906426 -9.286634 123.54898 45.95398 -28.675837 -0.652281 -53.80034 -18.105699 3.635273 -2.24402 19.132416 7.100747 3.620751 -1.822804 0 0 0 -37.983061 3.857696 18.213087 3.981514 -0.312002 2.714676 0 0 0 -2.929954 -1.23167 10.131993 1.246384 0.377706 -3.981553 0 0 0 -18.724815 0.463336 17.774795 4.013885 0.995202 3.126699 0 0 0 -18.287739 2.122715 5.592006 -3.712166 8.636711 20.577783 0 0 0 -56.782099 -12.717991 5.575669 1.565803 7.659749 -0.237671 67.332515 -49.432571 -5.433191 0 0 0 36.129727 -10.583073 -7.236056 0.148199 -9.494231 0.967094 -33.219095 -7.23921 -4.052061 0 0 0
0.059781 0.024833 -1.07648 -5.664429 11.587721 -7.668703 3.085405 3.954821 9.64859 1.590563 -8.217964 -5.199235 0 0 0 -0.974543 35.414368 3.844024 -4.92643 -13.783382 -19.524 0 0 0 0 0 0 -8.805303 2.600311 -13.245125 -58.215023 42.988263 -46.213084 -107.462776 38.882582 31.900849 0.477484 -2.9401 0.927042 -3.636292 -2.244307 -19.133199 -7.100467 3.62086 1.822583 0 0 0 37.981329 3.85712 -18.21386 -3.981505 -0.312001 -2.714025 0 0 0 2.929467 -1.231741 -10.13273 -1.246458 0.377728 3.981735 0 0 0 18.723955 0.463054 -17.775594 -4.013708 0.99524 -3.126586 0 0 0 18.269087 2.108643 -5.565532 3.717059 8.635663 -20.580557 0 0 0 8.805303 2.600311 13.245125 44.642705 -4.203261 -11.21141 126.457807 47.027789 -27.811996 -1.022573 -51.981847 -17.235345 3.635273 -2.24402 19.132416 7.100747 3.620751 -1.822804 0 0 0 -37.983061 3.857696 18.213087 3.981514 -0.312002 2.714676 0 0 0 -2.929954 -1.23167 10.131993 1.246384 0.377706 -3.981553 0 0 0 -18.724815 0.463336 17.774795 4.013885 0.995202 3.126699 0 0 0 -18.287739 2.122715 5.592006 -3.712166 8.636711 20.577783 0 0 0 -57.263361 -12.409522 5.920962 1.625489 7.788762 -0.206691 67.616769 -50.332927 -5.655622 0 0 0 36.12882 -10.880383 -6.886466 0.136203 -9.513807 0.965641 -33.313369 -7.224929 -4.059553 0 0 0
0.010774 0.031483 -1.078043 -5.980128 11.757666 -7.847549 2.981513 4.695331 8.713772 1.604283 -7.914243 -5.650111 0 0 0 -0.334027 34.69533 3.888204 -4.104989 -11.983685 -21.392472 0 0 0 0 0 0 -8.805303 2.600311 -13.245125 -57.551142 43.222283 -45.660371 -107.453124 38.87781 31.90193 0.404398 -2.471007 0.780739 -3.636292 -2.244307 -19.133199 -7.100467 3.62086 1.822583 0 0 0 37.981329 3.85712 -18.21386 -3.981505 -0.312001 -2.714025 0 0 0 2.929467 -1.231741 -10.13273 -1.246458 0.377728 3.981735 0 0 0 18.723955 0.463054 -17.775594 -4.013708 0.99524 -3.126586 0 0 0 18.269087 2.108643 -5.565532 3.717059 8.635663 -20.580557 0 0 0 8.805303 2.600311 13.245125 42.529199 -1.328283 -10.524764 130.040555 48.271144 -26.656008 -1.485033 -48.600269 -15.804025 3.635273 -2.24402 19.132416 7.100747 3.620751 -1.822804 0 0 0 -37.983061 3.857696 18.213087 3.981514 -0.312002 2.714676 0 0 0 -2.929954 -1.23167 10.131993 1.246384 0.377706 -3.981553 0 0 0 -18.724815 0.463336 17.774795 4.013885 0.995202 3.126699 0 0 0 -18.287739 2.122715 5.592006 -3.712166 8.636711 20.577783 0 0 0 -58.025207 -12.455668 6.114766 1.840999 8.26827 -0.091621 68.33441 -53.163265 -6.556323 0 0 0 36.215226 -11.209911 -6.867351 0.132738 -9.534064 0.965429 -33.164899 -7.020162 -4.043309 0 0 0
-0.012917 0.033872 -1.097542 -6.416112 12.021764 -7.893933 2.859518 5.268739 7.179504 1.635142 -7.848069 -6.141861 0 0 0 0.349967 33.878287 3.956409 -3.155433 -10.598165 -22.98977 0 0 0 0 0 0 -8.805303 2.600311 -13.245125 -57.369772 43.354282 -45.354024 -107.350836 38.82736 31.913438 0.314244 -1.90849 0.604011 -3.636292 -2.244307 -19.133199 -7.100467 3.62086 1.822583 0 0 0 37.981329 3.85712 -18.21386 -3.981505 -0.312001 -2.714025 0 0 0 2.929467 -1.231741 -10.13273 -1.246458 0.377728 3.981735 0 0 0 18.723955 0.463054 -17.775594 -4.013708 0.99524 -3.126586 0 0 0 18.269087 2.108643 -5.565532 3.717059 8.635663 -20.580557 0 0 0 8.805303 2.600311 13.245125 41.088811 3.03545 -7.741077 133.78773 49.503122 -25.370202 -1.844859 -41.856865 -13.318455 3.635273 -2.24402 19.132416 7.100747 3.620751 -1.822804 0 0 0 -37.983061 3.857696 18.213087 3.981514 -0.312002 2.714676 0 0 0 -2.929954 -1.23167 10.131993 1.246384 0.377706 -3.981553 0 0 0 -18.724815 0.463336 17.774795 4.013885 0.995202 3.126699 0 0 0 -18.287739 2.122715 5.592006 -3.712166 8.636711 20.577783 0 0 0 -59.187061 -12.804807 6.197724 2.200016 9.045052 0.104757 69.595435 -57.505568 -8.226834 0 0 0 36.380377 -11.535487 -7.130034 0.138952 -9.55464 0.966539 -32.950509 -6.76636 -4.021781 0 0 0
-0.016845 0.041246 -1.12098 -6.813979 12.329122 -7.956855 2.664515 5.537056 5.43996 1.662515 -7.954155 -6.660028 0 0 0 1.137836 32.801058 4.200177 -2.178583 -9.304741 -24.625617 0 0 0 0 0 0 -8.805303 2.600311 -13.245125 -57.649599 43.392783 -45.405364 -107.170755 38.738426 31.933445 0.199034 -1.204152 0.3815 -3.636292 -2.244307 -19.133199 -7.100467 3.62086 1.822583 0 0 0 37.981329 3.85712 -18.21386 -3.981505 -0.312001 -2.714025 0 0 0 2.929467 -1.231741 -10.13273 -1.246458 0.377728 3.981735 0 0 0 18.723955 0.463054 -17.775594 -4.013708 0.99524 -3.126586 0 0 0 18.269087 2.108643 -5.565532 3.717059 8.635663 -20.580557 0 0 0 8.805303 2.600311 13.245125 40.513706 8.883557 -3.554799 136.18628 50.257029 -24.509124 -1.634726 -29.846999 -9.263129 3.635273 -2.24402 19.132416 7.100747 3.620751 -1.822804 0 0 0 -37.983061 3.857696 18.213087 3.981514 -0.312002 2.714676 0 0 0 -2.929954 -1.23167 10.131993 1.246384 0.377706 -3.981553 0 0 0 -18.724815 0.463336 17.774795 4.013885 0.995202 3.126699 0 0 0 -18.287739 2.122715 5.592006 -3.712166 8.636711 20.577783 0 0 0 -60.599684 -13.181132 6.249205 2.639276 9.935625 0.349436 71.411922 -62.376241 -10.588361 0 0 0 36.462864 -11.9001 -7.411168 0.153106 -9.560943 0.968752 -32.679368 -6.514136 -4.000931 0 0 0
-0.075431 0.052984 -1.122233 -7.172759 12.534604 -8.168734 2.526226 5.505838 3.8911 1.721201 -8.154181 -7.252629 0 0 0 2.020923 31.105789 4.774212 -1.584409 -7.07425 -26.402874 0 0 0 0 0 0 -8.805303 2.600311 -13.245125 -58.337282 43.422006 -45.849407 -106.94069 38.624576 31.958565 0.083251 -0.504382 0.159725 -3.636292 -2.244307 -19.133199 -7.100467 3.62086 1.822583 0 0 0 37.981329 3.85712 -18.21386 -3.981505 -0.312001 -2.714025 0 0 0 2.929467 -1.231741 -10.13273 -1.246458 0.377728 3.981735 0 0 0 18.723955 0.463054 -17.775594 -4.013708 0.99524 -3.126586 0 0 0 18.269087 2.108643 -5.565532 3.717059 8.635663 -20.580557 0 0 0 8.805303 2.600311 13.245125 40.823682 14.952248 1.13803 135.264773 49.907264 -24.771181 -0.54657 -13.97258 -4.112838 3.635273 -2.24402 19.132416 7.100747 3.620751 -1.822804 0 0 0 -37.983061 3.857696 18.213087 3.981514 -0.312002 2.714676 0 0 0 -2.929954 -1.23167 10.131993 1.246384 0.377706 -3.981553 0 0 0 -18.724815 0.463336 17.774795 4.013885 0.995202 3.126699 0 0 0 -18.287739 2.122715 5.592006 -3.712166 8.636711 20.577783 0 0 0 -61.9147 -13.302601 6.239653 3.08223 10.746941 0.600622 73.770077 -66.810354 -13.498262 0 0 0 36.243153 -12.300568 -7.423102 0.172333 -9.540198 0.971782 -32.16931 -6.191383 -3.965759 0 0 0
-0.111122 0.059221 -1.101765 -7.623484 12.480586 -8.413162 2.717476 5.39778 2.556608 1.880425 -8.380045 -7.918783 0 0 0 2.794821 28.62941 5.639025 -2.024656 -2.762404 -28.085589 0 0 0 0 0 0 -8.805303 2.600311 -13.245125 -59.400016 43.567241 -46.454787 -106.700885 38.505662 31.984321 0.008834 -0.057085 0.017747 -3.636292 -2.244307 -19.133199 -7.100467 3.62086 1.822583 0 0 0 37.981329 3.85712 -18.21386 -3.981505 -0.312001 -2.714025 0 0 0 2.929467 -1.231741 -10.13273 -1.246458 0.377728 3.981735 0 0 0 18.723955 0.463054 -17.775594 -4.013708 0.99524 -3.126586 0 0 0 18.269087 2.108643 -5.565532 3.717059 8.635663 -20.580557 0 0 0 8.805303 2.600311 13.245125 41.969791 18.765495 5.198308 130.43241 48.205845 -26.293246 0.746764 -1.127469 -0.013459 3.635273 -2.24402 19.132416 7.100747 3.620751 -1.822804 0 0 0 -37.983061 3.857696 18.213087 3.981514 -0.312002 2.714676 0 0 0 -2.929954 -1.23167 10.131993 1.246384 0.377706 -3.981553 0 0 0 -18.724815 0.463336 17.774795 4.013885 0.995202 3.126699 0 0 0 -18.287739 2.122715 5.592006 -3.712166 8.636711 20.577783 0 0 0 -62.76826 -13.221536 5.989299 3.472718 11.408307 0.827772 76.473334 -70.353077 -16.690774 0 0 0 35.650891 -12.58698 -7.196542 0.194318 -9.486374 0.97545 -31.222029 -5.68844 -3.895125 0 0 0
-0.126044 0.067834 -1.08007 -8.190571 12.18868 -8.523814 3.339474 5.437135 1.348007 2.152079 -8.507188 -8.589571 0 0 0 3.198769 25.853019 6.505404 -3.81498 3.979901 -29.202208 0 0 0 0 0 0 -8.805303 2.600311 -13.245125 -60.605913 43.884343 -46.650624 -106.534399 38.422951 32.001951 -0.014164 0.081588 -0.026227 -3.636292 -2.244307 -19.133199 -7.100467 3.62086 1.822583 0 0 0 37.981329 3.85712 -18.21386 -3.981505 -0.312001 -2.714025 0 0 0 2.929467 -1.231741 -10.13273 -1.246458 0.377728 3.981735 0 0 0 18.723955 0.463054 -17.775594 -4.013708 0.99524 -3.126586 0 0 0 18.269087 2.108643 -5.565532 3.717059 8.635663 -20.580557 0 0 0 8.805303 2.600311 13.245125 43.878073 18.100959 7.665704 123.979524 45.87915 -28.26025 0.992006 0.433282 0.458941 3.635273 -2.24402 19.132416 7.100747 3.620751 -1.822804 0 0 0 -37.983061 3.857696 18.213087 3.981514 -0.312002 2.714676 0 0 0 -2.929954 -1.23167 10.131993 1.246384 0.377706 -3.981553 0 0 0 -18.724815 0.463336 17.774795 4.013885 0.995202 3.126699 0 0 0 -18.287739 2.122715 5.592006 -3.712166 8.636711 20.577783 0 0 0 -63.027754 -13.134154 5.509548 3.757648 11.892548 0.998402 78.875324 -72.790199 -19.457594 0 0 0 34.873037 -12.676909 -6.946011 0.213587 -9.412076 0.978953 -29.973278 -5.043677 -3.796125 0 0 0
-0.143876 0.072561 -1.067053 -8.612618 11.898263 -8.537835 4.072191 5.700285 0.405767 2.424526 -8.372494 -9.156518 0 0 0 3.330982 23.664619 7.131098 -6.248543 12.167968 -29.500534 0 0 0 0 0 0 -8.805303 2.600311 -13.245125 -61.403487 44.208291 -45.848011 -106.558543 38.434755 31.999094 -0.014618 0.084969 -0.027239 -3.636292 -2.244307 -19.133199 -7.100467 3.62086 1.822583 0 0 0 37.981329 3.85712 -18.21386 -3.981505 -0.312001 -2.714025 0 0 0 2.929467 -1.231741 -10.13273 -1.246458 0.377728 3.981735 0 0 0 18.723955 0.463054 -17.775594 -4.013708 0.99524 -3.126586 0 0 0 18.269087 2.108643 -5.565532 3.717059 8.635663 -20.580557 0 0 0 8.805303 2.600311 13.245125 46.287966 12.510041 8.219324 119.934675 44.397764 -29.466956 -0.057871 -10.718037 -3.116379 3.635273 -2.24402 19.132416 7.100747 3.620751 -1.822804 0 0 0 -37.983061 3.857696 18.213087 3.981514 -0.312002 2.714676 0 0 0 -2.929954 -1.23167 10.131993 1.246384 0.377706 -3.981553 0 0 0 -18.724815 0.463336 17.774795 4.013885 0.995202 3.126699 0 0 0 -18.287739 2.122715 5.592006 -3.712166 8.636711 20.577783 0 0 0 -63.015838 -13.074164 5.137571 3.907742 12.168842 1.091192 80.370677 -74.063487 -21.118828 0 0 0 34.233594 -12.691402 -6.76695 0.220735 -9.362872 0.980606 -28.986469 -4.503468 -3.712568 0 0 0
-0.164853 0.07424 -1.088115 -8.536615 11.85645 -8.577382 4.338014 6.243677 -0.119617 2.511518 -7.944591 -9.434475 0 0 0 3.604482 22.389652 7.384448 -7.908431 19.987103 -29.180493 0 0 0 0 0 0 -8.805303 2.600311 -13.245125 -61.20101 44.116984 -43.965818 -106.817377 38.562908 31.970938 -0.018851 0.109638 -0.035141 -3.636292 -2.244307 -19.133199 -7.100467 3.62086 1.822583 0 0 0 37.981329 3.85712 -18.21386 -3.981505 -0.312001 -2.714025 0 0 0 2.929467 -1.231741 -10.13273 -1.246458 0.377728 3.981735 0 0 0 18.723955 0.463054 -17.775594 -4.013708 0.99524 -3.126586 0 0 0 18.269087 2.108643 -5.565532 3.717059 8.635663 -20.580557 0 0 0 8.805303 2.600311 13.245125 48.647806 3.701821 7.171425 120.856709 44.763148 -29.226944 -1.350593 -26.957583 -8.312098 3.635273 -2.24402 19.132416 7.100747 3.620751 -1.822804 0 0 0 -37.983061 3.857696 18.213087 3.981514 -0.312002 2.714676 0 0 0 -2.929954 -1.23167 10.131993 1.246384 0.377706 -3.981553 0 0 0 -18.724815 0.463336 17.774795 4.013885 0.995202 3.126699 0 0 0 -18.287739 2.122715 5.592006 -3.712166 8.636711 20.577783 0 0 0 -63.344169 -12.9937 5.165196 3.967599 12.292438 1.13031 81.143979 -74.600123 -21.893729 0 0 0 33.980923 -12.770567 -6.657548 0.210903 -9.384552 0.979376 -28.833343 -4.368071 -3.691948 0 0 0
-0.166997 0.075544 -1.11535 -7.898694 12.108445 -8.715058 3.832164 7.117458 -0.260281 2.319993 -7.36456 -9.295046 0 0 0 4.186074 21.423713 7.063822 -7.934468 25.913196 -28.619295 0 0 0 0 0 0 -8.805303 2.600311 -13.245125 -59.882015 43.259505 -41.540715 -107.164853 38.734955 31.933085 -0.028272 0.164519 -0.052724 -3.636292 -2.244307 -19.133199 -7.100467 3.62086 1.822583 0 0 0 37.981329 3.85712 -18.21386 -3.981505 -0.312001 -2.714025 0 0 0 2.929467 -1.231741 -10.13273 -1.246458 0.377728 3.981735 0 0 0 18.723955 0.463054 -17.775594 -4.013708 0.99524 -3.126586 0 0 0 18.269087 2.108643 -5.565532 3.717059 8.635663 -20.580557 0 0 0 8.805303 2.600311 13.245125 50.272742 -5.191432 5.258476 126.170319 46.70029 -27.635983 -1.988584 -39.283468 -12.300761 3.635273 -2.24402 19.132416 7.100747 3.620751 -1.822804 0 0 0 -37.983061 3.857696 18.213087 3.981514 -0.312002 2.714676 0 0 0 -2.929954 -1.23167 10.131993 1.246384 0.377706 -3.981553 0 0 0 -18.724815 0.463336 17.774795 4.013885 0.995202 3.126699 0 0 0 -18.287739 2.122715 5.592006 -3.712166 8.636711 20.577783 0 0 0 -64.279739 -12.842573 5.579297 4.006087 12.349629 1.154985 81.714333 -74.958237 -22.43641 0 0 0 34.133136 -12.951249 -6.574139 0.188956 -9.474076 0.976083 -29.567618 -4.750038 -3.743623 0 0 0
-0.185737 0.077365 -1.14611 -7.03681 12.489651 -8.95186 2.93588 8.092523 -0.187649 1.991689 -6.831721 -8.917766 0 0 0 4.856226 20.30926 6.290142 -6.811667 29.321239 -28.248071 0 0 0 0 0 0 -8.805303 2.600311 -13.245125 -58.142161 41.929371 -39.47586 -107.362578 38.832902 31.91161 -0.035824 0.208454 -0.066805 -3.636292 -2.244307 -19.133199 -7.100467 3.62086 1.822583 0 0 0 37.981329 3.85712 -18.21386 -3.981505 -0.312001 -2.714025 0 0 0 2.929467 -1.231741 -10.13273 -1.246458 0.377728 3.981735 0 0 0 18.723955 0.463054 -17.775594 -4.013708 0.99524 -3.126586 0 0 0 18.269087 2.108643 -5.565532 3.717059 8.635663 -20.580557 0 0 0 8.805303 2.600311 13.245125 50.437837 -10.881317 3.641652 133.283525 49.13046 -25.318297 -2.072271 -44.832123 -14.147583 3.635273 -2.24402 19.132416 7.100747 3.620751 -1.822804 0 0 0 -37.983061 3.857696 18.213087 3.981514 -0.312002 2.714676 0 0 0 -2.929954 -1.23167 10.131993 1.246384 0.377706 -3.981553 0 0 0 -18.724815 0.463336 17.774795 4.013885 0.995202 3.126699 0 0 0 -18.287739 2.122715 5.592006 -3.712166 8.636711 20.577783 0 0 0 -65.421598 -12.58384 6.141431 4.039779 12.357412 1.173108 82.127215 -75.267456 -22.895139 0 0 0 34.447088 -13.197275 -6.440587 0.165856 -9.581969 0.972688 -30.633691 -5.416246 -3.825953 0 0 0
-0.214509 0.080761 -1.151404 -6.396635 12.779575 -9.196178 2.460493 8.609214 -0.161161 1.816681 -6.54012 -8.707878 0 0 0 5.416769 19.643835 5.914247 -5.792037 30.262281 -28.574185 0 0 0 0 0 0 -8.805303 2.600311 -13.245125 -57.154175 41.085293 -38.715367 -107.34766 38.825724 31.91362 -0.038103 0.221663 -0.071043 -3.636292 -2.244307 -19.133199 -7.100467 3.62086 1.822583 0 0 0 37.981329 3.85712 -18.21386 -3.981505 -0.312001 -2.714025 0 0 0 2.929467 -1.231741 -10.13273 -1.246458 0.377728 3.981735 0 0 0 18.723955 0.463054 -17.775594 -4.013708 0.99524 -3.126586 0 0 0 18.269087 2.108643 -5.565532 3.717059 8.635663 -20.580557 0 0 0 8.805303 2.600311 13.245125 48.628282 -11.150346 3.559902 139.27862 51.036809 -23.205967 -2.090351 -45.41781 -14.336254 3.635273 -2.24402 19.132416 7.100747 3.620751 -1.822804 0 0 0 -37.983061 3.857696 18.213087 3.981514 -0.312002 2.714676 0 0 0 -2.929954 -1.23167 10.131993 1.246384 0.377706 -3.981553 0 0 0 -18.724815 0.463336 17.774795 4.013885 0.995202 3.126699 0 0 0 -18.287739 2.122715 5.592006 -3.712166 8.636711 20.577783 0 0 0 -66.181579 -12.286561 6.560495 4.056519 12.325958 1.179206 82.229304 -75.428786 -23.114508 0 0 0 34.599213 -13.416751 -6.24226 0.152918 -9.656589 0.970936 -31.33445 -5.940745 -3.88094 0 0 0
-0.212127 0.079392 -1.141512 -6.183974 12.868479 -9.346344 2.835378 8.312537 -0.330465 1.951089 -6.598446 -8.901107 0 0 0 5.887239 20.074156 6.732066 -5.640422 29.134225 -29.879164 0 0 0 0 0 0 -8.805303 2.600311 -13.245125 -57.52295 41.42506 -39.603944 -107.286873 38.795827 31.920614 -0.031848 0.185215 -0.059368 -3.636292 -2.244307 -19.133199 -7.100467 3.62086 1.822583 0 0 0 37.981329 3.85712 -18.21386 -3.981505 -0.312001 -2.714025 0 0 0 2.929467 -1.231741 -10.13273 -1.246458 0.377728 3.981735 0 0 0 18.723955 0.463054 -17.775594 -4.013708 0.99524 -3.126586 0 0 0 18.269087 2.108643 -5.565532 3.717059 8.635663 -20.580557 0 0 0 8.805303 2.600311 13.245125 45.385023 -5.821208 5.212301 142.002684 51.865268 -22.204274 -2.170254 -42.050609 -13.168188 3.635273 -2.24402 19.132416 7.100747 3.620751 -1.822804 0 0 0 -37.983061 3.857696 18.213087 3.981514 -0.312002 2.714676 0 0 0 -2.929954 -1.23167 10.131993 1.246384 0.377706 -3.981553 0 0 0 -18.724815 0.463336 17.774795 4.013885 0.995202 3.126699 0 0 0 -18.287739 2.122715 5.592006 -3.712166 8.636711 20.577783 0 0 0 -66.349878 -12.070081 6.683679 4.057891 12.294864 1.178119 82.105006 -75.437303 -23.088171 0 0 0 34.474682 -13.525049 -6.038582 0.15541 -9.677102 0.971444 -31.393288 -6.094413 -3.884618 0 0 0
-0.23236 0.081652 -1.113167 -6.342574 12.801104 -9.379395 3.662359 7.504121 -0.606176 2.263408 -6.948206 -9.358795 0 0 0 6.311731 20.98577 8.3998 -6.052293 26.619095 -31.902818 0 0 0 0 0 0 -8.805303 2.600311 -13.245125 -58.643114 42.623273 -41.485866 -107.33944 38.821768 31.914692 -0.017899 0.103976 -0.033339 -3.636292 -2.244307 -19.133199 -7.100467 3.62086 1.822583 0 0 0 37.981329 3.85712 -18.21386 -3.981505 -0.312001 -2.714025 0 0 0 2.929467 -1.231741 -10.13273 -1.246458 0.377728 3.981735 0 0 0 18.723955 0.463054 -17.775594 -4.013708 0.99524 -3.126586 0 0 0 18.269087 2.108643 -5.565532 3.717059 8.635663 -20.580557 0 0 0 8.805303 2.600311 13.245125 42.517537 2.87195 7.332518 140.851505 51.548131 -22.661983 -1.96158 -33.406678 -10.316784 3.635273 -2.24402 19.132416 7.100747 3.620751 -1.822804 0 0 0 -37.983061 3.857696 18.213087 3.981514 -0.312002 2.714676 0 0 0 -2.929954 -1.23167 10.131993 1.246384 0.377706 -3.981553 0 0 0 -18.724815 0.463336 17.774795 4.013885 0.995202 3.126699 0 0 0 -18.287739 2.122715 5.592006 -3.712166 8.636711 20.577783 0 0 0 -66.064134 -11.99032 6.56296 4.052758 12.280631 1.175687 81.910235 -75.37143 -22.95656 0 0 0 34.226999 -13.522749 -5.90554 0.16962 -9.655315 0.973595 -31.000392 -5.974571 -3.852725 0 0 0
-0.224235 0.080399 -1.09749 -6.744831 12.707578 -9.348156 4.248768 6.74809 -0.816527 2.514401 -7.418095 -9.78765 0 0 0 6.563443 21.175797 9.723665 -6.276251 23.522587 -33.888511 0 0 0 0 0 0 -8.805303 2.600311 -13.245125 -59.492947 43.813025 -43.376892 -107.492963 38.89739 31.89719 -0.00558 0.032265 -0.01036 -3.636292 -2.244307 -19.133199 -7.100467 3.62086 1.822583 0 0 0 37.981329 3.85712 -18.21386 -3.981505 -0.312001 -2.714025 0 0 0 2.929467 -1.231741 -10.13273 -1.246458 0.377728 3.981735 0 0 0 18.723955 0.463054 -17.775594 -4.013708 0.99524 -3.126586 0 0 0 18.269087 2.108643 -5.565532 3.717059 8.635663 -20.580557 0 0 0 8.805303 2.600311 13.245125 41.611463 11.01722 8.502755 136.906042 50.395186 -24.163921 -1.165867 -19.857592 -5.997224 3.635273 -2.24402 19.132416 7.100747 3.620751 -1.822804 0 0 0 -37.983061 3.857696 18.213087 3.981514 -0.312002 2.714676 0 0 0 -2.929954 -1.23167 10.131993 1.246384 0.377706 -3.981553 0 0 0 -18.724815 0.463336 17.774795 4.013885 0.995202 3.126699 0 0 0 -18.287739 2.122715 5.592006 -3.712166 8.636711 20.577783 0 0 0 -65.517591 -12.032352 6.357598 4.050287 12.272592 1.174497 81.740411 -75.365008 -22.985728 0 0 0 34.058276 -13.501264 -5.887251 0.187651 -9.623998 0.976272 -30.457222 -5.760144 -3.807266 0 0 0
-0.214937 0.078901 -1.096703 -7.261962 12.702174 -9.361501 4.35682 6.274264 -0.858233 2.607789 -7.827981 -10.041096 0 0 0 6.418427 20.351387 9.931521 -6.134734 20.58021 -35.097834 0 0 0 0 0 0 -8.805303 2.600311 -13.245125 -59.788135 44.487694 -44.793685 -107.631387 38.96552 31.881317 -0.001794 0.010305 -0.003316 -3.636292 -2.244307 -19.133199 -7.100467 3.62086 1.822583 0 0 0 37.981329 3.85712 -18.21386 -3.981505 -0.312001 -2.714025 0 0 0 2.929467 -1.231741 -10.13273 -1.246458 0.377728 3.981735 0 0 0 18.723955 0.463054 -17.775594 -4.013708 0.99524 -3.126586 0 0 0 18.269087 2.108643 -5.565532 3.717059 8.635663 -20.580557 0 0 0 8.805303 2.600311 13.245125 42.707536 14.898307 8.432685 132.301122 48.988773 -25.855402 -0.258878 -7.540194 -2.154827 3.635273 -2.24402 19.132416 7.100747 3.620751 -1.822804 0 0 0 -37.983061 3.857696 18.213087 3.981514 -0.312002 2.714676 0 0 0 -2.929954 -1.23167 10.131993 1.246384 0.377706 -3.981553 0 0 0 -18.724815 0.463336 17.774795 4.013885 0.995202 3.126699 0 0 0 -18.287739 2.122715 5.592006 -3.712166 8.636711 20.577783 0 0 0 -64.882058 -12.100267 6.241326 4.056513 12.254942 1.175383 81.642227 -75.503574 -23.334652 0 0 0 34.02343 -13.587548 -5.925573 0.202645 -9.614948 0.978508 -29.961133 -5.529304 -3.760254 0 0 0
-0.232489 0.081394 -1.101532 -7.70533 12.788759 -9.484624 4.14804 6.071306 -0.7748 2.57652 -8.051096 -10.108808 0 0 0 5.839772 19.265214 9.245683 -6.18374 18.617292 -35.4083 0 0 0 0 0 0 -8.805303 2.600311 -13.245125 -59.822096 44.624129 -45.617333 -107.678012 38.988461 31.875958 -0.004503 0.026151 -0.008386 -3.636292 -2.244307 -19.133199 -7.100467 3.62086 1.822583 0 0 0 37.981329 3.85712 -18.21386 -3.981505 -0.312001 -2.714025 0 0 0 2.929467 -1.231741 -10.13273 -1.246458 0.377728 3.981735 0 0 0 18.723955 0.463054 -17.775594 -4.013708 0.99524 -3.126586 0 0 0 18.269087 2.108643 -5.565532 3.717059 8.635663 -20.580557 0 0 0 8.805303 2.600311 13.245125 44.899973 13.170859 7.603963 129.314221 48.045096 -26.920778 -0.153011 -4.217036 -1.152302 3.635273 -2.24402 19.132416 7.100747 3.620751 -1.822804 0 0 0 -37.983061 3.857696 18.213087 3.981514 -0.312002 2.714676 0 0 0 -2.929954 -1.23167 10.131993 1.246384 0.377706 -3.981553 0 0 0 -18.724815 0.463336 17.774795 4.013885 0.995202 3.126699 0 0 0 -18.287739 2.122715 5.592006 -3.712166 8.636711 20.577783 0 0 0 -64.362766 -12.078466 6.301234 4.062454 12.219014 1.174001 81.550999 -75.682313 -23.748642 0 0 0 34.023954 -13.812026 -5.904439 0.209426 -9.631301 0.979599 -29.611392 -5.312845 -3.721352 0 0 0
-0.232899 0.079495 -1.117261 -7.854554 12.883856 -9.663834 3.717997 6.1974 -0.722865 2.440336 -8.019353 -9.994557 0 0 0 5.100765 18.704798 8.297876 -6.873047 18.493935 -35.221721 0 0 0 0 0 0 -8.805303 2.600311 -13.245125 -59.613422 44.335579 -45.65936 -107.674414 38.986696 31.876365 -0.009905 0.057626 -0.018469 -3.636292 -2.244307 -19.133199 -7.100467 3.62086 1.822583 0 0 0 37.981329 3.85712 -18.21386 -3.981505 -0.312001 -2.714025 0 0 0 2.929467 -1.231741 -10.13273 -1.246458 0.377728 3.981735 0 0 0 18.723955 0.463054 -17.775594 -4.013708 0.99524 -3.126586 0 0 0 18.269087 2.108643 -5.565532 3.717059 8.635663 -20.580557 0 0 0 8.805303 2.600311 13.245125 47.35392 7.616131 6.363408 129.252774 48.037535 -26.95533 -0.979661 -10.911573 -3.227982 3.635273 -2.24402 19.132416 7.100747 3.620751 -1.822804 0 0 0 -37.983061 3.857696 18.213087 3.981514 -0.312002 2.714676 0 0 0 -2.929954 -1.23167 10.131993 1.246384 0.377706 -3.981553 0 0 0 -18.724815 0.463336 17.774795 4.013885 0.995202 3.126699 0 0 0 -18.287739 2.122715 5.592006 -3.712166 8.636711 20.577783 0 0 0 -64.161506 -11.941038 6.483075 4.053595 12.170934 1.165577 81.3597 -75.733399 -23.847773 0 0 0 33.940571 -14.061051 -5.77865 0.204769 -9.657241 0.979162 -29.467678 -5.169011 -3.700669 0 0 0
-0.256474 0.080516 -1.128922 -7.631532 12.964658 -9.824162 3.138277 6.659461 -0.795625 2.228559 -7.730283 -9.770128 0 0 0 4.555405 18.893249 7.532676 -7.986856 20.220531 -34.97122 0 0 0 0 0 0 -8.805303 2.600311 -13.245125 -58.999453 43.810134 -44.900686 -107.702315 39.000385 31.873086 -0.015242 0.088712 -0.028428 -3.636292 -2.244307 -19.133199 -7.100467 3.62086 1.822583 0 0 0 37.981329 3.85712 -18.21386 -3.981505 -0.312001 -2.714025 0 0 0 2.929467 -1.231741 -10.13273 -1.246458 0.377728 3.981735 0 0 0 18.723955 0.463054 -17.775594 -4.013708 0.99524 -3.126586 0 0 0 18.269087 2.108643 -5.565532 3.717059 8.635663 -20.580557 0 0 0 8.805303 2.600311 13.245125 49.24037 1.669891 4.918766 131.726372 48.849517 -26.104387 -1.968509 -21.814013 -6.57121 3.635273 -2.24402 19.132416 7.100747 3.620751 -1.822804 0 0 0 -37.983061 3.857696 18.213087 3.981514 -0.312002 2.714676 0 0 0 -2.929954 -1.23167 10.131993 1.246384 0.377706 -3.981553 0 0 0 -18.724815 0.463336 17.774795 4.013885 0.995202 3.126699 0 0 0 -18.287739 2.122715 5.592006 -3.712166 8.636711 20.577783 0 0 0 -64.336555 -11.743569 6.709433 4.033417 12.115313 1.152953 81.08126 -75.651337 -23.640889 0 0 0 33.793621 -14.241071 -5.605509 0.189935 -9.692079 0.97741 -29.5839 -5.151776 -3.703467 0 0 0
-0.259796 0.080386 -1.136631 -7.221421 13.102888 -9.95524 2.715189 7.211142 -1.011751 2.056283 -7.331602 -9.55254 0 0 0 4.371494 19.765798 7.267695 -9.075325 22.528286 -34.987726 0 0 0 0 0 0 -8.805303 2.600311 -13.245125 -58.284419 43.374033 -43.951868 -107.745854 39.021747 31.868009 -0.020416 0.118781 -0.038068 -3.636292 -2.244307 -19.133199 -7.100467 3.62086 1.822583 0 0 0 37.981329 3.85712 -18.21386 -3.981505 -0.312001 -2.714025 0 0 0 2.929467 -1.231741 -10.13273 -1.246458 0.377728 3.981735 0 0 0 18.723955 0.463054 -17.775594 -4.013708 0.99524 -3.126586 0 0 0 18.269087 2.108643 -5.565532 3.717059 8.635663 -20.580557 0 0 0 8.805303 2.600311 13.245125 49.683575 -1.762534 3.819394 135.291091 49.973492 -24.829568 -2.496655 -31.320667 -9.51247 3.635273 -2.24402 19.132416 7.100747 3.620751 -1.822804 0 0 0 -37.983061 3.857696 18.213087 3.981514 -0.312002 2.714676 0 0 0 -2.929954 -1.23167 10.131993 1.246384 0.377706 -3.981553 0 0 0 -18.724815 0.463336 17.774795 4.013885 0.995202 3.126699 0 0 0 -18.287739 2.122715 5.592006 -3.712166 8.636711 20.577783 0 0 0 -64.711966 -11.563379 6.986112 4.018552 12.049416 1.143043 80.804427 -75.567276 -23.451198 0 0 0 33.763391 -14.395951 -5.490727 0.17202 -9.741546 0.975292 -29.958211 -5.24367 -3.727988 0 0 0
-0.269313 0.079018 -1.156376 -6.929031 13.326864 -10.079286 2.741158 7.518084 -1.369108 2.028437 -7.064713 -9.372143 0 0 0 4.50749 21.148464 7.653388 -9.908972 24.05808 -35.423804 0 0 0 0 0 0 -8.805303 2.600311 -13.245125 -57.981739 43.264075 -43.66492 -107.740434 39.019075 31.868676 -0.031451 0.182719 -0.058586 -3.636292 -2.244307 -19.133199 -7.100467 3.62086 1.822583 0 0 0 37.981329 3.85712 -18.21386 -3.981505 -0.312001 -2.714025 0 0 0 2.929467 -1.231741 -10.13273 -1.246458 0.377728 3.981735 0 0 0 18.723955 0.463054 -17.775594 -4.013708 0.99524 -3.126586 0 0 0 18.269087 2.108643 -5.565532 3.717059 8.635663 -20.580557 0 0 0 8.805303 2.600311 13.245125 48.571746 -1.437624 3.690549 138.599233 50.964018 -23.592276 -2.582057 -37.542589 -11.499123 3.635273 -2.24402 19.132416 7.100747 3.620751 -1.822804 0 0 0 -37.983061 3.857696 18.213087 3.981514 -0.312002 2.714676 0 0 0 -2.929954 -1.23167 10.131993 1.246384 0.377706 -3.981553 0 0 0 -18.724815 0.463336 17.774795 4.013885 0.995202 3.126699 0 0 0 -18.287739 2.122715 5.592006 -3.712166 8.636711 20.577783 0 0 0 -64.99198 -11.449092 7.3119 4.015629 11.981845 1.138315 80.560999 -75.582417 -23.49507 0 0 0 33.982712 -14.594184 -5.486406 0.159977 -9.794791 0.973982 -30.455976 -5.36276 -3.763902 0 0 0
-0.277151 0.078695 -1.181157 -6.902744 13.549503 -10.188296 3.136944 7.463192 -1.735863 2.13195 -7.009831 -9.290732 0 0 0 4.795208 22.503759 8.33456 -10.30223 24.507062 -35.95018 0 0 0 0 0 0 -8.805303 2.600311 -13.245125 -58.10493 43.439664 -44.203637 -107.705537 39.001949 31.872787 -0.050921 0.295449 -0.094769 -3.636292 -2.244307 -19.133199 -7.100467 3.62086 1.822583 0 0 0 37.981329 3.85712 -18.21386 -3.981505 -0.312001 -2.714025 0 0 0 2.929467 -1.231741 -10.13273 -1.246458 0.377728 3.981735 0 0 0 18.723955 0.463054 -17.775594 -4.013708 0.99524 -3.126586 0 0 0 18.269087 2.108643 -5.565532 3.717059 8.635663 -20.580557 0 0 0 8.805303 2.600311 13.245125 46.885086 2.245004 4.440482 140.663115 51.556358 -22.794303 -2.519776 -40.346428 -12.432791 3.635273 -2.24402 19.132416 7.100747 3.620751 -1.822804 0 0 0 -37.983061 3.857696 18.213087 3.981514 -0.312002 2.714676 0 0 0 -2.929954 -1.23167 10.131993 1.246384 0.377706 -3.981553 0 0 0 -18.724815 0.463336 17.774795 4.013885 0.995202 3.126699 0 0 0 -18.287739 2.122715 5.592006 -3.712166 8.636711 20.577783 0 0 0 -64.994499 -11.402141 7.55176 4.018198 11.931137 1.136309 80.350762 -75.695883 -23.738443 0 0 0 34.322234 -14.779577 -5.539001 0.158449 -9.840696 0.974087 -30.833775 -5.435425 -3.790014 0 0 0
-0.282273 0.079198 -1.165854 -7.046982 13.656666 -10.234296 3.590022 7.178408 -1.899177 2.288787 -7.074693 -9.478209 0 0 0 5.019785 23.110111 8.692215 -10.04686 24.194203 -35.967225 0 0 0 0 0 0 -8.805303 2.600311 -13.245125 -58.30282 43.760313 -44.99069 -107.699407 38.998964 31.873528 -0.069696 0.404091 -0.129647 -3.636292 -2.244307 -19.133199 -7.100467 3.62086 1.822583 0 0 0 37.981329 3.85712 -18.21386 -3.981505 -0.312001 -2.714025 0 0 0 2.929467 -1.231741 -10.13273 -1.246458 0.377728 3.981735 0 0 0 18.723955 0.463054 -17.775594 -4.013708 0.99524 -3.126586 0 0 0 18.269087 2.108643 -5.565532 3.717059 8.635663 -20.580557 0 0 0 8.805303 2.600311 13.245125 45.755967 7.757918 5.272621 140.744157 51.575886 -22.759125 -2.463134 -38.956387 -12.009159 3.635273 -2.24402 19.132416 7.100747 3.620751 -1.822804 0 0 0 -37.983061 3.857696 18.213087 3.981514 -0.312002 2.714676 0 0 0 -2.929954 -1.23167 10.131993 1.246384 0.377706 -3.981553 0 0 0 -18.724815 0.463336 17.774795 4.013885 0.995202 3.126699 0 0 0 -18.287739 2.122715 5.592006 -3.712166 8.636711 20.577783 0 0 0 -64.765078 -11.406368 7.537176 4.017647 11.906302 1.133868 80.178779 -75.814989 -23.975019 0 0 0 34.506617 -14.817955 -5.565344 0.165716 -9.877493 0.975355 -30.914627 -5.4477 -3.788802 0 0 0
-0.267565 0.078178 -1.125551 -7.17811 13.610195 -10.204064 3.855724 6.843434 -1.807332 2.429244 -7.251079 -9.923246 0 0 0 5.05186 22.673756 8.513142 -9.229495 23.271508 -35.353308 0 0 0 0 0 0 -8.805303 2.600311 -13.245125 -58.417251 44.139399 -45.54126 -107.718592 39.00841 31.871303 -0.077604 0.449841 -0.144335 -3.636292 -2.244307 -19.133199 -7.100467 3.62086 1.822583 0 0 0 37.981329 3.85712 -18.21386 -3.981505 -0.312001 -2.714025 0 0 0 2.929467 -1.231741 -10.13273 -1.246458 0.377728 3.981735 0 0 0 18.723955 0.463054 -17.775594 -4.013708 0.99524 -3.126586 0 0 0 18.269087 2.108643 -5.565532 3.717059 8.635663 -20.580557 0 0 0 8.805303 2.600311 13.245125 45.605679 13.156641 5.549318 138.557084 50.930437 -23.586116 -2.293935 -32.298477 -9.914421 3.635273 -2.24402 19.132416 7.100747 3.620751 -1.822804 0 0 0 -37.983061 3.857696 18.213087 3.981514 -0.312002 2.714676 0 0 0 -2.929954 -1.23167 10.131993 1.246384 0.377706 -3.981553 0 0 0 -18.724815 0.463336 17.774795 4.013885 0.995202 3.126699 0 0 0 -18.287739 2.122715 5.592006 -3.712166 8.636711 20.577783 0 0 0 -64.483628 -11.425274 7.284775 4.009815 11.899554 1.129269 80.017462 -75.826355 -23.978943 0 0 0 34.41366 -14.67787 -5.519098 0.176586 -9.892828 0.97702 -30.731916 -5.425631 -3.766472 0 0 0
-0.26371 0.07823 -1.093926 -7.213822 13.455568 -10.14977 3.87145 6.576665 -1.619476 2.512515 -7.618049 -10.354594 0 0 0 4.912117 21.472362 8.075927 -8.244915 21.836015 -34.488573 0 0 0 0 0 0 -8.805303 2.600311 -13.245125 -58.542192 44.487389 -45.798897 -107.723042 39.010592 31.870777 -0.072773 0.421964 -0.135378 -3.636292 -2.244307 -19.133199 -7.100467 3.62086 1.822583 0 0 0 37.981329 3.85712 -18.21386 -3.981505 -0.312001 -2.714025 0 0 0 2.929467 -1.231741 -10.13273 -1.246458 0.377728 3.981735 0 0 0 18.723955 0.463054 -17.775594 -4.013708 0.99524 -3.126586 0 0 0 18.269087 2.108643 -5.565532 3.717059 8.635663 -20.580557 0 0 0 8.805303 2.600311 13.245125 46.260109 16.76144 5.289892 134.532718 49.689177 -25.052218 -1.854092 -21.778287 -6.650867 3.635273 -2.24402 19.132416 7.100747 3.620751 -1.822804 0 0 0 -37.983061 3.857696 18.213087 3.981514 -0.312002 2.714676 0 0 0 -2.929954 -1.23167 10.131993 1.246384 0.377706 -3.981553 0 0 0 -18.724815 0.463336 17.774795 4.013885 0.995202 3.126699 0 0 0 -18.287739 2.122715 5.592006 -3.712166 8.636711 20.577783 0 0 0 -64.271674 -11.407264 6.971577 3.99664 11.893799 1.122271 79.826202 -75.706687 -23.720241 0 0 0 34.104515 -14.473946 -5.395982 0.186648 -9.871284 0.978433 -30.402589 -5.375927 -3.738969 0 0 0
-0.264554 0.078927 -1.07945 -7.198509 13.271981 -10.118646 3.733305 6.489808 -1.556584 2.540033 -8.10324 -10.580786 0 0 0 4.707364 20.029723 7.756196 -7.479286 20.382395 -33.626123 0 0 0 0 0 0 -8.805303 2.600311 -13.245125 -58.71928 44.705384 -45.685007 -107.691931 38.995275 31.874382 -0.057944 0.336218 -0.107844 -3.636292 -2.244307 -19.133199 -7.100467 3.62086 1.822583 0 0 0 37.981329 3.85712 -18.21386 -3.981505 -0.312001 -2.714025 0 0 0 2.929467 -1.231741 -10.13273 -1.246458 0.377728 3.981735 0 0 0 18.723955 0.463054 -17.775594 -4.013708 0.99524 -3.126586 0 0 0 18.269087 2.108643 -5.565532 3.717059 8.635663 -20.580557 0 0 0 8.805303 2.600311 13.245125 47.394894 17.54815 4.866494 130.035553 48.236306 -26.621493 -1.334031 -12.439629 -3.792565 3.635273 -2.24402 19.132416 7.100747 3.620751 -1.822804 0 0 0 -37.983061 3.857696 18.213087 3.981514 -0.312002 2.714676 0 0 0 -2.929954 -1.23167 10.131993 1.246384 0.377706 -3.981553 0 0 0 -18.724815 0.463336 17.774795 4.013885 0.995202 3.126699 0 0 0 -18.287739 2.122715 5.592006 -3.712166 8.636711 20.577783 0 0 0 -64.122535 -11.343597 6.74409 3.979014 11.875359 1.111855 79.575886 -75.516462 -23.335943 0 0 0 33.683951 -14.333061 -5.240999 0.193036 -9.827581 0.979274 -29.984874 -5.291978 -3.708775 0 0 0
-0.263482 0.07965 -1.073949 -7.163041 13.141186 -10.134675 3.53533 6.700122 -1.738009 2.52619 -8.473457 -10.635126 0 0 0 4.563012 18.897939 7.771203 -7.199215 19.773693 -32.894947 0 0 0 0 0 0 -8.805303 2.600311 -13.245125 -58.755599 44.715381 -44.90471 -107.64629 38.972825 31.879683 -0.037996 0.220709 -0.07077 -3.636292 -2.244307 -19.133199 -7.100467 3.62086 1.822583 0 0 0 37.981329 3.85712 -18.21386 -3.981505 -0.312001 -2.714025 0 0 0 2.929467 -1.231741 -10.13273 -1.246458 0.377728 3.981735 0 0 0 18.723955 0.463054 -17.775594 -4.013708 0.99524 -3.126586 0 0 0 18.269087 2.108643 -5.565532 3.717059 8.635663 -20.580557 0 0 0 8.805303 2.600311 13.245125 48.690872 15.335669 4.556477 127.094023 47.258036 -27.618451 -1.183963 -9.268722 -2.826136 3.635273 -2.24402 19.132416 7.100747 3.620751 -1.822804 0 0 0 -37.983061 3.857696 18.213087 3.981514 -0.312002 2.714676 0 0 0 -2.929954 -1.23167 10.131993 1.246384 0.377706 -3.981553 0 0 0 -18.724815 0.463336 17.774795 4.013885 0.995202 3.126699 0 0 0 -18.287739 2.122715 5.592006 -3.712166 8.636711 20.577783 0 0 0 -64.036912 -11.252479 6.694393 3.951591 11.834485 1.095038 79.230008 -75.280421 -22.873695 0 0 0 33.302434 -14.31835 -5.111507 0.192121 -9.797946 0.979195 -29.611886 -5.21528 -3.679908 0 0 0
-0.266972 0.080528 -1.099027 -7.037741 13.135546 -10.239197 3.30603 7.232878 -2.060855 2.482137 -8.551777 -10.651374 0 0 0 4.530851 18.499871 8.046496 -7.567564 20.682175 -32.541093 0 0 0 0 0 0 -8.805303 2.600311 -13.245125 -58.464174 44.48323 -43.393173 -107.661148 38.980065 31.877819 -0.018834 0.109492 -0.0351 -3.636292 -2.244307 -19.133199 -7.100467 3.62086 1.822583 0 0 0 37.981329 3.85712 -18.21386 -3.981505 -0.312001 -2.714025 0 0 0 2.929467 -1.231741 -10.13273 -1.246458 0.377728 3.981735 0 0 0 18.723955 0.463054 -17.775594 -4.013708 0.99524 -3.126586 0 0 0 18.269087 2.108643 -5.565532 3.717059 8.635663 -20.580557 0 0 0 8.805303 2.600311 13.245125 49.666155 10.92218 4.456572 127.120323 47.277615 -27.621569 -1.555216 -12.858487 -3.892253 3.635273 -2.24402 19.132416 7.100747 3.620751 -1.822804 0 0 0 -37.983061 3.857696 18.213087 3.981514 -0.312002 2.714676 0 0 0 -2.929954 -1.23167 10.131993 1.246384 0.377706 -3.981553 0 0 0 -18.724815 0.463336 17.774795 4.013885 0.995202 3.126699 0 0 0 -18.287739 2.122715 5.592006 -3.712166 8.636711 20.577783 0 0 0 -64.11524 -11.113147 6.914195 3.913267 11.75912 1.071088 78.780008 -74.979647 -22.298023 0 0 0 33.133429 -14.46845 -5.016715 0.180752 -9.796413 0.977832 -29.54142 -5.217032 -3.674316 0 0 0
-0.272521 0.082117 -1.140311 -6.777482 13.286542 -10.457621 3.242593 7.956663 -2.285204 2.493797 -8.335663 -10.875606 0 0 0 4.518196 18.949873 8.380603 -8.548683 22.883613 -32.555132 0 0 0 0 0 0 -8.805303 2.600311 -13.245125 -58.114961 44.230526 -41.6325 -107.830538 39.062912 31.85731 -0.002 0.011354 -0.003667 -3.636292 -2.244307 -19.133199 -7.100467 3.62086 1.822583 0 0 0 37.981329 3.85712 -18.21386 -3.981505 -0.312001 -2.714025 0 0 0 2.929467 -1.231741 -10.13273 -1.246458 0.377728 3.981735 0 0 0 18.723955 0.463054 -17.775594 -4.013708 0.99524 -3.126586 0 0 0 18.269087 2.108643 -5.565532 3.717059 8.635663 -20.580557 0 0 0 8.805303 2.600311 13.245125 49.577137 5.95518 4.64933 129.801803 48.191703 -26.736809 -2.133346 -19.934842 -6.000173 3.635273 -2.24402 19.132416 7.100747 3.620751 -1.822804 0 0 0 -37.983061 3.857696 18.213087 3.981514 -0.312002 2.714676 0 0 0 -2.929954 -1.23167 10.131993 1.246384 0.377706 -3.981553 0 0 0 -18.724815 0.463336 17.774795 4.013885 0.995202 3.126699 0 0 0 -18.287739 2.122715 5.592006 -3.712166 8.636711 20.577783 0 0 0 -64.406567 -10.907797 7.414185 3.876314 11.648518 1.045761 78.294164 -74.673814 -21.73704 0 0 0 33.232997 -14.79765 -4.944878 0.161466 -9.8074 0.975469 -29.88616 -5.314826 -3.707174 0 0 0
-0.281134 0.083434 -1.187885 -6.508626 13.553479 -10.73858 3.696428 8.645541 -2.321982 2.702029 -7.957934 -11.567307 0 0 0 4.415312 20.03032 8.835171 -9.851447 25.19528 -32.54078 0 0 0 0 0 0 -8.805303 2.600311 -13.245125 -58.269817 44.442605 -40.310498 -108.173409 39.230333 31.815343 0.01302 -0.076574 0.02446 -3.636292 -2.244307 -19.133199 -7.100467 3.62086 1.822583 0 0 0 37.981329 3.85712 -18.21386 -3.981505 -0.312001 -2.714025 0 0 0 2.929467 -1.231741 -10.13273 -1.246458 0.377728 3.981735 0 0 0 18.723955 0.463054 -17.775594 -4.013708 0.99524 -3.126586 0 0 0 18.269087 2.108643 -5.565532 3.717059 8.635663 -20.580557 0 0 0 8.805303 2.600311 13.245125 48.001338 2.308193 5.236616 133.55773 49.428504 -25.449913 -2.555598 -26.943152 -8.104621 3.635273 -2.24402 19.132416 7.100747 3.620751 -1.822804 0 0 0 -37.983061 3.857696 18.213087 3.981514 -0.312002 2.714676 0 0 0 -2.929954 -1.23167 10.131993 1.246384 0.377706 -3.981553 0 0 0 -18.724815 0.463336 17.774795 4.013885 0.995202 3.126699 0 0 0 -18.287739 2.122715 5.592006 -3.712166 8.636711 20.577783 0 0 0 -64.745168 -10.700811 8.040163 3.857988 11.528633 1.028385 77.888022 -74.524352 -21.495629 0 0 0 33.51432 -15.243817 -4.923363 0.143057 -9.817679 0.973224 -30.44387 -5.443136 -3.761573 0 0 0
-0.28356 0.085294 -1.220982 -6.41511 13.838184 -10.981045 4.615403 9.133409 -2.321238 3.079989 -7.593104 -12.562242 0 0 0 4.259386 21.176999 9.498225 -10.968726 26.52483 -32.23404 0 0 0 0 0 0 -8.805303 2.600311 -13.245125 -58.978234 45.224423 -39.750613 -108.549802 39.413857 31.768811 0.021425 -0.125961 0.040241 -3.636292 -2.244307 -19.133199 -7.100467 3.62086 1.822583 0 0 0 37.981329 3.85712 -18.21386 -3.981505 -0.312001 -2.714025 0 0 0 2.929467 -1.231741 -10.13273 -1.246458 0.377728 3.981735 0 0 0 18.723955 0.463054 -17.775594 -4.013708 0.99524 -3.126586 0 0 0 18.269087 2.108643 -5.565532 3.717059 8.635663 -20.580557 0 0 0 8.805303 2.600311 13.245125 45.678824 1.192033 6.108451 136.762952 50.440966 -24.305307 -2.731237 -32.047632 -9.665121 3.635273 -2.24402 19.132416 7.100747 3.620751 -1.822804 0 0 0 -37.983061 3.857696 18.213087 3.981514 -0.312002 2.714676 0 0 0 -2.929954 -1.23167 10.131993 1.246384 0.377706 -3.981553 0 0 0 -18.724815 0.463336 17.774795 4.013885 0.995202 3.126699 0 0 0 -18.287739 2.122715 5.592006 -3.712166 8.636711 20.577783 0 0 0 -64.888775 -10.589907 8.559848 3.862117 11.43505 1.022809 77.626442 -74.622965 -21.722878 0 0 0 33.840892 -15.671595 -4.984082 0.132994 -9.830675 0.972089 -30.902368 -5.51688 -3.805024 0 0 0
-0.284142 0.086223 -1.23724 -6.487876 14.037619 -11.11015 5.329849 9.358881 -2.426708 3.360877 -7.409527 -13.200607 0 0 0 4.186431 21.710426 9.999387 -11.318131 26.749124 -31.688258 0 0 0 0 0 0 -8.805303 2.600311 -13.245125 -59.613746 45.940874 -39.888462 -108.716364 39.494989 31.748103 0.014781 -0.087645 0.027928 -3.636292 -2.244307 -19.133199 -7.100467 3.62086 1.822583 0 0 0 37.981329 3.85712 -18.21386 -3.981505 -0.312001 -2.714025 0 0 0 2.929467 -1.231741 -10.13273 -1.246458 0.377728 3.981735 0 0 0 18.723955 0.463054 -17.775594 -4.013708 0.99524 -3.126586 0 0 0 18.269087 2.108643 -5.565532 3.717059 8.635663 -20.580557 0 0 0 8.805303 2.600311 13.245125 44.211606 2.719086 6.988841 138.426642 50.950037 -23.693589 -2.745606 -34.324711 -10.37986 3.635273 -2.24402 19.132416 7.100747 3.620751 -1.822804 0 0 0 -37.983061 3.857696 18.213087 3.981514 -0.312002 2.714676 0 0 0 -2.929954 -1.23167 10.131993 1.246384 0.377706 -3.981553 0 0 0 -18.724815 0.463336 17.774795 4.013885 0.995202 3.126699 0 0 0 -18.287739 2.122715 5.592006 -3.712166 8.636711 20.577783 0 0 0 -64.806543 -10.590192 8.828757 3.870283 11.380598 1.021584 77.442972 -74.8147 -22.105831 0 0 0 34.092246 -15.936071 -5.089366 0.131432 -9.851173 0.972098 -31.13401 -5.539709 -3.823091 0 0 0
-0.276258 0.086146 -1.236039 -6.512152 14.093274 -11.10676 5.232202 9.222837 -2.595362 3.314326 -7.562122 -12.958845 0 0 0 4.25875 21.465539 9.869777 -10.579299 26.242703 -30.878227 0 0 0 0 0 0 -8.805303 2.600311 -13.245125 -59.727553 45.915816 -40.737487 -108.533321 39.405692 31.77069 -0.014001 0.079091 -0.025583 -3.636292 -2.244307 -19.133199 -7.100467 3.62086 1.822583 0 0 0 37.981329 3.85712 -18.21386 -3.981505 -0.312001 -2.714025 0 0 0 2.929467 -1.231741 -10.13273 -1.246458 0.377728 3.981735 0 0 0 18.723955 0.463054 -17.775594 -4.013708 0.99524 -3.126586 0 0 0 18.269087 2.108643 -5.565532 3.717059 8.635663 -20.580557 0 0 0 8.805303 2.600311 13.245125 44.629412 6.303475 8.01953 138.227158 50.891549 -23.76949 -2.597066 -32.287338 -9.771639 3.635273 -2.24402 19.132416 7.100747 3.620751 -1.822804 0 0 0 -37.983061 3.857696 18.213087 3.981514 -0.312002 2.714676 0 0 0 -2.929954 -1.23167 10.131993 1.246384 0.377706 -3.981553 0 0 0 -18.724815 0.463336 17.774795 4.013885 0.995202 3.126699 0 0 0 -18.287739 2.122715 5.592006 -3.712166 8.636711 20.577783 0 0 0 -64.707024 -10.626929 8.849311 3.857291 11.350865 1.012369 77.204209 -74.780264 -22.0493 0 0 0 34.192041 -15.946915 -5.152149 0.134651 -9.873682 0.972735 -31.227724 -5.609941 -3.826164 0 0 0
-0.271647 0.084867 -1.215817 -6.31405 14.008418 -10.989367 4.496792 8.570478 -2.698953 3.010934 -8.071236 -12.001167 0 0 0 4.344963 20.841897 9.144455 -8.985465 25.173341 -29.383196 0 0 0 0 0 0 -8.805303 2.600311 -13.245125 -59.639629 45.176379 -42.412755 -108.089064 39.188686 31.824883 -0.064591 0.371297 -0.119446 -3.636292 -2.244307 -19.133199 -7.100467 3.62086 1.822583 0 0 0 37.981329 3.85712 -18.21386 -3.981505 -0.312001 -2.714025 0 0 0 2.929467 -1.231741 -10.13273 -1.246458 0.377728 3.981735 0 0 0 18.723955 0.463054 -17.775594 -4.013708 0.99524 -3.126586 0 0 0 18.269087 2.108643 -5.565532 3.717059 8.635663 -20.580557 0 0 0 8.805303 2.600311 13.245125 46.517342 11.100198 10.045809 136.173476 50.254383 -24.514728 -2.113325 -24.762798 -7.486355 3.635273 -2.24402 19.132416 7.100747 3.620751 -1.822804 0 0 0 -37.983061 3.857696 18.213087 3.981514 -0.312002 2.714676 0 0 0 -2.929954 -1.23167 10.131993 1.246384 0.377706 -3.981553 0 0 0 -18.724815 0.463336 17.774795 4.013885 0.995202 3.126699 0 0 0 -18.287739 2.122715 5.592006 -3.712166 8.636711 20.577783 0 0 0 -64.776258 -10.635708 8.684232 3.816646 11.332344 0.991144 76.872229 -74.363083 -21.283252 0 0 0 34.103347 -15.700516 -5.121183 0.141464 -9.889305 0.973789 -31.281172 -5.79097 -3.826955 0 0 0
-0.263395 0.080696 -1.180459 -5.932579 13.827231 -10.797697 3.852294 7.374913 -2.683017 2.718871 -8.732956 -10.94574 0 0 0 4.19486 20.140185 8.206008 -7.138517 23.562951 -26.648431 0 0 0 0 0 0 -8.805303 2.600311 -13.245125 -59.941221 44.234151 -44.710509 -107.595445 38.946926 31.883813 -0.125083 0.718649 -0.231232 -3.636292 -2.244307 -19.133199 -7.100467 3.62086 1.822583 0 0 0 37.981329 3.85712 -18.21386 -3.981505 -0.312001 -2.714025 0 0 0 2.929467 -1.231741 -10.13273 -1.246458 0.377728 3.981735 0 0 0 18.723955 0.463054 -17.775594 -4.013708 0.99524 -3.126586 0 0 0 18.269087 2.108643 -5.565532 3.717059 8.635663 -20.580557 0 0 0 8.805303 2.600311 13.245125 48.695891 15.941044 13.980847 132.393392 49.016184 -25.814944 -1.21037 -13.580414 -4.082794 3.635273 -2.24402 19.132416 7.100747 3.620751 -1.822804 0 0 0 -37.983061 3.857696 18.213087 3.981514 -0.312002 2.714676 0 0 0 -2.929954 -1.23167 10.131993 1.246384 0.377706 -3.981553 0 0 0 -18.724815 0.463336 17.774795 4.013885 0.995202 3.126699 0 0 0 -18.287739 2.122715 5.592006 -3.712166 8.636711 20.577783 0 0 0 -64.983618 -10.614735 8.361822 3.765156 11.328098 0.965856 76.535824 -73.738191 -20.148137 0 0 0 33.838344 -15.2642 -5.007783 0.154305 -9.895202 0.975558 -31.282367 -6.056269 -3.825771 0 0 0
-0.255996 0.076357 -1.123421 -5.539564 13.595303 -10.57574 3.708321 5.777485 -2.589034 2.585692 -9.326138 -10.173191 0 0 0 3.694313 19.36991 7.300746 -5.508819 21.466646 -22.66461 0 0 0 0 0 0 -8.805303 2.600311 -13.245125 -60.686084 43.433261 -47.162044 -107.210155 38.757583 31.928537 -0.181056 1.03728 -0.334059 -3.636292 -2.244307 -19.133199 -7.100467 3.62086 1.822583 0 0 0 37.981329 3.85712 -18.21386 -3.981505 -0.312001 -2.714025 0 0 0 2.929467 -1.231741 -10.13273 -1.246458 0.377728 3.981735 0 0 0 18.723955 0.463054 -17.775594 -4.013708 0.99524 -3.126586 0 0 0 18.269087 2.108643 -5.565532 3.717059 8.635663 -20.580557 0 0 0 8.805303 2.600311 13.245125 50.521225 19.597106 19.92965 127.463549 47.30002 -27.395684 -0.145608 -3.242066 -0.912833 3.635273 -2.24402 19.132416 7.100747 3.620751 -1.822804 0 0 0 -37.983061 3.857696 18.213087 3.981514 -0.312002 2.714676 0 0 0 -2.929954 -1.23167 10.131993 1.246384 0.377706 -3.981553 0 0 0 -18.724815 0.463336 17.774795 4.013885 0.995202 3.126699 0 0 0 -18.287739 2.122715 5.592006 -3.712166 8.636711 20.577783 0 0 0 -65.162511 -10.587498 7.890816 3.720494 11.337389 0.944891 76.278982 -73.149487 -19.115413 0 0 0 33.490562 -14.722056 -4.850171 0.175168 -9.893272 0.978333 -31.20496 -6.359742 -3.819676 0 0 0
-0.253873 0.071476 -1.065181 -5.258727 13.328091 -10.342333 3.853225 3.953456 -2.469356 2.541931 -9.819143 -9.606169 0 0 0 2.961243 18.587095 6.454744 -4.234779 18.924466 -18.077593 0 0 0 0 0 0 -8.805303 2.600311 -13.245125 -61.432888 42.807832 -49.450262 -106.952548 38.630461 31.957394 -0.225956 1.290472 -0.416019 -3.636292 -2.244307 -19.133199 -7.100467 3.62086 1.822583 0 0 0 37.981329 3.85712 -18.21386 -3.981505 -0.312001 -2.714025 0 0 0 2.929467 -1.231741 -10.13273 -1.246458 0.377728 3.981735 0 0 0 18.723955 0.463054 -17.775594 -4.013708 0.99524 -3.126586 0 0 0 18.269087 2.108643 -5.565532 3.717059 8.635663 -20.580557 0 0 0 8.805303 2.600311 13.245125 52.160143 21.529403 27.064149 122.517628 45.467897 -28.850444 0.695596 3.184434 1.093709 3.635273 -2.24402 19.132416 7.100747 3.620751 -1.822804 0 0 0 -37.983061 3.857696 18.213087 3.981514 -0.312002 2.714676 0 0 0 -2.929954 -1.23167 10.131993 1.246384 0.377706 -3.981553 0 0 0 -18.724815 0.463336 17.774795 4.013885 0.995202 3.126699 0 0 0 -18.287739 2.122715 5.592006 -3.712166 8.636711 20.577783 0 0 0 -65.200152 -10.566239 7.30458 3.682344 11.338972 0.926666 76.112508 -72.594418 -18.253652 0 0 0 33.159503 -14.123051 -4.68134 0.20185 -9.884425 0.98186 -31.067165 -6.651844 -3.809407 0 0 0
-0.243644 0.066311 -1.004255 -5.08461 13.007148 -10.095486 3.974306 2.051037 -2.299662 2.489247 -10.275229 -9.088739 0 0 0 2.135759 17.944132 5.601662 -3.300747 16.006383 -13.424973 0 0 0 0 0 0 -8.805303 2.600311 -13.245125 -61.95609 42.334014 -51.528701 -106.715556 38.512769 31.982478 -0.262748 1.495893 -0.482733 -3.636292 -2.244307 -19.133199 -7.100467 3.62086 1.822583 0 0 0 37.981329 3.85712 -18.21386 -3.981505 -0.312001 -2.714025 0 0 0 2.929467 -1.231741 -10.13273 -1.246458 0.377728 3.981735 0 0 0 18.723955 0.463054 -17.775594 -4.013708 0.99524 -3.126586 0 0 0 18.269087 2.108643 -5.565532 3.717059 8.635663 -20.580557 0 0 0 8.805303 2.600311 13.245125 53.756892 22.028075 34.243375 118.508726 43.884001 -29.905687 1.182926 6.123743 2.044296 3.635273 -2.24402 19.132416 7.100747 3.620751 -1.822804 0 0 0 -37.983061 3.857696 18.213087 3.981514 -0.312002 2.714676 0 0 0 -2.929954 -1.23167 10.131993 1.246384 0.377706 -3.981553 0 0 0 -18.724815 0.463336 17.774795 4.013885 0.995202 3.126699 0 0 0 -18.287739 2.122715 5.592006 -3.712166 8.636711 20.577783 0 0 0 -65.096785 -10.537302 6.647158 3.635664 11.304243 0.902065 75.994787 -71.879468 -17.333712 0 0 0 32.840933 -13.474391 -4.502265 0.229248 -9.86412 0.985476 -30.876718 -6.869225 -3.795779 0 0 0
-0.232518 0.061933 -0.940385 -4.93372 12.608647 -9.848018 4.034059 0.182016 -1.994954 2.426107 -10.727121 -8.621802 0 0 0 1.219524 17.5276 4.632147 -2.704882 12.886302 -8.698304 0 0 0 0 0 0 -8.805303 2.600311 -13.245125 -62.496548 41.982276 -53.56156 -106.326459 38.318183 32.020908 -0.301057 1.707595 -0.551726 -3.636292 -2.244307 -19.133199 -7.100467 3.62086 1.822583 0 0 0 37.981329 3.85712 -18.21386 -3.981505 -0.312001 -2.714025 0 0 0 2.929467 -1.231741 -10.13273 -1.246458 0.377728 3.981735 0 0 0 18.723955 0.463054 -17.775594 -4.013708 0.99524 -3.126586 0 0 0 18.269087 2.108643 -5.565532 3.717059 8.635663 -20.580557 0 0 0 8.805303 2.600311 13.245125 54.986815 21.629425 40.70274 115.586229 42.653201 -30.573556 1.42535 7.341271 2.456769 3.635273 -2.24402 19.132416 7.100747 3.620751 -1.822804 0 0 0 -37.983061 3.857696 18.213087 3.981514 -0.312002 2.714676 0 0 0 -2.929954 -1.23167 10.131993 1.246384 0.377706 -3.981553 0 0 0 -18.724815 0.463336 17.774795 4.013885 0.995202 3.126699 0 0 0 -18.287739 2.122715 5.592006 -3.712166 8.636711 20.577783 0 0 0 -64.863547 -10.452273 5.95422 3.556342 11.205054 0.857987 75.767099 -70.811968 -16.154103 0 0 0 32.472139 -12.773231 -4.272333 0.253878 -9.825986 0.988708 -30.63023 -7.00461 -3.779902 0 0 0
-0.222253 0.057245 -0.877264 -4.750863 12.134808 -9.622562 4.102519 -1.632905 -1.53642 2.378514 -11.18579 -8.22489 0 0 0 0.18909 17.368488 3.530407 -2.476496 9.771914 -3.814849 0 0 0 0 0 0 -8.805303 2.600311 -13.245125 -63.328294 41.637658 -55.848602 -105.637606 37.971473 32.084251 -0.347936 1.964593 -0.635712 -3.636292 -2.244307 -19.133199 -7.100467 3.62086 1.822583 0 0 0 37.981329 3.85712 -18.21386 -3.981505 -0.312001 -2.714025 0 0 0 2.929467 -1.231741 -10.13273 -1.246458 0.377728 3.981735 0 0 0 18.723955 0.463054 -17.775594 -4.013708 0.99524 -3.126586 0 0 0 18.269087 2.108643 -5.565532 3.717059 8.635663 -20.580557 0 0 0 8.805303 2.600311 13.245125 55.563095 20.759582 46.325726 113.364963 41.666975 -31.008489 1.517575 7.774332 2.607231 3.635273 -2.24402 19.132416 7.100747 3.620751 -1.822804 0 0 0 -37.983061 3.857696 18.213087 3.981514 -0.312002 2.714676 0 0 0 -2.929954 -1.23167 10.131993 1.246384 0.377706 -3.981553 0 0 0 -18.724815 0.463336 17.774795 4.013885 0.995202 3.126699 0 0 0 -18.287739 2.122715 5.592006 -3.712166 8.636711 20.577783 0 0 0 -64.416005 -10.2608 5.244691 3.417788 11.003867 0.779451 75.165451 -69.24817 -14.642999 0 0 0 32.029806 -12.024415 -3.956233 0.27581 -9.778206 0.991545 -30.338567 -7.119224 -3.76113 0 0 0
-0.215466 0.052351 -0.80429 -4.558014 11.614822 -9.418009 4.156128 -3.444463 -1.018927 2.326927 -11.633448 -7.827868 0 0 0 -0.891041 17.47356 2.427492 -2.618162 6.8357 0.995127 0 0 0 0 0 0 -8.805303 2.600311 -13.245125 -64.431842 41.173381 -58.611672 -104.632996 37.462411 32.169165 -0.40008 2.248569 -0.728727 -3.636292 -2.244307 -19.133199 -7.100467 3.62086 1.822583 0 0 0 37.981329 3.85712 -18.21386 -3.981505 -0.312001 -2.714025 0 0 0 2.929467 -1.231741 -10.13273 -1.246458 0.377728 3.981735 0 0 0 18.723955 0.463054 -17.775594 -4.013708 0.99524 -3.126586 0 0 0 18.269087 2.108643 -5.565532 3.717059 8.635663 -20.580557 0 0 0 8.805303 2.600311 13.245125 55.637023 19.76024 51.357201 111.469073 40.793782 -31.330842 1.482972 7.616077 2.551605 3.635273 -2.24402 19.132416 7.100747 3.620751 -1.822804 0 0 0 -37.983061 3.857696 18.213087 3.981514 -0.312002 2.714676 0 0 0 -2.929954 -1.23167 10.131993 1.246384 0.377706 -3.981553 0 0 0 -18.724815 0.463336 17.774795 4.013885 0.995202 3.126699 0 0 0 -18.287739 2.122715 5.592006 -3.712166 8.636711 20.577783 0 0 0 -63.603388 -9.952854 4.526093 3.203547 10.651721 0.656211 74.05441 -67.031618 -12.854843 0 0 0 31.537636 -11.240989 -3.57396 0.295738 -9.741311 0.994101 -30.008626 -7.252895 -3.734623 0 0 0
-0.204567 0.044836 -0.724549 -4.380794 11.071561 -9.230088 4.110009 -5.248189 -0.489827 2.235475 -12.019309 -7.362813 0 0 0 -1.949672 17.795788 1.392462 -3.067903 4.217348 5.427853 0 0 0 0 0 0 -8.805303 2.600311 -13.245125 -65.636552 40.559356 -61.8355 -103.45106 36.858743 32.258416 -0.446594 2.500445 -0.811393 -3.636292 -2.244307 -19.133199 -7.100467 3.62086 1.822583 0 0 0 37.981329 3.85712 -18.21386 -3.981505 -0.312001 -2.714025 0 0 0 2.929467 -1.231741 -10.13273 -1.246458 0.377728 3.981735 0 0 0 18.723955 0.463054 -17.775594 -4.013708 0.99524 -3.126586 0 0 0 18.269087 2.108643 -5.565532 3.717059 8.635663 -20.580557 0 0 0 8.805303 2.600311 13.245125 55.455672 18.830184 55.972558 109.73731 39.975448 -31.590654 1.355441 7.024 2.344898 3.635273 -2.24402 19.132416 7.100747 3.620751 -1.822804 0 0 0 -37.983061 3.857696 18.213087 3.981514 -0.312002 2.714676 0 0 0 -2.929954 -1.23167 10.131993 1.246384 0.377706 -3.981553 0 0 0 -18.724815 0.463336 17.774795 4.013885 0.995202 3.126699 0 0 0 -18.287739 2.122715 5.592006 -3.712166 8.636711 20.577783 0 0 0 -62.283444 -9.51048 3.854023 2.898081 10.078052 0.480743 72.490887 -63.804835 -10.874842 0 0 0 31.011287 -10.454497 -3.150165 0.311234 -9.713297 0.996197 -29.638416 -7.410044 -3.700242 0 0 0
-0.194175 0.035977 -0.658962 -4.168937 10.48967 -9.098726 3.894454 -6.938579 0.169901 2.095308 -12.311128 -6.858386 0 0 0 -2.97459 18.274232 0.367329 -3.732615 1.979128 9.342673 0 0 0 0 0 0 -8.805303 2.600311 -13.245125 -66.795174 39.809767 -65.337847 -102.259761 36.244555 32.335054 -0.482529 2.693438 -0.874921 -3.636292 -2.244307 -19.133199 -7.100467 3.62086 1.822583 0 0 0 37.981329 3.85712 -18.21386 -3.981505 -0.312001 -2.714025 0 0 0 2.929467 -1.231741 -10.13273 -1.246458 0.377728 3.981735 0 0 0 18.723955 0.463054 -17.775594 -4.013708 0.99524 -3.126586 0 0 0 18.269087 2.108643 -5.565532 3.717059 8.635663 -20.580557 0 0 0 8.805303 2.600311 13.245125 54.998943 17.97055 60.231664 108.18709 39.228672 -31.798103 1.179263 6.187662 2.055725 3.635273 -2.24402 19.132416 7.100747 3.620751 -1.822804 0 0 0 -37.983061 3.857696 18.213087 3.981514 -0.312002 2.714676 0 0 0 -2.929954 -1.23167 10.131993 1.246384 0.377706 -3.981553 0 0 0 -18.724815 0.463336 17.774795 4.013885 0.995202 3.126699 0 0 0 -18.287739 2.122715 5.592006 -3.712166 8.636711 20.577783 0 0 0 -60.384945 -8.851712 3.335364 2.48618 9.219451 0.249411 70.561432 -59.123774 -8.758075 0 0 0 30.40159 -9.704252 -2.632162 0.318692 -9.657918 0.997574 -29.213497 -7.609823 -3.666626 0 0 0
-0.186754 0.024858 -0.591218 -3.858596 9.853437 -9.048167 3.502664 -8.409363 1.024864 1.919242 -12.506058 -6.382438 0 0 0 -3.97912 18.880024 -0.705896 -4.548139 -0.026551 12.773791 0 0 0 0 0 0 -8.805303 2.600311 -13.245125 -67.767625 38.894085 -68.922225 -101.162188 35.67333 32.392742 -0.528214 2.933271 -0.954532 -3.636292 -2.244307 -19.133199 -7.100467 3.62086 1.822583 0 0 0 37.981329 3.85712 -18.21386 -3.981505 -0.312001 -2.714025 0 0 0 2.929467 -1.231741 -10.13273 -1.246458 0.377728 3.981735 0 0 0 18.723955 0.463054 -17.775594 -4.013708 0.99524 -3.126586 0 0 0 18.269087 2.108643 -5.565532 3.717059 8.635663 -20.580557 0 0 0 8.805303 2.600311 13.245125 54.17225 17.174132 64.160355 106.909194 38.603666 -31.951698 0.960905 5.110416 1.689176 3.635273 -2.24402 19.132416 7.100747 3.620751 -1.822804 0 0 0 -37.983061 3.857696 18.213087 3.981514 -0.312002 2.714676 0 0 0 -2.929954 -1.23167 10.131993 1.246384 0.377706 -3.981553 0 0 0 -18.724815 0.463336 17.774795 4.013885 0.995202 3.126699 0 0 0 -18.287739 2.122715 5.592006 -3.712166 8.636711 20.577783 0 0 0 -58.096589 -7.979479 2.984822 2.01088 8.163278 -0.009506 68.462077 -53.306776 -6.712265 0 0 0 29.680474 -8.991846 -1.994967 0.319571 -9.550888 0.99851 -28.740121 -7.872791 -3.642557 0 0 0
-0.190444 0.012578 -0.5239 -3.492748 9.218121 -9.01266 3.02286 -9.636635 1.873264 1.724997 -12.599443 -5.945651 0 0 0 -4.993946 19.609275 -1.877873 -5.518362 -2.231981 15.950765 0 0 0 0 0 0 -8.805303 2.600311 -13.245125 -68.420768 37.801682 -72.442427 -100.254278 35.197358 32.431813 -0.625006 3.431511 -1.121162 -3.636292 -2.244307 -19.133199 -7.100467 3.62086 1.822583 0 0 0 37.981329 3.85712 -18.21386 -3.981505 -0.312001 -2.714025 0 0 0 2.929467 -1.231741 -10.13273 -1.246458 0.377728 3.981735 0 0 0 18.723955 0.463054 -17.775594 -4.013708 0.99524 -3.126586 0 0 0 18.269087 2.108643 -5.565532 3.717059 8.635663 -20.580557 0 0 0 8.805303 2.600311 13.245125 53.129122 16.563167 67.591309 105.964487 38.13597 -32.054409 0.683571 3.683034 1.211541 3.635273 -2.24402 19.132416 7.100747 3.620751 -1.822804 0 0 0 -37.983061 3.857696 18.213087 3.981514 -0.312002 2.714676 0 0 0 -2.929954 -1.23167 10.131993 1.246384 0.377706 -3.981553 0 0 0 -18.724815 0.463336 17.774795 4.013885 0.995202 3.126699 0 0 0 -18.287739 2.122715 5.592006 -3.712166 8.636711 20.577783 0 0 0 -55.909484 -7.116798 2.67936 1.588605 7.185234 -0.232519 66.595748 -47.758752 -5.121339 0 0 0 29.000499 -8.291085 -1.380205 0.320241 -9.422883 0.999634 -28.316038 -8.186693 -3.631154 0 0 0
-0.168232 0.002557 -0.464756 -3.207164 8.671563 -8.967898 2.569625 -10.620196 2.550477 1.535085 -12.578732 -5.534217 0 0 0 -6.032429 20.49537 -3.145137 -6.71708 -5.204681 19.129609 0 0 0 0 0 0 -8.805303 2.600311 -13.245125 -68.658271 36.608658 -75.698385 -99.662476 34.885649 32.453552 -0.794641 4.29073 -1.410349 -3.636292 -2.244307 -19.133199 -7.100467 3.62086 1.822583 0 0 0 37.981329 3.85712 -18.21386 -3.981505 -0.312001 -2.714025 0 0 0 2.929467 -1.231741 -10.13273 -1.246458 0.377728 3.981735 0 0 0 18.723955 0.463054 -17.775594 -4.013708 0.99524 -3.126586 0 0 0 18.269087 2.108643 -5.565532 3.717059 8.635663 -20.580557 0 0 0 8.805303 2.600311 13.245125 52.212491 16.237068 70.063444 105.378326 37.843273 -32.113207 0.366598 1.989791 0.65272 3.635273 -2.24402 19.132416 7.100747 3.620751 -1.822804 0 0 0 -37.983061 3.857696 18.213087 3.981514 -0.312002 2.714676 0 0 0 -2.929954 -1.23167 10.131993 1.246384 0.377706 -3.981553 0 0 0 -18.724815 0.463336 17.774795 4.013885 0.995202 3.126699 0 0 0 -18.287739 2.122715 5.592006 -3.712166 8.636711 20.577783 0 0 0 -54.203714 -6.446761 2.356193 1.305994 6.496362 -0.377575 65.252661 -43.73296 -4.178185 0 0 0 28.551698 -7.637711 -0.90405 0.323875 -9.328071 1.000974 -28.033011 -8.491235 -3.627127 0 0 0
-0.168486 0.002609 -0.41952 -3.097029 8.236453 -8.998301 2.173033 -11.299419 3.182855 1.362279 -12.429285 -5.146887 0 0 0 -7.025668 21.659646 -4.326986 -8.251601 -9.395049 22.258579 0 0 0 0 0 0 -8.805303 2.600311 -13.245125 -68.395802 35.384817 -78.308817 -99.48655 34.792729 32.459399 -1.010286 5.362168 -1.773777 -3.636292 -2.244307 -19.133199 -7.100467 3.62086 1.822583 0 0 0 37.981329 3.85712 -18.21386 -3.981505 -0.312001 -2.714025 0 0 0 2.929467 -1.231741 -10.13273 -1.246458 0.377728 3.981735 0 0 0 18.723955 0.463054 -17.775594 -4.013708 0.99524 -3.126586 0 0 0 18.269087 2.108643 -5.565532 3.717059 8.635663 -20.580557 0 0 0 8.805303 2.600311 13.245125 51.684717 16.102932 70.96753 105.244413 37.775411 -32.124677 0.070105 0.344927 0.116959 3.635273 -2.24402 19.132416 7.100747 3.620751 -1.822804 0 0 0 -37.983061 3.857696 18.213087 3.981514 -0.312002 2.714676 0 0 0 -2.929954 -1.23167 10.131993 1.246384 0.377706 -3.981553 0 0 0 -18.724815 0.463336 17.774795 4.013885 0.995202 3.126699 0 0 0 -18.287739 2.122715 5.592006 -3.712166 8.636711 20.577783 0 0 0 -52.979211 -5.912632 2.079251 1.153237 6.081279 -0.4553 64.387378 -41.358212 -3.731266 0 0 0 28.298428 -7.121641 -0.502292 0.328034 -9.279139 1.00208 -27.816132 -8.69397 -3.618434 0 0 0
-0.170829 -0.001808 -0.388476 -3.166722 7.889868 -9.050964 1.794743 -11.612644 3.7993 1.182303 -12.116364 -4.707927 0 0 0 -7.868655 23.284366 -5.177168 -10.158879 -14.827732 24.932559 0 0 0 0 0 0 -8.805303 2.600311 -13.245125 -67.568028 34.133305 -79.785541 -99.786985 34.95091 32.448301 -1.211692 6.34257 -2.109144 -3.636292 -2.244307 -19.133199 -7.100467 3.62086 1.822583 0 0 0 37.981329 3.85712 -18.21386 -3.981505 -0.312001 -2.714025 0 0 0 2.929467 -1.231741 -10.13273 -1.246458 0.377728 3.981735 0 0 0 18.723955 0.463054 -17.775594 -4.013708 0.99524 -3.126586 0 0 0 18.269087 2.108643 -5.565532 3.717059 8.635663 -20.580557 0 0 0 8.805303 2.600311 13.245125 51.676448 15.880537 69.674781 105.863062 38.077823 -32.050446 -0.180332 -1.135336 -0.356015 3.635273 -2.24402 19.132416 7.100747 3.620751 -1.822804 0 0 0 -37.983061 3.857696 18.213087 3.981514 -0.312002 2.714676 0 0 0 -2.929954 -1.23167 10.131993 1.246384 0.377706 -3.981553 0 0 0 -18.724815 0.463336 17.774795 4.013885 0.995202 3.126699 0 0 0 -18.287739 2.122715 5.592006 -3.712166 8.636711 20.577783 0 0 0 -52.12208 -5.535439 1.824439 1.085226 5.879095 -0.490678 63.857177 -40.2724 -3.563202 0 0 0 28.116759 -6.750258 -0.223526 0.331539 -9.241538 1.003148 -27.531745 -8.749301 -3.599703 0 0 0
-0.172778 -0.000103 -0.359795 -3.411635 7.628352 -8.91162 1.433697 -11.58956 4.175933 0.968327 -11.58919 -4.122068 0 0 0 -8.50261 25.420384 -5.578825 -12.213584 -20.646658 26.632767 0 0 0 0 0 0 -8.805303 2.600311 -13.245125 -66.200588 32.918915 -79.760242 -100.60328 35.379018 32.413699 -1.344803 6.979967 -2.328685 -3.636292 -2.244307 -19.133199 -7.100467 3.62086 1.822583 0 0 0 37.981329 3.85712 -18.21386 -3.981505 -0.312001 -2.714025 0 0 0 2.929467 -1.231741 -10.13273 -1.246458 0.377728 3.981735 0 0 0 18.723955 0.463054 -17.775594 -4.013708 0.99524 -3.126586 0 0 0 18.269087 2.108643 -5.565532 3.717059 8.635663 -20.580557 0 0 0 8.805303 2.600311 13.245125 52.284727 15.18582 65.674792 107.738183 38.977358 -31.795748 -0.456889 -2.989857 -0.930767 3.635273 -2.24402 19.132416 7.100747 3.620751 -1.822804 0 0 0 -37.983061 3.857696 18.213087 3.981514 -0.312002 2.714676 0 0 0 -2.929954 -1.23167 10.131993 1.246384 0.377706 -3.981553 0 0 0 -18.724815 0.463336 17.774795 4.013885 0.995202 3.126699 0 0 0 -18.287739 2.122715 5.592006 -3.712166 8.636711 20.577783 0 0 0 -51.559284 -5.526686 1.469979 1.074443 5.894257 -0.495382 63.590793 -40.222836 -3.568489 0 0 0 28.01468 -6.456158 -0.303099 0.336323 -9.178685 1.004965 -27.149449 -8.674826 -3.576793 0 0 0
-0.136329 -0.005127 -0.370191 -3.846456 7.444836 -8.579837 1.141374 -11.299826 4.329927 0.754567 -10.897591 -3.481863 0 0 0 -8.899064 27.866224 -5.524487 -13.875424 -25.156149 26.936465 0 0 0 0 0 0 -8.805303 2.600311 -13.245125 -64.429221 31.974291 -78.196348 -101.876545 36.042398 32.348711 -1.398957 7.237184 -2.41758 -3.636292 -2.244307 -19.133199 -7.100467 3.62086 1.822583 0 0 0 37.981329 3.85712 -18.21386 -3.981505 -0.312001 -2.714025 0 0 0 2.929467 -1.231741 -10.13273 -1.246458 0.377728 3.981735 0 0 0 18.723955 0.463054 -17.775594 -4.013708 0.99524 -3.126586 0 0 0 18.269087 2.108643 -5.565532 3.717059 8.635663 -20.580557 0 0 0 8.805303 2.600311 13.245125 53.458417 13.729611 58.993911 111.194649 40.586787 -31.244726 -0.868311 -6.091937 -1.871542 3.635273 -2.24402 19.132416 7.100747 3.620751 -1.822804 0 0 0 -37.983061 3.857696 18.213087 3.981514 -0.312002 2.714676 0 0 0 -2.929954 -1.23167 10.131993 1.246384 0.377706 -3.981553 0 0 0 -18.724815 0.463336 17.774795 4.013885 0.995202 3.126699 0 0 0 -18.287739 2.122715 5.592006 -3.712166 8.636711 20.577783 0 0 0 -51.11316 -5.861714 1.065957 1.092666 6.061448 -0.482992 63.47628 -40.774278 -3.667104 0 0 0 27.995644 -6.256351 -0.723266 0.341339 -9.082642 1.007594 -26.678139 -8.46176 -3.552335 0 0 0
-0.138713 -0.001498 -0.382458 -4.405668 7.315718 -8.293073 0.952889 -10.773812 4.550177 0.6048 -10.245091 -2.992704 0 0 0 -9.05054 30.297811 -5.075553 -14.644039 -26.895841 25.766771 0 0 0 0 0 0 -8.805303 2.600311 -13.245125 -62.444658 31.558613 -75.421624 -103.382584 36.820298 32.255539 -1.396313 7.225597 -2.413429 -3.636292 -2.244307 -19.133199 -7.100467 3.62086 1.822583 0 0 0 37.981329 3.85712 -18.21386 -3.981505 -0.312001 -2.714025 0 0 0 2.929467 -1.231741 -10.13273 -1.246458 0.377728 3.981735 0 0 0 18.723955 0.463054 -17.775594 -4.013708 0.99524 -3.126586 0 0 0 18.269087 2.108643 -5.565532 3.717059 8.635663 -20.580557 0 0 0 8.805303 2.600311 13.245125 54.776662 11.625169 50.513085 115.858669 42.675761 -30.370096 -1.400448 -10.46215 -3.182041 3.635273 -2.24402 19.132416 7.100747 3.620751 -1.822804 0 0 0 -37.983061 3.857696 18.213087 3.981514 -0.312002 2.714676 0 0 0 -2.929954 -1.23167 10.131993 1.246384 0.377706 -3.981553 0 0 0 -18.724815 0.463336 17.774795 4.013885 0.995202 3.126699 0 0 0 -18.287739 2.122715 5.592006 -3.712166 8.636711 20.577783 0 0 0 -50.603063 -6.234383 0.82201 1.105539 6.234023 -0.472793 63.35677 -41.309794 -3.759319 0 0 0 27.971605 -6.231356 -1.167189 0.341653 -8.977605 1.009905 -26.150562 -8.096386 -3.523268 0 0 0
-0.148188 0.00022 -0.41522 -4.909332 7.248522 -8.14493 0.855551 -10.034651 4.880623 0.529798 -9.76901 -2.705255 0 0 0 -9.028065 32.396718 -4.432302 -14.512023 -25.729937 23.633778 0 0 0 0 0 0 -8.805303 2.600311 -13.245125 -60.445561 31.734435 -71.961465 -104.85377 37.571899 32.145344 -1.345126 6.985081 -2.329915 -3.636292 -2.244307 -19.133199 -7.100467 3.62086 1.822583 0 0 0 37.981329 3.85712 -18.21386 -3.981505 -0.312001 -2.714025 0 0 0 2.929467 -1.231741 -10.13273 -1.246458 0.377728 3.981735 0 0 0 18.723955 0.463054 -17.775594 -4.013708 0.99524 -3.126586 0 0 0 18.269087 2.108643 -5.565532 3.717059 8.635663 -20.580557 0 0 0 8.805303 2.600311 13.245125 55.593629 9.474754 41.606274 120.727203 44.753163 -29.302781 -1.886366 -14.806266 -4.47415 3.635273 -2.24402 19.132416 7.100747 3.620751 -1.822804 0 0 0 -37.983061 3.857696 18.213087 3.981514 -0.312002 2.714676 0 0 0 -2.929954 -1.23167 10.131993 1.246384 0.377706 -3.981553 0 0 0 -18.724815 0.463336 17.774795 4.013885 0.995202 3.126699 0 0 0 -18.287739 2.122715 5.592006 -3.712166 8.636711 20.577783 0 0 0 -50.099922 -6.510404 0.818298 1.098 6.340806 -0.47284 63.19052 -41.521112 -3.7912 0 0 0 27.934067 -6.366894 -1.480183 0.334383 -8.901347 1.01059 -25.718813 -7.677232 -3.49534 0 0 0
-0.135489 0.007826 -0.450977 -5.212105 7.271813 -8.04264 0.800843 -9.137347 5.139893 0.488114 -9.401038 -2.517756 0 0 0 -8.960457 33.885975 -3.854726 -13.933534 -22.744179 21.353523 0 0 0 0 0 0 -8.805303 2.600311 -13.245125 -58.611314 32.361186 -68.433498 -106.136931 38.219305 32.031199 -1.248538 6.529632 -2.172014 -3.636292 -2.244307 -19.133199 -7.100467 3.62086 1.822583 0 0 0 37.981329 3.85712 -18.21386 -3.981505 -0.312001 -2.714025 0 0 0 2.929467 -1.231741 -10.13273 -1.246458 0.377728 3.981735 0 0 0 18.723955 0.463054 -17.775594 -4.013708 0.99524 -3.126586 0 0 0 18.269087 2.108643 -5.565532 3.717059 8.635663 -20.580557 0 0 0 8.805303 2.600311 13.245125 55.522468 8.058194 33.534069 124.87494 46.423892 -28.253807 -2.173445 -17.610346 -5.302658 3.635273 -2.24402 19.132416 7.100747 3.620751 -1.822804 0 0 0 -37.983061 3.857696 18.213087 3.981514 -0.312002 2.714676 0 0 0 -2.929954 -1.23167 10.131993 1.246384 0.377706 -3.981553 0 0 0 -18.724815 0.463336 17.774795 4.013885 0.995202 3.126699 0 0 0 -18.287739 2.122715 5.592006 -3.712166 8.636711 20.577783 0 0 0 -49.828992 -6.784423 0.961595 1.080632 6.412495 -0.477143 63.075177 -41.538167 -3.782427 0 0 0 27.964656 -6.573677 -1.744815 0.321359 -8.871026 1.009399 -25.537082 -7.354315 -3.480501 0 0 0
-0.134808 0.012552 -0.492352 -5.335655 7.378419 -7.943557 0.743759 -8.144836 5.294063 0.448046 -9.053635 -2.356027 0 0 0 -8.930733 34.633937 -3.455989 -13.382663 -19.263303 19.447144 0 0 0 0 0 0 -8.805303 2.600311 -13.245125 -57.082974 33.245298 -65.465056 -107.157218 38.728422 31.928379 -1.142248 6.026066 -1.997788 -3.636292 -2.244307 -19.133199 -7.100467 3.62086 1.822583 0 0 0 37.981329 3.85712 -18.21386 -3.981505 -0.312001 -2.714025 0 0 0 2.929467 -1.231741 -10.13273 -1.246458 0.377728 3.981735 0 0 0 18.723955 0.463054 -17.775594 -4.013708 0.99524 -3.126586 0 0 0 18.269087 2.108643 -5.565532 3.717059 8.635663 -20.580557 0 0 0 8.805303 2.600311 13.245125 54.679934 7.895883 27.196268 127.955967 47.590497 -27.37596 -2.226815 -18.15224 -5.462518 3.635273 -2.24402 19.132416 7.100747 3.620751 -1.822804 0 0 0 -37.983061 3.857696 18.213087 3.981514 -0.312002 2.714676 0 0 0 -2.929954 -1.23167 10.131993 1.246384 0.377706 -3.981553 0 0 0 -18.724815 0.463336 17.774795 4.013885 0.995202 3.126699 0 0 0 -18.287739 2.122715 5.592006 -3.712166 8.636711 20.577783 0 0 0 -49.882921 -7.098886 1.153062 1.072793 6.493748 -0.476754 63.102792 -41.661633 -3.786869 0 0 0 28.076604 -6.806363 -2.009985 0.306649 -8.871612 1.007216 -25.569071 -7.164868 -3.480133 0 0 0
-0.131599 0.016788 -0.526005 -5.393341 7.528911 -7.872191 0.670988 -7.11135 5.441414 0.403768 -8.723358 -2.197219 0 0 0 -8.960108 34.716153 -3.216128 -13.06246 -16.051072 18.000372 0 0 0 0 0 0 -8.805303 2.600311 -13.245125 -55.941371 34.190663 -63.414742 -107.832048 39.062611 31.855131 -1.071068 5.686603 -1.880675 -3.636292 -2.244307 -19.133199 -7.100467 3.62086 1.822583 0 0 0 37.981329 3.85712 -18.21386 -3.981505 -0.312001 -2.714025 0 0 0 2.929467 -1.231741 -10.13273 -1.246458 0.377728 3.981735 0 0 0 18.723955 0.463054 -17.775594 -4.013708 0.99524 -3.126586 0 0 0 18.269087 2.108643 -5.565532 3.717059 8.635663 -20.580557 0 0 0 8.805303 2.600311 13.245125 53.46521 8.946386 22.983441 130.0295 48.334193 -26.733406 -2.087247 -16.618665 -5.01331 3.635273 -2.24402 19.132416 7.100747 3.620751 -1.822804 0 0 0 -37.983061 3.857696 18.213087 3.981514 -0.312002 2.714676 0 0 0 -2.929954 -1.23167 10.131993 1.246384 0.377706 -3.981553 0 0 0 -18.724815 0.463336 17.774795 4.013885 0.995202 3.126699 0 0 0 -18.287739 2.122715 5.592006 -3.712166 8.636711 20.577783 0 0 0 -50.177986 -7.418069 1.345703 1.085968 6.60601 -0.467037 63.269981 -42.093105 -3.842964 0 0 0 28.221965 -7.061907 -2.257727 0.293528 -8.879969 1.005049 -25.673609 -7.04329 -3.486658 0 0 0
-0.130326 0.017498 -0.561633 -5.451496 7.68975 -7.823453 0.580078 -6.072031 5.649692 0.349832 -8.389224 -1.995932 0 0 0 -9.062837 34.341601 -3.12239 -12.968293 -13.234745 16.853846 0 0 0 0 0 0 -8.805303 2.600311 -13.245125 -55.197476 34.990129 -62.214546 -108.144868 39.216822 31.819768 -1.046474 5.56857 -1.840065 -3.636292 -2.244307 -19.133199 -7.100467 3.62086 1.822583 0 0 0 37.981329 3.85712 -18.21386 -3.981505 -0.312001 -2.714025 0 0 0 2.929467 -1.231741 -10.13273 -1.246458 0.377728 3.981735 0 0 0 18.723955 0.463054 -17.775594 -4.013708 0.99524 -3.126586 0 0 0 18.269087 2.108643 -5.565532 3.717059 8.635663 -20.580557 0 0 0 8.805303 2.600311 13.245125 52.229307 10.489822 20.611142 131.133402 48.716827 -26.375483 -1.855521 -14.123018 -4.281843 3.635273 -2.24402 19.132416 7.100747 3.620751 -1.822804 0 0 0 -37.983061 3.857696 18.213087 3.981514 -0.312002 2.714676 0 0 0 -2.929954 -1.23167 10.131993 1.246384 0.377706 -3.981553 0 0 0 -18.724815 0.463336 17.774795 4.013885 0.995202 3.126699 0 0 0 -18.287739 2.122715 5.592006 -3.712166 8.636711 20.577783 0 0 0 -50.557988 -7.730617 1.529512 1.1122 6.732795 -0.452035 63.497153 -42.716143 -3.935649 0 0 0 28.391075 -7.328935 -2.496707 0.282098 -8.885756 1.003145 -25.793198 -6.930454 -3.496647 0 0 0
-0.129103 0.019809 -0.594369 -5.524449 7.846534 -7.756161 0.475666 -5.028164 5.932804 0.282593 -8.001324 -1.713645 0 0 0 -9.224536 33.794682 -3.12061 -13.047577 -10.737453 15.737601 0 0 0 0 0 0 -8.805303 2.600311 -13.245125 -54.81642 35.532327 -61.550381 -108.233182 39.260222 31.809515 -1.044078 5.556998 -1.836093 -3.636292 -2.244307 -19.133199 -7.100467 3.62086 1.822583 0 0 0 37.981329 3.85712 -18.21386 -3.981505 -0.312001 -2.714025 0 0 0 2.929467 -1.231741 -10.13273 -1.246458 0.377728 3.981735 0 0 0 18.723955 0.463054 -17.775594 -4.013708 0.99524 -3.126586 0 0 0 18.269087 2.108643 -5.565532 3.717059 8.635663 -20.580557 0 0 0 8.805303 2.600311 13.245125 51.214428 11.465437 19.317906 131.25812 48.760442 -26.335488 -1.67946 -12.257474 -3.734948 3.635273 -2.24402 19.132416 7.100747 3.620751 -1.822804 0 0 0 -37.983061 3.857696 18.213087 3.981514 -0.312002 2.714676 0 0 0 -2.929954 -1.23167 10.131993 1.246384 0.377706 -3.981553 0 0 0 -18.724815 0.463336 17.774795 4.013885 0.995202 3.126699 0 0 0 -18.287739 2.122715 5.592006 -3.712166 8.636711 20.577783 0 0 0 -50.835937 -8.058354 1.725372 1.127419 6.822117 -0.443285 63.66748 -43.140011 -4.00419 0 0 0 28.619794 -7.586008 -2.766794 0.269336 -8.891269 1.001033 -25.956427 -6.802363 -3.510942 0 0 0
-0.120062 0.018763 -0.639604 -5.625967 8.010095 -7.638429 0.372449 -3.975559 6.258757 0.213172 -7.567749 -1.39995 0 0 0 -9.35838 33.370678 -3.06314 -13.221783 -8.649891 14.505741 0 0 0 0 0 0 -8.805303 2.600311 -13.245125 -54.72833 35.877931 -61.103092 -108.282709 39.284407 31.803455 -1.034021 5.507951 -1.819333 -3.636292 -2.244307 -19.133199 -7.100467 3.62086 1.822583 0 0 0 37.981329 3.85712 -18.21386 -3.981505 -0.312001 -2.714025 0 0 0 2.929467 -1.231741 -10.13273 -1.246458 0.377728 3.981735 0 0 0 18.723955 0.463054 -17.775594 -4.013708 0.99524 -3.126586 0 0 0 18.269087 2.108643 -5.565532 3.717059 8.635663 -20.580557 0 0 0 8.805303 2.600311 13.245125 50.6738 11.452472 18.405916 130.752546 48.591004 -26.506067 -1.645766 -11.854446 -3.617488 3.635273 -2.24402 19.132416 7.100747 3.620751 -1.822804 0 0 0 -37.983061 3.857696 18.213087 3.981514 -0.312002 2.714676 0 0 0 -2.929954 -1.23167 10.131993 1.246384 0.377706 -3.981553 0 0 0 -18.724815 0.463336 17.774795 4.013885 0.995202 3.126699 0 0 0 -18.287739 2.122715 5.592006 -3.712166 8.636711 20.577783 0 0 0 -50.933994 -8.439757 1.952887 1.122403 6.858416 -0.444966 63.727385 -43.220833 -4.0252 0 0 0 28.950205 -7.829035 -3.109726 0.253605 -8.902026 0.998377 -26.192935 -6.664182 -3.530081 0 0 0
-0.102922 0.021914 -0.686713 -5.745961 8.215959 -7.50324 0.270788 -2.953258 6.595938 0.155728 -7.182144 -1.158452 0 0 0 -9.410586 33.166322 -2.941146 -13.359203 -7.115 13.380878 0 0 0 0 0 0 -8.805303 2.600311 -13.245125 -54.861613 36.123333 -60.714692 -108.349666 39.31706 31.79517 -1.015889 5.419603 -1.789132 -3.636292 -2.244307 -19.133199 -7.100467 3.62086 1.822583 0 0 0 37.981329 3.85712 -18.21386 -3.981505 -0.312001 -2.714025 0 0 0 2.929467 -1.231741 -10.13273 -1.246458 0.377728 3.981735 0 0 0 18.723955 0.463054 -17.775594 -4.013708 0.99524 -3.126586 0 0 0 18.269087 2.108643 -5.565532 3.717059 8.635663 -20.580557 0 0 0 8.805303 2.600311 13.245125 50.721543 11.289526 17.650846 130.380592 48.46642 -26.631642 -1.708727 -12.417665 -3.783851 3.635273 -2.24402 19.132416 7.100747 3.620751 -1.822804 0 0 0 -37.983061 3.857696 18.213087 3.981514 -0.312002 2.714676 0 0 0 -2.929954 -1.23167 10.131993 1.246384 0.377706 -3.981553 0 0 0 -18.724815 0.463336 17.774795 4.013885 0.995202 3.126699 0 0 0 -18.287739 2.122715 5.592006 -3.712166 8.636711 20.577783 0 0 0 -51.059604 -8.882974 2.218636 1.123475 6.905585 -0.443811 63.798449 -43.379689 -4.064234 0 0 0 29.380105 -8.09633 -3.514264 0.238007 -8.914836 0.995712 -26.506492 -6.55046 -3.55679 0 0 0
-0.085398 0.022327 -0.73714 -5.818925 8.47859 -7.415492 0.15958 -2.04128 6.925642 0.109649 -6.926081 -1.010233 0 0 0 -9.484583 32.954875 -3.042733 -13.347798 -5.963119 12.805998 0 0 0 0 0 0 -8.805303 2.600311 -13.245125 -55.185856 36.249594 -60.423385 -108.368902 39.326448 31.792776 -1.009326 5.387803 -1.778235 -3.636292 -2.244307 -19.133199 -7.100467 3.62086 1.822583 0 0 0 37.981329 3.85712 -18.21386 -3.981505 -0.312001 -2.714025 0 0 0 2.929467 -1.231741 -10.13273 -1.246458 0.377728 3.981735 0 0 0 18.723955 0.463054 -17.775594 -4.013708 0.99524 -3.126586 0 0 0 18.269087 2.108643 -5.565532 3.717059 8.635663 -20.580557 0 0 0 8.805303 2.600311 13.245125 51.047234 12.014062 17.215671 130.625799 48.548884 -26.54925 -1.766958 -12.956002 -3.942539 3.635273 -2.24402 19.132416 7.100747 3.620751 -1.822804 0 0 0 -37.983061 3.857696 18.213087 3.981514 -0.312002 2.714676 0 0 0 -2.929954 -1.23167 10.131993 1.246384 0.377706 -3.981553 0 0 0 -18.724815 0.463336 17.774795 4.013885 0.995202 3.126699 0 0 0 -18.287739 2.122715 5.592006 -3.712166 8.636711 20.577783 0 0 0 -51.514063 -9.338608 2.506588 1.161045 7.034039 -0.424328 64.060135 -44.083874 -4.193771 0 0 0 29.818642 -8.415124 -3.910971 0.226831 -8.920388 0.993879 -26.864172 -6.493332 -3.592317 0 0 0
-0.09122 0.023567 -0.790343 -5.80341 8.746655 -7.363596 0.029696 -1.290149 7.181212 0.056829 -6.761472 -0.853399 0 0 0 -9.656283 32.533575 -3.496295 -13.200396 -4.967723 12.807244 0 0 0 0 0 0 -8.805303 2.600311 -13.245125 -55.613448 36.199277 -60.299379 -108.317136 39.30123 31.799188 -1.015825 5.419782 -1.789123 -3.636292 -2.244307 -19.133199 -7.100467 3.62086 1.822583 0 0 0 37.981329 3.85712 -18.21386 -3.981505 -0.312001 -2.714025 0 0 0 2.929467 -1.231741 -10.13273 -1.246458 0.377728 3.981735 0 0 0 18.723955 0.463054 -17.775594 -4.013708 0.99524 -3.126586 0 0 0 18.269087 2.108643 -5.565532 3.717059 8.635663 -20.580557 0 0 0 8.805303 2.600311 13.245125 51.19614 13.273457 17.199665 131.17478 48.733306 -26.364544 -1.770824 -12.986973 -3.951769 3.635273 -2.24402 19.132416 7.100747 3.620751 -1.822804 0 0 0 -37.983061 3.857696 18.213087 3.981514 -0.312002 2.714676 0 0 0 -2.929954 -1.23167 10.131993 1.246384 0.377706 -3.981553 0 0 0 -18.724815 0.463336 17.774795 4.013885 0.995202 3.126699 0 0 0 -18.287739 2.122715 5.592006 -3.712166 8.636711 20.577783 0 0 0 -52.276487 -9.765914 2.7442 1.229214 7.238823 -0.388598 64.500572 -45.240667 -4.397098 0 0 0 30.14325 -8.722416 -4.266907 0.220489 -8.919407 0.992912 -27.179509 -6.478574 -3.62671 0 0 0
-0.069581 0.022986 -0.807622 -5.79598 8.962475 -7.285839 -0.099238 -0.679663 7.318183 -0.005084 -6.60718 -0.641957 0 0 0 -9.746613 32.09838 -3.839278 -13.048083 -4.379691 12.739103 0 0 0 0 0 0 -8.805303 2.600311 -13.245125 -55.936264 36.070835 -60.28935 -108.266791 39.276712 31.805453 -1.020082 5.440629 -1.796235 -3.636292 -2.244307 -19.133199 -7.100467 3.62086 1.822583 0 0 0 37.981329 3.85712 -18.21386 -3.981505 -0.312001 -2.714025 0 0 0 2.929467 -1.231741 -10.13273 -1.246458 0.377728 3.981735 0 0 0 18.723955 0.463054 -17.775594 -4.013708 0.99524 -3.126586 0 0 0 18.269087 2.108643 -5.565532 3.717059 8.635663 -20.580557 0 0 0 8.805303 2.600311 13.245125 51.176824 13.870356 17.425553 131.452564 48.827131 -26.271632 -1.734987 -12.644412 -3.851039 3.635273 -2.24402 19.132416 7.100747 3.620751 -1.822804 0 0 0 -37.983061 3.857696 18.213087 3.981514 -0.312002 2.714676 0 0 0 -2.929954 -1.23167 10.131993 1.246384 0.377706 -3.981553 0 0 0 -18.724815 0.463336 17.774795 4.013885 0.995202 3.126699 0 0 0 -18.287739 2.122715 5.592006 -3.712166 8.636711 20.577783 0 0 0 -52.991453 -10.174767 2.875277 1.29896 7.458442 -0.35101 64.932635 -46.417467 -4.608597 0 0 0 30.356044 -8.948004 -4.618718 0.216277 -8.921967 0.992172 -27.371236 -6.445966 -3.646127 0 0 0
-0.060841 0.02216 -0.836018 -5.955082 9.152768 -7.180456 -0.140977 -0.187642 7.410857 -0.030304 -6.485548 -0.525313 0 0 0 -9.544051 31.926407 -3.550138 -13.004634 -4.566244 12.076364 0 0 0 0 0 0 -8.805303 2.600311 -13.245125 -56.052621 36.102588 -60.276586 -108.279194 39.282769 31.803951 -1.013318 5.407223 -1.784879 -3.636292 -2.244307 -19.133199 -7.100467 3.62086 1.822583 0 0 0 37.981329 3.85712 -18.21386 -3.981505 -0.312001 -2.714025 0 0 0 2.929467 -1.231741 -10.13273 -1.246458 0.377728 3.981735 0 0 0 18.723955 0.463054 -17.775594 -4.013708 0.99524 -3.126586 0 0 0 18.269087 2.108643 -5.565532 3.717059 8.635663 -20.580557 0 0 0 8.805303 2.600311 13.245125 51.353098 13.853403 17.812005 131.369135 48.80003 -26.300687 -1.686271 -12.188474 -3.716772 3.635273 -2.24402 19.132416 7.100747 3.620751 -1.822804 0 0 0 -37.983061 3.857696 18.213087 3.981514 -0.312002 2.714676 0 0 0 -2.929954 -1.23167 10.131993 1.246384 0.377706 -3.981553 0 0 0 -18.724815 0.463336 17.774795 4.013885 0.995202 3.126699 0 0 0 -18.287739 2.122715 5.592006 -3.712166 8.636711 20.577783 0 0 0 -53.403918 -10.589712 2.957089 1.359316 7.65092 -0.318501 65.246808 -47.439255 -4.811746 0 0 0 30.617809 -9.128893 -5.002043 0.212221 -8.938874 0.991151 -27.473838 -6.349545 -3.650059 0 0 0
-0.045982 0.02216 -0.866055 -6.26494 9.386614 -7.086339 -0.015128 0.136718 7.536266 0.025286 -6.480204 -0.643097 0 0 0 -9.088645 31.946986 -2.69782 -13.070213 -5.591724 10.9513 0 0 0 0 0 0 -8.805303 2.600311 -13.245125 -56.157632 36.367138 -60.224769 -108.331508 39.308266 31.797482 -0.993523 5.309611 -1.751676 -3.636292 -2.244307 -19.133199 -7.100467 3.62086 1.822583 0 0 0 37.981329 3.85712 -18.21386 -3.981505 -0.312001 -2.714025 0 0 0 2.929467 -1.231741 -10.13273 -1.246458 0.377728 3.981735 0 0 0 18.723955 0.463054 -17.775594 -4.013708 0.99524 -3.126586 0 0 0 18.269087 2.108643 -5.565532 3.717059 8.635663 -20.580557 0 0 0 8.805303 2.600311 13.245125 51.663736 14.588269 18.782581 131.030533 48.684329 -26.412309 -1.655772 -11.933485 -3.641258 3.635273 -2.24402 19.132416 7.100747 3.620751 -1.822804 0 0 0 -37.983061 3.857696 18.213087 3.981514 -0.312002 2.714676 0 0 0 -2.929954 -1.23167 10.131993 1.246384 0.377706 -3.981553 0 0 0 -18.724815 0.463336 17.774795 4.013885 0.995202 3.126699 0 0 0 -18.287739 2.122715 5.592006 -3.712166 8.636711 20.577783 0 0 0 -53.625834 -11.007223 3.073878 1.421063 7.814304 -0.287207 65.509346 -48.411535 -5.032262 0 0 0 31.042888 -9.321119 -5.4042 0.208425 -8.981795 0.989666 -27.630736 -6.224579 -3.650828 0 0 0
-0.032192 0.02008 -0.886755 -6.496405 9.669879 -7.024025 0.231716 0.194201 7.687847 0.139204 -6.5838 -0.919252 0 0 0 -8.537354 31.871946 -1.731353 -13.117691 -7.518204 9.677135 0 0 0 0 0 0 -8.805303 2.600311 -13.245125 -56.52364 36.628602 -60.143639 -108.359173 39.321745 31.794046 -0.959962 5.143804 -1.695319 -3.636292 -2.244307 -19.133199 -7.100467 3.62086 1.822583 0 0 0 37.981329 3.85712 -18.21386 -3.981505 -0.312001 -2.714025 0 0 0 2.929467 -1.231741 -10.13273 -1.246458 0.377728 3.981735 0 0 0 18.723955 0.463054 -17.775594 -4.013708 0.99524 -3.126586 0 0 0 18.269087 2.108643 -5.565532 3.717059 8.635663 -20.580557 0 0 0 8.805303 2.600311 13.245125 51.4162 16.392844 20.885841 130.071675 48.34619 -26.716485 -1.714319 -12.912719 -3.934669 3.635273 -2.24402 19.132416 7.100747 3.620751 -1.822804 0 0 0 -37.983061 3.857696 18.213087 3.981514 -0.312002 2.714676 0 0 0 -2.929954 -1.23167 10.131993 1.246384 0.377706 -3.981553 0 0 0 -18.724815 0.463336 17.774795 4.013885 0.995202 3.126699 0 0 0 -18.287739 2.122715 5.592006 -3.712166 8.636711 20.577783 0 0 0 -53.963687 -11.369957 3.221297 1.494556 7.951999 -0.252457 65.844375 -49.393879 -5.280634 0 0 0 31.552527 -9.493196 -5.759625 0.206824 -9.050425 0.988044 -27.960965 -6.183557 -3.662501 0 0 0
-0.02631 0.018867 -0.893677 -6.475988 9.945791 -6.999252 0.45538 -0.092189 7.863992 0.256909 -6.734665 -1.251353 0 0 0 -7.875002 31.520852 -0.934584 -12.828829 -10.602536 8.369609 0 0 0 0 0 0 -8.805303 2.600311 -13.245125 -57.178436 36.667514 -59.999752 -108.334887 39.309911 31.797051 -0.911851 4.904527 -1.61421 -3.636292 -2.244307 -19.133199 -7.100467 3.62086 1.822583 0 0 0 37.981329 3.85712 -18.21386 -3.981505 -0.312001 -2.714025 0 0 0 2.929467 -1.231741 -10.13273 -1.246458 0.377728 3.981735 0 0 0 18.723955 0.463054 -17.775594 -4.013708 0.99524 -3.126586 0 0 0 18.269087 2.108643 -5.565532 3.717059 8.635663 -20.580557 0 0 0 8.805303 2.600311 13.245125 50.174494 17.550701 23.896633 127.995679 47.596985 -27.354727 -1.915858 -16.949011 -5.161383 3.635273 -2.24402 19.132416 7.100747 3.620751 -1.822804 0 0 0 -37.983061 3.857696 18.213087 3.981514 -0.312002 2.714676 0 0 0 -2.929954 -1.23167 10.131993 1.246384 0.377706 -3.981553 0 0 0 -18.724815 0.463336 17.774795 4.013885 0.995202 3.126699 0 0 0 -18.287739 2.122715 5.592006 -3.712166 8.636711 20.577783 0 0 0 -54.596082 -11.614259 3.334182 1.586821 8.074248 -0.210337 66.307627 -50.428294 -5.5672 0 0 0 32.021152 -9.580885 -5.99774 0.210829 -9.125025 0.987195 -28.467515 -6.322828 -3.692984 0 0 0
-0.024773 0.020248 -0.886885 -6.302647 10.158596 -6.998009 0.566867 -0.705786 8.073658 0.36056 -6.986205 -1.687291 0 0 0 -6.839806 31.088362 -0.168866 -11.746072 -15.458849 7.034572 0 0 0 0 0 0 -8.805303 2.600311 -13.245125 -57.97639 36.537689 -59.841822 -108.279904 39.283098 31.803822 -0.8517 4.603283 -1.512382 -3.636292 -2.244307 -19.133199 -7.100467 3.62086 1.822583 0 0 0 37.981329 3.85712 -18.21386 -3.981505 -0.312001 -2.714025 0 0 0 2.929467 -1.231741 -10.13273 -1.246458 0.377728 3.981735 0 0 0 18.723955 0.463054 -17.775594 -4.013708 0.99524 -3.126586 0 0 0 18.269087 2.108643 -5.565532 3.717059 8.635663 -20.580557 0 0 0 8.805303 2.600311 13.245125 48.573255 16.439656 26.597721 124.974672 46.474339 -28.243828 -2.183695 -24.694424 -7.551364 3.635273 -2.24402 19.132416 7.100747 3.620751 -1.822804 0 0 0 -37.983061 3.857696 18.213087 3.981514 -0.312002 2.714676 0 0 0 -2.929954 -1.23167 10.131993 1.246384 0.377706 -3.981553 0 0 0 -18.724815 0.463336 17.774795 4.013885 0.995202 3.126699 0 0 0 -18.287739 2.122715 5.592006 -3.712166 8.636711 20.577783 0 0 0 -55.37854 -11.748841 3.348358 1.698658 8.204871 -0.159126 66.82817 -51.584296 -5.904521 0 0 0 32.431982 -9.558689 -6.116918 0.222669 -9.190093 0.987756 -29.027391 -6.613595 -3.734316 0 0 0
-0.018652 0.01937 -0.873325 -6.222898 10.259732 -7.003598 0.641897 -1.506466 8.264535 0.477052 -7.451969 -2.261196 0 0 0 -5.202008 31.091201 0.891719 -9.603006 -22.820166 5.665034 0 0 0 0 0 0 -8.805303 2.600311 -13.245125 -58.928282 36.359839 -59.845901 -108.195291 39.241753 31.814092 -0.796212 4.324371 -1.418242 -3.636292 -2.244307 -19.133199 -7.100467 3.62086 1.822583 0 0 0 37.981329 3.85712 -18.21386 -3.981505 -0.312001 -2.714025 0 0 0 2.929467 -1.231741 -10.13273 -1.246458 0.377728 3.981735 0 0 0 18.723955 0.463054 -17.775594 -4.013708 0.99524 -3.126586 0 0 0 18.269087 2.108643 -5.565532 3.717059 8.635663 -20.580557 0 0 0 8.805303 2.600311 13.245125 47.792718 13.524394 27.502764 121.855064 45.274704 -29.111697 -2.357883 -33.700004 -10.378903 3.635273 -2.24402 19.132416 7.100747 3.620751 -1.822804 0 0 0 -37.983061 3.857696 18.213087 3.981514 -0.312002 2.714676 0 0 0 -2.929954 -1.23167 10.131993 1.246384 0.377706 -3.981553 0 0 0 -18.724815 0.463336 17.774795 4.013885 0.995202 3.126699 0 0 0 -18.287739 2.122715 5.592006 -3.712166 8.636711 20.577783 0 0 0 -55.93102 -11.799807 3.231653 1.807908 8.337459 -0.108339 67.237199 -52.708392 -6.240158 0 0 0 32.767255 -9.446911 -6.142032 0.24009 -9.240445 0.989431 -29.414028 -6.886924 -3.762703 0 0 0
-0.018844 0.019422 -0.847008 -6.336501 10.200935 -7.03011 0.84395 -2.292539 8.356494 0.637566 -8.103767 -2.871501 0 0 0 -3.079798 31.797821 2.35426 -6.554346 -32.127397 4.099241 0 0 0 0 0 0 -8.805303 2.600311 -13.245125 -60.199148 36.173506 -60.042796 -108.065427 39.178234 31.829753 -0.762421 4.15407 -1.360821 -3.636292 -2.244307 -19.133199 -7.100467 3.62086 1.822583 0 0 0 37.981329 3.85712 -18.21386 -3.981505 -0.312001 -2.714025 0 0 0 2.929467 -1.231741 -10.13273 -1.246458 0.377728 3.981735 0 0 0 18.723955 0.463054 -17.775594 -4.013708 0.99524 -3.126586 0 0 0 18.269087 2.108643 -5.565532 3.717059 8.635663 -20.580557 0 0 0 8.805303 2.600311 13.245125 48.347509 10.290651 25.615159 119.600925 44.382614 -29.707007 -2.368293 -40.392291 -12.535101 3.635273 -2.24402 19.132416 7.100747 3.620751 -1.822804 0 0 0 -37.983061 3.857696 18.213087 3.981514 -0.312002 2.714676 0 0 0 -2.929954 -1.23167 10.131993 1.246384 0.377706 -3.981553 0 0 0 -18.724815 0.463336 17.774795 4.013885 0.995202 3.126699 0 0 0 -18.287739 2.122715 5.592006 -3.712166 8.636711 20.577783 0 0 0 -55.961164 -11.725749 3.013965 1.871956 8.413633 -0.078634 67.363775 -53.363862 -6.4393 0 0 0 32.895315 -9.292192 -6.045656 0.257108 -9.261481 0.991472 -29.428217 -6.974056 -3.760036 0 0 0
-0.024945 0.020532 -0.815189 -6.497291 9.976187 -7.064016 1.191484 -2.924628 8.280535 0.824615 -8.775519 -3.38502 0 0 0 -0.844284 32.873095 4.060318 -3.012055 -40.781184 1.879479 0 0 0 0 0 0 -8.805303 2.600311 -13.245125 -61.701107 36.091336 -60.198444 -107.945133 39.119403 31.84428 -0.739286 4.035931 -1.321193 -3.636292 -2.244307 -19.133199 -7.100467 3.62086 1.822583 0 0 0 37.981329 3.85712 -18.21386 -3.981505 -0.312001 -2.714025 0 0 0 2.929467 -1.231741 -10.13273 -1.246458 0.377728 3.981735 0 0 0 18.723955 0.463054 -17.775594 -4.013708 0.99524 -3.126586 0 0 0 18.269087 2.108643 -5.565532 3.717059 8.635663 -20.580557 0 0 0 8.805303 2.600311 13.245125 49.840633 7.160174 20.798181 118.765331 44.049326 -29.924657 -2.272416 -43.78318 -13.68634 3.635273 -2.24402 19.132416 7.100747 3.620751 -1.822804 0 0 0 -37.983061 3.857696 18.213087 3.981514 -0.312002 2.714676 0 0 0 -2.929954 -1.23167 10.131993 1.246384 0.377706 -3.981553 0 0 0 -18.724815 0.463336 17.774795 4.013885 0.995202 3.126699 0 0 0 -18.287739 2.122715 5.592006 -3.712166 8.636711 20.577783 0 0 0 -55.475134 -11.50365 2.762552 1.855112 8.367697 -0.087991 67.119199 -53.111666 -6.372152 0 0 0 32.719723 -9.106934 -5.825993 0.26825 -9.244098 0.993182 -29.102402 -6.884164 -3.731817 0 0 0
-0.044283 0.031406 -0.801811 -6.494312 9.637749 -7.050982 1.49929 -3.407957 8.00824 0.97207 -9.308973 -3.741435 0 0 0 1.15665 33.760017 5.713832 0.517838 -45.692703 -1.29221 0 0 0 0 0 0 -8.805303 2.600311 -13.245125 -62.973011 36.2827 -60.107087 -107.916565 39.105472 31.84781 -0.697807 3.821001 -1.249502 -3.636292 -2.244307 -19.133199 -7.100467 3.62086 1.822583 0 0 0 37.981329 3.85712 -18.21386 -3.981505 -0.312001 -2.714025 0 0 0 2.929467 -1.231741 -10.13273 -1.246458 0.377728 3.981735 0 0 0 18.723955 0.463054 -17.775594 -4.013708 0.99524 -3.126586 0 0 0 18.269087 2.108643 -5.565532 3.717059 8.635663 -20.580557 0 0 0 8.805303 2.600311 13.245125 51.697055 3.559369 13.961628 119.188261 44.228357 -29.828316 -2.138461 -45.403103 -14.294933 3.635273 -2.24402 19.132416 7.100747 3.620751 -1.822804 0 0 0 -37.983061 3.857696 18.213087 3.981514 -0.312002 2.714676 0 0 0 -2.929954 -1.23167 10.131993 1.246384 0.377706 -3.981553 0 0 0 -18.724815 0.463336 17.774795 4.013885 0.995202 3.126699 0 0 0 -18.287739 2.122715 5.592006 -3.712166 8.636711 20.577783 0 0 0 -54.690831 -11.180788 2.522297 1.753421 8.171534 -0.139004 66.554014 -51.80275 -6.018976 0 0 0 32.308749 -8.852541 -5.542641 0.271691 -9.211068 0.994001 -28.681021 -6.777385 -3.696719 0 0 0
-0.026289 0.02296 -0.784868 -6.262322 9.252374 -7.040604 1.646758 -3.853887 7.662435 1.054712 -9.62943 -4.004266 0 0 0 2.70817 34.186797 7.037939 3.36094 -45.352926 -5.126924 0 0 0 0 0 0 -8.805303 2.600311 -13.245125 -63.656385 36.756163 -59.8588 -107.958248 39.12591 31.842897 -0.622732 3.428527 -1.119026 -3.636292 -2.244307 -19.133199 -7.100467 3.62086 1.822583 0 0 0 37.981329 3.85712 -18.21386 -3.981505 -0.312001 -2.714025 0 0 0 2.929467 -1.231741 -10.13273 -1.246458 0.377728 3.981735 0 0 0 18.723955 0.463054 -17.775594 -4.013708 0.99524 -3.126586 0 0 0 18.269087 2.108643 -5.565532 3.717059 8.635663 -20.580557 0 0 0 8.805303 2.600311 13.245125 53.507821 -0.715651 6.896208 120.319031 44.692903 -29.551647 -1.976219 -46.70297 -14.824255 3.635273 -2.24402 19.132416 7.100747 3.620751 -1.822804 0 0 0 -37.983061 3.857696 18.213087 3.981514 -0.312002 2.714676 0 0 0 -2.929954 -1.23167 10.131993 1.246384 0.377706 -3.981553 0 0 0 -18.724815 0.463336 17.774795 4.013885 0.995202 3.126699 0 0 0 -18.287739 2.122715 5.592006 -3.712166 8.636711 20.577783 0 0 0 -53.849342 -10.735373 2.34234 1.597008 7.838246 -0.218066 65.852533 -49.681269 -5.486639 0 0 0 31.779011 -8.548185 -5.162633 0.269068 -9.192412 0.993761 -28.351957 -6.762991 -3.666278 0 0 0
-0.05876 0.025259 -0.7605 -5.914188 8.861102 -7.163265 1.780736 -4.32126 7.425044 1.140621 -9.739073 -4.331037 0 0 0 3.79062 34.188435 8.026231 4.891347 -40.259029 -9.268914 0 0 0 0 0 0 -8.805303 2.600311 -13.245125 -63.840685 37.349309 -59.69663 -107.97523 39.134228 31.840906 -0.523753 2.906017 -0.945945 -3.636292 -2.244307 -19.133199 -7.100467 3.62086 1.822583 0 0 0 37.981329 3.85712 -18.21386 -3.981505 -0.312001 -2.714025 0 0 0 2.929467 -1.231741 -10.13273 -1.246458 0.377728 3.981735 0 0 0 18.723955 0.463054 -17.775594 -4.013708 0.99524 -3.126586 0 0 0 18.269087 2.108643 -5.565532 3.717059 8.635663 -20.580557 0 0 0 8.805303 2.600311 13.245125 54.766431 -5.10378 1.464595 121.911562 45.326941 -29.13561 -1.779762 -48.087639 -15.408502 3.635273 -2.24402 19.132416 7.100747 3.620751 -1.822804 0 0 0 -37.983061 3.857696 18.213087 3.981514 -0.312002 2.714676 0 0 0 -2.929954 -1.23167 10.131993 1.246384 0.377706 -3.981553 0 0 0 -18.724815 0.463336 17.774795 4.013885 0.995202 3.126699 0 0 0 -18.287739 2.122715 5.592006 -3.712166 8.636711 20.577783 0 0 0 -53.096236 -10.100393 2.278514 1.430343 7.427686 -0.303658 65.214213 -47.269598 -4.931839 0 0 0 31.190665 -8.295857 -4.597256 0.263494 -9.186986 0.992927 -28.094799 -6.804012 -3.640197 0 0 0
-0.083527 0.028268 -0.739568 -5.624105 8.480355 -7.401326 2.136054 -4.696064 7.252227 1.309294 -9.655221 -4.827985 0 0 0 4.587491 33.806382 8.828891 5.065776 -31.859622 -13.647732 0 0 0 0 0 0 -8.805303 2.600311 -13.245125 -63.762491 37.927635 -59.663981 -107.939935 39.116941 31.845138 -0.429619 2.404404 -0.780356 -3.636292 -2.244307 -19.133199 -7.100467 3.62086 1.822583 0 0 0 37.981329 3.85712 -18.21386 -3.981505 -0.312001 -2.714025 0 0 0 2.929467 -1.231741 -10.13273 -1.246458 0.377728 3.981735 0 0 0 18.723955 0.463054 -17.775594 -4.013708 0.99524 -3.126586 0 0 0 18.269087 2.108643 -5.565532 3.717059 8.635663 -20.580557 0 0 0 8.805303 2.600311 13.245125 54.86781 -8.648017 -1.354672 124.25366 46.212415 -28.465545 -1.587527 -49.334869 -15.948175 3.635273 -2.24402 19.132416 7.100747 3.620751 -1.822804 0 0 0 -37.983061 3.857696 18.213087 3.981514 -0.312002 2.714676 0 0 0 -2.929954 -1.23167 10.131993 1.246384 0.377706 -3.981553 0 0 0 -18.724815 0.463336 17.774795 4.013885 0.995202 3.126699 0 0 0 -18.287739 2.122715 5.592006 -3.712166 8.636711 20.577783 0 0 0 -52.453124 -9.380374 2.304518 1.287775 7.042451 -0.376829 64.725763 -45.098277 -4.473911 0 0 0 30.605779 -8.146115 -3.942256 0.25725 -9.172342 0.99215 -27.805136 -6.804067 -3.614432 0 0 0
-0.099101 0.028423 -0.73417 -5.473629 8.137881 -7.618396 2.770993 -4.775681 6.934928 1.570989 -9.3835 -5.505879 0 0 0 5.296941 32.979802 9.395159 4.386122 -21.548441 -17.916154 0 0 0 0 0 0 -8.805303 2.600311 -13.245125 -63.464412 38.518322 -59.52086 -107.915104 39.104781 31.848096 -0.366544 2.065176 -0.668744 -3.636292 -2.244307 -19.133199 -7.100467 3.62086 1.822583 0 0 0 37.981329 3.85712 -18.21386 -3.981505 -0.312001 -2.714025 0 0 0 2.929467 -1.231741 -10.13273 -1.246458 0.377728 3.981735 0 0 0 18.723955 0.463054 -17.775594 -4.013708 0.99524 -3.126586 0 0 0 18.269087 2.108643 -5.565532 3.717059 8.635663 -20.580557 0 0 0 8.805303 2.600311 13.245125 53.427468 -10.210819 -1.632228 127.813483 47.471613 -27.345934 -1.494659 -49.873394 -16.189868 3.635273 -2.24402 19.132416 7.100747 3.620751 -1.822804 0 0 0 -37.983061 3.857696 18.213087 3.981514 -0.312002 2.714676 0 0 0 -2.929954 -1.23167 10.131993 1.246384 0.377706 -3.981553 0 0 0 -18.724815 0.463336 17.774795 4.013885 0.995202 3.126699 0 0 0 -18.287739 2.122715 5.592006 -3.712166 8.636711 20.577783 0 0 0 -51.910117 -8.787009 2.367821 1.181175 6.757707 -0.429739 64.369042 -43.441358 -4.152176 0 0 0 30.131524 -8.080968 -3.40412 0.250017 -9.142357 0.991468 -27.493231 -6.730407 -3.590898 0 0 0
-0.112544 0.028371 -0.746515 -5.38044 7.892451 -7.783221 3.561006 -4.458251 6.371469 1.881587 -8.949278 -6.327701 0 0 0 5.946172 31.786533 9.650206 3.262934 -10.729816 -21.436256 0 0 0 0 0 0 -8.805303 2.600311 -13.245125 -62.923649 39.192266 -59.018976 -107.949699 39.121714 31.84393 -0.325514 1.840062 -0.595193 -3.636292 -2.244307 -19.133199 -7.100467 3.62086 1.822583 0 0 0 37.981329 3.85712 -18.21386 -3.981505 -0.312001 -2.714025 0 0 0 2.929467 -1.231741 -10.13273 -1.246458 0.377728 3.981735 0 0 0 18.723955 0.463054 -17.775594 -4.013708 0.99524 -3.126586 0 0 0 18.269087 2.108643 -5.565532 3.717059 8.635663 -20.580557 0 0 0 8.805303 2.600311 13.245125 50.538847 -8.638646 0.112889 132.515192 49.026874 -25.746835 -1.602881 -48.932814 -15.813824 3.635273 -2.24402 19.132416 7.100747 3.620751 -1.822804 0 0 0 -37.983061 3.857696 18.213087 3.981514 -0.312002 2.714676 0 0 0 -2.929954 -1.23167 10.131993 1.246384 0.377706 -3.981553 0 0 0 -18.724815 0.463336 17.774795 4.013885 0.995202 3.126699 0 0 0 -18.287739 2.122715 5.592006 -3.712166 8.636711 20.577783 0 0 0 -51.57536 -8.393718 2.516977 1.108691 6.576902 -0.463796 64.136044 -42.331894 -3.949102 0 0 0 29.839183 -8.118916 -3.036663 0.239812 -9.115443 0.990301 -27.299975 -6.645264 -3.578865 0 0 0
-0.132526 0.028435 -0.782944 -5.216863 7.7911 -7.970547 4.316622 -3.845407 5.567533 2.163724 -8.382892 -7.126209 0 0 0 6.389276 30.482454 9.726223 1.767263 -0.920753 -23.903003 0 0 0 0 0 0 -8.805303 2.600311 -13.245125 -62.237695 39.824813 -58.215305 -108.000476 39.146541 31.83779 -0.276042 1.564111 -0.505541 -3.636292 -2.244307 -19.133199 -7.100467 3.62086 1.822583 0 0 0 37.981329 3.85712 -18.21386 -3.981505 -0.312001 -2.714025 0 0 0 2.929467 -1.231741 -10.13273 -1.246458 0.377728 3.981735 0 0 0 18.723955 0.463054 -17.775594 -4.013708 0.99524 -3.126586 0 0 0 18.269087 2.108643 -5.565532 3.717059 8.635663 -20.580557 0 0 0 8.805303 2.600311 13.245125 47.072349 -3.26631 3.30463 136.850771 50.38771 -24.192884 -1.913368 -45.774223 -14.58766 3.635273 -2.24402 19.132416 7.100747 3.620751 -1.822804 0 0 0 -37.983061 3.857696 18.213087 3.981514 -0.312002 2.714676 0 0 0 -2.929954 -1.23167 10.131993 1.246384 0.377706 -3.981553 0 0 0 -18.724815 0.463336 17.774795 4.013885 0.995202 3.126699 0 0 0 -18.287739 2.122715 5.592006 -3.712166 8.636711 20.577783 0 0 0 -51.705464 -8.146526 2.800593 1.085561 6.519058 -0.472992 64.123609 -42.023609 -3.887673 0 0 0 29.669873 -8.303206 -2.762265 0.227329 -9.107322 0.988496 -27.292005 -6.612714 -3.58196 0 0 0
-0.150569 0.026214 -0.831938 -5.034211 7.79821 -8.220446 4.884872 -3.182223 4.573605 2.338869 -7.731034 -7.635017 0 0 0 6.447939 29.19736 9.653513 -0.021739 7.00422 -25.283017 0 0 0 0 0 0 -8.805303 2.600311 -13.245125 -61.567222 40.199857 -57.496658 -107.968602 39.130849 31.841447 -0.228276 1.297753 -0.418999 -3.636292 -2.244307 -19.133199 -7.100467 3.62086 1.822583 0 0 0 37.981329 3.85712 -18.21386 -3.981505 -0.312001 -2.714025 0 0 0 2.929467 -1.231741 -10.13273 -1.246458 0.377728 3.981735 0 0 0 18.723955 0.463054 -17.775594 -4.013708 0.99524 -3.126586 0 0 0 18.269087 2.108643 -5.565532 3.717059 8.635663 -20.580557 0 0 0 8.805303 2.600311 13.245125 44.631127 5.054304 7.130397 138.103989 50.746292 -23.706011 -2.265284 -40.032328 -12.510095 3.635273 -2.24402 19.132416 7.100747 3.620751 -1.822804 0 0 0 -37.983061 3.857696 18.213087 3.981514 -0.312002 2.714676 0 0 0 -2.929954 -1.23167 10.131993 1.246384 0.377706 -3.981553 0 0 0 -18.724815 0.463336 17.774795 4.013885 0.995202 3.126699 0 0 0 -18.287739 2.122715 5.592006 -3.712166 8.636711 20.577783 0 0 0 -52.432243 -8.000015 3.108506 1.148009 6.667693 -0.440145 64.453106 -43.096502 -4.063441 0 0 0 29.481224 -8.609497 -2.532627 0.217737 -9.111841 0.986896 -27.292035 -6.577071 -3.584188 0 0 0
-0.178716 0.03218 -0.870497 -5.077982 7.799467 -8.484623 5.254466 -2.660128 3.550226 2.405544 -7.139772 -7.776546 0 0 0 6.139387 27.966237 9.314987 -1.720829 12.996918 -25.558177 0 0 0 0 0 0 -8.805303 2.600311 -13.245125 -61.058241 40.383094 -57.196062 -107.826864 39.061314 31.858156 -0.223438 1.271975 -0.410493 -3.636292 -2.244307 -19.133199 -7.100467 3.62086 1.822583 0 0 0 37.981329 3.85712 -18.21386 -3.981505 -0.312001 -2.714025 0 0 0 2.929467 -1.231741 -10.13273 -1.246458 0.377728 3.981735 0 0 0 18.723955 0.463054 -17.775594 -4.013708 0.99524 -3.126586 0 0 0 18.269087 2.108643 -5.565532 3.717059 8.635663 -20.580557 0 0 0 8.805303 2.600311 13.245125 44.540278 13.38974 10.414522 134.656641 49.595313 -24.862918 -2.4622 -32.785284 -10.054987 3.635273 -2.24402 19.132416 7.100747 3.620751 -1.822804 0 0 0 -37.983061 3.857696 18.213087 3.981514 -0.312002 2.714676 0 0 0 -2.929954 -1.23167 10.131993 1.246384 0.377706 -3.981553 0 0 0 -18.724815 0.463336 17.774795 4.013885 0.995202 3.126699 0 0 0 -18.287739 2.122715 5.592006 -3.712166 8.636711 20.577783 0 0 0 -53.364287 -7.929183 3.275557 1.286571 7.012031 -0.36985 65.013718 -45.417536 -4.464075 0 0 0 29.219603 -8.936653 -2.359516 0.214852 -9.112457 0.986323 -27.024016 -6.398777 -3.559947 0 0 0
-0.195579 0.039141 -0.889377 -5.466071 7.730512 -8.67211 5.516446 -2.272203 2.718149 2.438533 -6.808208 -7.755489 0 0 0 5.750647 26.973737 8.811382 -2.780613 17.078095 -24.926756 0 0 0 0 0 0 -8.805303 2.600311 -13.245125 -60.804241 40.689174 -57.196061 -107.691568 38.994953 31.874151 -0.251922 1.432564 -0.462479 -3.636292 -2.244307 -19.133199 -7.100467 3.62086 1.822583 0 0 0 37.981329 3.85712 -18.21386 -3.981505 -0.312001 -2.714025 0 0 0 2.929467 -1.231741 -10.13273 -1.246458 0.377728 3.981735 0 0 0 18.723955 0.463054 -17.775594 -4.013708 0.99524 -3.126586 0 0 0 18.269087 2.108643 -5.565532 3.717059 8.635663 -20.580557 0 0 0 8.805303 2.600311 13.245125 46.710848 18.096954 12.057934 128.114436 47.372601 -27.013194 -2.474867 -27.717859 -8.416091 3.635273 -2.24402 19.132416 7.100747 3.620751 -1.822804 0 0 0 -37.983061 3.857696 18.213087 3.981514 -0.312002 2.714676 0 0 0 -2.929954 -1.23167 10.131993 1.246384 0.377706 -3.981553 0 0 0 -18.724815 0.463336 17.774795 4.013885 0.995202 3.126699 0 0 0 -18.287739 2.122715 5.592006 -3.712166 8.636711 20.577783 0 0 0 -53.820325 -7.912673 3.312315 1.412568 7.34659 -0.305787 65.443737 -47.589289 -4.847405 0 0 0 29.005423 -9.200546 -2.277063 0.215353 -9.103527 0.986389 -26.479299 -6.059723 -3.507284 0 0 0
-0.201151 0.041917 -0.908682 -5.925389 7.678185 -8.754992 5.718258 -1.878474 2.192354 2.497517 -6.7917 -7.829907 0 0 0 5.621725 26.447067 8.514046 -2.901784 19.048772 -23.909188 0 0 0 0 0 0 -8.805303 2.600311 -13.245125 -60.816986 41.276749 -57.053033 -107.706067 39.002056 31.872459 -0.257408 1.464311 -0.472668 -3.636292 -2.244307 -19.133199 -7.100467 3.62086 1.822583 0 0 0 37.981329 3.85712 -18.21386 -3.981505 -0.312001 -2.714025 0 0 0 2.929467 -1.231741 -10.13273 -1.246458 0.377728 3.981735 0 0 0 18.723955 0.463054 -17.775594 -4.013708 0.99524 -3.126586 0 0 0 18.269087 2.108643 -5.565532 3.717059 8.635663 -20.580557 0 0 0 8.805303 2.600311 13.245125 49.682939 17.16264 11.690381 122.291364 45.319697 -28.842514 -2.405547 -28.813683 -8.806136 3.635273 -2.24402 19.132416 7.100747 3.620751 -1.822804 0 0 0 -37.983061 3.857696 18.213087 3.981514 -0.312002 2.714676 0 0 0 -2.929954 -1.23167 10.131993 1.246384 0.377706 -3.981553 0 0 0 -18.724815 0.463336 17.774795 4.013885 0.995202 3.126699 0 0 0 -18.287739 2.122715 5.592006 -3.712166 8.636711 20.577783 0 0 0 -53.678695 -7.943485 3.424873 1.448634 7.472186 -0.286589 65.5261 -48.351753 -4.973813 0 0 0 28.979029 -9.425273 -2.292073 0.212034 -9.094345 0.985892 -26.023017 -5.743865 -3.461332 0 0 0
-0.201946 0.043699 -0.940036 -5.997357 7.78942 -8.81468 5.841246 -1.358302 1.910104 2.582023 -6.94112 -8.096086 0 0 0 5.919988 26.476593 8.758259 -2.223816 18.932154 -23.099086 0 0 0 0 0 0 -8.805303 2.600311 -13.245125 -61.028108 41.981584 -56.471524 -107.873433 39.0841 31.852626 -0.218104 1.244535 -0.401327 -3.636292 -2.244307 -19.133199 -7.100467 3.62086 1.822583 0 0 0 37.981329 3.85712 -18.21386 -3.981505 -0.312001 -2.714025 0 0 0 2.929467 -1.231741 -10.13273 -1.246458 0.377728 3.981735 0 0 0 18.723955 0.463054 -17.775594 -4.013708 0.99524 -3.126586 0 0 0 18.269087 2.108643 -5.565532 3.717059 8.635663 -20.580557 0 0 0 8.805303 2.600311 13.245125 51.730272 11.216669 9.762276 120.248729 44.590045 -29.474053 -2.282737 -35.458228 -11.016191 3.635273 -2.24402 19.132416 7.100747 3.620751 -1.822804 0 0 0 -37.983061 3.857696 18.213087 3.981514 -0.312002 2.714676 0 0 0 -2.929954 -1.23167 10.131993 1.246384 0.377706 -3.981553 0 0 0 -18.724815 0.463336 17.774795 4.013885 0.995202 3.126699 0 0 0 -18.287739 2.122715 5.592006 -3.712166 8.636711 20.577783 0 0 0 -53.597522 -8.007241 3.794974 1.415177 7.408884 -0.302706 65.43541 -47.945903 -4.874543 0 0 0 29.104167 -9.707797 -2.348395 0.201186 -9.096753 0.984107 -26.042764 -5.655678 -3.461855 0 0 0
-0.1983 0.04459 -0.990141 -5.480733 8.102231 -8.948561 5.824825 -0.670507 1.70331 2.642134 -7.068561 -8.436827 0 0 0 6.618701 27.017904 9.531825 -1.07227 17.413823 -22.818231 0 0 0 0 0 0 -8.805303 2.600311 -13.245125 -61.210698 42.48394 -55.5356 -108.080988 39.18577 31.827848 -0.159443 0.914327 -0.294374 -3.636292 -2.244307 -19.133199 -7.100467 3.62086 1.822583 0 0 0 37.981329 3.85712 -18.21386 -3.981505 -0.312001 -2.714025 0 0 0 2.929467 -1.231741 -10.13273 -1.246458 0.377728 3.981735 0 0 0 18.723955 0.463054 -17.775594 -4.013708 0.99524 -3.126586 0 0 0 18.269087 2.108643 -5.565532 3.717059 8.635663 -20.580557 0 0 0 8.805303 2.600311 13.245125 52.014833 2.890907 7.045602 122.739367 45.512707 -28.743289 -2.084935 -42.65963 -13.459152 3.635273 -2.24402 19.132416 7.100747 3.620751 -1.822804 0 0 0 -37.983061 3.857696 18.213087 3.981514 -0.312002 2.714676 0 0 0 -2.929954 -1.23167 10.131993 1.246384 0.377706 -3.981553 0 0 0 -18.724815 0.463336 17.774795 4.013885 0.995202 3.126699 0 0 0 -18.287739 2.122715 5.592006 -3.712166 8.636711 20.577783 0 0 0 -54.213704 -8.058443 4.40317 1.38435 7.315328 -0.318233 65.470699 -47.45797 -4.750872 0 0 0 29.2192 -10.089304 -2.361523 0.184628 -9.116643 0.981246 -26.589764 -5.837017 -3.514908 0 0 0
-0.205326 0.051086 -1.031955 -4.599015 8.510416 -9.172314 5.64224 0.177686 1.438345 2.635287 -7.085694 -8.679643 0 0 0 7.56016 27.913281 10.503154 0.270696 15.57956 -22.998616 0 0 0 0 0 0 -8.805303 2.600311 -13.245125 -61.034379 42.611258 -54.543996 -108.257817 39.272224 31.806405 -0.104159 0.600141 -0.192927 -3.636292 -2.244307 -19.133199 -7.100467 3.62086 1.822583 0 0 0 37.981329 3.85712 -18.21386 -3.981505 -0.312001 -2.714025 0 0 0 2.929467 -1.231741 -10.13273 -1.246458 0.377728 3.981735 0 0 0 18.723955 0.463054 -17.775594 -4.013708 0.99524 -3.126586 0 0 0 18.269087 2.108643 -5.565532 3.717059 8.635663 -20.580557 0 0 0 8.805303 2.600311 13.245125 50.819931 -4.571561 4.29809 128.695323 47.595497 -26.855657 -1.903939 -46.671706 -14.867863 3.635273 -2.24402 19.132416 7.100747 3.620751 -1.822804 0 0 0 -37.983061 3.857696 18.213087 3.981514 -0.312002 2.714676 0 0 0 -2.929954 -1.23167 10.131993 1.246384 0.377706 -3.981553 0 0 0 -18.724815 0.463336 17.774795 4.013885 0.995202 3.126699 0 0 0 -18.287739 2.122715 5.592006 -3.712166 8.636711 20.577783 0 0 0 -55.400599 -8.036387 5.094944 1.380551 7.266927 -0.32031 65.675911 -47.328617 -4.687848 0 0 0 29.220589 -10.51314 -2.277821 0.165455 -9.151108 0.977838 -27.382029 -6.157674 -3.591283 0 0 0
-0.212373 0.052209 -1.05148 -3.796833 8.881103 -9.4468 5.450249 1.143454 1.076486 2.601405 -6.982418 -8.81755 0 0 0 8.500118 28.934832 11.336867 1.563088 14.061893 -23.321707 0 0 0 0 0 0 -8.805303 2.600311 -13.245125 -60.419364 42.520702 -53.754596 -108.415222 39.348974 31.786928 -0.054344 0.31366 -0.100776 -3.636292 -2.244307 -19.133199 -7.100467 3.62086 1.822583 0 0 0 37.981329 3.85712 -18.21386 -3.981505 -0.312001 -2.714025 0 0 0 2.929467 -1.231741 -10.13273 -1.246458 0.377728 3.981735 0 0 0 18.723955 0.463054 -17.775594 -4.013708 0.99524 -3.126586 0 0 0 18.269087 2.108643 -5.565532 3.717059 8.635663 -20.580557 0 0 0 8.805303 2.600311 13.245125 48.857297 -8.689587 2.315497 136.170404 49.99553 -24.253816 -1.868424 -47.506218 -15.157508 3.635273 -2.24402 19.132416 7.100747 3.620751 -1.822804 0 0 0 -37.983061 3.857696 18.213087 3.981514 -0.312002 2.714676 0 0 0 -2.929954 -1.23167 10.131993 1.246384 0.377706 -3.981553 0 0 0 -18.724815 0.463336 17.774795 4.013885 0.995202 3.126699 0 0 0 -18.287739 2.122715 5.592006 -3.712166 8.636711 20.577783 0 0 0 -56.524187 -7.915617 5.742701 1.382348 7.238975 -0.31919 65.884732 -47.329618 -4.649401 0 0 0 29.122457 -10.923599 -2.099742 0.145636 -9.187409 0.974348 -28.04042 -6.415292 -3.652997 0 0 0
-0.228046 0.053268 -1.066136 -3.418377 9.179363 -9.753062 5.474649 2.093787 0.60004 2.617918 -6.758845 -8.959927 0 0 0 9.225405 29.851978 11.89359 2.666349 12.690319 -23.483875 0 0 0 0 0 0 -8.805303 2.600311 -13.245125 -59.644659 42.494115 -53.255457 -108.542165 39.410764 31.771029 -0.013931 0.079383 -0.025606 -3.636292 -2.244307 -19.133199 -7.100467 3.62086 1.822583 0 0 0 37.981329 3.85712 -18.21386 -3.981505 -0.312001 -2.714025 0 0 0 2.929467 -1.231741 -10.13273 -1.246458 0.377728 3.981735 0 0 0 18.723955 0.463054 -17.775594 -4.013708 0.99524 -3.126586 0 0 0 18.269087 2.108643 -5.565532 3.717059 8.635663 -20.580557 0 0 0 8.805303 2.600311 13.245125 46.773597 -8.441749 1.899634 142.921184 51.959995 -21.692103 -1.976155 -46.702756 -14.824058 3.635273 -2.24402 19.132416 7.100747 3.620751 -1.822804 0 0 0 -37.983061 3.857696 18.213087 3.981514 -0.312002 2.714676 0 0 0 -2.929954 -1.23167 10.131993 1.246384 0.377706 -3.981553 0 0 0 -18.724815 0.463336 17.774795 4.013885 0.995202 3.126699 0 0 0 -18.287739 2.122715 5.592006 -3.712166 8.636711 20.577783 0 0 0 -57.312495 -7.748991 6.276471 1.414168 7.29374 -0.302656 66.106382 -47.831 -4.741958 0 0 0 29.015985 -11.337993 -1.883559 0.128878 -9.217099 0.971414 -28.341279 -6.480333 -3.679139 0 0 0
-0.249934 0.059454 -1.078249 -3.521432 9.452078 -10.085041 5.774639 2.790402 -0.020382 2.706813 -6.43209 -9.155493 0 0 0 9.687583 30.456903 12.257635 3.569548 11.029889 -23.468051 0 0 0 0 0 0 -8.805303 2.600311 -13.245125 -59.128981 42.657916 -53.040292 -108.547865 39.413426 31.770102 0.001596 -0.0109 0.003335 -3.636292 -2.244307 -19.133199 -7.100467 3.62086 1.822583 0 0 0 37.981329 3.85712 -18.21386 -3.981505 -0.312001 -2.714025 0 0 0 2.929467 -1.231741 -10.13273 -1.246458 0.377728 3.981735 0 0 0 18.723955 0.463054 -17.775594 -4.013708 0.99524 -3.126586 0 0 0 18.269087 2.108643 -5.565532 3.717059 8.635663 -20.580557 0 0 0 8.805303 2.600311 13.245125 45.145767 -4.256047 3.522816 146.801548 52.998668 -20.129099 -2.142623 -45.041389 -14.17895 3.635273 -2.24402 19.132416 7.100747 3.620751 -1.822804 0 0 0 -37.983061 3.857696 18.213087 3.981514 -0.312002 2.714676 0 0 0 -2.929954 -1.23167 10.131993 1.246384 0.377706 -3.981553 0 0 0 -18.724815 0.463336 17.774795 4.013885 0.995202 3.126699 0 0 0 -18.287739 2.122715 5.592006 -3.712166 8.636711 20.577783 0 0 0 -58.050668 -7.628155 6.625554 1.546338 7.575639 -0.23502 66.59487 -49.732192 -5.209011 0 0 0 28.987665 -11.770002 -1.705309 0.121235 -9.250219 0.969789 -28.298198 -6.385227 -3.670314 0 0 0
-0.27643 0.065962 -1.084938 -3.927395 9.700995 -10.38155 6.274109 2.996252 -0.724545 2.848261 -6.117639 -9.371571 0 0 0 9.971484 30.612094 12.655342 4.220491 9.085832 -23.534199 0 0 0 0 0 0 -8.805303 2.600311 -13.245125 -59.294442 43.027267 -53.200983 -108.345714 39.314632 31.794646 -0.00787 0.044327 -0.01435 -3.636292 -2.244307 -19.133199 -7.100467 3.62086 1.822583 0 0 0 37.981329 3.85712 -18.21386 -3.981505 -0.312001 -2.714025 0 0 0 2.929467 -1.231741 -10.13273 -1.246458 0.377728 3.981735 0 0 0 18.723955 0.463054 -17.775594 -4.013708 0.99524 -3.126586 0 0 0 18.269087 2.108643 -5.565532 3.717059 8.635663 -20.580557 0 0 0 8.805303 2.600311 13.245125 44.346957 2.261174 6.807837 146.20962 52.813724 -20.342229 -2.324841 -42.01275 -13.094208 3.635273 -2.24402 19.132416 7.100747 3.620751 -1.822804 0 0 0 -37.983061 3.857696 18.213087 3.981514 -0.312002 2.714676 0 0 0 -2.929954 -1.23167 10.131993 1.246384 0.377706 -3.981553 0 0 0 -18.724815 0.463336 17.774795 4.013885 0.995202 3.126699 0 0 0 -18.287739 2.122715 5.592006 -3.712166 8.636711 20.577783 0 0 0 -58.864961 -7.590308 6.720207 1.771416 8.049725 -0.119883 67.401481 -52.789741 -6.022874 0 0 0 29.025246 -12.125378 -1.609586 0.126215 -9.297326 0.969832 -28.027946 -6.257784 -3.635923 0 0 0
-0.29088 0.076047 -1.06194 -4.381177 9.839997 -10.526795 6.797362 2.629755 -1.316923 2.995975 -6.012522 -9.514741 0 0 0 10.179422 30.244558 13.22581 4.5048 7.591603 -23.888479 0 0 0 0 0 0 -8.805303 2.600311 -13.245125 -60.280169 43.603525 -53.833736 -107.974595 39.133105 31.839412 -0.010123 0.056855 -0.018421 -3.636292 -2.244307 -19.133199 -7.100467 3.62086 1.822583 0 0 0 37.981329 3.85712 -18.21386 -3.981505 -0.312001 -2.714025 0 0 0 2.929467 -1.231741 -10.13273 -1.246458 0.377728 3.981735 0 0 0 18.723955 0.463054 -17.775594 -4.013708 0.99524 -3.126586 0 0 0 18.269087 2.108643 -5.565532 3.717059 8.635663 -20.580557 0 0 0 8.805303 2.600311 13.245125 44.423593 8.705744 10.336614 140.920134 51.309614 -22.384305 -2.504634 -37.493881 -11.543525 3.635273 -2.24402 19.132416 7.100747 3.620751 -1.822804 0 0 0 -37.983061 3.857696 18.213087 3.981514 -0.312002 2.714676 0 0 0 -2.929954 -1.23167 10.131993 1.246384 0.377706 -3.981553 0 0 0 -18.724815 0.463336 17.774795 4.013885 0.995202 3.126699 0 0 0 -18.287739 2.122715 5.592006 -3.712166 8.636711 20.577783 0 0 0 -59.323585 -7.593824 6.560478 1.953945 8.419065 -0.027484 68.086499 -55.160569 -6.686142 0 0 0 29.049692 -12.240687 -1.59036 0.140245 -9.345658 0.971132 -27.660536 -6.190091 -3.589578 0 0 0
-0.285055 0.07637 -1.017207 -4.668384 9.799595 -10.453928 7.091875 1.868975 -1.590651 3.078017 -6.211314 -9.489473 0 0 0 10.346394 29.252873 13.821261 4.436081 7.616895 -24.319521 0 0 0 0 0 0 -8.805303 2.600311 -13.245125 -61.69609 44.312005 -54.72478 -107.603283 38.951214 31.883695 0.023762 -0.143146 0.045398 -3.636292 -2.244307 -19.133199 -7.100467 3.62086 1.822583 0 0 0 37.981329 3.85712 -18.21386 -3.981505 -0.312001 -2.714025 0 0 0 2.929467 -1.231741 -10.13273 -1.246458 0.377728 3.981735 0 0 0 18.723955 0.463054 -17.775594 -4.013708 0.99524 -3.126586 0 0 0 18.269087 2.108643 -5.565532 3.717059 8.635663 -20.580557 0 0 0 8.805303 2.600311 13.245125 45.179864 12.60246 12.446622 132.937886 48.899483 -25.321487 -2.625607 -33.927424 -10.335751 3.635273 -2.24402 19.132416 7.100747 3.620751 -1.822804 0 0 0 -37.983061 3.857696 18.213087 3.981514 -0.312002 2.714676 0 0 0 -2.929954 -1.23167 10.131993 1.246384 0.377706 -3.981553 0 0 0 -18.724815 0.463336 17.774795 4.013885 0.995202 3.126699 0 0 0 -18.287739 2.122715 5.592006 -3.712166 8.636711 20.577783 0 0 0 -58.971956 -7.579943 6.24733 1.957757 8.408337 -0.028522 68.120996 -55.154948 -6.686926 0 0 0 29.033513 -12.035729 -1.60932 0.15465 -9.371026 0.972701 -27.362076 -6.210065 -3.551524 0 0 0
-0.26187 0.073206 -0.960453 -4.676371 9.627032 -10.228475 7.092003 1.094734 -1.464438 3.078573 -6.597166 -9.336762 0 0 0 10.429705 27.691005 14.13923 4.216366 9.577653 -24.25455 0 0 0 0 0 0 -8.805303 2.600311 -13.245125 -63.014031 44.992522 -55.443889 -107.398109 38.850593 31.907956 0.082876 -0.492382 0.156808 -3.636292 -2.244307 -19.133199 -7.100467 3.62086 1.822583 0 0 0 37.981329 3.85712 -18.21386 -3.981505 -0.312001 -2.714025 0 0 0 2.929467 -1.231741 -10.13273 -1.246458 0.377728 3.981735 0 0 0 18.723955 0.463054 -17.775594 -4.013708 0.99524 -3.126586 0 0 0 18.269087 2.108643 -5.565532 3.717059 8.635663 -20.580557 0 0 0 8.805303 2.600311 13.245125 46.19388 12.435342 12.430874 125.88668 46.628414 -27.769355 -2.626318 -34.352255 -10.470452 3.635273 -2.24402 19.132416 7.100747 3.620751 -1.822804 0 0 0 -37.983061 3.857696 18.213087 3.981514 -0.312002 2.714676 0 0 0 -2.929954 -1.23167 10.131993 1.246384 0.377706 -3.981553 0 0 0 -18.724815 0.463336 17.774795 4.013885 0.995202 3.126699 0 0 0 -18.287739 2.122715 5.592006 -3.712166 8.636711 20.577783 0 0 0 -57.959636 -7.526074 5.933555 1.787922 8.04036 -0.118735 67.479879 -52.881463 -6.05608 0 0 0 29.008014 -11.611207 -1.622127 0.16291 -9.364959 0.973711 -27.277198 -6.33787 -3.539683 0 0 0
-0.242948 0.071838 -0.915217 -4.410739 9.471219 -9.99769 6.982117 0.640416 -1.01549 3.058848 -6.970286 -9.209136 0 0 0 10.447567 26.06606 14.127856 4.080619 12.712601 -23.446634 0 0 0 0 0 0 -8.805303 2.600311 -13.245125 -63.969914 45.488245 -55.75635 -107.404121 38.853631 31.907431 0.13708 -0.814159 0.259312 -3.636292 -2.244307 -19.133199 -7.100467 3.62086 1.822583 0 0 0 37.981329 3.85712 -18.21386 -3.981505 -0.312001 -2.714025 0 0 0 2.929467 -1.231741 -10.13273 -1.246458 0.377728 3.981735 0 0 0 18.723955 0.463054 -17.775594 -4.013708 0.99524 -3.126586 0 0 0 18.269087 2.108643 -5.565532 3.717059 8.635663 -20.580557 0 0 0 8.805303 2.600311 13.245125 46.95905 8.352664 10.793727 122.773212 45.593254 -28.817817 -2.51923 -38.159626 -11.745039 3.635273 -2.24402 19.132416 7.100747 3.620751 -1.822804 0 0 0 -37.983061 3.857696 18.213087 3.981514 -0.312002 2.714676 0 0 0 -2.929954 -1.23167 10.131993 1.246384 0.377706 -3.981553 0 0 0 -18.724815 0.463336 17.774795 4.013885 0.995202 3.126699 0 0 0 -18.287739 2.122715 5.592006 -3.712166 8.636711 20.577783 0 0 0 -56.935702 -7.451113 5.76103 1.565866 7.561456 -0.233851 66.636879 -49.856988 -5.259494 0 0 0 29.008382 -11.193711 -1.610013 0.164234 -9.343194 0.973895 -27.456035 -6.58785 -3.558999 0 0 0
-0.229083 0.069152 -0.897086 -3.989796 9.477704 -9.864515 6.881765 0.565552 -0.470091 3.052278 -7.207425 -9.182887 0 0 0 10.561428 25.020457 14.088213 4.134545 15.849196 -22.387723 0 0 0 0 0 0 -8.805303 2.600311 -13.245125 -64.403225 45.72226 -55.734896 -107.547152 38.924006 31.890976 0.172842 -1.028225 0.327337 -3.636292 -2.244307 -19.133199 -7.100467 3.62086 1.822583 0 0 0 37.981329 3.85712 -18.21386 -3.981505 -0.312001 -2.714025 0 0 0 2.929467 -1.231741 -10.13273 -1.246458 0.377728 3.981735 0 0 0 18.723955 0.463054 -17.775594 -4.013708 0.99524 -3.126586 0 0 0 18.269087 2.108643 -5.565532 3.717059 8.635663 -20.580557 0 0 0 8.805303 2.600311 13.245125 47.233604 2.081662 8.581174 124.355226 46.174303 -28.345732 -2.394445 -41.862251 -12.997523 3.635273 -2.24402 19.132416 7.100747 3.620751 -1.822804 0 0 0 -37.983061 3.857696 18.213087 3.981514 -0.312002 2.714676 0 0 0 -2.929954 -1.23167 10.131993 1.246384 0.377706 -3.981553 0 0 0 -18.724815 0.463336 17.774795 4.013885 0.995202 3.126699 0 0 0 -18.287739 2.122715 5.592006 -3.712166 8.636711 20.577783 0 0 0 -56.510423 -7.410584 5.785164 1.413851 7.217588 -0.312191 66.115072 -47.68733 -4.721667 0 0 0 29.073244 -10.976727 -1.60906 0.161536 -9.333195 0.973403 -27.855155 -6.913109 -3.6006 0 0 0
-0.225867 0.06755 -0.90003 -3.621601 9.672148 -9.833768 6.76146 0.699051 -0.124318 3.036171 -7.276289 -9.21634 0 0 0 10.882034 24.672474 14.245876 4.352731 18.416339 -21.687786 0 0 0 0 0 0 -8.805303 2.600311 -13.245125 -64.234387 45.744075 -55.587262 -107.707822 39.003009 31.872388 0.19087 -1.137006 0.361825 -3.636292 -2.244307 -19.133199 -7.100467 3.62086 1.822583 0 0 0 37.981329 3.85712 -18.21386 -3.981505 -0.312001 -2.714025 0 0 0 2.929467 -1.231741 -10.13273 -1.246458 0.377728 3.981735 0 0 0 18.723955 0.463054 -17.775594 -4.013708 0.99524 -3.126586 0 0 0 18.269087 2.108643 -5.565532 3.717059 8.635663 -20.580557 0 0 0 8.805303 2.600311 13.245125 46.996999 -3.852309 6.831163 129.428806 47.917137 -26.696569 -2.326209 -43.546348 -13.574666 3.635273 -2.24402 19.132416 7.100747 3.620751 -1.822804 0 0 0 -37.983061 3.857696 18.213087 3.981514 -0.312002 2.714676 0 0 0 -2.929954 -1.23167 10.131993 1.246384 0.377706 -3.981553 0 0 0 -18.724815 0.463336 17.774795 4.013885 0.995202 3.126699 0 0 0 -18.287739 2.122715 5.592006 -3.712166 8.636711 20.577783 0 0 0 -56.883078 -7.466656 5.909076 1.395624 7.160293 -0.322773 66.172914 -47.346323 -4.631003 0 0 0 29.221331 -10.994509 -1.677872 0.159295 -9.351756 0.97273 -28.320467 -7.202771 -3.644404 0 0 0
-0.222153 0.066956 -0.907791 -3.497683 9.940682 -9.864397 6.659358 0.861429 -0.138248 3.014227 -7.225183 -9.274866 0 0 0 11.297385 24.578194 14.46325 4.664324 20.457506 -21.418363 0 0 0 0 0 0 -8.805303 2.600311 -13.245125 -63.76068 45.703648 -55.540337 -107.802635 39.049607 31.861378 0.190822 -1.136771 0.361746 -3.636292 -2.244307 -19.133199 -7.100467 3.62086 1.822583 0 0 0 37.981329 3.85712 -18.21386 -3.981505 -0.312001 -2.714025 0 0 0 2.929467 -1.231741 -10.13273 -1.246458 0.377728 3.981735 0 0 0 18.723955 0.463054 -17.775594 -4.013708 0.99524 -3.126586 0 0 0 18.269087 2.108643 -5.565532 3.717059 8.635663 -20.580557 0 0 0 8.805303 2.600311 13.245125 46.095855 -7.105183 6.432167 135.7886 49.96842 -24.483918 -2.313246 -43.735877 -13.643411 3.635273 -2.24402 19.132416 7.100747 3.620751 -1.822804 0 0 0 -37.983061 3.857696 18.213087 3.981514 -0.312002 2.714676 0 0 0 -2.929954 -1.23167 10.131993 1.246384 0.377706 -3.981553 0 0 0 -18.724815 0.463336 17.774795 4.013885 0.995202 3.126699 0 0 0 -18.287739 2.122715 5.592006 -3.712166 8.636711 20.577783 0 0 0 -57.765059 -7.618374 5.963828 1.504852 7.40749 -0.267935 66.708525 -48.851357 -4.964545 0 0 0 29.398596 -11.135748 -1.810081 0.161241 -9.393437 0.97247 -28.627142 -7.356882 -3.66761 0 0 0
-0.226476 0.066943 -0.906629 -3.643267 10.140591 -9.920475 6.693288 0.950551 -0.419732 3.03023 -7.172828 -9.37733 0 0 0 11.616991 24.297493 14.522695 4.977395 22.100273 -21.354876 0 0 0 0 0 0 -8.805303 2.600311 -13.245125 -63.535985 45.738287 -55.756037 -107.831167 39.063636 31.85807 0.17526 -1.042654 0.331927 -3.636292 -2.244307 -19.133199 -7.100467 3.62086 1.822583 0 0 0 37.981329 3.85712 -18.21386 -3.981505 -0.312001 -2.714025 0 0 0 2.929467 -1.231741 -10.13273 -1.246458 0.377728 3.981735 0 0 0 18.723955 0.463054 -17.775594 -4.013708 0.99524 -3.126586 0 0 0 18.269087 2.108643 -5.565532 3.717059 8.635663 -20.580557 0 0 0 8.805303 2.600311 13.245125 44.445776 -6.137137 7.987625 140.892588 51.515386 -22.60203 -2.321563 -42.332265 -13.185078 3.635273 -2.24402 19.132416 7.100747 3.620751 -1.822804 0 0 0 -37.983061 3.857696 18.213087 3.981514 -0.312002 2.714676 0 0 0 -2.929954 -1.23167 10.131993 1.246384 0.377706 -3.981553 0 0 0 -18.724815 0.463336 17.774795 4.013885 0.995202 3.126699 0 0 0 -18.287739 2.122715 5.592006 -3.712166 8.636711 20.577783 0 0 0 -58.615718 -7.789085 5.872059 1.673059 7.816468 -0.181154 67.35743 -51.24941 -5.516849 0 0 0 29.500189 -11.259428 -1.927147 0.167881 -9.437806 0.97286 -28.640558 -7.358794 -3.660461 0 0 0
-0.233018 0.067938 -0.886523 -3.89882 10.208025 -9.970297 6.887966 0.892074 -0.7397 3.101908 -7.21019 -9.530275 0 0 0 11.753569 23.726965 14.41405 5.130292 23.462161 -21.445844 0 0 0 0 0 0 -8.805303 2.600311 -13.245125 -63.831099 45.873622 -56.174462 -107.839633 39.067816 31.857098 0.155398 -0.922672 0.293901 -3.636292 -2.244307 -19.133199 -7.100467 3.62086 1.822583 0 0 0 37.981329 3.85712 -18.21386 -3.981505 -0.312001 -2.714025 0 0 0 2.929467 -1.231741 -10.13273 -1.246458 0.377728 3.981735 0 0 0 18.723955 0.463054 -17.775594 -4.013708 0.99524 -3.126586 0 0 0 18.269087 2.108643 -5.565532 3.717059 8.635663 -20.580557 0 0 0 8.805303 2.600311 13.245125 42.629646 -0.572175 11.612708 142.728824 52.056463 -21.908266 -2.236001 -37.02041 -11.477051 3.635273 -2.24402 19.132416 7.100747 3.620751 -1.822804 0 0 0 -37.983061 3.857696 18.213087 3.981514 -0.312002 2.714676 0 0 0 -2.929954 -1.23167 10.131993 1.246384 0.377706 -3.981553 0 0 0 -18.724815 0.463336 17.774795 4.013885 0.995202 3.126699 0 0 0 -18.287739 2.122715 5.592006 -3.712166 8.636711 20.577783 0 0 0 -59.043035 -7.891627 5.683235 1.810381 8.161252 -0.10944 67.775985 -53.223508 -5.988375 0 0 0 29.461031 -11.283436 -1.963512 0.176685 -9.464173 0.973658 -28.424108 -7.271018 -3.633608 0 0 0
-0.233928 0.063134 -0.859818 -4.077948 10.154597 -10.003066 7.155819 0.680586 -0.881726 3.205167 -7.344456 -9.704002 0 0 0 11.656287 22.970608 14.198298 4.851745 24.837785 -21.778531 0 0 0 0 0 0 -8.805303 2.600311 -13.245125 -64.397528 46.022206 -56.488954 -107.842153 39.06908 31.856813 0.140058 -0.830366 0.264613 -3.636292 -2.244307 -19.133199 -7.100467 3.62086 1.822583 0 0 0 37.981329 3.85712 -18.21386 -3.981505 -0.312001 -2.714025 0 0 0 2.929467 -1.231741 -10.13273 -1.246458 0.377728 3.981735 0 0 0 18.723955 0.463054 -17.775594 -4.013708 0.99524 -3.126586 0 0 0 18.269087 2.108643 -5.565532 3.717059 8.635663 -20.580557 0 0 0 8.805303 2.600311 13.245125 41.818422 8.361146 16.915348 140.751393 51.495876 -22.677611 -1.747227 -25.976713 -7.974672 3.635273 -2.24402 19.132416 7.100747 3.620751 -1.822804 0 0 0 -37.983061 3.857696 18.213087 3.981514 -0.312002 2.714676 0 0 0 -2.929954 -1.23167 10.131993 1.246384 0.377706 -3.981553 0 0 0 -18.724815 0.463336 17.774795 4.013885 0.995202 3.126699 0 0 0 -18.287739 2.122715 5.592006 -3.712166 8.636711 20.577783 0 0 0 -58.999839 -7.866206 5.485709 1.861651 8.285255 -0.083605 67.861847 -53.95646 -6.16623 0 0 0 29.31816 -11.199442 -1.894227 0.184396 -9.467832 0.974393 -28.169784 -7.173157 -3.607238 0 0 0
-0.227347 0.055954 -0.835463 -4.122133 10.031335 -10.029982 7.39832 0.403667 -0.761614 3.304521 -7.556807 -9.83304 0 0 0 11.194607 22.230361 13.805253 3.855849 26.47892 -22.280939 0 0 0 0 0 0 -8.805303 2.600311 -13.245125 -64.779902 46.064685 -56.418494 -107.81449 39.05552 31.860068 0.122229 -0.724062 0.230794 -3.636292 -2.244307 -19.133199 -7.100467 3.62086 1.822583 0 0 0 37.981329 3.85712 -18.21386 -3.981505 -0.312001 -2.714025 0 0 0 2.929467 -1.231741 -10.13273 -1.246458 0.377728 3.981735 0 0 0 18.723955 0.463054 -17.775594 -4.013708 0.99524 -3.126586 0 0 0 18.269087 2.108643 -5.565532 3.717059 8.635663 -20.580557 0 0 0 8.805303 2.600311 13.245125 42.861683 18.003154 23.116111 135.97745 50.072435 -24.46368 -0.556628 -11.228954 -3.299664 3.635273 -2.24402 19.132416 7.100747 3.620751 -1.822804 0 0 0 -37.983061 3.857696 18.213087 3.981514 -0.312002 2.714676 0 0 0 -2.929954 -1.23167 10.131993 1.246384 0.377706 -3.981553 0 0 0 -18.724815 0.463336 17.774795 4.013885 0.995202 3.126699 0 0 0 -18.287739 2.122715 5.592006 -3.712166 8.636711 20.577783 0 0 0 -58.712355 -7.725805 5.327766 1.840456 8.213093 -0.09708 67.749815 -53.630174 -6.079441 0 0 0 29.174363 -11.0538 -1.744486 0.18965 -9.462017 0.974797 -28.026691 -7.113293 -3.593949 0 0 0
-0.24016 0.043363 -0.821762 -4.086621 9.920693 -10.021728 7.53301 0.116305 -0.51526 3.354196 -7.819487 -9.778528 0 0 0 10.205336 21.75104 13.040178 2.057486 28.29155 -22.607273 0 0 0 0 0 0 -8.805303 2.600311 -13.245125 -64.720588 45.933609 -55.975223 -107.755673 39.026647 31.866976 0.086665 -0.513339 0.16363 -3.636292 -2.244307 -19.133199 -7.100467 3.62086 1.822583 0 0 0 37.981329 3.85712 -18.21386 -3.981505 -0.312001 -2.714025 0 0 0 2.929467 -1.231741 -10.13273 -1.246458 0.377728 3.981735 0 0 0 18.723955 0.463054 -17.775594 -4.013708 0.99524 -3.126586 0 0 0 18.269087 2.108643 -5.565532 3.717059 8.635663 -20.580557 0 0 0 8.805303 2.600311 13.245125 45.614453 25.864126 29.151159 130.217973 48.232944 -26.489719 1.25578 2.742034 1.261508 3.635273 -2.24402 19.132416 7.100747 3.620751 -1.822804 0 0 0 -37.983061 3.857696 18.213087 3.981514 -0.312002 2.714676 0 0 0 -2.929954 -1.23167 10.131993 1.246384 0.377706 -3.981553 0 0 0 -18.724815 0.463336 17.774795 4.013885 0.995202 3.126699 0 0 0 -18.287739 2.122715 5.592006 -3.712166 8.636711 20.577783 0 0 0 -58.503455 -7.615299 5.197103 1.809558 8.117453 -0.114911 67.654903 -53.139514 -5.95198 0 0 0 29.109199 -10.906208 -1.640145 0.193776 -9.461178 0.975057 -28.013901 -7.104668 -3.593142 0 0 0
-0.225594 0.035861 -0.824177 -4.024583 9.881376 -9.927158 7.472079 -0.221956 -0.332473 3.29942 -8.059575 -9.39144 0 0 0 8.611692 21.593378 11.703033 -0.319935 30.038045 -22.279155 0 0 0 0 0 0 -8.805303 2.600311 -13.245125 -64.229817 45.64057 -55.39654 -107.694017 38.996354 31.874196 0.031038 -0.185557 0.058981 -3.636292 -2.244307 -19.133199 -7.100467 3.62086 1.822583 0 0 0 37.981329 3.85712 -18.21386 -3.981505 -0.312001 -2.714025 0 0 0 2.929467 -1.231741 -10.13273 -1.246458 0.377728 3.981735 0 0 0 18.723955 0.463054 -17.775594 -4.013708 0.99524 -3.126586 0 0 0 18.269087 2.108643 -5.565532 3.717059 8.635663 -20.580557 0 0 0 8.805303 2.600311 13.245125 49.273154 31.274323 34.022023 125.065727 46.451512 -28.152457 3.232935 13.074745 4.884009 3.635273 -2.24402 19.132416 7.100747 3.620751 -1.822804 0 0 0 -37.983061 3.857696 18.213087 3.981514 -0.312002 2.714676 0 0 0 -2.929954 -1.23167 10.131993 1.246384 0.377706 -3.981553 0 0 0 -18.724815 0.463336 17.774795 4.013885 0.995202 3.126699 0 0 0 -18.287739 2.122715 5.592006 -3.712166 8.636711 20.577783 0 0 0 -58.553834 -7.67969 5.056072 1.814917 8.133118 -0.111192 67.685831 -53.149658 -5.955616 0 0 0 29.143663 -10.776981 -1.704958 0.198776 -9.471458 0.975462 -28.095481 -7.150353 -3.599042 0 0 0
-0.219328 0.037798 -0.826824 -3.938682 9.879865 -9.76149 7.180001 -0.654135 -0.192399 3.126135 -8.210881 -8.689694 0 0 0 6.49162 21.569936 9.755675 -2.838204 31.492615 -20.900184 0 0 0 0 0 0 -8.805303 2.600311 -13.245125 -63.476787 45.270666 -54.939011 -107.624556 38.962179 31.882234 -0.031109 0.177935 -0.05733 -3.636292 -2.244307 -19.133199 -7.100467 3.62086 1.822583 0 0 0 37.981329 3.85712 -18.21386 -3.981505 -0.312001 -2.714025 0 0 0 2.929467 -1.231741 -10.13273 -1.246458 0.377728 3.981735 0 0 0 18.723955 0.463054 -17.775594 -4.013708 0.99524 -3.126586 0 0 0 18.269087 2.108643 -5.565532 3.717059 8.635663 -20.580557 0 0 0 8.805303 2.600311 13.245125 53.095669 35.022863 37.380575 121.194321 45.000086 -29.270078 4.837477 19.447063 7.335043 3.635273 -2.24402 19.132416 7.100747 3.620751 -1.822804 0 0 0 -37.983061 3.857696 18.213087 3.981514 -0.312002 2.714676 0 0 0 -2.929954 -1.23167 10.131993 1.246384 0.377706 -3.981553 0 0 0 -18.724815 0.463336 17.774795 4.013885 0.995202 3.126699 0 0 0 -18.287739 2.122715 5.592006 -3.712166 8.636711 20.577783 0 0 0 -58.714027 -7.865691 4.894982 1.83514 8.203223 -0.098277 67.745464 -53.375494 -6.016438 0 0 0 29.262489 -10.633289 -1.888236 0.204465 -9.4906 0.975929 -28.263298 -7.246978 -3.609898 0 0 0
-0.211115 0.042873 -0.82202 -3.817913 9.842198 -9.574548 6.755308 -1.159454 0.07393 2.898434 -8.323677 -7.890797 0 0 0 4.07219 21.518775 7.422379 -5.030166 32.195833 -18.334571 0 0 0 0 0 0 -8.805303 2.600311 -13.245125 -62.770009 44.984748 -54.833545 -107.504815 38.903202 31.895918 -0.087607 0.50513 -0.162347 -3.636292 -2.244307 -19.133199 -7.100467 3.62086 1.822583 0 0 0 37.981329 3.85712 -18.21386 -3.981505 -0.312001 -2.714025 0 0 0 2.929467 -1.231741 -10.13273 -1.246458 0.377728 3.981735 0 0 0 18.723955 0.463054 -17.775594 -4.013708 0.99524 -3.126586 0 0 0 18.269087 2.108643 -5.565532 3.717059 8.635663 -20.580557 0 0 0 8.805303 2.600311 13.245125 56.582453 37.792184 39.648495 118.458182 43.899212 -29.966684 5.739116 22.528235 8.608823 3.635273 -2.24402 19.132416 7.100747 3.620751 -1.822804 0 0 0 -37.983061 3.857696 18.213087 3.981514 -0.312002 2.714676 0 0 0 -2.929954 -1.23167 10.131993 1.246384 0.377706 -3.981553 0 0 0 -18.724815 0.463336 17.774795 4.013885 0.995202 3.126699 0 0 0 -18.287739 2.122715 5.592006 -3.712166 8.636711 20.577783 0 0 0 -58.619024 -8.015005 4.74769 1.805721 8.154176 -0.112252 67.604782 -52.922675 -5.907604 0 0 0 29.438187 -10.433085 -2.049257 0.208078 -9.509585 0.97609 -28.519705 -7.371303 -3.627765 0 0 0
-0.19814 0.044564 -0.811625 -3.670102 9.758423 -9.383492 6.368349 -1.695713 0.544212 2.707848 -8.535997 -7.215348 0 0 0 1.655668 21.455281 5.077794 -6.595717 31.558436 -14.818136 0 0 0 0 0 0 -8.805303 2.600311 -13.245125 -62.451083 44.948236 -55.250782 -107.325036 38.814578 31.916262 -0.13592 0.781977 -0.2515 -3.636292 -2.244307 -19.133199 -7.100467 3.62086 1.822583 0 0 0 37.981329 3.85712 -18.21386 -3.981505 -0.312001 -2.714025 0 0 0 2.929467 -1.231741 -10.13273 -1.246458 0.377728 3.981735 0 0 0 18.723955 0.463054 -17.775594 -4.013708 0.99524 -3.126586 0 0 0 18.269087 2.108643 -5.565532 3.717059 8.635663 -20.580557 0 0 0 8.805303 2.600311 13.245125 59.350973 39.648299 41.474134 116.552939 43.095836 -30.403165 5.978572 23.319754 8.941647 3.635273 -2.24402 19.132416 7.100747 3.620751 -1.822804 0 0 0 -37.983061 3.857696 18.213087 3.981514 -0.312002 2.714676 0 0 0 -2.929954 -1.23167 10.131993 1.246384 0.377706 -3.981553 0 0 0 -18.724815 0.463336 17.774795 4.013885 0.995202 3.126699 0 0 0 -18.287739 2.122715 5.592006 -3.712166 8.636711 20.577783 0 0 0 -58.089426 -8.07318 4.65712 1.697456 7.906402 -0.169018 67.152815 -51.364691 -5.532907 0 0 0 29.65698 -10.180035 -2.141458 0.208149 -9.523908 0.975808 -28.848575 -7.516035 -3.652932 0 0 0
-0.18312 0.043118 -0.798673 -3.513922 9.677899 -9.204478 6.096106 -2.241783 1.1611 2.591075 -8.92644 -6.73099 0 0 0 -0.493034 21.377786 3.014733 -7.495672 29.546719 -10.830104 0 0 0 0 0 0 -8.805303 2.600311 -13.245125 -62.608711 45.171578 -56.134329 -107.137976 38.722277 31.937224 -0.175231 1.00548 -0.323655 -3.636292 -2.244307 -19.133199 -7.100467 3.62086 1.822583 0 0 0 37.981329 3.85712 -18.21386 -3.981505 -0.312001 -2.714025 0 0 0 2.929467 -1.231741 -10.13273 -1.246458 0.377728 3.981735 0 0 0 18.723955 0.463054 -17.775594 -4.013708 0.99524 -3.126586 0 0 0 18.269087 2.108643 -5.565532 3.717059 8.635663 -20.580557 0 0 0 8.805303 2.600311 13.245125 61.258841 40.620206 43.232197 115.3476 42.574197 -30.660635 5.84591 22.968887 8.770426 3.635273 -2.24402 19.132416 7.100747 3.620751 -1.822804 0 0 0 -37.983061 3.857696 18.213087 3.981514 -0.312002 2.714676 0 0 0 -2.929954 -1.23167 10.131993 1.246384 0.377706 -3.981553 0 0 0 -18.724815 0.463336 17.774795 4.013885 0.995202 3.126699 0 0 0 -18.287739 2.122715 5.592006 -3.712166 8.636711 20.577783 0 0 0 -57.358153 -8.075289 4.627235 1.553387 7.552603 -0.24563 66.57392 -49.244083 -5.043341 0 0 0 29.930504 -9.924751 -2.192835 0.207608 -9.538541 0.975457 -29.229505 -7.715054 -3.683731 0 0 0
-0.173743 0.037126 -0.792164 -3.345072 9.63346 -9.069306 5.872266 -2.771345 1.839085 2.53086 -9.511589 -6.449465 0 0 0 -2.238213 21.111466 1.32609 -7.85939 27.009919 -6.722908 0 0 0 0 0 0 -8.805303 2.600311 -13.245125 -63.017398 45.532292 -57.221422 -107.02081 38.664419 31.950249 -0.203583 1.165804 -0.375505 -3.636292 -2.244307 -19.133199 -7.100467 3.62086 1.822583 0 0 0 37.981329 3.85712 -18.21386 -3.981505 -0.312001 -2.714025 0 0 0 2.929467 -1.231741 -10.13273 -1.246458 0.377728 3.981735 0 0 0 18.723955 0.463054 -17.775594 -4.013708 0.99524 -3.126586 0 0 0 18.269087 2.108643 -5.565532 3.717059 8.635663 -20.580557 0 0 0 8.805303 2.600311 13.245125 62.527787 40.967321 45.050062 114.717876 42.297233 -30.7887 5.598756 22.278764 8.446165 3.635273 -2.24402 19.132416 7.100747 3.620751 -1.822804 0 0 0 -37.983061 3.857696 18.213087 3.981514 -0.312002 2.714676 0 0 0 -2.929954 -1.23167 10.131993 1.246384 0.377706 -3.981553 0 0 0 -18.724815 0.463336 17.774795 4.013885 0.995202 3.126699 0 0 0 -18.287739 2.122715 5.592006 -3.712166 8.636711 20.577783 0 0 0 -56.799458 -8.044523 4.623125 1.436271 7.23409 -0.309107 66.14733 -47.396649 -4.645592 0 0 0 30.242283 -9.710929 -2.21263 0.21019 -9.556692 0.975492 -29.640567 -7.977157 -3.718588 0 0 0
-0.175474 0.035422 -0.780038 -3.129176 9.623736 -8.973971 5.604722 -3.252903 2.510532 2.508381 -10.313784 -6.413767 0 0 0 -3.58536 20.509965 -0.012956 -7.859367 24.869231 -2.5804 0 0 0 0 0 0 -8.805303 2.600311 -13.245125 -63.447886 45.949268 -58.332122 -107.017474 38.662776 31.950623 -0.224653 1.284154 -0.413864 -3.636292 -2.244307 -19.133199 -7.100467 3.62086 1.822583 0 0 0 37.981329 3.85712 -18.21386 -3.981505 -0.312001 -2.714025 0 0 0 2.929467 -1.231741 -10.13273 -1.246458 0.377728 3.981735 0 0 0 18.723955 0.463054 -17.775594 -4.013708 0.99524 -3.126586 0 0 0 18.269087 2.108643 -5.565532 3.717059 8.635663 -20.580557 0 0 0 8.805303 2.600311 13.245125 63.494142 40.956734 46.973982 114.450623 42.17832 -30.840969 5.360251 21.601652 8.131681 3.635273 -2.24402 19.132416 7.100747 3.620751 -1.822804 0 0 0 -37.983061 3.857696 18.213087 3.981514 -0.312002 2.714676 0 0 0 -2.929954 -1.23167 10.131993 1.246384 0.377706 -3.981553 0 0 0 -18.724815 0.463336 17.774795 4.013885 0.995202 3.126699 0 0 0 -18.287739 2.122715 5.592006 -3.712166 8.636711 20.577783 0 0 0 -56.526219 -8.002174 4.620729 1.361972 7.002477 -0.350375 65.917641 -46.075807 -4.38807 0 0 0 30.516325 -9.539938 -2.208269 0.215887 -9.575661 0.97592 -30.04667 -8.256749 -3.754373 0 0 0
-0.169723 0.03169 -0.769759 -2.855944 9.639656 -8.870273 5.286855 -3.698779 3.100463 2.503671 -11.250651 -6.544287 0 0 0 -4.609904 19.732115 -1.033199 -7.676826 22.967085 1.513675 0 0 0 0 0 0 -8.805303 2.600311 -13.245125 -63.871848 46.337333 -59.464744 -107.100134 38.703639 31.941498 -0.246976 1.408648 -0.45431 -3.636292 -2.244307 -19.133199 -7.100467 3.62086 1.822583 0 0 0 37.981329 3.85712 -18.21386 -3.981505 -0.312001 -2.714025 0 0 0 2.929467 -1.231741 -10.13273 -1.246458 0.377728 3.981735 0 0 0 18.723955 0.463054 -17.775594 -4.013708 0.99524 -3.126586 0 0 0 18.269087 2.108643 -5.565532 3.717059 8.635663 -20.580557 0 0 0 8.805303 2.600311 13.245125 64.275855 40.797727 48.862705 114.376297 42.145058 -30.855163 5.174595 21.06548 7.885587 3.635273 -2.24402 19.132416 7.100747 3.620751 -1.822804 0 0 0 -37.983061 3.857696 18.213087 3.981514 -0.312002 2.714676 0 0 0 -2.929954 -1.23167 10.131993 1.246384 0.377706 -3.981553 0 0 0 -18.724815 0.463336 17.774795 4.013885 0.995202 3.126699 0 0 0 -18.287739 2.122715 5.592006 -3.712166 8.636711 20.577783 0 0 0 -56.392017 -7.994143 4.613319 1.306109 6.826932 -0.380692 65.739729 -45.005288 -4.194495 0 0 0 30.7062 -9.383964 -2.220377 0.222456 -9.594774 0.976445 -30.420304 -8.519531 -3.787043 0 0 0
-0.166301 0.028707 -0.763729 -2.574426 9.665976 -8.723514 4.980325 -4.127961 3.555708 2.48669 -12.101508 -6.627835 0 0 0 -5.37896 19.186118 -1.776321 -7.473248 20.188095 5.330328 0 0 0 0 0 0 -8.805303 2.600311 -13.245125 -64.329136 46.542857 -60.606191 -107.202195 38.754082 31.930193 -0.274 1.558742 -0.503142 -3.636292 -2.244307 -19.133199 -7.100467 3.62086 1.822583 0 0 0 37.981329 3.85712 -18.21386 -3.981505 -0.312001 -2.714025 0 0 0 2.929467 -1.231741 -10.13273 -1.246458 0.377728 3.981735 0 0 0 18.723955 0.463054 -17.775594 -4.013708 0.99524 -3.126586 0 0 0 18.269087 2.108643 -5.565532 3.717059 8.635663 -20.580557 0 0 0 8.805303 2.600311 13.245125 64.812014 40.69767 50.393923 114.428341 42.168471 -30.845325 5.048409 20.695128 7.717474 3.635273 -2.24402 19.132416 7.100747 3.620751 -1.822804 0 0 0 -37.983061 3.857696 18.213087 3.981514 -0.312002 2.714676 0 0 0 -2.929954 -1.23167 10.131993 1.246384 0.377706 -3.981553 0 0 0 -18.724815 0.463336 17.774795 4.013885 0.995202 3.126699 0 0 0 -18.287739 2.122715 5.592006 -3.712166 8.636711 20.577783 0 0 0 -56.267513 -8.04914 4.577011 1.252754 6.67951 -0.408077 65.544644 -43.995483 -4.017467 0 0 0 30.853149 -9.214271 -2.283553 0.228281 -9.617684 0.976848 -30.759279 -8.753258 -3.814273 0 0 0
-0.160434 0.026589 -0.749317 -2.349321 9.686606 -8.548454 4.738889 -4.487288 3.897466 2.450603 -12.724503 -6.574237 0 0 0 -5.944502 19.226095 -2.321213 -7.373174 15.72401 8.677015 0 0 0 0 0 0 -8.805303 2.600311 -13.245125 -64.787961 46.527614 -61.644457 -107.294884 38.799847 31.919825 -0.299529 1.700189 -0.549197 -3.636292 -2.244307 -19.133199 -7.100467 3.62086 1.822583 0 0 0 37.981329 3.85712 -18.21386 -3.981505 -0.312001 -2.714025 0 0 0 2.929467 -1.231741 -10.13273 -1.246458 0.377728 3.981735 0 0 0 18.723955 0.463054 -17.775594 -4.013708 0.99524 -3.126586 0 0 0 18.269087 2.108643 -5.565532 3.717059 8.635663 -20.580557 0 0 0 8.805303 2.600311 13.245125 65.110855 40.771298 51.388824 114.575115 42.234352 -30.817474 4.96949 20.46052 7.611903 3.635273 -2.24402 19.132416 7.100747 3.620751 -1.822804 0 0 0 -37.983061 3.857696 18.213087 3.981514 -0.312002 2.714676 0 0 0 -2.929954 -1.23167 10.131993 1.246384 0.377706 -3.981553 0 0 0 -18.724815 0.463336 17.774795 4.013885 0.995202 3.126699 0 0 0 -18.287739 2.122715 5.592006 -3.712166 8.636711 20.577783 0 0 0 -56.116749 -8.153145 4.50986 1.204372 6.55688 -0.432205 65.352266 -43.082979 -3.865928 0 0 0 31.004689 -9.038751 -2.391146 0.231975 -9.643107 0.976978 -31.059983 -8.92416 -3.835431 0 0 0
-0.154367 0.024006 -0.746205 -2.2124 9.701781 -8.402967 4.570411 -4.687518 4.203521 2.41512 -13.150153 -6.46701 0 0 0 -6.388368 19.903203 -2.790785 -7.479146 9.86367 11.535467 0 0 0 0 0 0 -8.805303 2.600311 -13.245125 -65.17914 46.416127 -62.465082 -107.390962 38.847219 31.90896 -0.315953 1.791018 -0.57879 -3.636292 -2.244307 -19.133199 -7.100467 3.62086 1.822583 0 0 0 37.981329 3.85712 -18.21386 -3.981505 -0.312001 -2.714025 0 0 0 2.929467 -1.231741 -10.13273 -1.246458 0.377728 3.981735 0 0 0 18.723955 0.463054 -17.775594 -4.013708 0.99524 -3.126586 0 0 0 18.269087 2.108643 -5.565532 3.717059 8.635663 -20.580557 0 0 0 8.805303 2.600311 13.245125 65.282279 40.990665 51.928967 114.77983 42.326049 -30.778365 4.920335 20.313048 7.545951 3.635273 -2.24402 19.132416 7.100747 3.620751 -1.822804 0 0 0 -37.983061 3.857696 18.213087 3.981514 -0.312002 2.714676 0 0 0 -2.929954 -1.23167 10.131993 1.246384 0.377706 -3.981553 0 0 0 -18.724815 0.463336 17.774795 4.013885 0.995202 3.126699 0 0 0 -18.287739 2.122715 5.592006 -3.712166 8.636711 20.577783 0 0 0 -55.909679 -8.25782 4.480984 1.160473 6.44989 -0.453716 65.145988 -42.26886 -3.739637 0 0 0 31.137413 -8.919221 -2.496946 0.232279 -9.658962 0.976711 -31.286447 -8.998807 -3.85063 0 0 0
-0.152931 0.018402 -0.754211 -2.15682 9.705852 -8.381858 4.43816 -4.687364 4.596332 2.392129 -13.449863 -6.39875 0 0 0 -6.795171 20.943988 -3.32093 -7.795953 3.734033 13.963507 0 0 0 0 0 0 -8.805303 2.600311 -13.245125 -65.458165 46.31072 -63.037596 -107.489176 38.895596 31.897783 -0.324045 1.83565 -0.593345 -3.636292 -2.244307 -19.133199 -7.100467 3.62086 1.822583 0 0 0 37.981329 3.85712 -18.21386 -3.981505 -0.312001 -2.714025 0 0 0 2.929467 -1.231741 -10.13273 -1.246458 0.377728 3.981735 0 0 0 18.723955 0.463054 -17.775594 -4.013708 0.99524 -3.126586 0 0 0 18.269087 2.108643 -5.565532 3.717059 8.635663 -20.580557 0 0 0 8.805303 2.600311 13.245125 65.422715 41.273493 52.162237 114.997064 42.423147 -30.736549 4.883959 20.203148 7.497032 3.635273 -2.24402 19.132416 7.100747 3.620751 -1.822804 0 0 0 -37.983061 3.857696 18.213087 3.981514 -0.312002 2.714676 0 0 0 -2.929954 -1.23167 10.131993 1.246384 0.377706 -3.981553 0 0 0 -18.724815 0.463336 17.774795 4.013885 0.995202 3.126699 0 0 0 -18.287739 2.122715 5.592006 -3.712166 8.636711 20.577783 0 0 0 -55.644428 -8.258516 4.564002 1.116241 6.335631 -0.47521 64.915926 -41.495787 -3.621272 0 0 0 31.174762 -8.92025 -2.497534 0.229311 -9.656679 0.976051 -31.381851 -8.983851 -3.858604 0 0 0
-0.147937 0.012164 -0.767177 -2.152914 9.675252 -8.540447 4.293861 -4.521909 5.157969 2.377235 -13.666407 -6.403219 0 0 0 -7.148262 21.899845 -3.871262 -8.18846 -1.23663 15.722165 0 0 0 0 0 0 -8.805303 2.600311 -13.245125 -65.615229 46.233532 -63.421018 -107.569102 38.934931 31.888646 -0.327917 1.856938 -0.600294 -3.636292 -2.244307 -19.133199 -7.100467 3.62086 1.822583 0 0 0 37.981329 3.85712 -18.21386 -3.981505 -0.312001 -2.714025 0 0 0 2.929467 -1.231741 -10.13273 -1.246458 0.377728 3.981735 0 0 0 18.723955 0.463054 -17.775594 -4.013708 0.99524 -3.126586 0 0 0 18.269087 2.108643 -5.565532 3.717059 8.635663 -20.580557 0 0 0 8.805303 2.600311 13.245125 65.593462 41.557156 52.197096 115.171123 42.500808 -30.702832 4.844929 20.08444 7.444428 3.635273 -2.24402 19.132416 7.100747 3.620751 -1.822804 0 0 0 -37.983061 3.857696 18.213087 3.981514 -0.312002 2.714676 0 0 0 -2.929954 -1.23167 10.131993 1.246384 0.377706 -3.981553 0 0 0 -18.724815 0.463336 17.774795 4.013885 0.995202 3.126699 0 0 0 -18.287739 2.122715 5.592006 -3.712166 8.636711 20.577783 0 0 0 -55.394455 -8.069192 4.741282 1.075755 6.206012 -0.495364 64.726352 -40.812922 -3.514805 0 0 0 31.082824 -9.032771 -2.311012 0.224778 -9.643805 0.975186 -31.334009 -8.91896 -3.857771 0 0 0
-0.16273 0.014721 -0.775183 -2.181923 9.617782 -8.732864 4.128236 -4.292529 5.690913 2.357265 -13.844804 -6.437067 0 0 0 -7.370766 22.289952 -4.192314 -8.578412 -3.669032 16.067388 0 0 0 0 0 0 -8.805303 2.600311 -13.245125 -65.651691 46.190344 -63.711116 -107.62513 38.96248 31.882206 -0.326697 1.85021 -0.5981 -3.636292 -2.244307 -19.133199 -7.100467 3.62086 1.822583 0 0 0 37.981329 3.85712 -18.21386 -3.981505 -0.312001 -2.714025 0 0 0 2.929467 -1.231741 -10.13273 -1.246458 0.377728 3.981735 0 0 0 18.723955 0.463054 -17.775594 -4.013708 0.99524 -3.126586 0 0 0 18.269087 2.108643 -5.565532 3.717059 8.635663 -20.580557 0 0 0 8.805303 2.600311 13.245125 65.852021 41.81323 52.13747 115.260849 42.540788 -30.685378 4.789699 19.915406 7.369834 3.635273 -2.24402 19.132416 7.100747 3.620751 -1.822804 0 0 0 -37.983061 3.857696 18.213087 3.981514 -0.312002 2.714676 0 0 0 -2.929954 -1.23167 10.131993 1.246384 0.377706 -3.981553 0 0 0 -18.724815 0.463336 17.774795 4.013885 0.995202 3.126699 0 0 0 -18.287739 2.122715 5.592006 -3.712166 8.636711 20.577783 0 0 0 -55.259847 -7.843511 4.882354 1.054411 6.117303 -0.505859 64.650362 -40.452772 -3.459797 0 0 0 30.966692 -9.15021 -2.095754 0.222094 -9.626642 0.97458 -31.220847 -8.859834 -3.853196 0 0 0
-0.165184 0.018415 -0.780245 -2.232525 9.582448 -8.720745 3.937732 -4.112053 5.881622 2.313929 -14.032745 -6.42736 0 0 0 -7.504692 21.779729 -4.223848 -9.131038 -2.785276 14.279026 0 0 0 0 0 0 -8.805303 2.600311 -13.245125 -65.534313 46.181128 -63.985952 -107.678098 38.988501 31.87604 -0.322002 1.824328 -0.589658 -3.636292 -2.244307 -19.133199 -7.100467 3.62086 1.822583 0 0 0 37.981329 3.85712 -18.21386 -3.981505 -0.312001 -2.714025 0 0 0 2.929467 -1.231741 -10.13273 -1.246458 0.377728 3.981735 0 0 0 18.723955 0.463054 -17.775594 -4.013708 0.99524 -3.126586 0 0 0 18.269087 2.108643 -5.565532 3.717059 8.635663 -20.580557 0 0 0 8.805303 2.600311 13.245125 66.272262 42.029763 52.10157 115.264207 42.542286 -30.684743 4.716255 19.689459 7.270467 3.635273 -2.24402 19.132416 7.100747 3.620751 -1.822804 0 0 0 -37.983061 3.857696 18.213087 3.981514 -0.312002 2.714676 0 0 0 -2.929954 -1.23167 10.131993 1.246384 0.377706 -3.981553 0 0 0 -18.724815 0.463336 17.774795 4.013885 0.995202 3.126699 0 0 0 -18.287739 2.122715 5.592006 -3.712166 8.636711 20.577783 0 0 0 -55.277649 -7.866636 4.863499 1.063265 6.146354 -0.499113 64.671734 -40.616944 -3.489098 0 0 0 30.958557 -9.164007 -2.133592 0.224095 -9.600263 0.97464 -31.139789 -8.841606 -3.853736 0 0 0
-0.135975 0.013843 -0.792565 -2.249202 9.585298 -8.562122 3.637315 -4.019574 5.895236 2.240631 -14.265578 -6.430972 0 0 0 -7.692211 20.398203 -4.211752 -10.20166 1.000183 10.162574 0 0 0 0 0 0 -8.805303 2.600311 -13.245125 -65.196731 46.198726 -64.296471 -107.750795 39.024195 31.867496 -0.324087 1.83563 -0.593366 -3.636292 -2.244307 -19.133199 -7.100467 3.62086 1.822583 0 0 0 37.981329 3.85712 -18.21386 -3.981505 -0.312001 -2.714025 0 0 0 2.929467 -1.231741 -10.13273 -1.246458 0.377728 3.981735 0 0 0 18.723955 0.463054 -17.775594 -4.013708 0.99524 -3.126586 0 0 0 18.269087 2.108643 -5.565532 3.717059 8.635663 -20.580557 0 0 0 8.805303 2.600311 13.245125 66.958287 42.18693 52.202176 115.19324 42.510669 -30.698562 4.637352 19.445361 7.163513 3.635273 -2.24402 19.132416 7.100747 3.620751 -1.822804 0 0 0 -37.983061 3.857696 18.213087 3.981514 -0.312002 2.714676 0 0 0 -2.929954 -1.23167 10.131993 1.246384 0.377706 -3.981553 0 0 0 -18.724815 0.463336 17.774795 4.013885 0.995202 3.126699 0 0 0 -18.287739 2.122715 5.592006 -3.712166 8.636711 20.577783 0 0 0 -55.371455 -8.071074 4.753755 1.088901 6.246128 -0.482579 64.681987 -41.079943 -3.564296 0 0 0 30.976548 -9.10759 -2.342088 0.228396 -9.570171 0.974999 -31.094195 -8.835109 -3.857659 0 0 0
-0.148354 0.013391 -0.777791 -2.170893 9.575864 -8.556612 3.126136 -3.942905 6.234162 2.151866 -14.562298 -6.609864 0 0 0 -7.958764 18.680686 -4.225038 -12.079893 6.12144 3.9268 0 0 0 0 0 0 -8.805303 2.600311 -13.245125 -64.587366 46.242915 -64.61124 -107.82697 39.061578 31.858525 -0.338467 1.914439 -0.619123 -3.636292 -2.244307 -19.133199 -7.100467 3.62086 1.822583 0 0 0 37.981329 3.85712 -18.21386 -3.981505 -0.312001 -2.714025 0 0 0 2.929467 -1.231741 -10.13273 -1.246458 0.377728 3.981735 0 0 0 18.723955 0.463054 -17.775594 -4.013708 0.99524 -3.126586 0 0 0 18.269087 2.108643 -5.565532 3.717059 8.635663 -20.580557 0 0 0 8.805303 2.600311 13.245125 67.972489 42.244945 52.469792 115.036928 42.440876 -30.728757 4.56485 19.219463 7.064996 3.635273 -2.24402 19.132416 7.100747 3.620751 -1.822804 0 0 0 -37.983061 3.857696 18.213087 3.981514 -0.312002 2.714676 0 0 0 -2.929954 -1.23167 10.131993 1.246384 0.377706 -3.981553 0 0 0 -18.724815 0.463336 17.774795 4.013885 0.995202 3.126699 0 0 0 -18.287739 2.122715 5.592006 -3.712166 8.636711 20.577783 0 0 0 -55.409746 -8.079252 4.73231 1.102882 6.274341 -0.473889 64.594452 -41.31986 -3.602314 0 0 0 30.806958 -9.098516 -2.334299 0.229784 -9.549751 0.97491 -31.001352 -8.788458 -3.854179 0 0 0
-0.153273 0.01352 -0.774137 -2.024457 9.50593 -8.76604 2.442143 -3.753716 6.94629 2.063775 -14.855753 -7.012368 0 0 0 -8.166062 17.582535 -4.064071 -14.547715 10.490367 -3.657322 0 0 0 0 0 0 -8.805303 2.600311 -13.245125 -63.645557 46.312388 -64.678525 -107.876676 39.085941 31.852646 -0.354409 2.001835 -0.647683 -3.636292 -2.244307 -19.133199 -7.100467 3.62086 1.822583 0 0 0 37.981329 3.85712 -18.21386 -3.981505 -0.312001 -2.714025 0 0 0 2.929467 -1.231741 -10.13273 -1.246458 0.377728 3.981735 0 0 0 18.723955 0.463054 -17.775594 -4.013708 0.99524 -3.126586 0 0 0 18.269087 2.108643 -5.565532 3.717059 8.635663 -20.580557 0 0 0 8.805303 2.600311 13.245125 69.164883 42.139619 52.716064 114.797235 42.333639 -30.774758 4.499337 19.013635 6.97572 3.635273 -2.24402 19.132416 7.100747 3.620751 -1.822804 0 0 0 -37.983061 3.857696 18.213087 3.981514 -0.312002 2.714676 0 0 0 -2.929954 -1.23167 10.131993 1.246384 0.377706 -3.981553 0 0 0 -18.724815 0.463336 17.774795 4.013885 0.995202 3.126699 0 0 0 -18.287739 2.122715 5.592006 -3.712166 8.636711 20.577783 0 0 0 -55.291881 -7.790519 4.83017 1.089065 6.18296 -0.481473 64.398502 -41.062333 -3.563076 0 0 0 30.435872 -9.149005 -2.018441 0.226823 -9.533115 0.974232 -30.821601 -8.705659 -3.841629 0 0 0
-0.166889 0.012487 -0.767241 -1.885729 9.403386 -8.972532 1.755579 -3.338573 7.603616 1.991844 -14.928914 -7.59535 0 0 0 -8.178255 17.946837 -3.697187 -16.694137 12.272324 -11.012622 0 0 0 0 0 0 -8.805303 2.600311 -13.245125 -62.265565 46.441995 -64.012743 -107.942989 39.118324 31.844569 -0.355528 2.007875 -0.649667 -3.636292 -2.244307 -19.133199 -7.100467 3.62086 1.822583 0 0 0 37.981329 3.85712 -18.21386 -3.981505 -0.312001 -2.714025 0 0 0 2.929467 -1.231741 -10.13273 -1.246458 0.377728 3.981735 0 0 0 18.723955 0.463054 -17.775594 -4.013708 0.99524 -3.126586 0 0 0 18.269087 2.108643 -5.565532 3.717059 8.635663 -20.580557 0 0 0 8.805303 2.600311 13.245125 70.105309 41.78503 52.544805 114.573755 42.233509 -30.817435 4.446348 18.84598 6.903334 3.635273 -2.24402 19.132416 7.100747 3.620751 -1.822804 0 0 0 -37.983061 3.857696 18.213087 3.981514 -0.312002 2.714676 0 0 0 -2.929954 -1.23167 10.131993 1.246384 0.377706 -3.981553 0 0 0 -18.724815 0.463336 17.774795 4.013885 0.995202 3.126699 0 0 0 -18.287739 2.122715 5.592006 -3.712166 8.636711 20.577783 0 0 0 -54.983867 -7.468664 4.962441 1.047517 6.034839 -0.502188 64.09925 -40.367235 -3.4608 0 0 0 30.07381 -9.190747 -1.670861 0.220474 -9.506053 0.973165 -30.630138 -8.637272 -3.830789 0 0 0
-0.167891 0.006909 -0.769746 -1.786035 9.362294 -9.025341 1.242425 -2.581338 7.896136 1.97297 -14.530829 -8.433806 0 0 0 -7.960886 20.02849 -3.242089 -17.456831 10.227432 -16.462181 0 0 0 0 0 0 -8.805303 2.600311 -13.245125 -60.38479 46.779684 -62.089472 -108.12888 39.208962 31.821592 -0.338561 1.914686 -0.619234 -3.636292 -2.244307 -19.133199 -7.100467 3.62086 1.822583 0 0 0 37.981329 3.85712 -18.21386 -3.981505 -0.312001 -2.714025 0 0 0 2.929467 -1.231741 -10.13273 -1.246458 0.377728 3.981735 0 0 0 18.723955 0.463054 -17.775594 -4.013708 0.99524 -3.126586 0 0 0 18.269087 2.108643 -5.565532 3.717059 8.635663 -20.580557 0 0 0 8.805303 2.600311 13.245125 70.281147 41.098611 51.659608 114.569534 42.231172 -30.817551 4.43887 18.821206 6.892952 3.635273 -2.24402 19.132416 7.100747 3.620751 -1.822804 0 0 0 -37.983061 3.857696 18.213087 3.981514 -0.312002 2.714676 0 0 0 -2.929954 -1.23167 10.131993 1.246384 0.377706 -3.981553 0 0 0 -18.724815 0.463336 17.774795 4.013885 0.995202 3.126699 0 0 0 -18.287739 2.122715 5.592006 -3.712166 8.636711 20.577783 0 0 0 -54.525911 -7.344099 5.13938 0.982726 5.879136 -0.531808 63.696893 -39.351128 -3.319638 0 0 0 29.904124 -9.237016 -1.523935 0.209579 -9.468947 0.971544 -30.537978 -8.630616 -3.832158 0 0 0
-0.180208 0.007619 -0.773336 -1.72035 9.481123 -8.934262 1.005415 -1.364509 7.751289 2.040157 -13.57287 -9.626749 0 0 0 -7.56735 23.547816 -2.715132 -16.410434 3.939016 -19.143922 0 0 0 0 0 0 -8.805303 2.600311 -13.245125 -58.130775 47.496562 -58.640105 -108.473137 39.376495 31.778438 -0.317842 1.801005 -0.582095 -3.636292 -2.244307 -19.133199 -7.100467 3.62086 1.822583 0 0 0 37.981329 3.85712 -18.21386 -3.981505 -0.312001 -2.714025 0 0 0 2.929467 -1.231741 -10.13273 -1.246458 0.377728 3.981735 0 0 0 18.723955 0.463054 -17.775594 -4.013708 0.99524 -3.126586 0 0 0 18.269087 2.108643 -5.565532 3.717059 8.635663 -20.580557 0 0 0 8.805303 2.600311 13.245125 69.405068 40.094749 50.164217 114.982764 42.41389 -30.734935 4.520023 19.07336 7.003123 3.635273 -2.24402 19.132416 7.100747 3.620751 -1.822804 0 0 0 -37.983061 3.857696 18.213087 3.981514 -0.312002 2.714676 0 0 0 -2.929954 -1.23167 10.131993 1.246384 0.377706 -3.981553 0 0 0 -18.724815 0.463336 17.774795 4.013885 0.995202 3.126699 0 0 0 -18.287739 2.122715 5.592006 -3.712166 8.636711 20.577783 0 0 0 -54.006982 -7.482447 5.476984 0.900545 5.728556 -0.567427 63.212752 -38.120644 -3.158257 0 0 0 29.971272 -9.394555 -1.63931 0.192183 -9.423018 0.969125 -30.586941 -8.706739 -3.850364 0 0 0
-0.190283 0.013068 -0.800171 -1.681856 9.817842 -8.779165 1.052087 0.304506 7.178927 2.174006 -12.212687 -11.03097 0 0 0 -7.105923 27.727314 -2.180488 -14.052291 -5.325056 -19.268298 0 0 0 0 0 0 -8.805303 2.600311 -13.245125 -55.877012 48.541191 -53.982075 -108.906945 39.586963 31.722869 -0.310719 1.762049 -0.569355 -3.636292 -2.244307 -19.133199 -7.100467 3.62086 1.822583 0 0 0 37.981329 3.85712 -18.21386 -3.981505 -0.312001 -2.714025 0 0 0 2.929467 -1.231741 -10.13273 -1.246458 0.377728 3.981735 0 0 0 18.723955 0.463054 -17.775594 -4.013708 0.99524 -3.126586 0 0 0 18.269087 2.108643 -5.565532 3.717059 8.635663 -20.580557 0 0 0 8.805303 2.600311 13.245125 67.563605 38.945558 48.497548 115.874008 42.805273 -30.552785 4.702935 19.6361 7.250615 3.635273 -2.24402 19.132416 7.100747 3.620751 -1.822804 0 0 0 -37.983061 3.857696 18.213087 3.981514 -0.312002 2.714676 0 0 0 -2.929954 -1.23167 10.131993 1.246384 0.377706 -3.981553 0 0 0 -18.724815 0.463336 17.774795 4.013885 0.995202 3.126699 0 0 0 -18.287739 2.122715 5.592006 -3.712166 8.636711 20.577783 0 0 0 -53.643742 -7.854977 6.053757 0.822403 5.624715 -0.599448 62.776351 -37.055362 -3.021328 0 0 0 30.231677 -9.765242 -1.991574 0.169239 -9.364514 0.966071 -30.758261 -8.85006 -3.885884 0 0 0
-0.202413 0.019189 -0.853 -1.650435 10.376344 -8.700754 1.286839 2.221465 6.347201 2.319373 -10.788917 -12.335142 0 0 0 -6.635916 31.380434 -1.758263 -11.363599 -14.726228 -17.997396 0 0 0 0 0 0 -8.805303 2.600311 -13.245125 -54.070958 49.545347 -49.107405 -109.367402 39.809129 31.661624 -0.327042 1.850932 -0.598471 -3.636292 -2.244307 -19.133199 -7.100467 3.62086 1.822583 0 0 0 37.981329 3.85712 -18.21386 -3.981505 -0.312001 -2.714025 0 0 0 2.929467 -1.231741 -10.13273 -1.246458 0.377728 3.981735 0 0 0 18.723955 0.463054 -17.775594 -4.013708 0.99524 -3.126586 0 0 0 18.269087 2.108643 -5.565532 3.717059 8.635663 -20.580557 0 0 0 8.805303 2.600311 13.245125 65.155968 37.83132 47.122774 117.130498 43.350226 -30.285998 4.972264 20.447569 7.612522 3.635273 -2.24402 19.132416 7.100747 3.620751 -1.822804 0 0 0 -37.983061 3.857696 18.213087 3.981514 -0.312002 2.714676 0 0 0 -2.929954 -1.23167 10.131993 1.246384 0.377706 -3.981553 0 0 0 -18.724815 0.463336 17.774795 4.013885 0.995202 3.126699 0 0 0 -18.287739 2.122715 5.592006 -3.712166 8.636711 20.577783 0 0 0 -53.880695 -8.317162 6.824863 0.799605 5.661612 -0.605336 62.697512 -37.022595 -3.016682 0 0 0 30.619358 -10.377307 -2.454118 0.145118 -9.311789 0.962807 -31.054502 -9.032872 -3.934632 0 0 0
-0.218343 0.027583 -0.894297 -1.600333 11.113205 -8.81793 1.553608 4.10794 5.528053 2.435502 -9.618023 -13.341771 0 0 0 -6.09031 33.643086 -1.364251 -9.007858 -22.094967 -16.806179 0 0 0 0 0 0 -8.805303 2.600311 -13.245125 -52.925254 50.014397 -45.207026 -109.915204 40.071046 31.584467 -0.377733 2.12421 -0.688306 -3.636292 -2.244307 -19.133199 -7.100467 3.62086 1.822583 0 0 0 37.981329 3.85712 -18.21386 -3.981505 -0.312001 -2.714025 0 0 0 2.929467 -1.231741 -10.13273 -1.246458 0.377728 3.981735 0 0 0 18.723955 0.463054 -17.775594 -4.013708 0.99524 -3.126586 0 0 0 18.269087 2.108643 -5.565532 3.717059 8.635663 -20.580557 0 0 0 8.805303 2.600311 13.245125 62.692435 36.746723 46.327701 118.57035 43.963716 -29.964452 5.313151 21.444749 8.066257 3.635273 -2.24402 19.132416 7.100747 3.620751 -1.822804 0 0 0 -37.983061 3.857696 18.213087 3.981514 -0.312002 2.714676 0 0 0 -2.929954 -1.23167 10.131993 1.246384 0.377706 -3.981553 0 0 0 -18.724815 0.463336 17.774795 4.013885 0.995202 3.126699 0 0 0 -18.287739 2.122715 5.592006 -3.712166 8.636711 20.577783 0 0 0 -55.068399 -8.694031 7.653514 0.88236 5.917165 -0.563283 63.229201 -38.786821 -3.258922 0 0 0 31.110102 -11.156058 -2.874459 0.124554 -9.302014 0.959675 -31.523306 -9.25428 -3.990648 0 0 0
-0.224129 0.035835 -0.923817 -1.52061 11.954631 -9.093947 1.753937 5.796439 4.837501 2.519873 -8.817258 -14.065272 0 0 0 -5.391669 34.605164 -0.813656 -6.994864 -27.510572 -16.44592 0 0 0 0 0 0 -8.805303 2.600311 -13.245125 -52.333061 49.692964 -42.891037 -110.673852 40.430246 31.471439 -0.472704 2.631008 -0.855523 -3.636292 -2.244307 -19.133199 -7.100467 3.62086 1.822583 0 0 0 37.981329 3.85712 -18.21386 -3.981505 -0.312001 -2.714025 0 0 0 2.929467 -1.231741 -10.13273 -1.246458 0.377728 3.981735 0 0 0 18.723955 0.463054 -17.775594 -4.013708 0.99524 -3.126586 0 0 0 18.269087 2.108643 -5.565532 3.717059 8.635663 -20.580557 0 0 0 8.805303 2.600311 13.245125 60.532611 35.552325 46.243507 120.05583 44.583134 -29.613664 5.705028 22.55562 8.582797 3.635273 -2.24402 19.132416 7.100747 3.620751 -1.822804 0 0 0 -37.983061 3.857696 18.213087 3.981514 -0.312002 2.714676 0 0 0 -2.929954 -1.23167 10.131993 1.246384 0.377706 -3.981553 0 0 0 -18.724815 0.463336 17.774795 4.013885 0.995202 3.126699 0 0 0 -18.287739 2.122715 5.592006 -3.712166 8.636711 20.577783 0 0 0 -56.957242 -8.944051 8.425773 1.053594 6.332732 -0.481474 64.218043 -41.93004 -3.713108 0 0 0 31.735764 -11.954647 -3.222323 0.109155 -9.349736 0.956859 -32.209909 -9.546601 -4.052839 0 0 0
-0.218975 0.04153 -0.932676 -1.394724 12.83416 -9.412566 1.89055 7.279635 4.240048 2.598849 -8.351157 -14.636982 0 0 0 -4.537117 34.905823 -0.086318 -4.977621 -32.148578 -16.72644 0 0 0 0 0 0 -8.805303 2.600311 -13.245125 -52.051427 48.802881 -41.827259 -111.659894 40.892689 31.316951 -0.604836 3.326366 -1.086141 -3.636292 -2.244307 -19.133199 -7.100467 3.62086 1.822583 0 0 0 37.981329 3.85712 -18.21386 -3.981505 -0.312001 -2.714025 0 0 0 2.929467 -1.231741 -10.13273 -1.246458 0.377728 3.981735 0 0 0 18.723955 0.463054 -17.775594 -4.013708 0.99524 -3.126586 0 0 0 18.269087 2.108643 -5.565532 3.717059 8.635663 -20.580557 0 0 0 8.805303 2.600311 13.245125 58.785214 34.237393 46.858086 121.502434 45.172632 -29.253234 6.09528 23.631443 9.092903 3.635273 -2.24402 19.132416 7.100747 3.620751 -1.822804 0 0 0 -37.983061 3.857696 18.213087 3.981514 -0.312002 2.714676 0 0 0 -2.929954 -1.23167 10.131993 1.246384 0.377706 -3.981553 0 0 0 -18.724815 0.463336 17.774795 4.013885 0.995202 3.126699 0 0 0 -18.287739 2.122715 5.592006 -3.712166 8.636711 20.577783 0 0 0 -58.864226 -9.112349 9.149891 1.230867 6.716557 -0.398128 65.21505 -45.002407 -4.178805 0 0 0 32.524567 -12.665926 -3.542149 0.097509 -9.440081 0.95445 -33.128166 -9.97191 -4.125267 0 0 0
-0.204215 0.046514 -0.923391 -1.197795 13.736035 -9.731601 2.005728 8.60842 3.684401 2.696837 -8.168382 -15.132845 0 0 0 -3.409464 34.994646 0.802789 -2.401653 -36.597473 -17.372862 0 0 0 0 0 0 -8.805303 2.600311 -13.245125 -51.93157 47.853733 -41.205335 -112.735999 41.392245 31.139704 -0.757688 4.113928 -1.349451 -3.636292 -2.244307 -19.133199 -7.100467 3.62086 1.822583 0 0 0 37.981329 3.85712 -18.21386 -3.981505 -0.312001 -2.714025 0 0 0 2.929467 -1.231741 -10.13273 -1.246458 0.377728 3.981735 0 0 0 18.723955 0.463054 -17.775594 -4.013708 0.99524 -3.126586 0 0 0 18.269087 2.108643 -5.565532 3.717059 8.635663 -20.580557 0 0 0 8.805303 2.600311 13.245125 57.401141 33.075096 47.933142 122.85067 45.709559 -28.900658 6.427271 24.521932 9.523428 3.635273 -2.24402 19.132416 7.100747 3.620751 -1.822804 0 0 0 -37.983061 3.857696 18.213087 3.981514 -0.312002 2.714676 0 0 0 -2.929954 -1.23167 10.131993 1.246384 0.377706 -3.981553 0 0 0 -18.724815 0.463336 17.774795 4.013885 0.995202 3.126699 0 0 0 -18.287739 2.122715 5.592006 -3.712166 8.636711 20.577783 0 0 0 -60.397714 -9.22749 9.899208 1.365775 6.954527 -0.33604 65.922095 -47.201673 -4.542165 0 0 0 33.44905 -13.297956 -3.85584 0.088988 -9.553356 0.952627 -34.240968 -10.582878 -4.210101 0 0 0
-0.193102 0.055838 -0.916379 -0.925463 14.669641 -10.06375 2.258653 9.799885 3.090239 2.846865 -8.201939 -15.49546 0 0 0 -1.650662 35.106832 2.086259 1.510685 -40.837378 -18.621312 0 0 0 0 0 0 -8.805303 2.600311 -13.245125 -52.18289 47.25883 -40.518654 -113.698578 41.834579 30.973649 -0.911724 4.890904 -1.611377 -3.636292 -2.244307 -19.133199 -7.100467 3.62086 1.822583 0 0 0 37.981329 3.85712 -18.21386 -3.981505 -0.312001 -2.714025 0 0 0 2.929467 -1.231741 -10.13273 -1.246458 0.377728 3.981735 0 0 0 18.723955 0.463054 -17.775594 -4.013708 0.99524 -3.126586 0 0 0 18.269087 2.108643 -5.565532 3.717059 8.635663 -20.580557 0 0 0 8.805303 2.600311 13.245125 56.11537 32.393834 49.085363 124.065994 46.18283 -28.568941 6.694296 25.216183 9.866703 3.635273 -2.24402 19.132416 7.100747 3.620751 -1.822804 0 0 0 -37.983061 3.857696 18.213087 3.981514 -0.312002 2.714676 0 0 0 -2.929954 -1.23167 10.131993 1.246384 0.377706 -3.981553 0 0 0 -18.724815 0.463336 17.774795 4.013885 0.995202 3.126699 0 0 0 -18.287739 2.122715 5.592006 -3.712166 8.636711 20.577783 0 0 0 -61.65311 -9.322563 10.680389 1.484981 7.109798 -0.282772 66.321405 -48.997518 -4.893053 0 0 0 34.400809 -13.910434 -4.181591 0.084916 -9.669502 0.951652 -35.42349 -11.338184 -4.301981 0 0 0
-0.179966 0.065639 -0.906875 -0.581274 15.606166 -10.400512 2.9474 10.8366 2.394261 3.104414 -8.318209 -15.637154 0 0 0 1.003497 35.447254 4.089596 7.199754 -44.776212 -20.807345 0 0 0 0 0 0 -8.805303 2.600311 -13.245125 -53.292944 47.131487 -39.776104 -114.366984 42.139208 30.854213 -1.027851 5.469839 -1.807446 -3.636292 -2.244307 -19.133199 -7.100467 3.62086 1.822583 0 0 0 37.981329 3.85712 -18.21386 -3.981505 -0.312001 -2.714025 0 0 0 2.929467 -1.231741 -10.13273 -1.246458 0.377728 3.981735 0 0 0 18.723955 0.463054 -17.775594 -4.013708 0.99524 -3.126586 0 0 0 18.269087 2.108643 -5.565532 3.717059 8.635663 -20.580557 0 0 0 8.805303 2.600311 13.245125 54.436994 32.21802 50.018667 125.133161 46.589887 -28.266905 6.917185 25.780415 10.151178 3.635273 -2.24402 19.132416 7.100747 3.620751 -1.822804 0 0 0 -37.983061 3.857696 18.213087 3.981514 -0.312002 2.714676 0 0 0 -2.929954 -1.23167 10.131993 1.246384 0.377706 -3.981553 0 0 0 -18.724815 0.463336 17.774795 4.013885 0.995202 3.126699 0 0 0 -18.287739 2.122715 5.592006 -3.712166 8.636711 20.577783 0 0 0 -62.766085 -9.422975 11.445378 1.60965 7.245578 -0.228024 66.467978 -50.802925 -5.290626 0 0 0 35.229169 -14.516793 -4.526267 0.085099 -9.771692 0.95148 -36.521537 -12.123869 -4.390436 0 0 0
-0.153595 0.072225 -0.898352 -0.151487 16.480388 -10.710606 4.127052 11.727342 1.63495 3.462282 -8.400876 -15.522436 0 0 0 4.269842 35.866006 6.634093 14.015028 -48.078471 -23.460245 0 0 0 0 0 0 -8.805303 2.600311 -13.245125 -55.308165 47.249739 -39.112237 -114.665215 42.274501 30.799902 -1.071447 5.687893 -1.88119 -3.636292 -2.244307 -19.133199 -7.100467 3.62086 1.822583 0 0 0 37.981329 3.85712 -18.21386 -3.981505 -0.312001 -2.714025 0 0 0 2.929467 -1.231741 -10.13273 -1.246458 0.377728 3.981735 0 0 0 18.723955 0.463054 -17.775594 -4.013708 0.99524 -3.126586 0 0 0 18.269087 2.108643 -5.565532 3.717059 8.635663 -20.580557 0 0 0 8.805303 2.600311 13.245125 52.168293 32.274941 50.591182 126.027361 46.925063 -28.006506 7.096476 26.226673 10.378994 3.635273 -2.24402 19.132416 7.100747 3.620751 -1.822804 0 0 0 -37.983061 3.857696 18.213087 3.981514 -0.312002 2.714676 0 0 0 -2.929954 -1.23167 10.131993 1.246384 0.377706 -3.981553 0 0 0 -18.724815 0.463336 17.774795 4.013885 0.995202 3.126699 0 0 0 -18.287739 2.122715 5.592006 -3.712166 8.636711 20.577783 0 0 0 -63.735341 -9.505504 12.153679 1.717465 7.329761 -0.181482 66.421005 -52.337224 -5.649824 0 0 0 35.870553 -15.065057 -4.860448 0.087466 -9.863659 0.951825 -37.482449 -12.902172 -4.468528 0 0 0
-0.14981 0.07792 -0.896156 0.383149 17.245684 -10.983205 5.436477 12.530805 0.929631 3.813198 -8.449203 -15.148657 0 0 0 7.415112 35.841591 8.889438 20.420026 -50.234001 -25.002924 0 0 0 0 0 0 -8.805303 2.600311 -13.245125 -57.575133 47.230634 -38.555061 -114.672847 42.278233 30.798933 -1.054793 5.60852 -1.853803 -3.636292 -2.244307 -19.133199 -7.100467 3.62086 1.822583 0 0 0 37.981329 3.85712 -18.21386 -3.981505 -0.312001 -2.714025 0 0 0 2.929467 -1.231741 -10.13273 -1.246458 0.377728 3.981735 0 0 0 18.723955 0.463054 -17.775594 -4.013708 0.99524 -3.126586 0 0 0 18.269087 2.108643 -5.565532 3.717059 8.635663 -20.580557 0 0 0 8.805303 2.600311 13.245125 49.724657 32.288278 50.797365 126.718901 47.1806 -27.800613 7.235754 26.567816 10.555244 3.635273 -2.24402 19.132416 7.100747 3.620751 -1.822804 0 0 0 -37.983061 3.857696 18.213087 3.981514 -0.312002 2.714676 0 0 0 -2.929954 -1.23167 10.131993 1.246384 0.377706 -3.981553 0 0 0 -18.724815 0.463336 17.774795 4.013885 0.995202 3.126699 0 0 0 -18.287739 2.122715 5.592006 -3.712166 8.636711 20.577783 0 0 0 -64.606033 -9.508339 12.784615 1.789813 7.326025 -0.151458 66.309237 -53.333377 -5.888835 0 0 0 36.391478 -15.506621 -5.140346 0.091811 -9.961047 0.952664 -38.360097 -13.76989 -4.538621 0 0 0
-0.105385 0.076654 -0.885529 1.018827 17.920846 -11.266415 6.555601 13.271961 0.43417 4.071049 -8.513147 -14.535853 0 0 0 9.867347 35.180045 10.199689 25.135361 -51.261643 -23.968998 0 0 0 0 0 0 -8.805303 2.600311 -13.245125 -59.529862 46.872436 -38.170975 -114.555911 42.225788 30.821188 -1.010643 5.391776 -1.779938 -3.636292 -2.244307 -19.133199 -7.100467 3.62086 1.822583 0 0 0 37.981329 3.85712 -18.21386 -3.981505 -0.312001 -2.714025 0 0 0 2.929467 -1.231741 -10.13273 -1.246458 0.377728 3.981735 0 0 0 18.723955 0.463054 -17.775594 -4.013708 0.99524 -3.126586 0 0 0 18.269087 2.108643 -5.565532 3.717059 8.635663 -20.580557 0 0 0 8.805303 2.600311 13.245125 47.606385 32.164367 50.810208 127.226907 47.365901 -27.646435 7.367025 26.883491 10.720596 3.635273 -2.24402 19.132416 7.100747 3.620751 -1.822804 0 0 0 -37.983061 3.857696 18.213087 3.981514 -0.312002 2.714676 0 0 0 -2.929954 -1.23167 10.131993 1.246384 0.377706 -3.981553 0 0 0 -18.724815 0.463336 17.774795 4.013885 0.995202 3.126699 0 0 0 -18.287739 2.122715 5.592006 -3.712166 8.636711 20.577783 0 0 0 -65.480797 -9.35365 13.397868 1.828368 7.228027 -0.137967 66.261547 -53.812751 -5.986284 0 0 0 36.90094 -15.888898 -5.327934 0.100396 -10.063969 0.95421 -39.220947 -14.863971 -4.611311 0 0 0
-0.113733 0.079276 -0.891882 1.705902 18.567391 -11.588228 7.485551 13.933513 0.221172 4.243218 -8.617271 -13.726057 0 0 0 11.54515 34.248309 10.740455 27.790119 -51.766179 -20.351241 0 0 0 0 0 0 -8.805303 2.600311 -13.245125 -61.179566 46.263908 -38.102586 -114.435815 42.171828 30.84391 -0.959639 5.139005 -1.694131 -3.636292 -2.244307 -19.133199 -7.100467 3.62086 1.822583 0 0 0 37.981329 3.85712 -18.21386 -3.981505 -0.312001 -2.714025 0 0 0 2.929467 -1.231741 -10.13273 -1.246458 0.377728 3.981735 0 0 0 18.723955 0.463054 -17.775594 -4.013708 0.99524 -3.126586 0 0 0 18.269087 2.108643 -5.565532 3.717059 8.635663 -20.580557 0 0 0 8.805303 2.600311 13.245125 45.943911 31.981933 50.891441 127.620763 47.507912 -27.524966 7.514492 27.233382 10.905736 3.635273 -2.24402 19.132416 7.100747 3.620751 -1.822804 0 0 0 -37.983061 3.857696 18.213087 3.981514 -0.312002 2.714676 0 0 0 -2.929954 -1.23167 10.131993 1.246384 0.377706 -3.981553 0 0 0 -18.724815 0.463336 17.774795 4.013885 0.995202 3.126699 0 0 0 -18.287739 2.122715 5.592006 -3.712166 8.636711 20.577783 0 0 0 -66.389473 -9.056001 14.081794 1.843009 7.058074 -0.137058 66.274187 -53.945456 -5.968977 0 0 0 37.486236 -16.286927 -5.455375 0.114556 -10.163074 0.956545 -40.099312 -16.228509 -4.695258 0 0 0
-0.103665 0.082853 -0.901438 2.38106 19.218998 -11.859606 8.301299 14.548578 0.18453 4.365923 -8.773306 -12.797343 0 0 0 12.56098 33.43621 11.049965 28.387956 -52.237507 -14.984928 0 0 0 0 0 0 -8.805303 2.600311 -13.245125 -62.694323 45.589706 -38.39182 -114.346896 42.131796 30.86063 -0.931129 4.997508 -1.646126 -3.636292 -2.244307 -19.133199 -7.100467 3.62086 1.822583 0 0 0 37.981329 3.85712 -18.21386 -3.981505 -0.312001 -2.714025 0 0 0 2.929467 -1.231741 -10.13273 -1.246458 0.377728 3.981735 0 0 0 18.723955 0.463054 -17.775594 -4.013708 0.99524 -3.126586 0 0 0 18.269087 2.108643 -5.565532 3.717059 8.635663 -20.580557 0 0 0 8.805303 2.600311 13.245125 44.674319 31.855325 51.195115 127.940617 47.622365 -27.425323 7.656833 27.568303 11.084083 3.635273 -2.24402 19.132416 7.100747 3.620751 -1.822804 0 0 0 -37.983061 3.857696 18.213087 3.981514 -0.312002 2.714676 0 0 0 -2.929954 -1.23167 10.131993 1.246384 0.377706 -3.981553 0 0 0 -18.724815 0.463336 17.774795 4.013885 0.995202 3.126699 0 0 0 -18.287739 2.122715 5.592006 -3.712166 8.636711 20.577783 0 0 0 -67.289096 -8.787382 14.796273 1.851635 6.879561 -0.139527 66.243565 -54.034932 -5.925313 0 0 0 38.131485 -16.663502 -5.642017 0.131263 -10.26817 0.959438 -40.961964 -17.738826 -4.78194 0 0 0
-0.077135 0.083318 -0.911975 3.034837 19.881427 -11.993828 8.966676 15.148443 0.22205 4.447914 -8.957097 -11.881967 0 0 0 12.93757 32.851144 11.363828 26.85811 -52.737893 -8.308051 0 0 0 0 0 0 -8.805303 2.600311 -13.245125 -64.048091 44.965489 -38.916684 -114.298646 42.110041 30.869652 -0.948774 5.085803 -1.675982 -3.636292 -2.244307 -19.133199 -7.100467 3.62086 1.822583 0 0 0 37.981329 3.85712 -18.21386 -3.981505 -0.312001 -2.714025 0 0 0 2.929467 -1.231741 -10.13273 -1.246458 0.377728 3.981735 0 0 0 18.723955 0.463054 -17.775594 -4.013708 0.99524 -3.126586 0 0 0 18.269087 2.108643 -5.565532 3.717059 8.635663 -20.580557 0 0 0 8.805303 2.600311 13.245125 43.755101 31.82104 51.686064 128.171887 47.704746 -27.352814 7.73863 27.759926 11.186466 3.635273 -2.24402 19.132416 7.100747 3.620751 -1.822804 0 0 0 -37.983061 3.857696 18.213087 3.981514 -0.312002 2.714676 0 0 0 -2.929954 -1.23167 10.131993 1.246384 0.377706 -3.981553 0 0 0 -18.724815 0.463336 17.774795 4.013885 0.995202 3.126699 0 0 0 -18.287739 2.122715 5.592006 -3.712166 8.636711 20.577783 0 0 0 -68.164533 -8.67872 15.45219 1.868209 6.739257 -0.137735 66.128685 -54.287441 -5.927151 0 0 0 38.648065 -16.956997 -5.934844 0.143883 -10.406566 0.962476 -41.674056 -19.196775 -4.846553 0 0 0
-0.061079 0.086546 -0.9221 3.690711 20.567324 -12.035155 9.41387 15.687551 0.372977 4.477712 -9.099171 -11.089961 0 0 0 12.677199 32.457386 11.569317 23.380078 -53.069371 -0.462341 0 0 0 0 0 0 -8.805303 2.600311 -13.245125 -65.093931 44.433584 -39.499816 -114.31772 42.118629 30.866044 -0.990966 5.295843 -1.747152 -3.636292 -2.244307 -19.133199 -7.100467 3.62086 1.822583 0 0 0 37.981329 3.85712 -18.21386 -3.981505 -0.312001 -2.714025 0 0 0 2.929467 -1.231741 -10.13273 -1.246458 0.377728 3.981735 0 0 0 18.723955 0.463054 -17.775594 -4.013708 0.99524 -3.126586 0 0 0 18.269087 2.108643 -5.565532 3.717059 8.635663 -20.580557 0 0 0 8.805303 2.600311 13.245125 43.173417 31.900706 52.196061 128.309806 47.753681 -27.309297 7.719851 27.716055 11.16298 3.635273 -2.24402 19.132416 7.100747 3.620751 -1.822804 0 0 0 -37.983061 3.857696 18.213087 3.981514 -0.312002 2.714676 0 0 0 -2.929954 -1.23167 10.131993 1.246384 0.377706 -3.981553 0 0 0 -18.724815 0.463336 17.774795 4.013885 0.995202 3.126699 0 0 0 -18.287739 2.122715 5.592006 -3.712166 8.636711 20.577783 0 0 0 -69.039343 -8.669525 16.070589 1.889564 6.623406 -0.132893 65.985609 -54.633707 -5.955865 0 0 0 38.85233 -17.210395 -6.239993 0.148394 -10.589049 0.96542 -42.100565 -20.51919 -4.873131 0 0 0
-0.035791 0.089917 -0.917231 4.314311 21.270766 -12.065659 9.640254 16.139046 0.65964 4.451249 -9.161453 -10.428851 0 0 0 11.847517 32.171635 11.449505 18.591841 -52.907835 8.096792 0 0 0 0 0 0 -8.805303 2.600311 -13.245125 -65.725473 44.018954 -40.000773 -114.405679 42.158246 30.84951 -1.020621 5.442945 -1.79707 -3.636292 -2.244307 -19.133199 -7.100467 3.62086 1.822583 0 0 0 37.981329 3.85712 -18.21386 -3.981505 -0.312001 -2.714025 0 0 0 2.929467 -1.231741 -10.13273 -1.246458 0.377728 3.981735 0 0 0 18.723955 0.463054 -17.775594 -4.013708 0.99524 -3.126586 0 0 0 18.269087 2.108643 -5.565532 3.717059 8.635663 -20.580557 0 0 0 8.805303 2.600311 13.245125 42.920198 32.115984 52.558141 128.371118 47.775347 -27.289839 7.613242 27.465862 11.029488 3.635273 -2.24402 19.132416 7.100747 3.620751 -1.822804 0 0 0 -37.983061 3.857696 18.213087 3.981514 -0.312002 2.714676 0 0 0 -2.929954 -1.23167 10.131993 1.246384 0.377706 -3.981553 0 0 0 -18.724815 0.463336 17.774795 4.013885 0.995202 3.126699 0 0 0 -18.287739 2.122715 5.592006 -3.712166 8.636711 20.577783 0 0 0 -69.882994 -8.657738 16.707505 1.906367 6.502881 -0.129744 65.865327 -54.925309 -5.965573 0 0 0 38.819381 -17.48803 -6.487189 0.14783 -10.785702 0.968219 -42.26495 -21.748231 -4.874121 0 0 0
-0.030798 0.094759 -0.924708 4.809177 21.94906 -12.09912 9.716674 16.541081 0.980138 4.38754 -9.15699 -9.860463 0 0 0 10.660575 31.890611 11.020252 13.485138 -51.97604 16.324772 0 0 0 0 0 0 -8.805303 2.600311 -13.245125 -65.946244 43.745793 -40.334444 -114.514512 42.207231 30.829035 -1.0289 5.48384 -1.810971 -3.636292 -2.244307 -19.133199 -7.100467 3.62086 1.822583 0 0 0 37.981329 3.85712 -18.21386 -3.981505 -0.312001 -2.714025 0 0 0 2.929467 -1.231741 -10.13273 -1.246458 0.377728 3.981735 0 0 0 18.723955 0.463054 -17.775594 -4.013708 0.99524 -3.126586 0 0 0 18.269087 2.108643 -5.565532 3.717059 8.635663 -20.580557 0 0 0 8.805303 2.600311 13.245125 42.904253 32.357812 52.64443 128.341093 47.764667 -27.299301 7.464868 27.11503 10.843361 3.635273 -2.24402 19.132416 7.100747 3.620751 -1.822804 0 0 0 -37.983061 3.857696 18.213087 3.981514 -0.312002 2.714676 0 0 0 -2.929954 -1.23167 10.131993 1.246384 0.377706 -3.981553 0 0 0 -18.724815 0.463336 17.774795 4.013885 0.995202 3.126699 0 0 0 -18.287739 2.122715 5.592006 -3.712166 8.636711 20.577783 0 0 0 -70.593606 -8.649365 17.330043 1.920326 6.378802 -0.128214 65.768559 -55.166918 -5.970571 0 0 0 38.807083 -17.777567 -6.725613 0.148807 -10.947916 0.970787 -42.321287 -22.910933 -4.876308 0 0 0
-0.015496 0.097703 -0.919336 5.119653 22.562202 -12.102674 9.740993 16.891843 1.217239 4.317059 -9.075748 -9.378459 0 0 0 9.477273 31.619964 10.603571 9.108156 -50.373515 22.898655 0 0 0 0 0 0 -8.805303 2.600311 -13.245125 -65.879456 43.599923 -40.470978 -114.596396 42.24405 30.813604 -1.027632 5.477591 -1.808844 -3.636292 -2.244307 -19.133199 -7.100467 3.62086 1.822583 0 0 0 37.981329 3.85712 -18.21386 -3.981505 -0.312001 -2.714025 0 0 0 2.929467 -1.231741 -10.13273 -1.246458 0.377728 3.981735 0 0 0 18.723955 0.463054 -17.775594 -4.013708 0.99524 -3.126586 0 0 0 18.269087 2.108643 -5.565532 3.717059 8.635663 -20.580557 0 0 0 8.805303 2.600311 13.245125 42.898577 32.505764 52.254041 128.195579 47.71305 -27.345234 7.314666 26.756368 10.654489 3.635273 -2.24402 19.132416 7.100747 3.620751 -1.822804 0 0 0 -37.983061 3.857696 18.213087 3.981514 -0.312002 2.714676 0 0 0 -2.929954 -1.23167 10.131993 1.246384 0.377706 -3.981553 0 0 0 -18.724815 0.463336 17.774795 4.013885 0.995202 3.126699 0 0 0 -18.287739 2.122715 5.592006 -3.712166 8.636711 20.577783 0 0 0 -71.106109 -8.713274 17.855159 1.941742 6.273378 -0.123738 65.68313 -55.481787 -6.023724 0 0 0 38.977845 -18.019772 -7.03361 0.155054 -11.057101 0.973125 -42.396934 -23.987782 -4.893707 0 0 0
-0.004482 0.102882 -0.908063 5.285451 23.100521 -12.053729 9.760294 17.115725 1.337184 4.25207 -8.881628 -8.980122 0 0 0 8.521461 31.497552 10.345641 5.9746 -48.620585 27.207048 0 0 0 0 0 0 -8.805303 2.600311 -13.245125 -65.672079 43.498034 -40.411602 -114.631793 42.259949 30.806929 -1.032366 5.500527 -1.816704 -3.636292 -2.244307 -19.133199 -7.100467 3.62086 1.822583 0 0 0 37.981329 3.85712 -18.21386 -3.981505 -0.312001 -2.714025 0 0 0 2.929467 -1.231741 -10.13273 -1.246458 0.377728 3.981735 0 0 0 18.723955 0.463054 -17.775594 -4.013708 0.99524 -3.126586 0 0 0 18.269087 2.108643 -5.565532 3.717059 8.635663 -20.580557 0 0 0 8.805303 2.600311 13.245125 42.724754 32.63729 51.219971 127.96201 47.630031 -27.418701 7.193916 26.465919 10.502378 3.635273 -2.24402 19.132416 7.100747 3.620751 -1.822804 0 0 0 -37.983061 3.857696 18.213087 3.981514 -0.312002 2.714676 0 0 0 -2.929954 -1.23167 10.131993 1.246384 0.377706 -3.981553 0 0 0 -18.724815 0.463336 17.774795 4.013885 0.995202 3.126699 0 0 0 -18.287739 2.122715 5.592006 -3.712166 8.636711 20.577783 0 0 0 -71.458922 -8.881735 18.250515 1.975541 6.201571 -0.113214 65.618082 -55.935548 -6.144469 0 0 0 39.314867 -18.174695 -7.427794 0.16574 -11.132782 0.975413 -42.528961 -24.976769 -4.92323 0 0 0
0.019331 0.10611 -0.897306 5.364629 23.557835 -11.963379 9.717809 17.156541 1.348731 4.172098 -8.608896 -8.613159 0 0 0 7.747152 31.555818 10.039219 3.979567 -47.078264 29.556206 0 0 0 0 0 0 -8.805303 2.600311 -13.245125 -65.334452 43.325404 -40.173254 -114.606078 42.248382 30.811792 -1.051826 5.595111 -1.84907 -3.636292 -2.244307 -19.133199 -7.100467 3.62086 1.822583 0 0 0 37.981329 3.85712 -18.21386 -3.981505 -0.312001 -2.714025 0 0 0 2.929467 -1.231741 -10.13273 -1.246458 0.377728 3.981735 0 0 0 18.723955 0.463054 -17.775594 -4.013708 0.99524 -3.126586 0 0 0 18.269087 2.108643 -5.565532 3.717059 8.635663 -20.580557 0 0 0 8.805303 2.600311 13.245125 42.475464 32.823715 49.715367 127.680186 47.529339 -27.506715 7.125936 26.302017 10.416692 3.635273 -2.24402 19.132416 7.100747 3.620751 -1.822804 0 0 0 -37.983061 3.857696 18.213087 3.981514 -0.312002 2.714676 0 0 0 -2.929954 -1.23167 10.131993 1.246384 0.377706 -3.981553 0 0 0 -18.724815 0.463336 17.774795 4.013885 0.995202 3.126699 0 0 0 -18.287739 2.122715 5.592006 -3.712166 8.636711 20.577783 0 0 0 -71.711891 -9.131247 18.529125 2.020443 6.168369 -0.096366 65.58278 -56.516406 -6.322968 0 0 0 39.754569 -18.238689 -7.87082 0.179217 -11.189616 0.97766 -42.705519 -25.880085 -4.959378 0 0 0
0.034552 0.111172 -0.888434 5.365768 23.895857 -11.8457 9.5077 16.99997 1.244823 4.045524 -8.381258 -8.204595 0 0 0 7.036014 31.55215 9.537637 2.922649 -45.270755 30.256755 0 0 0 0 0 0 -8.805303 2.600311 -13.245125 -64.766572 43.018345 -39.853555 -114.503411 42.202182 30.83111 -1.078834 5.726298 -1.893975 -3.636292 -2.244307 -19.133199 -7.100467 3.62086 1.822583 0 0 0 37.981329 3.85712 -18.21386 -3.981505 -0.312001 -2.714025 0 0 0 2.929467 -1.231741 -10.13273 -1.246458 0.377728 3.981735 0 0 0 18.723955 0.463054 -17.775594 -4.013708 0.99524 -3.126586 0 0 0 18.269087 2.108643 -5.565532 3.717059 8.635663 -20.580557 0 0 0 8.805303 2.600311 13.245125 42.440391 32.920599 48.182019 127.313438 47.396967 -27.619682 7.104392 26.25005 10.389533 3.635273 -2.24402 19.132416 7.100747 3.620751 -1.822804 0 0 0 -37.983061 3.857696 18.213087 3.981514 -0.312002 2.714676 0 0 0 -2.929954 -1.23167 10.131993 1.246384 0.377706 -3.981553 0 0 0 -18.724815 0.463336 17.774795 4.013885 0.995202 3.126699 0 0 0 -18.287739 2.122715 5.592006 -3.712166 8.636711 20.577783 0 0 0 -71.859256 -9.427132 18.668145 2.071419 6.174619 -0.075483 65.568553 -57.156174 -6.537744 0 0 0 40.285687 -18.202371 -8.320704 0.196529 -11.20957 0.979525 -42.923586 -26.654586 -5.004026 0 0 0
0.051572 0.114969 -0.87986 5.296298 24.050346 -11.677975 9.082083 16.592517 1.04287 3.863157 -8.309073 -7.749808 0 0 0 6.225118 31.024747 8.879482 2.585821 -41.731033 29.297638 0 0 0 0 0 0 -8.805303 2.600311 -13.245125 -63.943896 42.599652 -39.660377 -114.320322 42.119636 30.865298 -1.097554 5.817103 -1.925075 -3.636292 -2.244307 -19.133199 -7.100467 3.62086 1.822583 0 0 0 37.981329 3.85712 -18.21386 -3.981505 -0.312001 -2.714025 0 0 0 2.929467 -1.231741 -10.13273 -1.246458 0.377728 3.981735 0 0 0 18.723955 0.463054 -17.775594 -4.013708 0.99524 -3.126586 0 0 0 18.269087 2.108643 -5.565532 3.717059 8.635663 -20.580557 0 0 0 8.805303 2.600311 13.245125 42.853655 32.785404 46.918316 126.749616 47.190825 -27.79019 7.094989 26.226631 10.377583 3.635273 -2.24402 19.132416 7.100747 3.620751 -1.822804 0 0 0 -37.983061 3.857696 18.213087 3.981514 -0.312002 2.714676 0 0 0 -2.929954 -1.23167 10.131993 1.246384 0.377706 -3.981553 0 0 0 -18.724815 0.463336 17.774795 4.013885 0.995202 3.126699 0 0 0 -18.287739 2.122715 5.592006 -3.712166 8.636711 20.577783 0 0 0 -71.874474 -9.746582 18.597491 2.114487 6.20912 -0.057027 65.589665 -57.66206 -6.722739 0 0 0 40.90812 -18.017939 -8.741371 0.220194 -11.166964 0.980739 -43.210648 -27.241888 -5.062867 0 0 0
0.071756 0.112476 -0.8655 5.215544 23.97324 -11.421493 8.495957 15.84311 0.841018 3.658447 -8.42799 -7.394324 0 0 0 5.039947 29.463183 8.108023 2.440672 -34.676227 26.767735 0 0 0 0 0 0 -8.805303 2.600311 -13.245125 -62.983015 42.183623 -39.775587 -114.061717 42.002689 30.912998 -1.096241 5.810652 -1.922877 -3.636292 -2.244307 -19.133199 -7.100467 3.62086 1.822583 0 0 0 37.981329 3.85712 -18.21386 -3.981505 -0.312001 -2.714025 0 0 0 2.929467 -1.231741 -10.13273 -1.246458 0.377728 3.981735 0 0 0 18.723955 0.463054 -17.775594 -4.013708 0.99524 -3.126586 0 0 0 18.269087 2.108643 -5.565532 3.717059 8.635663 -20.580557 0 0 0 8.805303 2.600311 13.245125 43.73991 32.436268 45.962432 125.904773 46.877727 -28.04056 7.064204 26.150155 10.338487 3.635273 -2.24402 19.132416 7.100747 3.620751 -1.822804 0 0 0 -37.983061 3.857696 18.213087 3.981514 -0.312002 2.714676 0 0 0 -2.929954 -1.23167 10.131993 1.246384 0.377706 -3.981553 0 0 0 -18.724815 0.463336 17.774795 4.013885 0.995202 3.126699 0 0 0 -18.287739 2.122715 5.592006 -3.712166 8.636711 20.577783 0 0 0 -71.786448 -10.068015 18.265157 2.135951 6.257865 -0.046792 65.692837 -57.842461 -6.804026 0 0 0 41.57057 -17.630765 -9.083992 0.250405 -11.065977 0.981518 -43.593992 -27.622898 -5.136118 0 0 0
0.086008 0.110074 -0.844528 5.210206 23.67196 -11.062601 7.86717 14.725459 0.765468 3.495827 -8.736255 -7.381437 0 0 0 3.312833 26.724846 7.260106 1.77374 -23.52035 23.030734 0 0 0 0 0 0 -8.805303 2.600311 -13.245125 -62.077212 41.958756 -40.235177 -113.734421 41.854101 30.972425 -1.071726 5.691443 -1.882092 -3.636292 -2.244307 -19.133199 -7.100467 3.62086 1.822583 0 0 0 37.981329 3.85712 -18.21386 -3.981505 -0.312001 -2.714025 0 0 0 2.929467 -1.231741 -10.13273 -1.246458 0.377728 3.981735 0 0 0 18.723955 0.463054 -17.775594 -4.013708 0.99524 -3.126586 0 0 0 18.269087 2.108643 -5.565532 3.717059 8.635663 -20.580557 0 0 0 8.805303 2.600311 13.245125 44.937434 31.913316 45.345765 124.805531 46.463852 -28.358329 7.001939 25.995959 10.259474 3.635273 -2.24402 19.132416 7.100747 3.620751 -1.822804 0 0 0 -37.983061 3.857696 18.213087 3.981514 -0.312002 2.714676 0 0 0 -2.929954 -1.23167 10.131993 1.246384 0.377706 -3.981553 0 0 0 -18.724815 0.463336 17.774795 4.013885 0.995202 3.126699 0 0 0 -18.287739 2.122715 5.592006 -3.712166 8.636711 20.577783 0 0 0 -71.677876 -10.367963 17.689537 2.134824 6.316462 -0.045159 65.909509 -57.669821 -6.765375 0 0 0 42.184398 -17.032831 -9.303325 0.283738 -10.939147 0.982297 -44.070222 -27.81068 -5.216016 0 0 0
0.102168 0.104444 -0.819063 5.331757 23.204382 -10.614152 7.28196 13.325309 0.840657 3.40911 -9.219264 -7.773031 0 0 0 1.292311 23.379952 6.430993 0.240492 -9.811046 18.465445 0 0 0 0 0 0 -8.805303 2.600311 -13.245125 -61.418976 42.017892 -41.020548 -113.350259 41.678875 31.040846 -1.031083 5.493365 -1.814386 -3.636292 -2.244307 -19.133199 -7.100467 3.62086 1.822583 0 0 0 37.981329 3.85712 -18.21386 -3.981505 -0.312001 -2.714025 0 0 0 2.929467 -1.231741 -10.13273 -1.246458 0.377728 3.981735 0 0 0 18.723955 0.463054 -17.775594 -4.013708 0.99524 -3.126586 0 0 0 18.269087 2.108643 -5.565532 3.717059 8.635663 -20.580557 0 0 0 8.805303 2.600311 13.245125 46.24112 31.267719 45.164807 123.556925 45.984769 -28.708112 6.922109 25.797818 10.158114 3.635273 -2.24402 19.132416 7.100747 3.620751 -1.822804 0 0 0 -37.983061 3.857696 18.213087 3.981514 -0.312002 2.714676 0 0 0 -2.929954 -1.23167 10.131993 1.246384 0.377706 -3.981553 0 0 0 -18.724815 0.463336 17.774795 4.013885 0.995202 3.126699 0 0 0 -18.287739 2.122715 5.592006 -3.712166 8.636711 20.577783 0 0 0 -71.620236 -10.630942 16.947554 2.114193 6.379614 -0.051246 66.23107 -57.185288 -6.61913 0 0 0 42.679004 -16.27278 -9.392898 0.315836 -10.816978 0.983274 -44.600981 -27.82852 -5.292491 0 0 0
0.114287 0.093984 -0.799215 5.549827 22.636596 -10.112532 6.775268 11.817833 0.97129 3.370066 -9.828057 -8.296307 0 0 0 -0.383326 20.352627 5.803317 -1.751579 3.812267 13.275112 0 0 0 0 0 0 -8.805303 2.600311 -13.245125 -61.159765 42.210478 -42.153661 -112.915701 41.479494 31.116364 -0.988545 5.285329 -1.74338 -3.636292 -2.244307 -19.133199 -7.100467 3.62086 1.822583 0 0 0 37.981329 3.85712 -18.21386 -3.981505 -0.312001 -2.714025 0 0 0 2.929467 -1.231741 -10.13273 -1.246458 0.377728 3.981735 0 0 0 18.723955 0.463054 -17.775594 -4.013708 0.99524 -3.126586 0 0 0 18.269087 2.108643 -5.565532 3.717059 8.635663 -20.580557 0 0 0 8.805303 2.600311 13.245125 47.452507 30.668027 45.382507 122.29895 45.49279 -29.048821 6.838096 25.587838 10.05125 3.635273 -2.24402 19.132416 7.100747 3.620751 -1.822804 0 0 0 -37.983061 3.857696 18.213087 3.981514 -0.312002 2.714676 0 0 0 -2.929954 -1.23167 10.131993 1.246384 0.377706 -3.981553 0 0 0 -18.724815 0.463336 17.774795 4.013885 0.995202 3.126699 0 0 0 -18.287739 2.122715 5.592006 -3.712166 8.636711 20.577783 0 0 0 -71.612661 -10.843339 16.134943 2.069822 6.431685 -0.067348 66.628337 -56.368639 -6.361773 0 0 0 43.020326 -15.438113 -9.372214 0.343442 -10.713504 0.984295 -45.099775 -27.708678 -5.355422 0 0 0
0.11744 0.085823 -0.774537 5.788007 22.029349 -9.630614 6.42529 10.438983 1.093659 3.351805 -10.480656 -8.63093 0 0 0 -1.107852 18.275031 5.614658 -3.294024 15.320074 7.930479 0 0 0 0 0 0 -8.805303 2.600311 -13.245125 -61.426471 42.324334 -43.589405 -112.437616 41.258818 31.197302 -0.955485 5.122962 -1.688058 -3.636292 -2.244307 -19.133199 -7.100467 3.62086 1.822583 0 0 0 37.981329 3.85712 -18.21386 -3.981505 -0.312001 -2.714025 0 0 0 2.929467 -1.231741 -10.13273 -1.246458 0.377728 3.981735 0 0 0 18.723955 0.463054 -17.775594 -4.013708 0.99524 -3.126586 0 0 0 18.269087 2.108643 -5.565532 3.717059 8.635663 -20.580557 0 0 0 8.805303 2.600311 13.245125 48.299265 30.301953 45.80807 121.230768 45.068577 -29.329903 6.740138 25.340031 9.926253 3.635273 -2.24402 19.132416 7.100747 3.620751 -1.822804 0 0 0 -37.983061 3.857696 18.213087 3.981514 -0.312002 2.714676 0 0 0 -2.929954 -1.23167 10.131993 1.246384 0.377706 -3.981553 0 0 0 -18.724815 0.463336 17.774795 4.013885 0.995202 3.126699 0 0 0 -18.287739 2.122715 5.592006 -3.712166 8.636711 20.577783 0 0 0 -71.61518 -10.957725 15.381268 1.988162 6.43508 -0.100216 67.0971 -55.07369 -5.962121 0 0 0 43.169424 -14.657621 -9.244763 0.362439 -10.636532 0.984884 -45.446032 -27.479358 -5.392865 0 0 0
0.111358 0.077223 -0.760849 5.998409 21.464374 -9.265925 6.335349 9.41647 1.242553 3.366123 -11.07343 -8.702846 0 0 0 -0.692902 17.319097 6.047523 -3.583436 23.755066 3.533201 0 0 0 0 0 0 -8.805303 2.600311 -13.245125 -62.244722 42.335342 -45.090302 -111.97157 41.042683 31.274536 -0.933331 5.01361 -1.650877 -3.636292 -2.244307 -19.133199 -7.100467 3.62086 1.822583 0 0 0 37.981329 3.85712 -18.21386 -3.981505 -0.312001 -2.714025 0 0 0 2.929467 -1.231741 -10.13273 -1.246458 0.377728 3.981735 0 0 0 18.723955 0.463054 -17.775594 -4.013708 0.99524 -3.126586 0 0 0 18.269087 2.108643 -5.565532 3.717059 8.635663 -20.580557 0 0 0 8.805303 2.600311 13.245125 48.536459 30.216549 46.258169 120.555335 44.797565 -29.504038 6.612453 25.013515 9.762855 3.635273 -2.24402 19.132416 7.100747 3.620751 -1.822804 0 0 0 -37.983061 3.857696 18.213087 3.981514 -0.312002 2.714676 0 0 0 -2.929954 -1.23167 10.131993 1.246384 0.377706 -3.981553 0 0 0 -18.724815 0.463336 17.774795 4.013885 0.995202 3.126699 0 0 0 -18.287739 2.122715 5.592006 -3.712166 8.636711 20.577783 0 0 0 -71.626599 -10.909306 14.851828 1.865791 6.353305 -0.152518 67.618141 -53.258037 -5.424096 0 0 0 43.100462 -14.085392 -9.016464 0.368732 -10.591527 0.984533 -45.571015 -27.173854 -5.3988 0 0 0
0.093712 0.069203 -0.77526 6.157723 21.045117 -9.086305 6.469616 8.875752 1.423886 3.409249 -11.476187 -8.612603 0 0 0 0.613868 17.35122 7.075046 -2.31609 28.789708 1.199804 0 0 0 0 0 0 -8.805303 2.600311 -13.245125 -63.352039 42.374352 -46.251955 -111.624537 40.881213 31.331166 -0.915222 4.923703 -1.62038 -3.636292 -2.244307 -19.133199 -7.100467 3.62086 1.822583 0 0 0 37.981329 3.85712 -18.21386 -3.981505 -0.312001 -2.714025 0 0 0 2.929467 -1.231741 -10.13273 -1.246458 0.377728 3.981735 0 0 0 18.723955 0.463054 -17.775594 -4.013708 0.99524 -3.126586 0 0 0 18.269087 2.108643 -5.565532 3.717059 8.635663 -20.580557 0 0 0 8.805303 2.600311 13.245125 48.208217 30.29405 46.610435 120.320928 44.703142 -29.563957 6.476471 24.663573 9.588543 3.635273 -2.24402 19.132416 7.100747 3.620751 -1.822804 0 0 0 -37.983061 3.857696 18.213087 3.981514 -0.312002 2.714676 0 0 0 -2.929954 -1.23167 10.131993 1.246384 0.377706 -3.981553 0 0 0 -18.724815 0.463336 17.774795 4.013885 0.995202 3.126699 0 0 0 -18.287739 2.122715 5.592006 -3.712166 8.636711 20.577783 0 0 0 -71.66926 -10.722754 14.640683 1.741897 6.223173 -0.207184 68.041912 -51.472243 -4.907256 0 0 0 42.910997 -13.815502 -8.765715 0.364329 -10.576197 0.983332 -45.522714 -26.885932 -5.3833 0 0 0
0.072642 0.064864 -0.800326 6.226623 20.855359 -9.073461 6.643217 8.817977 1.536058 3.440337 -11.585423 -8.471442 0 0 0 2.354601 18.136961 8.336187 0.31187 30.280058 1.347547 0 0 0 0 0 0 -8.805303 2.600311 -13.245125 -64.264359 42.57112 -46.670164 -111.476904 40.812394 31.355045 -0.892624 4.810921 -1.582204 -3.636292 -2.244307 -19.133199 -7.100467 3.62086 1.822583 0 0 0 37.981329 3.85712 -18.21386 -3.981505 -0.312001 -2.714025 0 0 0 2.929467 -1.231741 -10.13273 -1.246458 0.377728 3.981735 0 0 0 18.723955 0.463054 -17.775594 -4.013708 0.99524 -3.126586 0 0 0 18.269087 2.108643 -5.565532 3.717059 8.635663 -20.580557 0 0 0 8.805303 2.600311 13.245125 47.635005 30.353701 46.790542 120.402784 44.736804 -29.543883 6.387262 24.433206 9.474081 3.635273 -2.24402 19.132416 7.100747 3.620751 -1.822804 0 0 0 -37.983061 3.857696 18.213087 3.981514 -0.312002 2.714676 0 0 0 -2.929954 -1.23167 10.131993 1.246384 0.377706 -3.981553 0 0 0 -18.724815 0.463336 17.774795 4.013885 0.995202 3.126699 0 0 0 -18.287739 2.122715 5.592006 -3.712166 8.636711 20.577783 0 0 0 -71.727356 -10.552889 14.69813 1.680173 6.143503 -0.235267 68.151835 -50.636887 -4.659309 0 0 0 42.814355 -13.81004 -8.646554 0.356976 -10.589899 0.982054 -45.418085 -26.758863 -5.363863 0 0 0
0.065368 0.063948 -0.8409 6.1579 20.923711 -9.127127 6.711292 9.154688 1.436675 3.433961 -11.425069 -8.351675 0 0 0 4.15031 19.61176 9.322765 3.834472 28.038349 3.673015 0 0 0 0 0 0 -8.805303 2.600311 -13.245125 -64.677183 42.966984 -46.235979 -111.534687 40.83941 31.345854 -0.863186 4.663433 -1.532358 -3.636292 -2.244307 -19.133199 -7.100467 3.62086 1.822583 0 0 0 37.981329 3.85712 -18.21386 -3.981505 -0.312001 -2.714025 0 0 0 2.929467 -1.231741 -10.13273 -1.246458 0.377728 3.981735 0 0 0 18.723955 0.463054 -17.775594 -4.013708 0.99524 -3.126586 0 0 0 18.269087 2.108643 -5.565532 3.717059 8.635663 -20.580557 0 0 0 8.805303 2.600311 13.245125 47.10201 30.330215 46.812713 120.675561 44.847789 -29.475534 6.371344 24.392396 9.453697 3.635273 -2.24402 19.132416 7.100747 3.620751 -1.822804 0 0 0 -37.983061 3.857696 18.213087 3.981514 -0.312002 2.714676 0 0 0 -2.929954 -1.23167 10.131993 1.246384 0.377706 -3.981553 0 0 0 -18.724815 0.463336 17.774795 4.013885 0.995202 3.126699 0 0 0 -18.287739 2.122715 5.592006 -3.712166 8.636711 20.577783 0 0 0 -71.751549 -10.594767 14.901911 1.71373 6.187375 -0.220655 67.848432 -51.226774 -4.815305 0 0 0 42.950326 -13.944258 -8.811213 0.351366 -10.635547 0.981252 -45.34474 -26.821142 -5.347725 0 0 0
0.063667 0.060965 -0.880208 5.960745 21.226275 -9.149133 6.638058 9.730106 1.062168 3.395267 -11.153433 -8.269649 0 0 0 5.880258 21.848104 9.816417 7.703891 22.222609 7.349012 0 0 0 0 0 0 -8.805303 2.600311 -13.245125 -64.667237 43.467097 -45.284457 -111.759642 40.944342 31.309613 -0.837658 4.53519 -1.489063 -3.636292 -2.244307 -19.133199 -7.100467 3.62086 1.822583 0 0 0 37.981329 3.85712 -18.21386 -3.981505 -0.312001 -2.714025 0 0 0 2.929467 -1.231741 -10.13273 -1.246458 0.377728 3.981735 0 0 0 18.723955 0.463054 -17.775594 -4.013708 0.99524 -3.126586 0 0 0 18.269087 2.108643 -5.565532 3.717059 8.635663 -20.580557 0 0 0 8.805303 2.600311 13.245125 46.694253 30.323373 46.799889 121.109514 45.023212 -29.365351 6.396725 24.458989 9.486406 3.635273 -2.24402 19.132416 7.100747 3.620751 -1.822804 0 0 0 -37.983061 3.857696 18.213087 3.981514 -0.312002 2.714676 0 0 0 -2.929954 -1.23167 10.131993 1.246384 0.377706 -3.981553 0 0 0 -18.724815 0.463336 17.774795 4.013885 0.995202 3.126699 0 0 0 -18.287739 2.122715 5.592006 -3.712166 8.636711 20.577783 0 0 0 -71.736648 -10.942219 15.170829 1.826961 6.360209 -0.16862 67.203474 -52.985183 -5.327986 0 0 0 43.230608 -14.128171 -9.306778 0.345762 -10.703854 0.980712 -45.29344 -26.930489 -5.329306 0 0 0
0.088456 0.054082 -0.917903 5.774819 21.713414 -9.14836 6.433742 10.357819 0.560506 3.329222 -10.929363 -8.190005 0 0 0 7.556463 24.630157 9.992744 11.338615 13.939403 11.270101 0 0 0 0 0 0 -8.805303 2.600311 -13.245125 -64.507926 43.876578 -44.301275 -112.106174 41.10549 31.252932 -0.834178 4.517577 -1.483135 -3.636292 -2.244307 -19.133199 -7.100467 3.62086 1.822583 0 0 0 37.981329 3.85712 -18.21386 -3.981505 -0.312001 -2.714025 0 0 0 2.929467 -1.231741 -10.13273 -1.246458 0.377728 3.981735 0 0 0 18.723955 0.463054 -17.775594 -4.013708 0.99524 -3.126586 0 0 0 18.269087 2.108643 -5.565532 3.717059 8.635663 -20.580557 0 0 0 8.805303 2.600311 13.245125 46.350567 30.416812 46.904446 121.694319 45.257787 -29.214512 6.419955 24.519919 9.516337 3.635273 -2.24402 19.132416 7.100747 3.620751 -1.822804 0 0 0 -37.983061 3.857696 18.213087 3.981514 -0.312002 2.714676 0 0 0 -2.929954 -1.23167 10.131993 1.246384 0.377706 -3.981553 0 0 0 -18.724815 0.463336 17.774795 4.013885 0.995202 3.126699 0 0 0 -18.287739 2.122715 5.592006 -3.712166 8.636711 20.577783 0 0 0 -71.79207 -11.427158 15.523594 1.967249 6.562132 -0.103889 66.443682 -55.111534 -5.971885 0 0 0 43.386715 -14.375629 -9.950692 0.337881 -10.792921 0.980362 -45.127687 -27.093256 -5.298406 0 0 0
0.123382 0.053371 -0.95273 5.783488 22.341596 -9.245279 6.254493 10.88219 0.244281 3.26842 -10.787943 -8.074823 0 0 0 9.040792 27.406319 10.121763 14.073298 4.73549 14.465254 0 0 0 0 0 0 -8.805303 2.600311 -13.245125 -64.572078 44.054594 -43.559013 -112.521894 41.298036 31.183633 -0.858047 4.637269 -1.523572 -3.636292 -2.244307 -19.133199 -7.100467 3.62086 1.822583 0 0 0 37.981329 3.85712 -18.21386 -3.981505 -0.312001 -2.714025 0 0 0 2.929467 -1.231741 -10.13273 -1.246458 0.377728 3.981735 0 0 0 18.723955 0.463054 -17.775594 -4.013708 0.99524 -3.126586 0 0 0 18.269087 2.108643 -5.565532 3.717059 8.635663 -20.580557 0 0 0 8.805303 2.600311 13.245125 45.829974 30.531648 47.232613 122.401289 45.538251 -29.028119 6.442874 24.579361 9.545777 3.635273 -2.24402 19.132416 7.100747 3.620751 -1.822804 0 0 0 -37.983061 3.857696 18.213087 3.981514 -0.312002 2.714676 0 0 0 -2.929954 -1.23167 10.131993 1.246384 0.377706 -3.981553 0 0 0 -18.724815 0.463336 17.774795 4.013885 0.995202 3.126699 0 0 0 -18.287739 2.122715 5.592006 -3.712166 8.636711 20.577783 0 0 0 -72.059411 -11.682103 16.046431 2.07526 6.621808 -0.057784 65.849205 -56.719136 -6.453245 0 0 0 43.205241 -14.770269 -10.402363 0.328989 -10.926079 0.980861 -44.680129 -27.595523 -5.248827 0 0 0
0.132208 0.076771 -0.924824 5.997173 23.107356 -9.525383 6.393517 11.2056 0.28081 3.288427 -10.692379 -7.916771 0 0 0 10.007482 29.783377 10.287679 15.273837 -4.52254 16.491093 0 0 0 0 0 0 -8.805303 2.600311 -13.245125 -65.218491 44.003385 -43.125167 -112.941579 41.491564 31.112274 -0.897689 4.835419 -1.590603 -3.636292 -2.244307 -19.133199 -7.100467 3.62086 1.822583 0 0 0 37.981329 3.85712 -18.21386 -3.981505 -0.312001 -2.714025 0 0 0 2.929467 -1.231741 -10.13273 -1.246458 0.377728 3.981735 0 0 0 18.723955 0.463054 -17.775594 -4.013708 0.99524 -3.126586 0 0 0 18.269087 2.108643 -5.565532 3.717059 8.635663 -20.580557 0 0 0 8.805303 2.600311 13.245125 44.839544 30.542477 47.858532 123.232726 45.863294 -28.802725 6.511687 24.755176 9.633816 3.635273 -2.24402 19.132416 7.100747 3.620751 -1.822804 0 0 0 -37.983061 3.857696 18.213087 3.981514 -0.312002 2.714676 0 0 0 -2.929954 -1.23167 10.131993 1.246384 0.377706 -3.981553 0 0 0 -18.724815 0.463336 17.774795 4.013885 0.995202 3.126699 0 0 0 -18.287739 2.122715 5.592006 -3.712166 8.636711 20.577783 0 0 0 -72.547396 -11.550714 16.81434 2.131538 6.488625 -0.040685 65.525212 -57.526655 -6.666981 0 0 0 42.730268 -15.390888 -10.553858 0.321255 -11.093728 0.982086 -43.979996 -28.493318 -5.188585 0 0 0
0.136567 0.091492 -0.921622 6.280969 24.01974 -9.905373 6.861379 11.305628 0.532997 3.398868 -10.650222 -7.727901 0 0 0 10.216142 31.70371 10.302349 14.79602 -13.669621 17.623459 0 0 0 0 0 0 -8.805303 2.600311 -13.245125 -66.334149 43.798235 -42.97623 -113.319448 41.664942 31.046595 -0.941078 5.050922 -1.663692 -3.636292 -2.244307 -19.133199 -7.100467 3.62086 1.822583 0 0 0 37.981329 3.85712 -18.21386 -3.981505 -0.312001 -2.714025 0 0 0 2.929467 -1.231741 -10.13273 -1.246458 0.377728 3.981735 0 0 0 18.723955 0.463054 -17.775594 -4.013708 0.99524 -3.126586 0 0 0 18.269087 2.108643 -5.565532 3.717059 8.635663 -20.580557 0 0 0 8.805303 2.600311 13.245125 43.527614 30.471438 48.805976 124.193739 46.233179 -28.534846 6.674491 25.166134 9.841446 3.635273 -2.24402 19.132416 7.100747 3.620751 -1.822804 0 0 0 -37.983061 3.857696 18.213087 3.981514 -0.312002 2.714676 0 0 0 -2.929954 -1.23167 10.131993 1.246384 0.377706 -3.981553 0 0 0 -18.724815 0.463336 17.774795 4.013885 0.995202 3.126699 0 0 0 -18.287739 2.122715 5.592006 -3.712166 8.636711 20.577783 0 0 0 -73.158762 -11.26902 17.81149 2.159861 6.295203 -0.037206 65.362227 -57.91122 -6.743685 0 0 0 42.156417 -16.21592 -10.660136 0.31438 -11.238043 0.982375 -43.251809 -29.406803 -5.134091 0 0 0
0.155931 0.0851 -0.949838 6.582047 25.003099 -10.201601 7.250611 11.261546 0.779572 3.494687 -10.684141 -7.5415 0 0 0 9.711926 33.164507 9.891963 13.125364 -22.489465 18.550431 0 0 0 0 0 0 -8.805303 2.600311 -13.245125 -67.272294 43.52687 -43.000592 -113.672499 41.825927 30.983576 -0.976103 5.223936 -1.722502 -3.636292 -2.244307 -19.133199 -7.100467 3.62086 1.822583 0 0 0 37.981329 3.85712 -18.21386 -3.981505 -0.312001 -2.714025 0 0 0 2.929467 -1.231741 -10.13273 -1.246458 0.377728 3.981735 0 0 0 18.723955 0.463054 -17.775594 -4.013708 0.99524 -3.126586 0 0 0 18.269087 2.108643 -5.565532 3.717059 8.635663 -20.580557 0 0 0 8.805303 2.600311 13.245125 42.536773 30.48456 49.936229 125.202479 46.615784 -28.246639 6.926851 25.796201 10.162369 3.635273 -2.24402 19.132416 7.100747 3.620751 -1.822804 0 0 0 -37.983061 3.857696 18.213087 3.981514 -0.312002 2.714676 0 0 0 -2.929954 -1.23167 10.131993 1.246384 0.377706 -3.981553 0 0 0 -18.724815 0.463336 17.774795 4.013885 0.995202 3.126699 0 0 0 -18.287739 2.122715 5.592006 -3.712166 8.636711 20.577783 0 0 0 -73.826198 -11.117388 18.866348 2.186175 6.168386 -0.031062 65.243317 -58.272773 -6.825727 0 0 0 41.578504 -17.060127 -10.927281 0.306338 -11.341142 0.980678 -42.632333 -30.067975 -5.08841 0 0 0
0.168578 0.091453 -0.934677 6.91086 25.895 -10.311068 7.244892 11.193546 0.933302 3.487542 -10.759549 -7.39502 0 0 0 8.727887 34.151157 9.036467 10.835102 -30.531727 19.622872 0 0 0 0 0 0 -8.805303 2.600311 -13.245125 -67.550446 43.269025 -43.111109 -114.027784 41.987074 30.918783 -0.990984 5.2969 -1.74738 -3.636292 -2.244307 -19.133199 -7.100467 3.62086 1.822583 0 0 0 37.981329 3.85712 -18.21386 -3.981505 -0.312001 -2.714025 0 0 0 2.929467 -1.231741 -10.13273 -1.246458 0.377728 3.981735 0 0 0 18.723955 0.463054 -17.775594 -4.013708 0.99524 -3.126586 0 0 0 18.269087 2.108643 -5.565532 3.717059 8.635663 -20.580557 0 0 0 8.805303 2.600311 13.245125 42.319595 30.729805 50.913733 126.07285 46.941887 -27.99301 7.181427 26.426768 10.485445 3.635273 -2.24402 19.132416 7.100747 3.620751 -1.822804 0 0 0 -37.983061 3.857696 18.213087 3.981514 -0.312002 2.714676 0 0 0 -2.929954 -1.23167 10.131993 1.246384 0.377706 -3.981553 0 0 0 -18.724815 0.463336 17.774795 4.013885 0.995202 3.126699 0 0 0 -18.287739 2.122715 5.592006 -3.712166 8.636711 20.577783 0 0 0 -74.482195 -11.152065 19.728228 2.218847 6.122702 -0.01882 65.136584 -58.727109 -6.953963 0 0 0 41.008912 -17.694061 -11.282313 0.296699 -11.435494 0.977999 -42.104547 -30.541805 -5.043699 0 0 0
0.195419 0.09175 -0.921648 7.186131 26.572535 -10.267553 6.931359 11.145526 0.995067 3.385219 -10.829044 -7.223772 0 0 0 7.509324 34.791374 8.013038 8.224279 -37.435327 20.527182 0 0 0 0 0 0 -8.805303 2.600311 -13.245125 -67.285274 43.013302 -43.388067 -114.317573 42.118181 30.865427 -1.002537 5.351892 -1.766366 -3.636292 -2.244307 -19.133199 -7.100467 3.62086 1.822583 0 0 0 37.981329 3.85712 -18.21386 -3.981505 -0.312001 -2.714025 0 0 0 2.929467 -1.231741 -10.13273 -1.246458 0.377728 3.981735 0 0 0 18.723955 0.463054 -17.775594 -4.013708 0.99524 -3.126586 0 0 0 18.269087 2.108643 -5.565532 3.717059 8.635663 -20.580557 0 0 0 8.805303 2.600311 13.245125 42.714405 31.221809 51.385838 126.613103 47.142625 -27.833497 7.337472 26.811605 10.683258 3.635273 -2.24402 19.132416 7.100747 3.620751 -1.822804 0 0 0 -37.983061 3.857696 18.213087 3.981514 -0.312002 2.714676 0 0 0 -2.929954 -1.23167 10.131993 1.246384 0.377706 -3.981553 0 0 0 -18.724815 0.463336 17.774795 4.013885 0.995202 3.126699 0 0 0 -18.287739 2.122715 5.592006 -3.712166 8.636711 20.577783 0 0 0 -74.995029 -11.313091 20.257892 2.256216 6.130535 -0.004091 65.032008 -59.244094 -7.121499 0 0 0 40.529461 -18.032091 -11.602771 0.287792 -11.529471 0.975999 -41.664201 -30.903071 -5.00042 0 0 0
0.210549 0.093481 -0.890926 7.29846 27.028684 -10.152621 6.535554 11.065198 0.96415 3.229626 -10.893781 -6.893575 0 0 0 6.24295 35.267853 7.082556 5.493377 -43.064073 20.88293 0 0 0 0 0 0 -8.805303 2.600311 -13.245125 -66.851776 42.678503 -43.955266 -114.445382 42.176 30.841926 -1.047091 5.566646 -1.840114 -3.636292 -2.244307 -19.133199 -7.100467 3.62086 1.822583 0 0 0 37.981329 3.85712 -18.21386 -3.981505 -0.312001 -2.714025 0 0 0 2.929467 -1.231741 -10.13273 -1.246458 0.377728 3.981735 0 0 0 18.723955 0.463054 -17.775594 -4.013708 0.99524 -3.126586 0 0 0 18.269087 2.108643 -5.565532 3.717059 8.635663 -20.580557 0 0 0 8.805303 2.600311 13.245125 43.295528 31.854749 51.275434 126.778317 47.203925 -27.784574 7.384996 26.928977 10.743524 3.635273 -2.24402 19.132416 7.100747 3.620751 -1.822804 0 0 0 -37.983061 3.857696 18.213087 3.981514 -0.312002 2.714676 0 0 0 -2.929954 -1.23167 10.131993 1.246384 0.377706 -3.981553 0 0 0 -18.724815 0.463336 17.774795 4.013885 0.995202 3.126699 0 0 0 -18.287739 2.122715 5.592006 -3.712166 8.636711 20.577783 0 0 0 -75.263293 -11.545744 20.490818 2.293375 6.166657 0.008778 64.928768 -59.747963 -7.306561 0 0 0 40.238705 -18.139741 -11.868496 0.281942 -11.608047 0.975391 -41.340461 -31.13601 -4.964415 0 0 0
0.230472 0.092861 -0.86847 7.235472 27.325298 -10.026106 6.159636 10.880532 0.870592 3.06199 -10.994614 -6.459332 0 0 0 5.025253 35.619014 6.270662 2.808854 -47.409571 20.953073 0 0 0 0 0 0 -8.805303 2.600311 -13.245125 -66.455696 42.308859 -44.76605 -114.45754 42.18155 30.839814 -1.116698 5.903876 -1.955673 -3.636292 -2.244307 -19.133199 -7.100467 3.62086 1.822583 0 0 0 37.981329 3.85712 -18.21386 -3.981505 -0.312001 -2.714025 0 0 0 2.929467 -1.231741 -10.13273 -1.246458 0.377728 3.981735 0 0 0 18.723955 0.463054 -17.775594 -4.013708 0.99524 -3.126586 0 0 0 18.269087 2.108643 -5.565532 3.717059 8.635663 -20.580557 0 0 0 8.805303 2.600311 13.245125 43.863352 32.486163 50.889505 126.695619 47.173871 -27.809788 7.380772 26.919385 10.738279 3.635273 -2.24402 19.132416 7.100747 3.620751 -1.822804 0 0 0 -37.983061 3.857696 18.213087 3.981514 -0.312002 2.714676 0 0 0 -2.929954 -1.23167 10.131993 1.246384 0.377706 -3.981553 0 0 0 -18.724815 0.463336 17.774795 4.013885 0.995202 3.126699 0 0 0 -18.287739 2.122715 5.592006 -3.712166 8.636711 20.577783 0 0 0 -75.300191 -11.795864 20.539169 2.32654 6.208862 0.018056 64.844619 -60.165874 -7.483417 0 0 0 40.138006 -18.122887 -12.086472 0.279221 -11.668733 0.975677 -41.136156 -31.229309 -4.93654 0 0 0
0.232503 0.093468 -0.845019 7.05196 27.507438 -9.918266 5.795924 10.561193 0.775687 2.923181 -11.181926 -6.166592 0 0 0 3.859102 35.829039 5.466644 0.157247 -50.595888 21.427292 0 0 0 0 0 0 -8.805303 2.600311 -13.245125 -66.105727 42.085502 -45.656812 -114.506835 42.203669 30.830466 -1.157752 6.104015 -2.024075 -3.636292 -2.244307 -19.133199 -7.100467 3.62086 1.822583 0 0 0 37.981329 3.85712 -18.21386 -3.981505 -0.312001 -2.714025 0 0 0 2.929467 -1.231741 -10.13273 -1.246458 0.377728 3.981735 0 0 0 18.723955 0.463054 -17.775594 -4.013708 0.99524 -3.126586 0 0 0 18.269087 2.108643 -5.565532 3.717059 8.635663 -20.580557 0 0 0 8.805303 2.600311 13.245125 44.484592 33.023297 50.642821 126.50861 47.105399 -27.866258 7.358741 26.866542 10.710549 3.635273 -2.24402 19.132416 7.100747 3.620751 -1.822804 0 0 0 -37.983061 3.857696 18.213087 3.981514 -0.312002 2.714676 0 0 0 -2.929954 -1.23167 10.131993 1.246384 0.377706 -3.981553 0 0 0 -18.724815 0.463336 17.774795 4.013885 0.995202 3.126699 0 0 0 -18.287739 2.122715 5.592006 -3.712166 8.636711 20.577783 0 0 0 -75.173349 -12.016387 20.475467 2.356167 6.254727 0.02654 64.782748 -60.499246 -7.646605 0 0 0 40.164704 -18.045909 -12.236171 0.27868 -11.717123 0.975723 -41.039639 -31.18137 -4.914762 0 0 0
0.231874 0.092564 -0.817733 6.791969 27.568045 -9.818528 5.400936 10.123766 0.682774 2.821189 -11.485786 -6.130661 0 0 0 2.737535 35.997583 4.627333 -2.52412 -52.908297 22.594898 0 0 0 0 0 0 -8.805303 2.600311 -13.245125 -65.763283 42.101245 -46.537845 -114.65972 42.272234 30.801338 -1.148073 6.058983 -2.008375 -3.636292 -2.244307 -19.133199 -7.100467 3.62086 1.822583 0 0 0 37.981329 3.85712 -18.21386 -3.981505 -0.312001 -2.714025 0 0 0 2.929467 -1.231741 -10.13273 -1.246458 0.377728 3.981735 0 0 0 18.723955 0.463054 -17.775594 -4.013708 0.99524 -3.126586 0 0 0 18.269087 2.108643 -5.565532 3.717059 8.635663 -20.580557 0 0 0 8.805303 2.600311 13.245125 45.259111 33.437729 50.731744 126.260117 47.013984 -27.940799 7.326215 26.788464 10.669597 3.635273 -2.24402 19.132416 7.100747 3.620751 -1.822804 0 0 0 -37.983061 3.857696 18.213087 3.981514 -0.312002 2.714676 0 0 0 -2.929954 -1.23167 10.131993 1.246384 0.377706 -3.981553 0 0 0 -18.724815 0.463336 17.774795 4.013885 0.995202 3.126699 0 0 0 -18.287739 2.122715 5.592006 -3.712166 8.636711 20.577783 0 0 0 -74.919901 -12.204183 20.282087 2.384577 6.318279 0.039273 64.730263 -60.804385 -7.807431 0 0 0 40.274367 -17.892887 -12.296795 0.28014 -11.761403 0.974735 -41.032356 -31.011368 -4.896681 0 0 0
0.222802 0.093545 -0.7808 6.471713 27.46925 -9.680628 4.946903 9.613012 0.52928 2.730997 -11.897111 -6.25141 0 0 0 1.724539 36.208633 3.839261 -5.05183 -54.558189 24.064265 0 0 0 0 0 0 -8.805303 2.600311 -13.245125 -65.421946 42.288686 -47.423453 -114.837264 42.351802 30.767419 -1.124498 5.945991 -1.969479 -3.636292 -2.244307 -19.133199 -7.100467 3.62086 1.822583 0 0 0 37.981329 3.85712 -18.21386 -3.981505 -0.312001 -2.714025 0 0 0 2.929467 -1.231741 -10.13273 -1.246458 0.377728 3.981735 0 0 0 18.723955 0.463054 -17.775594 -4.013708 0.99524 -3.126586 0 0 0 18.269087 2.108643 -5.565532 3.717059 8.635663 -20.580557 0 0 0 8.805303 2.600311 13.245125 46.197722 33.707179 51.164162 125.937689 46.894714 -28.036719 7.29449 26.712141 10.62963 3.635273 -2.24402 19.132416 7.100747 3.620751 -1.822804 0 0 0 -37.983061 3.857696 18.213087 3.981514 -0.312002 2.714676 0 0 0 -2.929954 -1.23167 10.131993 1.246384 0.377706 -3.981553 0 0 0 -18.724815 0.463336 17.774795 4.013885 0.995202 3.126699 0 0 0 -18.287739 2.122715 5.592006 -3.712166 8.636711 20.577783 0 0 0 -74.531838 -12.386633 19.882272 2.414168 6.395867 0.058954 64.690578 -61.111244 -7.97706 0 0 0 40.45784 -17.584693 -12.259825 0.284236 -11.816503 0.973122 -41.074072 -30.797619 -4.879138 0 0 0
0.224453 0.091866 -0.750764 6.091934 27.197493 -9.477083 4.459862 9.047992 0.283751 2.637274 -12.379398 -6.40544 0 0 0 0.903369 36.389975 3.190864 -7.08557 -55.535629 25.320621 0 0 0 0 0 0 -8.805303 2.600311 -13.245125 -65.114622 42.538155 -48.352131 -114.92093 42.389291 30.751425 -1.128981 5.967305 -1.976842 -3.636292 -2.244307 -19.133199 -7.100467 3.62086 1.822583 0 0 0 37.981329 3.85712 -18.21386 -3.981505 -0.312001 -2.714025 0 0 0 2.929467 -1.231741 -10.13273 -1.246458 0.377728 3.981735 0 0 0 18.723955 0.463054 -17.775594 -4.013708 0.99524 -3.126586 0 0 0 18.269087 2.108643 -5.565532 3.717059 8.635663 -20.580557 0 0 0 8.805303 2.600311 13.245125 47.225492 33.846466 51.867127 125.531702 46.743405 -28.156087 7.26145 26.631944 10.587915 3.635273 -2.24402 19.132416 7.100747 3.620751 -1.822804 0 0 0 -37.983061 3.857696 18.213087 3.981514 -0.312002 2.714676 0 0 0 -2.929954 -1.23167 10.131993 1.246384 0.377706 -3.981553 0 0 0 -18.724815 0.463336 17.774795 4.013885 0.995202 3.126699 0 0 0 -18.287739 2.122715 5.592006 -3.712166 8.636711 20.577783 0 0 0 -73.994149 -12.574692 19.239956 2.448991 6.460974 0.084203 64.676476 -61.424592 -8.169118 0 0 0 40.717947 -17.072395 -12.121118 0.291733 -11.894945 0.972448 -41.124647 -30.649809 -4.861068 0 0 0
0.209864 0.103966 -0.673412 5.640513 26.821411 -9.237385 3.993845 8.350096 -0.004358 2.547803 -12.891503 -6.555815 0 0 0 0.310742 36.477295 2.680643 -8.434802 -55.879458 26.213491 0 0 0 0 0 0 -8.805303 2.600311 -13.245125 -64.871431 42.762883 -49.339214 -114.868833 42.365997 30.761458 -1.156902 6.101138 -2.022911 -3.636292 -2.244307 -19.133199 -7.100467 3.62086 1.822583 0 0 0 37.981329 3.85712 -18.21386 -3.981505 -0.312001 -2.714025 0 0 0 2.929467 -1.231741 -10.13273 -1.246458 0.377728 3.981735 0 0 0 18.723955 0.463054 -17.775594 -4.013708 0.99524 -3.126586 0 0 0 18.269087 2.108643 -5.565532 3.717059 8.635663 -20.580557 0 0 0 8.805303 2.600311 13.245125 48.22822 33.960136 52.648004 125.017274 46.54972 -28.304888 7.201299 26.48506 10.511858 3.635273 -2.24402 19.132416 7.100747 3.620751 -1.822804 0 0 0 -37.983061 3.857696 18.213087 3.981514 -0.312002 2.714676 0 0 0 -2.929954 -1.23167 10.131993 1.246384 0.377706 -3.981553 0 0 0 -18.724815 0.463336 17.774795 4.013885 0.995202 3.126699 0 0 0 -18.287739 2.122715 5.592006 -3.712166 8.636711 20.577783 0 0 0 -73.332161 -12.77461 18.4531 2.490937 6.509593 0.111427 64.690164 -61.752493 -8.389796 0 0 0 41.059907 -16.438236 -11.928975 0.303447 -11.979619 0.973919 -41.204906 -30.584273 -4.848226 0 0 0
0.208847 0.105748 -0.635227 5.099164 26.447281 -9.015559 3.584935 7.399916 -0.262478 2.476819 -13.402479 -6.723888 0 0 0 -0.028334 36.537282 2.316258 -9.07367 -55.813001 26.756336 0 0 0 0 0 0 -8.805303 2.600311 -13.245125 -64.686705 42.887459 -50.376267 -114.727671 42.302779 30.78849 -1.167074 6.149692 -2.039654 -3.636292 -2.244307 -19.133199 -7.100467 3.62086 1.822583 0 0 0 37.981329 3.85712 -18.21386 -3.981505 -0.312001 -2.714025 0 0 0 2.929467 -1.231741 -10.13273 -1.246458 0.377728 3.981735 0 0 0 18.723955 0.463054 -17.775594 -4.013708 0.99524 -3.126586 0 0 0 18.269087 2.108643 -5.565532 3.717059 8.635663 -20.580557 0 0 0 8.805303 2.600311 13.245125 49.120375 34.112261 53.29744 124.370223 46.303476 -28.488773 7.101613 26.240924 10.385717 3.635273 -2.24402 19.132416 7.100747 3.620751 -1.822804 0 0 0 -37.983061 3.857696 18.213087 3.981514 -0.312002 2.714676 0 0 0 -2.929954 -1.23167 10.131993 1.246384 0.377706 -3.981553 0 0 0 -18.724815 0.463336 17.774795 4.013885 0.995202 3.126699 0 0 0 -18.287739 2.122715 5.592006 -3.712166 8.636711 20.577783 0 0 0 -72.599497 -13.012064 17.67602 2.535874 6.578508 0.137461 64.735643 -62.086911 -8.626137 0 0 0 41.492089 -15.841411 -11.785275 0.320423 -12.019841 0.977078 -41.399851 -30.463024 -4.850979 0 0 0
0.202292 0.10385 -0.596848 4.468477 26.098601 -8.832597 3.252486 6.188395 -0.478672 2.431279 -13.892417 -6.921999 0 0 0 -0.135027 36.616505 2.113732 -9.072588 -55.437107 26.915794 0 0 0 0 0 0 -8.805303 2.600311 -13.245125 -64.551339 42.842932 -51.454684 -114.558768 42.226998 30.820621 -1.137586 6.007643 -1.99086 -3.636292 -2.244307 -19.133199 -7.100467 3.62086 1.822583 0 0 0 37.981329 3.85712 -18.21386 -3.981505 -0.312001 -2.714025 0 0 0 2.929467 -1.231741 -10.13273 -1.246458 0.377728 3.981735 0 0 0 18.723955 0.463054 -17.775594 -4.013708 0.99524 -3.126586 0 0 0 18.269087 2.108643 -5.565532 3.717059 8.635663 -20.580557 0 0 0 8.805303 2.600311 13.245125 49.865534 34.256514 53.74209 123.626177 46.017271 -28.696394 6.979296 25.939325 10.230671 3.635273 -2.24402 19.132416 7.100747 3.620751 -1.822804 0 0 0 -37.983061 3.857696 18.213087 3.981514 -0.312002 2.714676 0 0 0 -2.929954 -1.23167 10.131993 1.246384 0.377706 -3.981553 0 0 0 -18.724815 0.463336 17.774795 4.013885 0.995202 3.126699 0 0 0 -18.287739 2.122715 5.592006 -3.712166 8.636711 20.577783 0 0 0 -71.82106 -13.300557 16.93698 2.579604 6.70578 0.16167 64.806474 -62.430941 -8.872798 0 0 0 42.009954 -15.340687 -11.731826 0.342863 -11.982137 0.980665 -41.759885 -30.134132 -4.872844 0 0 0
0.197271 0.102727 -0.55905 3.792581 25.711457 -8.665285 3.003119 4.819229 -0.695444 2.404863 -14.337603 -7.122424 0 0 0 -0.146056 36.63931 1.962772 -8.632863 -54.579932 26.78097 0 0 0 0 0 0 -8.805303 2.600311 -13.245125 -64.475748 42.614828 -52.564074 -114.394023 42.152919 30.851702 -1.092874 5.792601 -1.916943 -3.636292 -2.244307 -19.133199 -7.100467 3.62086 1.822583 0 0 0 37.981329 3.85712 -18.21386 -3.981505 -0.312001 -2.714025 0 0 0 2.929467 -1.231741 -10.13273 -1.246458 0.377728 3.981735 0 0 0 18.723955 0.463054 -17.775594 -4.013708 0.99524 -3.126586 0 0 0 18.269087 2.108643 -5.565532 3.717059 8.635663 -20.580557 0 0 0 8.805303 2.600311 13.245125 50.456869 34.372865 53.982616 122.867844 45.722192 -28.903719 6.851225 25.620056 10.067872 3.635273 -2.24402 19.132416 7.100747 3.620751 -1.822804 0 0 0 -37.983061 3.857696 18.213087 3.981514 -0.312002 2.714676 0 0 0 -2.929954 -1.23167 10.131993 1.246384 0.377706 -3.981553 0 0 0 -18.724815 0.463336 17.774795 4.013885 0.995202 3.126699 0 0 0 -18.287739 2.122715 5.592006 -3.712166 8.636711 20.577783 0 0 0 -71.002361 -13.612414 16.14944 2.620398 6.894176 0.185126 64.875056 -62.79227 -9.127187 0 0 0 42.571506 -14.862558 -11.708308 0.368829 -11.883417 0.984035 -42.233226 -29.580114 -4.905713 0 0 0
0.192397 0.098414 -0.520813 3.141956 25.234708 -8.494375 2.818722 3.37625 -0.924449 2.381836 -14.708937 -7.28755 0 0 0 -0.188217 36.516514 1.742314 -7.950786 -53.055251 26.489476 0 0 0 0 0 0 -8.805303 2.600311 -13.245125 -64.462853 42.305537 -53.677709 -114.253995 42.089841 30.877929 -1.064078 5.654275 -1.869372 -3.636292 -2.244307 -19.133199 -7.100467 3.62086 1.822583 0 0 0 37.981329 3.85712 -18.21386 -3.981505 -0.312001 -2.714025 0 0 0 2.929467 -1.231741 -10.13273 -1.246458 0.377728 3.981735 0 0 0 18.723955 0.463054 -17.775594 -4.013708 0.99524 -3.126586 0 0 0 18.269087 2.108643 -5.565532 3.717059 8.635663 -20.580557 0 0 0 8.805303 2.600311 13.245125 50.926606 34.504281 54.040398 122.164128 45.445081 -29.091904 6.728925 25.312199 9.912016 3.635273 -2.24402 19.132416 7.100747 3.620751 -1.822804 0 0 0 -37.983061 3.857696 18.213087 3.981514 -0.312002 2.714676 0 0 0 -2.929954 -1.23167 10.131993 1.246384 0.377706 -3.981553 0 0 0 -18.724815 0.463336 17.774795 4.013885 0.995202 3.126699 0 0 0 -18.287739 2.122715 5.592006 -3.712166 8.636711 20.577783 0 0 0 -70.174961 -13.879082 15.276167 2.652744 7.103929 0.206663 64.961948 -63.066421 -9.334902 0 0 0 43.108271 -14.341068 -11.625543 0.394985 -11.759093 0.987153 -42.727359 -28.879648 -4.939344 0 0 0
0.184005 0.096283 -0.47754 2.550862 24.664207 -8.324561 2.674605 1.888673 -1.147618 2.350045 -14.99964 -7.398123 0 0 0 -0.242592 36.23064 1.517356 -7.07017 -50.876202 25.96997 0 0 0 0 0 0 -8.805303 2.600311 -13.245125 -64.497372 42.084409 -54.780214 -114.160629 42.047744 30.895326 -1.049441 5.583659 -1.845132 -3.636292 -2.244307 -19.133199 -7.100467 3.62086 1.822583 0 0 0 37.981329 3.85712 -18.21386 -3.981505 -0.312001 -2.714025 0 0 0 2.929467 -1.231741 -10.13273 -1.246458 0.377728 3.981735 0 0 0 18.723955 0.463054 -17.775594 -4.013708 0.99524 -3.126586 0 0 0 18.269087 2.108643 -5.565532 3.717059 8.635663 -20.580557 0 0 0 8.805303 2.600311 13.245125 51.372262 34.674842 54.019157 121.547656 45.199568 -29.253222 6.630717 25.063269 9.786637 3.635273 -2.24402 19.132416 7.100747 3.620751 -1.822804 0 0 0 -37.983061 3.857696 18.213087 3.981514 -0.312002 2.714676 0 0 0 -2.929954 -1.23167 10.131993 1.246384 0.377706 -3.981553 0 0 0 -18.724815 0.463336 17.774795 4.013885 0.995202 3.126699 0 0 0 -18.287739 2.122715 5.592006 -3.712166 8.636711 20.577783 0 0 0 -69.366162 -14.048595 14.345252 2.672565 7.294602 0.224889 65.138475 -63.122799 -9.440849 0 0 0 43.585133 -13.770002 -11.440266 0.41839 -11.628517 0.990101 -43.215991 -28.063222 -4.970069 0 0 0
0.166962 0.092654 -0.436747 1.991275 24.002864 -8.133728 2.570978 0.406219 -1.408859 2.309092 -15.230219 -7.45043 0 0 0 -0.25094 35.800447 1.39697 -6.025946 -48.240686 25.130536 0 0 0 0 0 0 -8.805303 2.600311 -13.245125 -64.556545 42.046125 -55.879405 -114.117035 42.028092 30.903423 -1.030415 5.490749 -1.8134 -3.636292 -2.244307 -19.133199 -7.100467 3.62086 1.822583 0 0 0 37.981329 3.85712 -18.21386 -3.981505 -0.312001 -2.714025 0 0 0 2.929467 -1.231741 -10.13273 -1.246458 0.377728 3.981735 0 0 0 18.723955 0.463054 -17.775594 -4.013708 0.99524 -3.126586 0 0 0 18.269087 2.108643 -5.565532 3.717059 8.635663 -20.580557 0 0 0 8.805303 2.600311 13.245125 51.9168 34.877655 54.05945 121.019029 44.986843 -29.388732 6.558708 24.878982 9.69447 3.635273 -2.24402 19.132416 7.100747 3.620751 -1.822804 0 0 0 -37.983061 3.857696 18.213087 3.981514 -0.312002 2.714676 0 0 0 -2.929954 -1.23167 10.131993 1.246384 0.377706 -3.981553 0 0 0 -18.724815 0.463336 17.774795 4.013885 0.995202 3.126699 0 0 0 -18.287739 2.122715 5.592006 -3.712166 8.636711 20.577783 0 0 0 -68.549307 -14.173113 13.329196 2.692158 7.484335 0.245524 65.401268 -63.084345 -9.524688 0 0 0 44.032665 -13.123923 -11.195923 0.438952 -11.488719 0.993039 -43.739014 -27.078536 -5.000415 0 0 0
0.152 0.084829 -0.392118 1.435775 23.259608 -7.909505 2.513012 -1.021535 -1.729025 2.2632 -15.39879 -7.457999 0 0 0 -0.253177 35.243201 1.322695 -4.994694 -45.416676 24.162454 0 0 0 0 0 0 -8.805303 2.600311 -13.245125 -64.614108 42.157281 -56.969906 -114.099477 42.020185 30.906682 -0.995641 5.31965 -1.755147 -3.636292 -2.244307 -19.133199 -7.100467 3.62086 1.822583 0 0 0 37.981329 3.85712 -18.21386 -3.981505 -0.312001 -2.714025 0 0 0 2.929467 -1.231741 -10.13273 -1.246458 0.377728 3.981735 0 0 0 18.723955 0.463054 -17.775594 -4.013708 0.99524 -3.126586 0 0 0 18.269087 2.108643 -5.565532 3.717059 8.635663 -20.580557 0 0 0 8.805303 2.600311 13.245125 52.611382 35.091642 54.203455 120.551581 44.79691 -29.506145 6.481408 24.678181 9.595129 3.635273 -2.24402 19.132416 7.100747 3.620751 -1.822804 0 0 0 -37.983061 3.857696 18.213087 3.981514 -0.312002 2.714676 0 0 0 -2.929954 -1.23167 10.131993 1.246384 0.377706 -3.981553 0 0 0 -18.724815 0.463336 17.774795 4.013885 0.995202 3.126699 0 0 0 -18.287739 2.122715 5.592006 -3.712166 8.636711 20.577783 0 0 0 -67.697004 -14.309556 12.180671 2.729888 7.705609 0.275307 65.680366 -63.204772 -9.722448 0 0 0 44.475116 -12.394121 -10.939887 0.460399 -11.323333 0.996111 -44.274048 -25.948796 -5.034121 0 0 0
0.167547 0.07096 -0.349852 0.926936 22.480473 -7.748233 2.468204 -2.42976 -1.940558 2.210328 -15.461649 -7.452271 0 0 0 -0.313442 34.568262 1.200608 -4.145834 -42.555858 23.297169 0 0 0 0 0 0 -8.805303 2.600311 -13.245125 -64.662735 42.33308 -58.026265 -114.080859 42.011778 30.910125 -0.940945 5.048699 -1.663153 -3.636292 -2.244307 -19.133199 -7.100467 3.62086 1.822583 0 0 0 37.981329 3.85712 -18.21386 -3.981505 -0.312001 -2.714025 0 0 0 2.929467 -1.231741 -10.13273 -1.246458 0.377728 3.981735 0 0 0 18.723955 0.463054 -17.775594 -4.013708 0.99524 -3.126586 0 0 0 18.269087 2.108643 -5.565532 3.717059 8.635663 -20.580557 0 0 0 8.805303 2.600311 13.245125 53.399781 35.288925 54.386461 120.103952 44.613383 -29.616304 6.364184 24.370264 9.444019 3.635273 -2.24402 19.132416 7.100747 3.620751 -1.822804 0 0 0 -37.983061 3.857696 18.213087 3.981514 -0.312002 2.714676 0 0 0 -2.929954 -1.23167 10.131993 1.246384 0.377706 -3.981553 0 0 0 -18.724815 0.463336 17.774795 4.013885 0.995202 3.126699 0 0 0 -18.287739 2.122715 5.592006 -3.712166 8.636711 20.577783 0 0 0 -66.875501 -14.340131 10.996519 2.780088 7.918206 0.307506 65.987154 -63.431045 -9.984971 0 0 0 44.808984 -11.703982 -10.585658 0.484081 -11.134233 0.999045 -44.669794 -24.830421 -5.066236 0 0 0
0.132535 0.068596 -0.299851 0.538549 21.70963 -7.739369 2.403712 -3.858212 -1.881184 2.148848 -15.398596 -7.456338 0 0 0 -0.40641 33.755064 1.097938 -3.461484 -39.549357 22.443235 0 0 0 0 0 0 -8.805303 2.600311 -13.245125 -64.730414 42.525301 -59.019639 -114.044694 41.995403 30.916779 -0.87369 4.713675 -1.549663 -3.636292 -2.244307 -19.133199 -7.100467 3.62086 1.822583 0 0 0 37.981329 3.85712 -18.21386 -3.981505 -0.312001 -2.714025 0 0 0 2.929467 -1.231741 -10.13273 -1.246458 0.377728 3.981735 0 0 0 18.723955 0.463054 -17.775594 -4.013708 0.99524 -3.126586 0 0 0 18.269087 2.108643 -5.565532 3.717059 8.635663 -20.580557 0 0 0 8.805303 2.600311 13.245125 54.167598 35.441803 54.558566 119.638683 44.420995 -29.728533 6.206707 23.95279 9.240499 3.635273 -2.24402 19.132416 7.100747 3.620751 -1.822804 0 0 0 -37.983061 3.857696 18.213087 3.981514 -0.312002 2.714676 0 0 0 -2.929954 -1.23167 10.131993 1.246384 0.377706 -3.981553 0 0 0 -18.724815 0.463336 17.774795 4.013885 0.995202 3.126699 0 0 0 -18.287739 2.122715 5.592006 -3.712166 8.636711 20.577783 0 0 0 -66.193125 -14.127978 9.930525 2.818431 8.064696 0.32933 66.386048 -63.485819 -10.131849 0 0 0 44.802891 -11.183538 -10.013292 0.502955 -10.962877 1.001172 -44.742257 -23.795886 -5.075177 0 0 0
0.120371 0.065833 -0.255803 0.274768 20.935554 -7.807619 2.35165 -5.244303 -1.664204 2.089207 -15.254039 -7.462866 0 0 0 -0.477059 32.752631 1.125188 -2.834534 -36.121055 21.383509 0 0 0 0 0 0 -8.805303 2.600311 -13.245125 -64.837428 42.733702 -59.928629 -113.989913 41.970576 30.926834 -0.811492 4.401913 -1.444316 -3.636292 -2.244307 -19.133199 -7.100467 3.62086 1.822583 0 0 0 37.981329 3.85712 -18.21386 -3.981505 -0.312001 -2.714025 0 0 0 2.929467 -1.231741 -10.13273 -1.246458 0.377728 3.981735 0 0 0 18.723955 0.463054 -17.775594 -4.013708 0.99524 -3.126586 0 0 0 18.269087 2.108643 -5.565532 3.717059 8.635663 -20.580557 0 0 0 8.805303 2.600311 13.245125 54.820862 35.516995 54.755685 119.142002 44.213989 -29.846092 6.040648 23.508058 9.025272 3.635273 -2.24402 19.132416 7.100747 3.620751 -1.822804 0 0 0 -37.983061 3.857696 18.213087 3.981514 -0.312002 2.714676 0 0 0 -2.929954 -1.23167 10.131993 1.246384 0.377706 -3.981553 0 0 0 -18.724815 0.463336 17.774795 4.013885 0.995202 3.126699 0 0 0 -18.287739 2.122715 5.592006 -3.712166 8.636711 20.577783 0 0 0 -65.655734 -13.759957 8.968706 2.837188 8.167158 0.340964 66.845227 -63.336655 -10.13086 0 0 0 44.302677 -10.77618 -9.267905 0.508754 -10.855521 1.00213 -44.410169 -22.747012 -5.037241 0 0 0
0.109801 0.061843 -0.21058 0.061917 20.128055 -7.837886 2.373239 -6.509006 -1.500613 2.044342 -15.085517 -7.445381 0 0 0 -0.533276 31.539385 1.259671 -2.239992 -32.089549 20.126884 0 0 0 0 0 0 -8.805303 2.600311 -13.245125 -64.960098 42.948781 -60.771493 -113.944875 41.950169 30.935097 -0.760047 4.141237 -1.35661 -3.636292 -2.244307 -19.133199 -7.100467 3.62086 1.822583 0 0 0 37.981329 3.85712 -18.21386 -3.981505 -0.312001 -2.714025 0 0 0 2.929467 -1.231741 -10.13273 -1.246458 0.377728 3.981735 0 0 0 18.723955 0.463054 -17.775594 -4.013708 0.99524 -3.126586 0 0 0 18.269087 2.108643 -5.565532 3.717059 8.635663 -20.580557 0 0 0 8.805303 2.600311 13.245125 55.344969 35.484652 55.050438 118.639183 44.002926 -29.963024 5.896161 23.116458 8.837363 3.635273 -2.24402 19.132416 7.100747 3.620751 -1.822804 0 0 0 -37.983061 3.857696 18.213087 3.981514 -0.312002 2.714676 0 0 0 -2.929954 -1.23167 10.131993 1.246384 0.377706 -3.981553 0 0 0 -18.724815 0.463336 17.774795 4.013885 0.995202 3.126699 0 0 0 -18.287739 2.122715 5.592006 -3.712166 8.636711 20.577783 0 0 0 -65.168716 -13.3997 7.995361 2.848415 8.276945 0.351328 67.268445 -63.180089 -10.097122 0 0 0 43.412796 -10.345556 -8.489384 0.50322 -10.815136 1.00229 -43.746003 -21.629746 -4.953505 0 0 0
0.100735 0.059118 -0.168456 -0.169199 19.288804 -7.824424 2.488552 -7.636397 -1.435952 2.017311 -14.907189 -7.38883 0 0 0 -0.609456 30.17663 1.412444 -1.727726 -27.570318 18.850894 0 0 0 0 0 0 -8.805303 2.600311 -13.245125 -65.067292 43.114963 -61.583827 -113.942692 41.949153 30.93475 -0.705612 3.861165 -1.26294 -3.636292 -2.244307 -19.133199 -7.100467 3.62086 1.822583 0 0 0 37.981329 3.85712 -18.21386 -3.981505 -0.312001 -2.714025 0 0 0 2.929467 -1.231741 -10.13273 -1.246458 0.377728 3.981735 0 0 0 18.723955 0.463054 -17.775594 -4.013708 0.99524 -3.126586 0 0 0 18.269087 2.108643 -5.565532 3.717059 8.635663 -20.580557 0 0 0 8.805303 2.600311 13.245125 55.771135 35.339813 55.463693 118.182908 43.810046 -30.066658 5.779931 22.797259 8.685624 3.635273 -2.24402 19.132416 7.100747 3.620751 -1.822804 0 0 0 -37.983061 3.857696 18.213087 3.981514 -0.312002 2.714676 0 0 0 -2.929954 -1.23167 10.131993 1.246384 0.377706 -3.981553 0 0 0 -18.724815 0.463336 17.774795 4.013885 0.995202 3.126699 0 0 0 -18.287739 2.122715 5.592006 -3.712166 8.636711 20.577783 0 0 0 -64.65888 -13.07654 6.983759 2.858653 8.396427 0.362491 67.625636 -63.085052 -10.084395 0 0 0 42.364413 -9.860023 -7.749059 0.495467 -10.804826 1.002232 -42.885293 -20.506886 -4.846781 0 0 0
0.088382 0.0531 -0.130956 -0.436773 18.448087 -7.814767 2.667 -8.621206 -1.395846 2.004501 -14.69157 -7.313031 0 0 0 -0.703953 28.825728 1.546227 -1.341997 -23.047266 17.708911 0 0 0 0 0 0 -8.805303 2.600311 -13.245125 -65.12845 43.170866 -62.321942 -113.956878 41.955257 30.92538 -0.639789 3.517937 -1.148765 -3.636292 -2.244307 -19.133199 -7.100467 3.62086 1.822583 0 0 0 37.981329 3.85712 -18.21386 -3.981505 -0.312001 -2.714025 0 0 0 2.929467 -1.231741 -10.13273 -1.246458 0.377728 3.981735 0 0 0 18.723955 0.463054 -17.775594 -4.013708 0.99524 -3.126586 0 0 0 18.269087 2.108643 -5.565532 3.717059 8.635663 -20.580557 0 0 0 8.805303 2.600311 13.245125 56.096835 35.102946 55.928053 117.805517 43.64865 -30.14514 5.683801 22.529667 8.559632 3.635273 -2.24402 19.132416 7.100747 3.620751 -1.822804 0 0 0 -37.983061 3.857696 18.213087 3.981514 -0.312002 2.714676 0 0 0 -2.929954 -1.23167 10.131993 1.246384 0.377706 -3.981553 0 0 0 -18.724815 0.463336 17.774795 4.013885 0.995202 3.126699 0 0 0 -18.287739 2.122715 5.592006 -3.712166 8.636711 20.577783 0 0 0 -64.125072 -12.750164 6.002424 2.862743 8.503166 0.370193 67.944927 -62.963117 -10.054642 0 0 0 41.290553 -9.37952 -7.059624 0.490559 -10.788036 1.00207 -41.918189 -19.425198 -4.736155 0 0 0
0.083086 0.045494 -0.1015 -0.72877 17.657349 -7.831841 2.852256 -9.442312 -1.323334 1.998431 -14.414002 -7.250563 0 0 0 -0.796728 27.697489 1.650238 -1.09716 -19.187611 16.804325 0 0 0 0 0 0 -8.805303 2.600311 -13.245125 -65.039987 43.075494 -62.88332 -113.884235 41.920936 30.910275 -0.582835 3.214285 -1.048718 -3.636292 -2.244307 -19.133199 -7.100467 3.62086 1.822583 0 0 0 37.981329 3.85712 -18.21386 -3.981505 -0.312001 -2.714025 0 0 0 2.929467 -1.231741 -10.13273 -1.246458 0.377728 3.981735 0 0 0 18.723955 0.463054 -17.775594 -4.013708 0.99524 -3.126586 0 0 0 18.269087 2.108643 -5.565532 3.717059 8.635663 -20.580557 0 0 0 8.805303 2.600311 13.245125 56.275727 34.784182 56.349856 117.463403 43.498313 -30.193958 5.597347 22.284641 8.445722 3.635273 -2.24402 19.132416 7.100747 3.620751 -1.822804 0 0 0 -37.983061 3.857696 18.213087 3.981514 -0.312002 2.714676 0 0 0 -2.929954 -1.23167 10.131993 1.246384 0.377706 -3.981553 0 0 0 -18.724815 0.463336 17.774795 4.013885 0.995202 3.126699 0 0 0 -18.287739 2.122715 5.592006 -3.712166 8.636711 20.577783 0 0 0 -63.5979 -12.420282 5.138962 2.85831 8.58902 0.37295 68.220097 -62.786892 -9.995349 0 0 0 40.268779 -8.970095 -6.447818 0.487406 -10.755041 1.001681 -40.932396 -18.422211 -4.632213 0 0 0
0.066781 0.040743 -0.081569 -1.041869 16.976829 -7.86664 2.996192 -10.105234 -1.234755 1.983628 -14.093241 -7.181475 0 0 0 -0.895184 26.881888 1.700849 -0.996329 -16.302184 16.141539 0 0 0 0 0 0 -8.805303 2.600311 -13.245125 -64.549607 42.681101 -63.324265 -113.560505 41.769955 30.893198 -0.583316 3.194316 -1.045337 -3.636292 -2.244307 -19.133199 -7.100467 3.62086 1.822583 0 0 0 37.981329 3.85712 -18.21386 -3.981505 -0.312001 -2.714025 0 0 0 2.929467 -1.231741 -10.13273 -1.246458 0.377728 3.981735 0 0 0 18.723955 0.463054 -17.775594 -4.013708 0.99524 -3.126586 0 0 0 18.269087 2.108643 -5.565532 3.717059 8.635663 -20.580557 0 0 0 8.805303 2.600311 13.245125 56.213144 34.273598 56.779028 117.001599 43.288859 -30.22291 5.518075 22.05331 8.340363 3.635273 -2.24402 19.132416 7.100747 3.620751 -1.822804 0 0 0 -37.983061 3.857696 18.213087 3.981514 -0.312002 2.714676 0 0 0 -2.929954 -1.23167 10.131993 1.246384 0.377706 -3.981553 0 0 0 -18.724815 0.463336 17.774795 4.013885 0.995202 3.126699 0 0 0 -18.287739 2.122715 5.592006 -3.712166 8.636711 20.577783 0 0 0 -63.083508 -12.135079 4.446262 2.855003 8.663157 0.3754 68.392445 -62.678295 -9.9797 0 0 0 39.395262 -8.666629 -5.968218 0.484829 -10.716828 1.001188 -40.035783 -17.541294 -4.541834 0 0 0
0.059418 0.038056 -0.083088 -1.393274 16.422222 -7.905147 3.060476 -10.673191 -1.180492 1.930389 -13.776082 -7.006474 0 0 0 -1.038795 26.231837 1.709047 -1.068107 -13.933653 15.491892 0 0 0 0 0 0 -8.805303 2.600311 -13.245125 -63.147907 41.518921 -64.073043 -112.709913 41.372421 30.894237 -0.697325 3.731392 -1.232197 -3.636292 -2.244307 -19.133199 -7.100467 3.62086 1.822583 0 0 0 37.981329 3.85712 -18.21386 -3.981505 -0.312001 -2.714025 0 0 0 2.929467 -1.231741 -10.13273 -1.246458 0.377728 3.981735 0 0 0 18.723955 0.463054 -17.775594 -4.013708 0.99524 -3.126586 0 0 0 18.269087 2.108643 -5.565532 3.717059 8.635663 -20.580557 0 0 0 8.805303 2.600311 13.245125 55.647352 33.184957 57.59901 116.128255 42.888125 -30.267851 5.479925 21.930785 8.288146 3.635273 -2.24402 19.132416 7.100747 3.620751 -1.822804 0 0 0 -37.983061 3.857696 18.213087 3.981514 -0.312002 2.714676 0 0 0 -2.929954 -1.23167 10.131993 1.246384 0.377706 -3.981553 0 0 0 -18.724815 0.463336 17.774795 4.013885 0.995202 3.126699 0 0 0 -18.287739 2.122715 5.592006 -3.712166 8.636711 20.577783 0 0 0 -62.545115 -11.930734 3.902355 2.865894 8.742914 0.383865 68.425089 -62.773714 -10.100052 0 0 0 38.660247 -8.46776 -5.640871 0.48312 -10.678822 1.000763 -39.23049 -16.716387 -4.461732 0 0 0
0.046814 0.036376 -0.096125 -1.786593 15.918481 -7.947089 2.993519 -11.241483 -1.15321 1.805591 -13.490853 -6.635087 0 0 0 -1.285882 25.491459 1.723639 -1.403184 -11.169308 14.462681 0 0 0 0 0 0 -8.805303 2.600311 -13.245125 -60.003344 38.912249 -65.810275 -110.924655 40.52984 30.952754 -0.914407 4.765358 -1.590059 -3.636292 -2.244307 -19.133199 -7.100467 3.62086 1.822583 0 0 0 37.981329 3.85712 -18.21386 -3.981505 -0.312001 -2.714025 0 0 0 2.929467 -1.231741 -10.13273 -1.246458 0.377728 3.981735 0 0 0 18.723955 0.463054 -17.775594 -4.013708 0.99524 -3.126586 0 0 0 18.269087 2.108643 -5.565532 3.717059 8.635663 -20.580557 0 0 0 8.805303 2.600311 13.245125 54.033761 30.956019 59.448558 114.407899 42.092931 -30.38951 5.536824 22.072116 8.36046 3.635273 -2.24402 19.132416 7.100747 3.620751 -1.822804 0 0 0 -37.983061 3.857696 18.213087 3.981514 -0.312002 2.714676 0 0 0 -2.929954 -1.23167 10.131993 1.246384 0.377706 -3.981553 0 0 0 -18.724815 0.463336 17.774795 4.013885 0.995202 3.126699 0 0 0 -18.287739 2.122715 5.592006 -3.712166 8.636711 20.577783 0 0 0 -61.944974 -11.762937 3.412999 2.888239 8.832266 0.3977 68.372737 -63.003156 -10.328726 0 0 0 37.918041 -8.321325 -5.387065 0.48229 -10.628133 1.000331 -38.386787 -15.82801 -4.380673 0 0 0
0.02966 0.032658 -0.096904 -2.175228 15.343225 -7.971572 2.762757 -11.888519 -1.083288 1.607636 -13.234446 -6.112716 0 0 0 -1.704144 24.53999 1.732876 -2.127903 -7.456628 12.828662 0 0 0 0 0 0 -8.805303 2.600311 -13.245125 -54.306295 34.66911 -68.900822 -107.827962 39.041218 31.07916 -1.089604 5.573099 -1.873986 -3.636292 -2.244307 -19.133199 -7.100467 3.62086 1.822583 0 0 0 37.981329 3.85712 -18.21386 -3.981505 -0.312001 -2.714025 0 0 0 2.929467 -1.231741 -10.13273 -1.246458 0.377728 3.981735 0 0 0 18.723955 0.463054 -17.775594 -4.013708 0.99524 -3.126586 0 0 0 18.269087 2.108643 -5.565532 3.717059 8.635663 -20.580557 0 0 0 8.805303 2.600311 13.245125 50.755589 27.444651 62.740866 111.354843 40.656665 -30.62829 5.675221 22.441453 8.539815 3.635273 -2.24402 19.132416 7.100747 3.620751 -1.822804 0 0 0 -37.983061 3.857696 18.213087 3.981514 -0.312002 2.714676 0 0 0 -2.929954 -1.23167 10.131993 1.246384 0.377706 -3.981553 0 0 0 -18.724815 0.463336 17.774795 4.013885 0.995202 3.126699 0 0 0 -18.287739 2.122715 5.592006 -3.712166 8.636711 20.577783 0 0 0 -61.297902 -11.551398 2.863744 2.897657 8.913991 0.406499 68.344223 -63.061917 -10.48085 0 0 0 37.042678 -8.112691 -5.095062 0.482185 -10.551789 0.999801 -37.390289 -14.88947 -4.291665 0 0 0
0.015187 0.027651 -0.07883 -2.482912 14.62152 -7.929427 2.419704 -12.639808 -0.908756 1.383765 -13.001929 -5.606034 0 0 0 -2.329355 23.501608 1.621317 -3.276075 -3.080433 10.766519 0 0 0 0 0 0 -8.805303 2.600311 -13.245125 -46.033198 29.664843 -72.880865 -103.263111 36.787738 31.200244 -1.051798 5.274918 -1.789297 -3.636292 -2.244307 -19.133199 -7.100467 3.62086 1.822583 0 0 0 37.981329 3.85712 -18.21386 -3.981505 -0.312001 -2.714025 0 0 0 2.929467 -1.231741 -10.13273 -1.246458 0.377728 3.981735 0 0 0 18.723955 0.463054 -17.775594 -4.013708 0.99524 -3.126586 0 0 0 18.269087 2.108643 -5.565532 3.717059 8.635663 -20.580557 0 0 0 8.805303 2.600311 13.245125 45.593826 23.428141 67.204774 106.656385 38.381484 -30.932344 5.793645 22.747944 8.692015 3.635273 -2.24402 19.132416 7.100747 3.620751 -1.822804 0 0 0 -37.983061 3.857696 18.213087 3.981514 -0.312002 2.714676 0 0 0 -2.929954 -1.23167 10.131993 1.246384 0.377706 -3.981553 0 0 0 -18.724815 0.463336 17.774795 4.013885 0.995202 3.126699 0 0 0 -18.287739 2.122715 5.592006 -3.712166 8.636711 20.577783 0 0 0 -60.66768 -11.267066 2.19268 2.864802 8.96949 0.396828 68.399725 -62.633078 -10.350064 0 0 0 35.989529 -7.733837 -4.727711 0.48249 -10.447418 0.999198 -36.210664 -14.012888 -4.194149 0 0 0
0.013515 0.017042 -0.043791 -2.66055 13.764863 -7.818998 2.110908 -13.431168 -0.595475 1.207258 -12.830421 -5.252903 0 0 0 -3.130028 22.631888 1.25759 -4.701582 1.153759 8.750759 0 0 0 0 0 0 -8.805303 2.600311 -13.245125 -36.361746 25.38103 -76.671371 -97.327121 33.766267 31.162689 -0.772751 3.617155 -1.263558 -3.636292 -2.244307 -19.133199 -7.100467 3.62086 1.822583 0 0 0 37.981329 3.85712 -18.21386 -3.981505 -0.312001 -2.714025 0 0 0 2.929467 -1.231741 -10.13273 -1.246458 0.377728 3.981735 0 0 0 18.723955 0.463054 -17.775594 -4.013708 0.99524 -3.126586 0 0 0 18.269087 2.108643 -5.565532 3.717059 8.635663 -20.580557 0 0 0 8.805303 2.600311 13.245125 38.890065 20.16162 71.93687 100.410738 35.250217 -31.134663 5.75804 22.588329 8.636957 3.635273 -2.24402 19.132416 7.100747 3.620751 -1.822804 0 0 0 -37.983061 3.857696 18.213087 3.981514 -0.312002 2.714676 0 0 0 -2.929954 -1.23167 10.131993 1.246384 0.377706 -3.981553 0 0 0 -18.724815 0.463336 17.774795 4.013885 0.995202 3.126699 0 0 0 -18.287739 2.122715 5.592006 -3.712166 8.636711 20.577783 0 0 0 -60.105021 -10.901677 1.441823 2.773926 8.981292 0.35968 68.505344 -61.57163 -9.855465 0 0 0 34.73615 -7.198739 -4.302022 0.482264 -10.309112 0.998503 -34.848857 -13.241243 -4.089863 0 0 0
0.002976 0.002761 -0.015829 -2.709062 12.858862 -7.71672 1.974602 -14.153248 -0.139452 1.126189 -12.781818 -5.057417 0 0 0 -4.015702 22.123795 0.635578 -6.160741 4.559851 7.223529 0 0 0 0 0 0 -8.805303 2.600311 -13.245125 -27.022051 22.776121 -79.344294 -90.343903 30.112884 30.791139 -0.339841 0.833065 -0.397361 -3.636292 -2.244307 -19.133199 -7.100467 3.62086 1.822583 0 0 0 37.981329 3.85712 -18.21386 -3.981505 -0.312001 -2.714025 0 0 0 2.929467 -1.231741 -10.13273 -1.246458 0.377728 3.981735 0 0 0 18.723955 0.463054 -17.775594 -4.013708 0.99524 -3.126586 0 0 0 18.269087 2.108643 -5.565532 3.717059 8.635663 -20.580557 0 0 0 8.805303 2.600311 13.245125 31.334364 18.391406 75.923009 93.158739 31.490371 -31.023305 5.457654 21.596174 8.220831 3.635273 -2.24402 19.132416 7.100747 3.620751 -1.822804 0 0 0 -37.983061 3.857696 18.213087 3.981514 -0.312002 2.714676 0 0 0 -2.929954 -1.23167 10.131993 1.246384 0.377706 -3.981553 0 0 0 -18.724815 0.463336 17.774795 4.013885 0.995202 3.126699 0 0 0 -18.287739 2.122715 5.592006 -3.712166 8.636711 20.577783 0 0 0 -59.560304 -10.411378 0.753452 2.622805 8.898355 0.290388 68.522206 -59.837468 -9.050565 0 0 0 33.313016 -6.652732 -3.827066 0.48019 -10.133382 0.997669 -33.35834 -12.546769 -3.983908 0 0 0
-0.013701 -0.004835 0.010135 -2.640398 12.0125 -7.690339 1.995206 -14.769522 0.411762 1.118638 -12.831573 -4.919178 0 0 0 -4.861579 22.002816 -0.078988 -7.450196 6.880212 6.32725 0 0 0 0 0 0 -8.805303 2.600311 -13.245125 -19.125381 21.732967 -80.622207 -82.809136 26.103576 29.963423 0.139996 -2.668296 0.661157 -3.636292 -2.244307 -19.133199 -7.100467 3.62086 1.822583 0 0 0 37.981329 3.85712 -18.21386 -3.981505 -0.312001 -2.714025 0 0 0 2.929467 -1.231741 -10.13273 -1.246458 0.377728 3.981735 0 0 0 18.723955 0.463054 -17.775594 -4.013708 0.99524 -3.126586 0 0 0 18.269087 2.108643 -5.565532 3.717059 8.635663 -20.580557 0 0 0 8.805303 2.600311 13.245125 23.719209 17.960314 78.565714 85.572127 27.455988 -30.448682 4.956046 19.938493 7.525396 3.635273 -2.24402 19.132416 7.100747 3.620751 -1.822804 0 0 0 -37.983061 3.857696 18.213087 3.981514 -0.312002 2.714676 0 0 0 -2.929954 -1.23167 10.131993 1.246384 0.377706 -3.981553 0 0 0 -18.724815 0.463336 17.774795 4.013885 0.995202 3.126699 0 0 0 -18.287739 2.122715 5.592006 -3.712166 8.636711 20.577783 0 0 0 -58.836148 -9.753244 0.286644 2.406898 8.623736 0.18289 68.203221 -57.292989 -8.019352 0 0 0 31.880198 -6.222774 -3.306245 0.474203 -9.944658 0.996607 -31.917185 -11.957823 -3.886752 0 0 0
-0.045777 -0.030534 -0.009588 -2.447463 11.256435 -7.722793 2.038371 -15.298319 0.978458 1.120968 -12.842644 -4.749493 0 0 0 -5.57615 22.135236 -0.705885 -8.477076 8.260983 5.959878 0 0 0 0 0 0 -8.805303 2.600311 -13.245125 -12.695725 21.4704 -80.772076 -75.245854 22.076338 28.665606 0.524336 -5.904755 1.611337 -3.636292 -2.244307 -19.133199 -7.100467 3.62086 1.822583 0 0 0 37.981329 3.85712 -18.21386 -3.981505 -0.312001 -2.714025 0 0 0 2.929467 -1.231741 -10.13273 -1.246458 0.377728 3.981735 0 0 0 18.723955 0.463054 -17.775594 -4.013708 0.99524 -3.126586 0 0 0 18.269087 2.108643 -5.565532 3.717059 8.635663 -20.580557 0 0 0 8.805303 2.600311 13.245125 16.63726 18.212508 79.809874 78.076456 23.431586 -29.37189 4.586979 18.678365 7.007995 3.635273 -2.24402 19.132416 7.100747 3.620751 -1.822804 0 0 0 -37.983061 3.857696 18.213087 3.981514 -0.312002 2.714676 0 0 0 -2.929954 -1.23167 10.131993 1.246384 0.377706 -3.981553 0 0 0 -18.724815 0.463336 17.774795 4.013885 0.995202 3.126699 0 0 0 -18.287739 2.122715 5.592006 -3.712166 8.636711 20.577783 0 0 0 -57.691459 -8.936951 0.079351 2.120441 8.089876 0.034029 67.332701 -53.758676 -6.829329 0 0 0 30.658226 -5.870983 -2.740622 0.462058 -9.784188 0.9951 -30.757086 -11.570679 -3.810396 0 0 0
-0.062228 -0.034383 0.016098 -2.15473 10.530784 -7.752357 2.029753 -15.724136 1.49167 1.100831 -12.720953 -4.546038 0 0 0 -6.163843 22.352671 -1.210031 -9.262887 9.073162 5.992383 0 0 0 0 0 0 -8.805303 2.600311 -13.245125 -7.110269 21.244128 -80.233775 -68.064061 18.324783 26.992417 0.646827 -7.36904 2.01147 -3.636292 -2.244307 -19.133199 -7.100467 3.62086 1.822583 0 0 0 37.981329 3.85712 -18.21386 -3.981505 -0.312001 -2.714025 0 0 0 2.929467 -1.231741 -10.13273 -1.246458 0.377728 3.981735 0 0 0 18.723955 0.463054 -17.775594 -4.013708 0.99524 -3.126586 0 0 0 18.269087 2.108643 -5.565532 3.717059 8.635663 -20.580557 0 0 0 8.805303 2.600311 13.245125 10.269376 18.536333 79.932011 70.825251 19.58529 -27.842032 4.704771 18.963754 7.157072 3.635273 -2.24402 19.132416 7.100747 3.620751 -1.822804 0 0 0 -37.983061 3.857696 18.213087 3.981514 -0.312002 2.714676 0 0 0 -2.929954 -1.23167 10.131993 1.246384 0.377706 -3.981553 0 0 0 -18.724815 0.463336 17.774795 4.013885 0.995202 3.126699 0 0 0 -18.287739 2.122715 5.592006 -3.712166 8.636711 20.577783 0 0 0 -56.082631 -8.037063 0.016979 1.788473 7.365344 -0.139179 65.965151 -49.456014 -5.615814 0 0 0 29.764043 -5.469229 -2.139556 0.444733 -9.667734 0.99318 -29.972945 -11.411987 -3.760107 0 0 0
-0.084335 -0.037754 0.026983 -1.838866 9.804772 -7.753424 1.990365 -16.036456 1.918263 1.068077 -12.507491 -4.353879 0 0 0 -6.684539 22.591945 -1.639802 -9.90618 9.614805 6.294534 0 0 0 0 0 0 -8.805303 2.600311 -13.245125 -1.75406 20.65424 -79.331972 -61.467887 15.018297 25.076492 0.426174 -6.173969 1.607341 -3.636292 -2.244307 -19.133199 -7.100467 3.62086 1.822583 0 0 0 37.981329 3.85712 -18.21386 -3.981505 -0.312001 -2.714025 0 0 0 2.929467 -1.231741 -10.13273 -1.246458 0.377728 3.981735 0 0 0 18.723955 0.463054 -17.775594 -4.013708 0.99524 -3.126586 0 0 0 18.269087 2.108643 -5.565532 3.717059 8.635663 -20.580557 0 0 0 8.805303 2.600311 13.245125 4.482532 18.576372 79.295519 63.921015 16.050143 -25.963327 5.393629 20.982972 8.076426 3.635273 -2.24402 19.132416 7.100747 3.620751 -1.822804 0 0 0 -37.983061 3.857696 18.213087 3.981514 -0.312002 2.714676 0 0 0 -2.929954 -1.23167 10.131993 1.246384 0.377706 -3.981553 0 0 0 -18.724815 0.463336 17.774795 4.013885 0.995202 3.126699 0 0 0 -18.287739 2.122715 5.592006 -3.712166 8.636711 20.577783 0 0 0 -54.281765 -7.169557 -0.03241 1.47426 6.639941 -0.300005 64.433483 -45.162987 -4.588465 0 0 0 29.143604 -4.986106 -1.549103 0.427168 -9.578945 0.99137 -29.462115 -11.380179 -3.730023 0 0 0
-0.096898 -0.038423 0.037037 -1.538701 9.119767 -7.750304 1.936164 -16.257967 2.269746 1.034296 -12.286958 -4.20167 0 0 0 -7.185728 22.864083 -2.024844 -10.510538 9.973961 6.723859 0 0 0 0 0 0 -8.805303 2.600311 -13.245125 3.624967 19.520874 -78.175991 -55.383624 12.162484 22.989298 -0.104378 -2.714271 0.509997 -3.636292 -2.244307 -19.133199 -7.100467 3.62086 1.822583 0 0 0 37.981329 3.85712 -18.21386 -3.981505 -0.312001 -2.714025 0 0 0 2.929467 -1.231741 -10.13273 -1.246458 0.377728 3.981735 0 0 0 18.723955 0.463054 -17.775594 -4.013708 0.99524 -3.126586 0 0 0 18.269087 2.108643 -5.565532 3.717059 8.635663 -20.580557 0 0 0 8.805303 2.600311 13.245125 -1.042579 18.142454 78.196025 57.489355 12.945069 -23.863488 6.561301 24.183199 9.603679 3.635273 -2.24402 19.132416 7.100747 3.620751 -1.822804 0 0 0 -37.983061 3.857696 18.213087 3.981514 -0.312002 2.714676 0 0 0 -2.929954 -1.23167 10.131993 1.246384 0.377706 -3.981553 0 0 0 -18.724815 0.463336 17.774795 4.013885 0.995202 3.126699 0 0 0 -18.287739 2.122715 5.592006 -3.712166 8.636711 20.577783 0 0 0 -52.663367 -6.414959 -0.098428 1.229268 6.067053 -0.421419 63.055474 -41.599408 -3.86647 0 0 0 28.670484 -4.500589 -1.011426 0.413452 -9.500257 0.990149 -29.090843 -11.372089 -3.712039 0 0 0
-0.106328 -0.03874 0.041608 -1.226598 8.511323 -7.777673 1.85566 -16.38128 2.574218 0.99983 -12.099599 -4.09158 0 0 0 -7.693801 23.140656 -2.404573 -11.099511 10.187452 7.274166 0 0 0 0 0 0 -8.805303 2.600311 -13.245125 9.115813 17.686934 -76.751586 -49.554061 9.663619 20.721236 -1.000641 2.34228 -1.169806 -3.636292 -2.244307 -19.133199 -7.100467 3.62086 1.822583 0 0 0 37.981329 3.85712 -18.21386 -3.981505 -0.312001 -2.714025 0 0 0 2.929467 -1.231741 -10.13273 -1.246458 0.377728 3.981735 0 0 0 18.723955 0.463054 -17.775594 -4.013708 0.99524 -3.126586 0 0 0 18.269087 2.108643 -5.565532 3.717059 8.635663 -20.580557 0 0 0 8.805303 2.600311 13.245125 -6.738319 17.084735 76.826055 51.600866 10.327735 -21.658909 8.204888 28.085466 11.674288 3.635273 -2.24402 19.132416 7.100747 3.620751 -1.822804 0 0 0 -37.983061 3.857696 18.213087 3.981514 -0.312002 2.714676 0 0 0 -2.929954 -1.23167 10.131993 1.246384 0.377706 -3.981553 0 0 0 -18.724815 0.463336 17.774795 4.013885 0.995202 3.126699 0 0 0 -18.287739 2.122715 5.592006 -3.712166 8.636711 20.577783 0 0 0 -51.408304 -5.766789 -0.134285 1.056618 5.663167 -0.50387 61.929377 -38.899224 -3.401262 0 0 0 28.262968 -4.086177 -0.51534 0.403842 -9.424473 0.989547 -28.812226 -11.375697 -3.704289 0 0 0
-0.12437 -0.042278 0.025764 -0.902081 7.972238 -7.847899 1.759143 -16.382487 2.833104 0.964796 -11.939767 -4.007958 0 0 0 -8.217344 23.371846 -2.833019 -11.629048 10.345035 8.027907 0 0 0 0 0 0 -8.805303 2.600311 -13.245125 15.230397 14.948054 -75.113579 -43.839567 7.475275 18.282162 -2.951708 9.397068 -4.097483 -3.636292 -2.244307 -19.133199 -7.100467 3.62086 1.822583 0 0 0 37.981329 3.85712 -18.21386 -3.981505 -0.312001 -2.714025 0 0 0 2.929467 -1.231741 -10.13273 -1.246458 0.377728 3.981735 0 0 0 18.723955 0.463054 -17.775594 -4.013708 0.99524 -3.126586 0 0 0 18.269087 2.108643 -5.565532 3.717059 8.635663 -20.580557 0 0 0 8.805303 2.600311 13.245125 -12.981898 15.306788 75.343793 46.314645 8.205075 -19.469729 10.62397 32.540151 14.569285 3.635273 -2.24402 19.132416 7.100747 3.620751 -1.822804 0 0 0 -37.983061 3.857696 18.213087 3.981514 -0.312002 2.714676 0 0 0 -2.929954 -1.23167 10.131993 1.246384 0.377706 -3.981553 0 0 0 -18.724815 0.463336 17.774795 4.013885 0.995202 3.126699 0 0 0 -18.287739 2.122715 5.592006 -3.712166 8.636711 20.577783 0 0 0 -50.49319 -5.185125 -0.121551 0.937025 5.380241 -0.559522 61.036511 -36.911674 -3.096499 0 0 0 27.868812 -3.758247 -0.041952 0.396754 -9.351037 0.989335 -28.574223 -11.389825 -3.701519 0 0 0
-0.142167 -0.043971 0.022038 -0.622124 7.493614 -7.951815 1.67461 -16.29342 3.030763 0.929724 -11.787058 -3.921546 0 0 0 -8.739457 23.561268 -3.302638 -12.094102 10.511707 8.895735 0 0 0 0 0 0 -8.805303 2.600311 -13.245125 22.757079 11.255978 -73.519353 -38.499913 5.672432 15.846455 -7.607003 19.283752 -9.988176 -3.636292 -2.244307 -19.133199 -7.100467 3.62086 1.822583 0 0 0 37.981329 3.85712 -18.21386 -3.981505 -0.312001 -2.714025 0 0 0 2.929467 -1.231741 -10.13273 -1.246458 0.377728 3.981735 0 0 0 18.723955 0.463054 -17.775594 -4.013708 0.99524 -3.126586 0 0 0 18.269087 2.108643 -5.565532 3.717059 8.635663 -20.580557 0 0 0 8.805303 2.600311 13.245125 -19.953338 12.846736 73.941139 41.801847 6.585592 -17.462102 14.638934 37.527948 19.118652 3.635273 -2.24402 19.132416 7.100747 3.620751 -1.822804 0 0 0 -37.983061 3.857696 18.213087 3.981514 -0.312002 2.714676 0 0 0 -2.929954 -1.23167 10.131993 1.246384 0.377706 -3.981553 0 0 0 -18.724815 0.463336 17.774795 4.013885 0.995202 3.126699 0 0 0 -18.287739 2.122715 5.592006 -3.712166 8.636711 20.577783 0 0 0 -49.835846 -4.661272 -0.084826 0.857767 5.189602 -0.596064 60.36269 -35.551053 -2.900967 0 0 0 27.444168 -3.506872 0.393861 0.390599 -9.287204 0.989215 -28.29403 -11.35942 -3.691932 0 0 0
-0.160299 -0.046043 0.015206 -0.433103 7.089287 -8.081433 1.615479 -16.169184 3.17754 0.896032 -11.638247 -3.815852 0 0 0 -9.234736 23.734708 -3.749569 -12.545855 10.688229 9.668502 0 0 0 0 0 0 -8.805303 2.600311 -13.245125 30.982798 7.323616 -72.332506 -34.209106 4.389927 13.798975 -15.649901 30.68318 -19.381898 -3.636292 -2.244307 -19.133199 -7.100467 3.62086 1.822583 0 0 0 37.981329 3.85712 -18.21386 -3.981505 -0.312001 -2.714025 0 0 0 2.929467 -1.231741 -10.13273 -1.246458 0.377728 3.981735 0 0 0 18.723955 0.463054 -17.775594 -4.013708 0.99524 -3.126586 0 0 0 18.269087 2.108643 -5.565532 3.717059 8.635663 -20.580557 0 0 0 8.805303 2.600311 13.245125 -27.234079 10.04835 72.838131 38.321243 5.473059 -15.833618 20.950237 42.724314 26.011322 3.635273 -2.24402 19.132416 7.100747 3.620751 -1.822804 0 0 0 -37.983061 3.857696 18.213087 3.981514 -0.312002 2.714676 0 0 0 -2.929954 -1.23167 10.131993 1.246384 0.377706 -3.981553 0 0 0 -18.724815 0.463336 17.774795 4.013885 0.995202 3.126699 0 0 0 -18.287739 2.122715 5.592006 -3.712166 8.636711 20.577783 0 0 0 -49.347408 -4.205259 -0.016566 0.807885 5.06973 -0.61902 59.870894 -34.687498 -2.782382 0 0 0 27.010732 -3.340729 0.777894 0.384348 -9.235486 0.989027 -27.967661 -11.243659 -3.673478 0 0 0
-0.183017 -0.047198 0.000197 -0.336934 6.773088 -8.229271 1.592471 -16.008345 3.299657 0.872635 -11.507866 -3.709897 0 0 0 -9.698837 23.88263 -4.136105 -13.022256 10.822011 10.282444 0 0 0 0 0 0 -8.805303 2.600311 -13.245125 36.323715 4.877559 -71.775331 -31.683288 3.705029 12.560328 -23.400257 39.162408 -28.120499 -3.636292 -2.244307 -19.133199 -7.100467 3.62086 1.822583 0 0 0 37.981329 3.85712 -18.21386 -3.981505 -0.312001 -2.714025 0 0 0 2.929467 -1.231741 -10.13273 -1.246458 0.377728 3.981735 0 0 0 18.723955 0.463054 -17.775594 -4.013708 0.99524 -3.126586 0 0 0 18.269087 2.108643 -5.565532 3.717059 8.635663 -20.580557 0 0 0 8.805303 2.600311 13.245125 -33.213182 7.733814 72.210922 36.095657 4.832731 -14.756431 28.137422 47.045185 33.714095 3.635273 -2.24402 19.132416 7.100747 3.620751 -1.822804 0 0 0 -37.983061 3.857696 18.213087 3.981514 -0.312002 2.714676 0 0 0 -2.929954 -1.23167 10.131993 1.246384 0.377706 -3.981553 0 0 0 -18.724815 0.463336 17.774795 4.013885 0.995202 3.126699 0 0 0 -18.287739 2.122715 5.592006 -3.712166 8.636711 20.577783 0 0 0 -48.968004 -3.828501 0.10712 0.776506 4.999213 -0.633447 59.50629 -34.16559 -2.711421 0 0 0 26.621459 -3.277052 1.102796 0.378442 -9.182585 0.988986 -27.640109 -11.064877 -3.654792 0 0 0
-0.204438 -0.044585 -0.01257 -0.300349 6.551583 -8.370945 1.607295 -15.777142 3.399253 0.864628 -11.406398 -3.626114 0 0 0 -10.150876 23.985004 -4.485037 -13.521231 10.824307 10.837748 0 0 0 0 0 0 -8.805303 2.600311 -13.245125 34.690169 5.51114 -71.989916 -31.303429 3.611586 12.369759 -24.673953 40.235092 -29.520436 -3.636292 -2.244307 -19.133199 -7.100467 3.62086 1.822583 0 0 0 37.981329 3.85712 -18.21386 -3.981505 -0.312001 -2.714025 0 0 0 2.929467 -1.231741 -10.13273 -1.246458 0.377728 3.981735 0 0 0 18.723955 0.463054 -17.775594 -4.013708 0.99524 -3.126586 0 0 0 18.269087 2.108643 -5.565532 3.717059 8.635663 -20.580557 0 0 0 8.805303 2.600311 13.245125 -35.89736 6.748296 72.104575 35.150364 4.581788 -14.289334 32.419889 49.135601 38.260473 3.635273 -2.24402 19.132416 7.100747 3.620751 -1.822804 0 0 0 -37.983061 3.857696 18.213087 3.981514 -0.312002 2.714676 0 0 0 -2.929954 -1.23167 10.131993 1.246384 0.377706 -3.981553 0 0 0 -18.724815 0.463336 17.774795 4.013885 0.995202 3.126699 0 0 0 -18.287739 2.122715 5.592006 -3.712166 8.636711 20.577783 0 0 0 -48.711812 -3.560954 0.271086 0.758986 4.975349 -0.641123 59.248221 -33.933198 -2.674256 0 0 0 26.267493 -3.313885 1.336431 0.373918 -9.116079 0.989384 -27.308387 -10.866057 -3.639619 0 0 0
-0.215828 -0.043616 -0.03337 -0.262072 6.432547 -8.484899 1.618645 -15.475107 3.469299 0.858687 -11.335279 -3.55526 0 0 0 -10.624021 24.056343 -4.865404 -14.022046 10.635828 11.475283 0 0 0 0 0 0 -8.805303 2.600311 -13.245125 25.796813 9.031926 -73.26812 -33.191104 4.149383 13.278458 -18.321673 33.326351 -22.351611 -3.636292 -2.244307 -19.133199 -7.100467 3.62086 1.822583 0 0 0 37.981329 3.85712 -18.21386 -3.981505 -0.312001 -2.714025 0 0 0 2.929467 -1.231741 -10.13273 -1.246458 0.377728 3.981735 0 0 0 18.723955 0.463054 -17.775594 -4.013708 0.99524 -3.126586 0 0 0 18.269087 2.108643 -5.565532 3.717059 8.635663 -20.580557 0 0 0 8.805303 2.600311 13.245125 -34.941242 7.09555 72.415098 35.173023 4.589203 -14.299889 31.435881 48.703055 37.216269 3.635273 -2.24402 19.132416 7.100747 3.620751 -1.822804 0 0 0 -37.983061 3.857696 18.213087 3.981514 -0.312002 2.714676 0 0 0 -2.929954 -1.23167 10.131993 1.246384 0.377706 -3.981553 0 0 0 -18.724815 0.463336 17.774795 4.013885 0.995202 3.126699 0 0 0 -18.287739 2.122715 5.592006 -3.712166 8.636711 20.577783 0 0 0 -48.624202 -3.424699 0.459124 0.751436 4.99187 -0.64336 59.094386 -33.913732 -2.658286 0 0 0 25.922936 -3.434931 1.459894 0.370217 -9.044797 0.990013 -26.984732 -10.681548 -3.62682 0 0 0
-0.224105 -0.04307 -0.060739 -0.167386 6.407987 -8.574197 1.596391 -15.133767 3.510683 0.843572 -11.288395 -3.47999 0 0 0 -11.157278 24.148312 -5.332679 -14.538793 10.263743 12.276143 0 0 0 0 0 0 -8.805303 2.600311 -13.245125 13.6713 13.443536 -75.665981 -37.333586 5.499558 15.158096 -9.880563 22.241537 -12.547431 -3.636292 -2.244307 -19.133199 -7.100467 3.62086 1.822583 0 0 0 37.981329 3.85712 -18.21386 -3.981505 -0.312001 -2.714025 0 0 0 2.929467 -1.231741 -10.13273 -1.246458 0.377728 3.981735 0 0 0 18.723955 0.463054 -17.775594 -4.013708 0.99524 -3.126586 0 0 0 18.269087 2.108643 -5.565532 3.717059 8.635663 -20.580557 0 0 0 8.805303 2.600311 13.245125 -31.891265 8.00415 72.964602 35.656727 4.712076 -14.541104 27.032696 46.820378 32.558979 3.635273 -2.24402 19.132416 7.100747 3.620751 -1.822804 0 0 0 -37.983061 3.857696 18.213087 3.981514 -0.312002 2.714676 0 0 0 -2.929954 -1.23167 10.131993 1.246384 0.377706 -3.981553 0 0 0 -18.724815 0.463336 17.774795 4.013885 0.995202 3.126699 0 0 0 -18.287739 2.122715 5.592006 -3.712166 8.636711 20.577783 0 0 0 -48.70083 -3.392349 0.679951 0.746871 5.018885 -0.643688 59.0229 -33.934275 -2.644652 0 0 0 25.627819 -3.613833 1.512472 0.365619 -8.99099 0.990277 -26.756598 -10.541896 -3.619052 0 0 0
-0.234494 -0.040883 -0.088383 -0.009231 6.445614 -8.644166 1.591086 -14.79495 3.504689 0.831997 -11.248139 -3.401108 0 0 0 -11.766674 24.328352 -5.857716 -15.144446 9.750548 13.152712 0 0 0 0 0 0 -8.805303 2.600311 -13.245125 2.80471 16.61545 -78.410576 -43.378329 7.849166 17.55897 -4.457459 11.892978 -5.723917 -3.636292 -2.244307 -19.133199 -7.100467 3.62086 1.822583 0 0 0 37.981329 3.85712 -18.21386 -3.981505 -0.312001 -2.714025 0 0 0 2.929467 -1.231741 -10.13273 -1.246458 0.377728 3.981735 0 0 0 18.723955 0.463054 -17.775594 -4.013708 0.99524 -3.126586 0 0 0 18.269087 2.108643 -5.565532 3.717059 8.635663 -20.580557 0 0 0 8.805303 2.600311 13.245125 -28.38221 8.828959 73.585028 36.232534 4.858205 -14.828368 22.618859 44.726092 27.875363 3.635273 -2.24402 19.132416 7.100747 3.620751 -1.822804 0 0 0 -37.983061 3.857696 18.213087 3.981514 -0.312002 2.714676 0 0 0 -2.929954 -1.23167 10.131993 1.246384 0.377706 -3.981553 0 0 0 -18.724815 0.463336 17.774795 4.013885 0.995202 3.126699 0 0 0 -18.287739 2.122715 5.592006 -3.712166 8.636711 20.577783 0 0 0 -48.876692 -3.417527 0.926204 0.740831 5.030965 -0.644975 58.995136 -33.878402 -2.624045 0 0 0 25.438651 -3.812345 1.542997 0.359538 -8.965705 0.989884 -26.692638 -10.461159 -3.620249 0 0 0
-0.238284 -0.041801 -0.118681 0.191049 6.50746 -8.696551 1.65501 -14.498279 3.437767 0.837349 -11.199951 -3.321428 0 0 0 -12.431418 24.649881 -6.372448 -15.900374 9.144103 13.88217 0 0 0 0 0 0 -8.805303 2.600311 -13.245125 -4.878618 17.559874 -80.192619 -50.486313 11.09066 19.721147 -2.430586 4.783855 -2.511757 -3.636292 -2.244307 -19.133199 -7.100467 3.62086 1.822583 0 0 0 37.981329 3.85712 -18.21386 -3.981505 -0.312001 -2.714025 0 0 0 2.929467 -1.231741 -10.13273 -1.246458 0.377728 3.981735 0 0 0 18.723955 0.463054 -17.775594 -4.013708 0.99524 -3.126586 0 0 0 18.269087 2.108643 -5.565532 3.717059 8.635663 -20.580557 0 0 0 8.805303 2.600311 13.245125 -25.111599 9.424182 74.153526 36.777935 4.998489 -15.099811 19.56622 42.893259 24.606053 3.635273 -2.24402 19.132416 7.100747 3.620751 -1.822804 0 0 0 -37.983061 3.857696 18.213087 3.981514 -0.312002 2.714676 0 0 0 -2.929954 -1.23167 10.131993 1.246384 0.377706 -3.981553 0 0 0 -18.724815 0.463336 17.774795 4.013885 0.995202 3.126699 0 0 0 -18.287739 2.122715 5.592006 -3.712166 8.636711 20.577783 0 0 0 -49.080791 -3.465471 1.1725 0.733213 5.026743 -0.64751 58.972152 -33.7485 -2.598206 0 0 0 25.343721 -3.996881 1.573742 0.352777 -8.961872 0.989044 -26.767951 -10.429031 -3.629765 0 0 0
-0.24403 -0.039421 -0.137249 0.419859 6.566944 -8.749023 1.742778 -14.265019 3.35541 0.847737 -11.154008 -3.23439 0 0 0 -13.116074 25.104124 -6.86664 -16.782232 8.524209 14.286014 0 0 0 0 0 0 -8.805303 2.600311 -13.245125 -9.645352 16.376533 -80.027186 -57.44347 14.615243 20.927756 -2.060132 0.560788 -1.114509 -3.636292 -2.244307 -19.133199 -7.100467 3.62086 1.822583 0 0 0 37.981329 3.85712 -18.21386 -3.981505 -0.312001 -2.714025 0 0 0 2.929467 -1.231741 -10.13273 -1.246458 0.377728 3.981735 0 0 0 18.723955 0.463054 -17.775594 -4.013708 0.99524 -3.126586 0 0 0 18.269087 2.108643 -5.565532 3.717059 8.635663 -20.580557 0 0 0 8.805303 2.600311 13.245125 -22.240536 9.852759 74.603318 37.280316 5.129643 -15.34915 17.460736 41.290139 22.323726 3.635273 -2.24402 19.132416 7.100747 3.620751 -1.822804 0 0 0 -37.983061 3.857696 18.213087 3.981514 -0.312002 2.714676 0 0 0 -2.929954 -1.23167 10.131993 1.246384 0.377706 -3.981553 0 0 0 -18.724815 0.463336 17.774795 4.013885 0.995202 3.126699 0 0 0 -18.287739 2.122715 5.592006 -3.712166 8.636711 20.577783 0 0 0 -49.272545 -3.500735 1.412735 0.724472 5.012968 -0.650712 58.922145 -33.574268 -2.567743 0 0 0 25.280493 -4.155601 1.624748 0.346142 -8.967582 0.988081 -26.908188 -10.427984 -3.643165 0 0 0
-0.249117 -0.037804 -0.159577 0.647573 6.613184 -8.814163 1.775763 -14.098991 3.317662 0.84429 -11.13145 -3.141381 0 0 0 -13.77152 25.584922 -7.369145 -17.668571 8.071694 14.354452 0 0 0 0 0 0 -8.805303 2.600311 -13.245125 -12.308361 13.810389 -77.801528 -62.942605 17.507229 20.945368 -2.284492 -2.029406 -0.273997 -3.636292 -2.244307 -19.133199 -7.100467 3.62086 1.822583 0 0 0 37.981329 3.85712 -18.21386 -3.981505 -0.312001 -2.714025 0 0 0 2.929467 -1.231741 -10.13273 -1.246458 0.377728 3.981735 0 0 0 18.723955 0.463054 -17.775594 -4.013708 0.99524 -3.126586 0 0 0 18.269087 2.108643 -5.565532 3.717059 8.635663 -20.580557 0 0 0 8.805303 2.600311 13.245125 -19.841409 10.158753 74.93113 37.727367 5.248043 -15.570401 15.878783 39.905679 20.593516 3.635273 -2.24402 19.132416 7.100747 3.620751 -1.822804 0 0 0 -37.983061 3.857696 18.213087 3.981514 -0.312002 2.714676 0 0 0 -2.929954 -1.23167 10.131993 1.246384 0.377706 -3.981553 0 0 0 -18.724815 0.463336 17.774795 4.013885 0.995202 3.126699 0 0 0 -18.287739 2.122715 5.592006 -3.712166 8.636711 20.577783 0 0 0 -49.429579 -3.505546 1.643759 0.715549 4.997756 -0.653855 58.839803 -33.39564 -2.534916 0 0 0 25.205324 -4.290944 1.699287 0.340291 -8.973594 0.98725 -27.036934 -10.43874 -3.655184 0 0 0
-0.255388 -0.035361 -0.170856 0.801021 6.642215 -8.87426 1.747665 -13.981949 3.331789 0.827445 -11.136152 -3.0586 0 0 0 -14.325238 25.936942 -7.869098 -18.393155 8.018322 14.237223 0 0 0 0 0 0 -8.805303 2.600311 -13.245125 -13.430661 10.967479 -74.340021 -66.063468 19.100477 20.1384 -2.828732 -3.708747 0.445478 -3.636292 -2.244307 -19.133199 -7.100467 3.62086 1.822583 0 0 0 37.981329 3.85712 -18.21386 -3.981505 -0.312001 -2.714025 0 0 0 2.929467 -1.231741 -10.13273 -1.246458 0.377728 3.981735 0 0 0 18.723955 0.463054 -17.775594 -4.013708 0.99524 -3.126586 0 0 0 18.269087 2.108643 -5.565532 3.717059 8.635663 -20.580557 0 0 0 8.805303 2.600311 13.245125 -17.927265 10.369422 75.185288 38.118524 5.353268 -15.763378 14.710219 38.763705 19.30464 3.635273 -2.24402 19.132416 7.100747 3.620751 -1.822804 0 0 0 -37.983061 3.857696 18.213087 3.981514 -0.312002 2.714676 0 0 0 -2.929954 -1.23167 10.131993 1.246384 0.377706 -3.981553 0 0 0 -18.724815 0.463336 17.774795 4.013885 0.995202 3.126699 0 0 0 -18.287739 2.122715 5.592006 -3.712166 8.636711 20.577783 0 0 0 -49.521073 -3.500669 1.833312 0.709478 4.996315 -0.655614 58.753251 -33.296238 -2.510906 0 0 0 25.115864 -4.403146 1.76009 0.336093 -8.970917 0.986796 -27.082858 -10.428925 -3.661245 0 0 0
-0.259168 -0.034669 -0.18044 0.810931 6.653327 -8.909764 1.711361 -13.866267 3.379616 0.81317 -11.157096 -3.003941 0 0 0 -14.72181 26.068321 -8.28639 -18.893038 8.41501 14.076589 0 0 0 0 0 0 -8.805303 2.600311 -13.245125 -13.351896 8.846493 -70.946819 -66.677248 19.348468 19.114585 -3.608746 -4.571589 1.099105 -3.636292 -2.244307 -19.133199 -7.100467 3.62086 1.822583 0 0 0 37.981329 3.85712 -18.21386 -3.981505 -0.312001 -2.714025 0 0 0 2.929467 -1.231741 -10.13273 -1.246458 0.377728 3.981735 0 0 0 18.723955 0.463054 -17.775594 -4.013708 0.99524 -3.126586 0 0 0 18.269087 2.108643 -5.565532 3.717059 8.635663 -20.580557 0 0 0 8.805303 2.600311 13.245125 -16.41769 10.536069 75.425109 38.491367 5.454834 -15.946848 13.794171 37.767125 18.284936 3.635273 -2.24402 19.132416 7.100747 3.620751 -1.822804 0 0 0 -37.983061 3.857696 18.213087 3.981514 -0.312002 2.714676 0 0 0 -2.929954 -1.23167 10.131993 1.246384 0.377706 -3.981553 0 0 0 -18.724815 0.463336 17.774795 4.013885 0.995202 3.126699 0 0 0 -18.287739 2.122715 5.592006 -3.712166 8.636711 20.577783 0 0 0 -49.518862 -3.513527 1.953837 0.708865 5.020031 -0.655076 58.695811 -33.346634 -2.506826 0 0 0 25.032827 -4.495886 1.770036 0.333827 -8.954285 0.986815 -27.010506 -10.364523 -3.659074 0 0 0
-0.261601 -0.034161 -0.187927 0.681955 6.660227 -8.928905 1.71204 -13.713908 3.457624 0.816343 -11.180085 -2.990259 0 0 0 -14.985044 26.014241 -8.538606 -19.28851 9.012854 13.903199 0 0 0 0 0 0 -8.805303 2.600311 -13.245125 -12.380514 7.836506 -68.604267 -65.36675 18.659417 18.271141 -4.490289 -4.468783 1.559635 -3.636292 -2.244307 -19.133199 -7.100467 3.62086 1.822583 0 0 0 37.981329 3.85712 -18.21386 -3.981505 -0.312001 -2.714025 0 0 0 2.929467 -1.231741 -10.13273 -1.246458 0.377728 3.981735 0 0 0 18.723955 0.463054 -17.775594 -4.013708 0.99524 -3.126586 0 0 0 18.269087 2.108643 -5.565532 3.717059 8.635663 -20.580557 0 0 0 8.805303 2.600311 13.245125 -15.196726 10.734549 75.68596 38.89546 5.56605 -16.145266 12.944589 36.765012 17.33189 3.635273 -2.24402 19.132416 7.100747 3.620751 -1.822804 0 0 0 -37.983061 3.857696 18.213087 3.981514 -0.312002 2.714676 0 0 0 -2.929954 -1.23167 10.131993 1.246384 0.377706 -3.981553 0 0 0 -18.724815 0.463336 17.774795 4.013885 0.995202 3.126699 0 0 0 -18.287739 2.122715 5.592006 -3.712166 8.636711 20.577783 0 0 0 -49.450348 -3.549589 2.022639 0.713862 5.065138 -0.652435 58.688901 -33.548551 -2.523243 0 0 0 24.976065 -4.589023 1.731921 0.33271 -8.928236 0.987127 -26.850234 -10.241979 -3.649841 0 0 0
-0.264885 -0.033986 -0.196097 0.495726 6.687193 -8.949199 1.757413 -13.529401 3.553 0.839503 -11.191577 -3.017387 0 0 0 -15.214738 25.889686 -8.65868 -19.729253 9.466955 13.779159 0 0 0 0 0 0 -8.805303 2.600311 -13.245125 -10.863758 7.705336 -67.516351 -62.95615 17.499493 17.676053 -5.327391 -3.404941 1.710491 -3.636292 -2.244307 -19.133199 -7.100467 3.62086 1.822583 0 0 0 37.981329 3.85712 -18.21386 -3.981505 -0.312001 -2.714025 0 0 0 2.929467 -1.231741 -10.13273 -1.246458 0.377728 3.981735 0 0 0 18.723955 0.463054 -17.775594 -4.013708 0.99524 -3.126586 0 0 0 18.269087 2.108643 -5.565532 3.717059 8.635663 -20.580557 0 0 0 8.805303 2.600311 13.245125 -14.155104 11.035186 75.974479 39.370665 5.699646 -16.37743 12.081414 35.655769 16.354529 3.635273 -2.24402 19.132416 7.100747 3.620751 -1.822804 0 0 0 -37.983061 3.857696 18.213087 3.981514 -0.312002 2.714676 0 0 0 -2.929954 -1.23167 10.131993 1.246384 0.377706 -3.981553 0 0 0 -18.724815 0.463336 17.774795 4.013885 0.995202 3.126699 0 0 0 -18.287739 2.122715 5.592006 -3.712166 8.636711 20.577783 0 0 0 -49.391499 -3.605888 2.083183 0.722383 5.120146 -0.64848 58.730702 -33.840169 -2.550355 0 0 0 24.941667 -4.704508 1.669497 0.331696 -8.901593 0.987465 -26.668438 -10.094687 -3.637723 0 0 0
-0.265679 -0.034549 -0.207194 0.343119 6.74669 -8.97278 1.826208 -13.331456 3.627942 0.871979 -11.190867 -3.06359 0 0 0 -15.501839 25.788817 -8.773838 -20.239613 9.608786 13.840499 0 0 0 0 0 0 -8.805303 2.600311 -13.245125 -9.119203 8.009621 -67.320153 -60.092142 16.171873 17.239996 -6.06742 -1.666464 1.59113 -3.636292 -2.244307 -19.133199 -7.100467 3.62086 1.822583 0 0 0 37.981329 3.85712 -18.21386 -3.981505 -0.312001 -2.714025 0 0 0 2.929467 -1.231741 -10.13273 -1.246458 0.377728 3.981735 0 0 0 18.723955 0.463054 -17.775594 -4.013708 0.99524 -3.126586 0 0 0 18.269087 2.108643 -5.565532 3.717059 8.635663 -20.580557 0 0 0 8.805303 2.600311 13.245125 -13.195058 11.460855 76.278127 39.957297 5.872114 -16.660603 11.208568 34.389141 15.350966 3.635273 -2.24402 19.132416 7.100747 3.620751 -1.822804 0 0 0 -37.983061 3.857696 18.213087 3.981514 -0.312002 2.714676 0 0 0 -2.929954 -1.23167 10.131993 1.246384 0.377706 -3.981553 0 0 0 -18.724815 0.463336 17.774795 4.013885 0.995202 3.126699 0 0 0 -18.287739 2.122715 5.592006 -3.712166 8.636711 20.577783 0 0 0 -49.387559 -3.684718 2.16795 0.730952 5.175532 -0.644255 58.785933 -34.130376 -2.575156 0 0 0 24.907392 -4.845645 1.597546 0.330235 -8.878031 0.987703 -26.515371 -9.964598 -3.627688 0 0 0
-0.266144 -0.035151 -0.21916 0.256891 6.832585 -8.994703 1.897645 -13.126319 3.655912 0.902739 -11.190879 -3.10454 0 0 0 -15.857365 25.728814 -8.958572 -20.762423 9.506425 14.121545 0 0 0 0 0 0 -8.805303 2.600311 -13.245125 -7.352436 8.443134 -67.551805 -57.130404 14.819465 16.877193 -6.695 0.419301 1.28 -3.636292 -2.244307 -19.133199 -7.100467 3.62086 1.822583 0 0 0 37.981329 3.85712 -18.21386 -3.981505 -0.312001 -2.714025 0 0 0 2.929467 -1.231741 -10.13273 -1.246458 0.377728 3.981735 0 0 0 18.723955 0.463054 -17.775594 -4.013708 0.99524 -3.126586 0 0 0 18.269087 2.108643 -5.565532 3.717059 8.635663 -20.580557 0 0 0 8.805303 2.600311 13.245125 -12.28115 11.955741 76.574983 40.683913 6.101357 -17.003436 10.388139 33.008955 14.386416 3.635273 -2.24402 19.132416 7.100747 3.620751 -1.822804 0 0 0 -37.983061 3.857696 18.213087 3.981514 -0.312002 2.714676 0 0 0 -2.929954 -1.23167 10.131993 1.246384 0.377706 -3.981553 0 0 0 -18.724815 0.463336 17.774795 4.013885 0.995202 3.126699 0 0 0 -18.287739 2.122715 5.592006 -3.712166 8.636711 20.577783 0 0 0 -49.426897 -3.783441 2.285147 0.737308 5.224741 -0.640655 58.820996 -34.361903 -2.591535 0 0 0 24.864692 -5.003325 1.522361 0.328354 -8.856795 0.98785 -26.405376 -9.872179 -3.62213 0 0 0
-0.266587 -0.035661 -0.231811 0.20861 6.932051 -9.015865 1.97157 -12.918562 3.644515 0.931375 -11.198794 -3.137472 0 0 0 -16.229328 25.668324 -9.189839 -21.244153 9.348265 14.526944 0 0 0 0 0 0 -8.805303 2.600311 -13.245125 -5.657859 8.891543 -67.92228 -54.235693 13.502471 16.542282 -7.092803 2.714141 0.698108 -3.636292 -2.244307 -19.133199 -7.100467 3.62086 1.822583 0 0 0 37.981329 3.85712 -18.21386 -3.981505 -0.312001 -2.714025 0 0 0 2.929467 -1.231741 -10.13273 -1.246458 0.377728 3.981735 0 0 0 18.723955 0.463054 -17.775594 -4.013708 0.99524 -3.126586 0 0 0 18.269087 2.108643 -5.565532 3.717059 8.635663 -20.580557 0 0 0 8.805303 2.600311 13.245125 -11.47587 12.400405 76.837654 41.527709 6.39366 -17.386343 9.72888 31.697609 13.58692 3.635273 -2.24402 19.132416 7.100747 3.620751 -1.822804 0 0 0 -37.983061 3.857696 18.213087 3.981514 -0.312002 2.714676 0 0 0 -2.929954 -1.23167 10.131993 1.246384 0.377706 -3.981553 0 0 0 -18.724815 0.463336 17.774795 4.013885 0.995202 3.126699 0 0 0 -18.287739 2.122715 5.592006 -3.712166 8.636711 20.577783 0 0 0 -49.479346 -3.889693 2.425162 0.74165 5.264283 -0.638008 58.838116 -34.53604 -2.602245 0 0 0 24.827174 -5.170587 1.449361 0.326275 -8.837866 0.987932 -26.327099 -9.808584 -3.619632 0 0 0
-0.268599 -0.035826 -0.244376 0.156729 7.033763 -9.037817 2.060223 -12.718634 3.612965 0.963821 -11.210302 -3.174107 0 0 0 -16.570164 25.570416 -9.421185 -21.65554 9.259366 14.980937 0 0 0 0 0 0 -8.805303 2.600311 -13.245125 -4.070676 9.32044 -68.343595 -51.484837 12.248726 16.216161 -7.107088 5.205931 -0.304819 -3.636292 -2.244307 -19.133199 -7.100467 3.62086 1.822583 0 0 0 37.981329 3.85712 -18.21386 -3.981505 -0.312001 -2.714025 0 0 0 2.929467 -1.231741 -10.13273 -1.246458 0.377728 3.981735 0 0 0 18.723955 0.463054 -17.775594 -4.013708 0.99524 -3.126586 0 0 0 18.269087 2.108643 -5.565532 3.717059 8.635663 -20.580557 0 0 0 8.805303 2.600311 13.245125 -10.874656 12.679715 77.034696 42.405752 6.734821 -17.758931 9.311098 30.684236 13.05653 3.635273 -2.24402 19.132416 7.100747 3.620751 -1.822804 0 0 0 -37.983061 3.857696 18.213087 3.981514 -0.312002 2.714676 0 0 0 -2.929954 -1.23167 10.131993 1.246384 0.377706 -3.981553 0 0 0 -18.724815 0.463336 17.774795 4.013885 0.995202 3.126699 0 0 0 -18.287739 2.122715 5.592006 -3.712166 8.636711 20.577783 0 0 0 -49.522615 -3.993542 2.571484 0.745059 5.296313 -0.63607 58.85413 -34.680677 -2.611912 0 0 0 24.805927 -5.341292 1.379538 0.32409 -8.822039 0.987947 -26.259667 -9.750568 -3.617176 0 0 0
-0.269851 -0.03595 -0.257427 0.085774 7.129366 -9.05979 2.170018 -12.535673 3.571941 1.003203 -11.22097 -3.220873 0 0 0 -16.877267 25.45446 -9.63348 -21.998891 9.182272 15.485811 0 0 0 0 0 0 -8.805303 2.600311 -13.245125 -2.611562 9.689441 -68.839396 -48.898365 11.066643 15.898122 -6.756547 7.837246 -1.693285 -3.636292 -2.244307 -19.133199 -7.100467 3.62086 1.822583 0 0 0 37.981329 3.85712 -18.21386 -3.981505 -0.312001 -2.714025 0 0 0 2.929467 -1.231741 -10.13273 -1.246458 0.377728 3.981735 0 0 0 18.723955 0.463054 -17.775594 -4.013708 0.99524 -3.126586 0 0 0 18.269087 2.108643 -5.565532 3.717059 8.635663 -20.580557 0 0 0 8.805303 2.600311 13.245125 -10.516117 12.748314 77.141816 43.214815 7.094957 -18.061277 9.12926 30.101513 12.805665 3.635273 -2.24402 19.132416 7.100747 3.620751 -1.822804 0 0 0 -37.983061 3.857696 18.213087 3.981514 -0.312002 2.714676 0 0 0 -2.929954 -1.23167 10.131993 1.246384 0.377706 -3.981553 0 0 0 -18.724815 0.463336 17.774795 4.013885 0.995202 3.126699 0 0 0 -18.287739 2.122715 5.592006 -3.712166 8.636711 20.577783 0 0 0 -49.550558 -4.09167 2.710578 0.74852 5.327218 -0.634225 58.874697 -34.826018 -2.622759 0 0 0 24.792514 -5.506992 1.311161 0.321845 -8.808828 0.987906 -26.185249 -9.682414 -3.612845 0 0 0
-0.271052 -0.035642 -0.268817 0.007843 7.214424 -9.082805 2.293614 -12.373214 3.526701 1.046922 -11.230813 -3.273306 0 0 0 -17.171611 25.371871 -9.827026 -22.299433 8.991219 16.051216 0 0 0 0 0 0 -8.805303 2.600311 -13.245125 -1.307133 9.955971 -69.451694 -46.455444 9.949785 15.600251 -6.25586 10.469209 -3.212602 -3.636292 -2.244307 -19.133199 -7.100467 3.62086 1.822583 0 0 0 37.981329 3.85712 -18.21386 -3.981505 -0.312001 -2.714025 0 0 0 2.929467 -1.231741 -10.13273 -1.246458 0.377728 3.981735 0 0 0 18.723955 0.463054 -17.775594 -4.013708 0.99524 -3.126586 0 0 0 18.269087 2.108643 -5.565532 3.717059 8.635663 -20.580557 0 0 0 8.805303 2.600311 13.245125 -10.359141 12.635319 77.153863 43.880112 7.440798 -18.247154 9.115989 29.918661 12.765941 3.635273 -2.24402 19.132416 7.100747 3.620751 -1.822804 0 0 0 -37.983061 3.857696 18.213087 3.981514 -0.312002 2.714676 0 0 0 -2.929954 -1.23167 10.131993 1.246384 0.377706 -3.981553 0 0 0 -18.724815 0.463336 17.774795 4.013885 0.995202 3.126699 0 0 0 -18.287739 2.122715 5.592006 -3.712166 8.636711 20.577783 0 0 0 -49.574455 -4.180502 2.836582 0.75274 5.360937 -0.631952 58.898988 -34.989475 -2.634824 0 0 0 24.772186 -5.660606 1.24759 0.319661 -8.797296 0.987843 -26.100595 -9.605969 -3.60679 0 0 0
-0.273049 -0.035078 -0.279619 -0.056728 7.287118 -9.106036 2.414761 -12.229632 3.478356 1.08908 -11.240174 -3.323125 0 0 0 -17.456426 25.338372 -10.001204 -22.574128 8.695388 16.64219 0 0 0 0 0 0 -8.805303 2.600311 -13.245125 -0.188737 10.124555 -70.187619 -44.135463 8.891038 15.333564 -5.828209 12.961285 -4.599286 -3.636292 -2.244307 -19.133199 -7.100467 3.62086 1.822583 0 0 0 37.981329 3.85712 -18.21386 -3.981505 -0.312001 -2.714025 0 0 0 2.929467 -1.231741 -10.13273 -1.246458 0.377728 3.981735 0 0 0 18.723955 0.463054 -17.775594 -4.013708 0.99524 -3.126586 0 0 0 18.269087 2.108643 -5.565532 3.717059 8.635663 -20.580557 0 0 0 8.805303 2.600311 13.245125 -10.32611 12.39278 77.079235 44.361756 7.736519 -18.292189 9.192856 29.98931 12.843844 3.635273 -2.24402 19.132416 7.100747 3.620751 -1.822804 0 0 0 -37.983061 3.857696 18.213087 3.981514 -0.312002 2.714676 0 0 0 -2.929954 -1.23167 10.131993 1.246384 0.377706 -3.981553 0 0 0 -18.724815 0.463336 17.774795 4.013885 0.995202 3.126699 0 0 0 -18.287739 2.122715 5.592006 -3.712166 8.636711 20.577783 0 0 0 -49.6079 -4.256431 2.946862 0.757596 5.395548 -0.629311 58.924521 -35.161726 -2.646684 0 0 0 24.745479 -5.795231 1.195084 0.317626 -8.788258 0.987758 -26.0221 -9.535198 -3.600728 0 0 0
-0.275089 -0.034441 -0.288897 -0.096767 7.347128 -9.124244 2.519002 -12.101278 3.424374 1.124895 -11.248383 -3.367074 0 0 0 -17.714998 25.327252 -10.153265 -22.818529 8.423274 17.208227 0 0 0 0 0 0 -8.805303 2.600311 -13.245125 0.726322 10.262187 -71.013984 -41.963028 7.899384 15.094738 -5.565526 15.221348 -5.735151 -3.636292 -2.244307 -19.133199 -7.100467 3.62086 1.822583 0 0 0 37.981329 3.85712 -18.21386 -3.981505 -0.312001 -2.714025 0 0 0 2.929467 -1.231741 -10.13273 -1.246458 0.377728 3.981735 0 0 0 18.723955 0.463054 -17.775594 -4.013708 0.99524 -3.126586 0 0 0 18.269087 2.108643 -5.565532 3.717059 8.635663 -20.580557 0 0 0 8.805303 2.600311 13.245125 -10.356777 12.056194 76.92704 44.609975 7.927716 -18.195188 9.306216 30.178299 12.9708 3.635273 -2.24402 19.132416 7.100747 3.620751 -1.822804 0 0 0 -37.983061 3.857696 18.213087 3.981514 -0.312002 2.714676 0 0 0 -2.929954 -1.23167 10.131993 1.246384 0.377706 -3.981553 0 0 0 -18.724815 0.463336 17.774795 4.013885 0.995202 3.126699 0 0 0 -18.287739 2.122715 5.592006 -3.712166 8.636711 20.577783 0 0 0 -49.650437 -4.320151 3.039584 0.762073 5.426431 -0.626847 58.945045 -35.314801 -2.656322 0 0 0 24.725214 -5.904634 1.155227 0.315731 -8.783204 0.987626 -25.969686 -9.482664 -3.596402 0 0 0
-0.275976 -0.032915 -0.294759 -0.117296 7.398143 -9.136029 2.604011 -11.987607 3.368737 1.154645 -11.25595 -3.409103 0 0 0 -17.936165 25.313097 -10.287999 -23.021881 8.262977 17.723682 0 0 0 0 0 0 -8.805303 2.600311 -13.245125 1.454555 10.446915 -71.887235 -40.005655 7.000855 14.869068 -5.453414 17.183255 -6.615829 -3.636292 -2.244307 -19.133199 -7.100467 3.62086 1.822583 0 0 0 37.981329 3.85712 -18.21386 -3.981505 -0.312001 -2.714025 0 0 0 2.929467 -1.231741 -10.13273 -1.246458 0.377728 3.981735 0 0 0 18.723955 0.463054 -17.775594 -4.013708 0.99524 -3.126586 0 0 0 18.269087 2.108643 -5.565532 3.717059 8.635663 -20.580557 0 0 0 8.805303 2.600311 13.245125 -10.434545 11.669725 76.71979 44.542523 7.945585 -17.987564 9.435048 30.440657 13.121843 3.635273 -2.24402 19.132416 7.100747 3.620751 -1.822804 0 0 0 -37.983061 3.857696 18.213087 3.981514 -0.312002 2.714676 0 0 0 -2.929954 -1.23167 10.131993 1.246384 0.377706 -3.981553 0 0 0 -18.724815 0.463336 17.774795 4.013885 0.995202 3.126699 0 0 0 -18.287739 2.122715 5.592006 -3.712166 8.636711 20.577783 0 0 0 -49.693189 -4.374969 3.118598 0.765352 5.451172 -0.624979 58.958818 -35.43072 -2.662875 0 0 0 24.713374 -5.993348 1.12388 0.314016 -8.780557 0.987473 -25.939925 -9.447715 -3.593905 0 0 0
-0.277516 -0.033208 -0.30175 -0.130894 7.446154 -9.146624 2.679894 -11.889999 3.321922 1.182765 -11.263821 -3.454407 0 0 0 -18.122833 25.287492 -10.41169 -23.186186 8.206487 18.180219 0 0 0 0 0 0 -8.805303 2.600311 -13.245125 2.044273 10.708443 -72.776831 -38.328879 6.22341 14.645939 -5.447318 18.80084 -7.272081 -3.636292 -2.244307 -19.133199 -7.100467 3.62086 1.822583 0 0 0 37.981329 3.85712 -18.21386 -3.981505 -0.312001 -2.714025 0 0 0 2.929467 -1.231741 -10.13273 -1.246458 0.377728 3.981735 0 0 0 18.723955 0.463054 -17.775594 -4.013708 0.99524 -3.126586 0 0 0 18.269087 2.108643 -5.565532 3.717059 8.635663 -20.580557 0 0 0 8.805303 2.600311 13.245125 -10.587848 11.324948 76.526283 44.110748 7.756928 -17.734442 9.574325 30.790235 13.29627 3.635273 -2.24402 19.132416 7.100747 3.620751 -1.822804 0 0 0 -37.983061 3.857696 18.213087 3.981514 -0.312002 2.714676 0 0 0 -2.929954 -1.23167 10.131993 1.246384 0.377706 -3.981553 0 0 0 -18.724815 0.463336 17.774795 4.013885 0.995202 3.126699 0 0 0 -18.287739 2.122715 5.592006 -3.712166 8.636711 20.577783 0 0 0 -49.732145 -4.423094 3.191732 0.767589 5.471012 -0.623627 58.97159 -35.516356 -2.667351 0 0 0 24.697203 -6.074806 1.096162 0.312611 -8.776183 0.987381 -25.910294 -9.419619 -3.592047 0 0 0
-0.279168 -0.033496 -0.307778 -0.142485 7.492864 -9.159673 2.754336 -11.805795 3.28838 1.21161 -11.271105 -3.502467 0 0 0 -18.280683 25.249508 -10.519853 -23.326453 8.200683 18.562315 0 0 0 0 0 0 -8.805303 2.600311 -13.245125 2.552843 11.019605 -73.654146 -36.963893 5.583996 14.427551 -5.501687 20.076191 -7.747872 -3.636292 -2.244307 -19.133199 -7.100467 3.62086 1.822583 0 0 0 37.981329 3.85712 -18.21386 -3.981505 -0.312001 -2.714025 0 0 0 2.929467 -1.231741 -10.13273 -1.246458 0.377728 3.981735 0 0 0 18.723955 0.463054 -17.775594 -4.013708 0.99524 -3.126586 0 0 0 18.269087 2.108643 -5.565532 3.717059 8.635663 -20.580557 0 0 0 8.805303 2.600311 13.245125 -10.857928 11.126052 76.449785 43.3866 7.407682 -17.502913 9.717771 31.226115 13.49014 3.635273 -2.24402 19.132416 7.100747 3.620751 -1.822804 0 0 0 -37.983061 3.857696 18.213087 3.981514 -0.312002 2.714676 0 0 0 -2.929954 -1.23167 10.131993 1.246384 0.377706 -3.981553 0 0 0 -18.724815 0.463336 17.774795 4.013885 0.995202 3.126699 0 0 0 -18.287739 2.122715 5.592006 -3.712166 8.636711 20.577783 0 0 0 -49.767661 -4.46466 3.262379 0.769275 5.487701 -0.622557 58.984998 -35.585138 -2.670882 0 0 0 24.670394 -6.154593 1.07134 0.311521 -8.768601 0.987375 -25.871755 -9.392136 -3.590271 0 0 0
-0.280559 -0.033766 -0.312475 -0.149509 7.535701 -9.173453 2.82199 -11.73052 3.264942 1.238278 -11.276184 -3.546635 0 0 0 -18.411533 25.204375 -10.605402 -23.454214 8.198295 18.85186 0 0 0 0 0 0 -8.805303 2.600311 -13.245125 3.020203 11.325858 -74.473398 -35.906951 5.085466 14.225433 -5.577153 21.048547 -8.090667 -3.636292 -2.244307 -19.133199 -7.100467 3.62086 1.822583 0 0 0 37.981329 3.85712 -18.21386 -3.981505 -0.312001 -2.714025 0 0 0 2.929467 -1.231741 -10.13273 -1.246458 0.377728 3.981735 0 0 0 18.723955 0.463054 -17.775594 -4.013708 0.99524 -3.126586 0 0 0 18.269087 2.108643 -5.565532 3.717059 8.635663 -20.580557 0 0 0 8.805303 2.600311 13.245125 -11.244336 11.106926 76.554186 42.552214 7.000654 -17.324098 9.853503 31.697971 13.685507 3.635273 -2.24402 19.132416 7.100747 3.620751 -1.822804 0 0 0 -37.983061 3.857696 18.213087 3.981514 -0.312002 2.714676 0 0 0 -2.929954 -1.23167 10.131993 1.246384 0.377706 -3.981553 0 0 0 -18.724815 0.463336 17.774795 4.013885 0.995202 3.126699 0 0 0 -18.287739 2.122715 5.592006 -3.712166 8.636711 20.577783 0 0 0 -49.800331 -4.499614 3.32749 0.770646 5.501476 -0.621682 58.995888 -35.642225 -2.6738 0 0 0 24.640768 -6.227525 1.051054 0.310609 -8.760207 0.987402 -25.835017 -9.367293 -3.588956 0 0 0
-0.281768 -0.034022 -0.316533 -0.152456 7.572477 -9.184873 2.873151 -11.66465 3.248601 1.258602 -11.278785 -3.580084 0 0 0 -18.516205 25.164366 -10.670696 -23.568454 8.176239 19.048019 0 0 0 0 0 0 -8.805303 2.600311 -13.245125 3.449919 11.580748 -75.175524 -35.131779 4.719074 14.053469 -5.649224 21.761535 -8.334632 -3.636292 -2.244307 -19.133199 -7.100467 3.62086 1.822583 0 0 0 37.981329 3.85712 -18.21386 -3.981505 -0.312001 -2.714025 0 0 0 2.929467 -1.231741 -10.13273 -1.246458 0.377728 3.981735 0 0 0 18.723955 0.463054 -17.775594 -4.013708 0.99524 -3.126586 0 0 0 18.269087 2.108643 -5.565532 3.717059 8.635663 -20.580557 0 0 0 8.805303 2.600311 13.245125 -11.684414 11.207973 76.8092 41.79778 6.633508 -17.193649 9.968668 32.12916 13.857764 3.635273 -2.24402 19.132416 7.100747 3.620751 -1.822804 0 0 0 -37.983061 3.857696 18.213087 3.981514 -0.312002 2.714676 0 0 0 -2.929954 -1.23167 10.131993 1.246384 0.377706 -3.981553 0 0 0 -18.724815 0.463336 17.774795 4.013885 0.995202 3.126699 0 0 0 -18.287739 2.122715 5.592006 -3.712166 8.636711 20.577783 0 0 0 -49.831154 -4.529059 3.381711 0.771902 5.512476 -0.620942 59.005622 -35.691043 -2.676519 0 0 0 24.617063 -6.288341 1.034765 0.30982 -8.753475 0.987416 -25.808601 -9.347361 -3.588227 0 0 0
-0.282543 -0.03427 -0.319815 -0.155307 7.601955 -9.192631 2.905446 -11.612723 3.238435 1.271525 -11.279763 -3.601088 0 0 0 -18.59573 25.139653 -10.721442 -23.661569 8.135888 19.168784 0 0 0 0 0 0 -8.805303 2.600311 -13.245125 3.811771 11.765791 -75.710753 -34.601208 4.468696 13.922343 -5.706463 22.254293 -8.500763 -3.636292 -2.244307 -19.133199 -7.100467 3.62086 1.822583 0 0 0 37.981329 3.85712 -18.21386 -3.981505 -0.312001 -2.714025 0 0 0 2.929467 -1.231741 -10.13273 -1.246458 0.377728 3.981735 0 0 0 18.723955 0.463054 -17.775594 -4.013708 0.99524 -3.126586 0 0 0 18.269087 2.108643 -5.565532 3.717059 8.635663 -20.580557 0 0 0 8.805303 2.600311 13.245125 -12.086471 11.337448 77.114414 41.233587 6.35906 -17.099437 10.054935 32.460466 13.988603 3.635273 -2.24402 19.132416 7.100747 3.620751 -1.822804 0 0 0 -37.983061 3.857696 18.213087 3.981514 -0.312002 2.714676 0 0 0 -2.929954 -1.23167 10.131993 1.246384 0.377706 -3.981553 0 0 0 -18.724815 0.463336 17.774795 4.013885 0.995202 3.126699 0 0 0 -18.287739 2.122715 5.592006 -3.712166 8.636711 20.577783 0 0 0 -49.859129 -4.553469 3.42145 0.773156 5.521169 -0.620283 59.017235 -35.734135 -2.679363 0 0 0 24.601584 -6.335236 1.020942 0.309216 -8.74896 0.987418 -25.791236 -9.332086 -3.587763 0 0 0
-0.283026 -0.034451 -0.322002 -0.15963 7.62345 -9.197199 2.923648 -11.576872 3.233254 1.278864 -11.280057 -3.612655 0 0 0 -18.651653 25.129827 -10.759186 -23.72932 8.092492 19.237997 0 0 0 0 0 0 -8.805303 2.600311 -13.245125 4.077707 11.887656 -76.06971 -34.265327 4.310651 13.833552 -5.745806 22.570149 -8.606555 -3.636292 -2.244307 -19.133199 -7.100467 3.62086 1.822583 0 0 0 37.981329 3.85712 -18.21386 -3.981505 -0.312001 -2.714025 0 0 0 2.929467 -1.231741 -10.13273 -1.246458 0.377728 3.981735 0 0 0 18.723955 0.463054 -17.775594 -4.013708 0.99524 -3.126586 0 0 0 18.269087 2.108643 -5.565532 3.717059 8.635663 -20.580557 0 0 0 8.805303 2.600311 13.245125 -12.388368 11.439154 77.376815 40.869512 6.181444 -17.034608 10.112091 32.678934 14.075053 3.635273 -2.24402 19.132416 7.100747 3.620751 -1.822804 0 0 0 -37.983061 3.857696 18.213087 3.981514 -0.312002 2.714676 0 0 0 -2.929954 -1.23167 10.131993 1.246384 0.377706 -3.981553 0 0 0 -18.724815 0.463336 17.774795 4.013885 0.995202 3.126699 0 0 0 -18.287739 2.122715 5.592006 -3.712166 8.636711 20.577783 0 0 0 -49.880857 -4.572148 3.447389 0.774265 5.527676 -0.61974 59.029113 -35.769264 -2.681984 0 0 0 24.592973 -6.368399 1.009657 0.308822 -8.746185 0.987418 -25.779699 -9.321024 -3.58737 0 0 0
-0.283149 -0.034518 -0.322759 -0.16451 7.639146 -9.19999 2.934663 -11.552194 3.230853 1.283349 -11.280207 -3.619439 0 0 0 -18.691528 25.127524 -10.787067 -23.778723 8.055076 19.280065 0 0 0 0 0 0 -8.805303 2.600311 -13.245125 4.268788 11.971135 -76.311112 -34.043584 4.206536 13.772974 -5.772804 22.779781 -8.67661 -3.636292 -2.244307 -19.133199 -7.100467 3.62086 1.822583 0 0 0 37.981329 3.85712 -18.21386 -3.981505 -0.312001 -2.714025 0 0 0 2.929467 -1.231741 -10.13273 -1.246458 0.377728 3.981735 0 0 0 18.723955 0.463054 -17.775594 -4.013708 0.99524 -3.126586 0 0 0 18.269087 2.108643 -5.565532 3.717059 8.635663 -20.580557 0 0 0 8.805303 2.600311 13.245125 -12.605046 11.51045 77.579712 40.631554 6.064976 -16.989009 10.150454 32.823622 14.132639 3.635273 -2.24402 19.132416 7.100747 3.620751 -1.822804 0 0 0 -37.983061 3.857696 18.213087 3.981514 -0.312002 2.714676 0 0 0 -2.929954 -1.23167 10.131993 1.246384 0.377706 -3.981553 0 0 0 -18.724815 0.463336 17.774795 4.013885 0.995202 3.126699 0 0 0 -18.287739 2.122715 5.592006 -3.712166 8.636711 20.577783 0 0 0 -49.896448 -4.586299 3.464912 0.775148 5.532524 -0.619318 59.039132 -35.796466 -2.684125 0 0 0 24.588311 -6.392178 1.000697 0.308564 -8.744378 0.987418 -25.771529 -9.312991 -3.587034 0 0 0
