HIERARCHY
ROOT hips
{
  OFFSET 0 10.432787522119774 1.3615615910897314
  CHANNELS 6 Xposition Yposition Zposition Yrotation Xrotation Zrotation
  JOINT spine
  {
    OFFSET -7.042016674e-31 0.605849736412771 0
    CHANNELS 3 Yrotation Xrotation Zrotation
    JOINT chest
    {
      OFFSET 0 1.2699780403367527 0
      CHANNELS 3 Yrotation Xrotation Zrotation
      JOINT upperChest
      {
        OFFSET 0 1.217802795781373 0
        CHANNELS 3 Yrotation Xrotation Zrotation
        JOINT neck
        {
          OFFSET 0 1.524881793055447 0
          CHANNELS 3 Yrotation Xrotation Zrotation
          JOINT head
          {
            OFFSET 0 0.8197776686196176 0
            CHANNELS 3 Yrotation Xrotation Zrotation
            JOINT leftEye
            {
              OFFSET 0.27991711184325396 0.7377279215890094 0.1770057770610815
              CHANNELS 3 Yrotation Xrotation Zrotation
              End Site
              {
                OFFSET 0.27991711184325396 0.7377279215890094 0.1770057770610815
              }
            }
            JOINT rightEye
            {
              OFFSET -0.27991715118228666 0.7377278742074458 0.1770060973723161
              CHANNELS 3 Yrotation Xrotation Zrotation
              End Site
              {
                OFFSET -0.27991715118228666 0.7377278742074458 0.1770060973723161
              }
            }
          }
        }
        JOINT leftShoulder
        {
          OFFSET 0.4148696499235711 1.1670497283493415 0
          CHANNELS 3 Yrotation Xrotation Zrotation
          JOINT leftUpperArm
          {
            OFFSET 0.9737923520503171 0 0
            CHANNELS 3 Yrotation Xrotation Zrotation
            JOINT leftLowerArm
            {
              OFFSET 2.526933563002016 0 0
              CHANNELS 3 Yrotation Xrotation Zrotation
              JOINT leftHand
              {
                OFFSET 2.4263767061081287 0 0
                CHANNELS 3 Yrotation Xrotation Zrotation
                JOINT leftIndexProximal
                {
                  OFFSET 0.7243194303238094 0.08170604153373495 0.2036005707489045
                  CHANNELS 3 Yrotation Xrotation Zrotation
                  JOINT leftIndexIntermediate
                  {
                    OFFSET 0.365490110639793 -0.010566615565509085 -0.014147873305413783
                    CHANNELS 3 Yrotation Xrotation Zrotation
                    JOINT leftIndexDistal
                    {
                      OFFSET 0.22502693978020916 -0.007863122621388996 -0.007567729919505994
                      CHANNELS 3 Yrotation Xrotation Zrotation
                      End Site
                      {
                        OFFSET 0.22502693978020916 -0.007863122621388996 -0.007567729919505994
                      }
                    }
                  }
                }
                JOINT leftLittleProximal
                {
                  OFFSET 0.6720313867214986 0.0817059792423902 -0.3230034999786495
                  CHANNELS 3 Yrotation Xrotation Zrotation
                  JOINT leftLittleIntermediate
                  {
                    OFFSET 0.3458364459000005 5.4765410650858826e-8 2.495506794542024e-7
                    CHANNELS 3 Yrotation Xrotation Zrotation
                    JOINT leftLittleDistal
                    {
                      OFFSET 0.19925722030351722 0.003096736260194355 0.0038306323169590983
                      CHANNELS 3 Yrotation Xrotation Zrotation
                      End Site
                      {
                        OFFSET 0.19925722030351722 0.003096736260194355 0.0038306323169590983
                      }
                    }
                  }
                }
                JOINT leftMiddleProximal
                {
                  OFFSET 0.7300446999180792 0.08170730820222194 0.0226618663244387
                  CHANNELS 3 Yrotation Xrotation Zrotation
                  JOINT leftMiddleIntermediate
                  {
                    OFFSET 0.40758107610000327 -0.0000012383582372876845 3.721937498757377e-7
                    CHANNELS 3 Yrotation Xrotation Zrotation
                    JOINT leftMiddleDistal
                    {
                      OFFSET 0.2514495697999991 7.561061998728746e-8 -1.6055895105115958e-7
                      CHANNELS 3 Yrotation Xrotation Zrotation
                      End Site
                      {
                        OFFSET 0.2514495697999991 7.561061998728746e-8 -1.6055895105115958e-7
                      }
                    }
                  }
                }
                JOINT leftRingProximal
                {
                  OFFSET 0.7217264995692599 0.08170598771388815 -0.1504338786787948
                  CHANNELS 3 Yrotation Xrotation Zrotation
                  JOINT leftRingIntermediate
                  {
                    OFFSET 0.3780872700000014 6.409956210262635e-8 3.723059401883333e-7
                    CHANNELS 3 Yrotation Xrotation Zrotation
                    JOINT leftRingDistal
                    {
                      OFFSET 0.21812031524459563 -0.00271347557699686 -0.004991351593452126
                      CHANNELS 3 Yrotation Xrotation Zrotation
                      End Site
                      {
                        OFFSET 0.21812031524459563 -0.00271347557699686 -0.004991351593452126
                      }
                    }
                  }
                }
                JOINT leftThumbProximal
                {
                  OFFSET 0.10793670302222891 -0.165278914300383 -0.07775358168875651
                  CHANNELS 3 Yrotation Xrotation Zrotation
                  JOINT leftThumbIntermediate
                  {
                    OFFSET 0.40355763830204994 -0.017484092948475194 0.31777731504028983
                    CHANNELS 3 Yrotation Xrotation Zrotation
                    JOINT leftThumbDistal
                    {
                      OFFSET 0.2318770514136803 -0.018507879151339335 0.21396002480314588
                      CHANNELS 3 Yrotation Xrotation Zrotation
                      End Site
                      {
                        OFFSET 0.2318770514136803 -0.018507879151339335 0.21396002480314588
                      }
                    }
                  }
                }
              }
            }
          }
        }
        JOINT rightShoulder
        {
          OFFSET -0.4148696499235712 1.1670497283493415 0
          CHANNELS 3 Yrotation Xrotation Zrotation
          JOINT rightUpperArm
          {
            OFFSET -0.9737923520503168 0 0
            CHANNELS 3 Yrotation Xrotation Zrotation
            JOINT rightLowerArm
            {
              OFFSET -2.5269335630020175 0 0
              CHANNELS 3 Yrotation Xrotation Zrotation
              JOINT rightHand
              {
                OFFSET -2.4263767061081274 0 0
                CHANNELS 3 Yrotation Xrotation Zrotation
                JOINT rightIndexProximal
                {
                  OFFSET -0.7243194303238094 0.08170604153373495 0.2036005707489045
                  CHANNELS 3 Yrotation Xrotation Zrotation
                  JOINT rightIndexIntermediate
                  {
                    OFFSET -0.365490110639793 -0.010566615565509085 -0.014147873305413783
                    CHANNELS 3 Yrotation Xrotation Zrotation
                    JOINT rightIndexDistal
                    {
                      OFFSET -0.22502693978020916 -0.007863122621388996 -0.007567729919505994
                      CHANNELS 3 Yrotation Xrotation Zrotation
                      End Site
                      {
                        OFFSET -0.22502693978020916 -0.007863122621388996 -0.007567729919505994
                      }
                    }
                  }
                }
                JOINT rightLittleProximal
                {
                  OFFSET -0.6720313867214986 0.0817059792423902 -0.3230034999786495
                  CHANNELS 3 Yrotation Xrotation Zrotation
                  JOINT rightLittleIntermediate
                  {
                    OFFSET -0.3458364459000005 5.4765410650858826e-8 2.495506794542024e-7
                    CHANNELS 3 Yrotation Xrotation Zrotation
                    JOINT rightLittleDistal
                    {
                      OFFSET -0.19925722030351722 0.003096736260194355 0.0038306323169590983
                      CHANNELS 3 Yrotation Xrotation Zrotation
                      End Site
                      {
                        OFFSET -0.19925722030351722 0.003096736260194355 0.0038306323169590983
                      }
                    }
                  }
                }
                JOINT rightMiddleProximal
                {
                  OFFSET -0.7300446999180792 0.08170730820222194 0.0226618663244387
                  CHANNELS 3 Yrotation Xrotation Zrotation
                  JOINT rightMiddleIntermediate
                  {
                    OFFSET -0.40758107610000327 -0.0000012383582372876845 3.721937498757377e-7
                    CHANNELS 3 Yrotation Xrotation Zrotation
                    JOINT rightMiddleDistal
                    {
                      OFFSET -0.2514495697999991 7.561061998728746e-8 -1.6055895105115958e-7
                      CHANNELS 3 Yrotation Xrotation Zrotation
                      End Site
                      {
                        OFFSET -0.2514495697999991 7.561061998728746e-8 -1.6055895105115958e-7
                      }
                    }
                  }
                }
                JOINT rightRingProximal
                {
                  OFFSET -0.7217264995692599 0.08170598771388815 -0.1504338786787948
                  CHANNELS 3 Yrotation Xrotation Zrotation
                  JOINT rightRingIntermediate
                  {
                    OFFSET -0.3780872700000014 6.409956210262635e-8 3.723059401883333e-7
                    CHANNELS 3 Yrotation Xrotation Zrotation
                    JOINT rightRingDistal
                    {
                      OFFSET -0.21812031524459563 -0.00271347557699686 -0.004991351593452126
                      CHANNELS 3 Yrotation Xrotation Zrotation
                      End Site
                      {
                        OFFSET -0.21812031524459563 -0.00271347557699686 -0.004991351593452126
                      }
                    }
                  }
                }
                JOINT rightThumbProximal
                {
                  OFFSET -0.10793670302222891 -0.165278914300383 -0.07775358168875651
                  CHANNELS 3 Yrotation Xrotation Zrotation
                  JOINT rightThumbIntermediate
                  {
                    OFFSET -0.40355763830204994 -0.017484092948475194 0.31777731504028983
                    CHANNELS 3 Yrotation Xrotation Zrotation
                    JOINT rightThumbDistal
                    {
                      OFFSET -0.2318770514136803 -0.018507879151339335 0.21396002480314588
                      CHANNELS 3 Yrotation Xrotation Zrotation
                      End Site
                      {
                        OFFSET -0.2318770514136803 -0.018507879151339335 0.21396002480314588
                      }
                    }
                  }
                }
              }
            }
          }
        }
      }
    }
  }
  JOINT leftUpperLeg
  {
    OFFSET 0.8486251400000001 -0.44215692923454897 0
    CHANNELS 3 Yrotation Xrotation Zrotation
    JOINT leftLowerLeg
    {
      OFFSET 0 -4.1014783730019015 0
      CHANNELS 3 Yrotation Xrotation Zrotation
      JOINT leftFoot
      {
        OFFSET -0.0002543926242001143 -4.7729227580453255 0.007402839656626761
        CHANNELS 3 Yrotation Xrotation Zrotation
        JOINT leftToes
        {
          OFFSET 0 -0.7027876860119923 1.2062921852216233
          CHANNELS 3 Yrotation Xrotation Zrotation
          End Site
          {
            OFFSET 0 -0.7027876860119923 1.2062921852216233
          }
        }
      }
    }
  }
  JOINT rightUpperLeg
  {
    OFFSET -0.8486251400000001 -0.44215692923454897 0
    CHANNELS 3 Yrotation Xrotation Zrotation
    JOINT rightLowerLeg
    {
      OFFSET 0 -4.1014783730019015 0
      CHANNELS 3 Yrotation Xrotation Zrotation
      JOINT rightFoot
      {
        OFFSET 0.0002543926242001143 -4.7729227580453255 0.007402839656626761
        CHANNELS 3 Yrotation Xrotation Zrotation
        JOINT rightToes
        {
          OFFSET 0 -0.7027876860119923 1.2062921852216233
          CHANNELS 3 Yrotation Xrotation Zrotation
          End Site
          {
            OFFSET 0 -0.7027876860119923 1.2062921852216233
          }
        }
      }
    }
  }
}
MOTION
Frames: 71
Frame Time: 0.03333333333333333
-0.127265 -0.365365 0.02681 -6.243817 -3.446315 -4.507538 -1.469617 -2.189776 5.266172 -3.883335 0.275339 13.255666 0 0 0 0.393866 5.205426 -2.709111 4.108479 2.488029 -10.147712 0 0 0 0 0 0 2.436254 0.61155 -9.252674 -16.455646 8.092649 -76.950106 -13.202414 -1.148114 0.304139 -11.473749 0.68349 -3.43033 0.050398 -0.112372 -7.390756 2.685625 0.615552 -25.815582 1.726594 0.246685 -16.262007 4.025365 0.888167 -20.644447 -0.973583 0.840604 -30.562561 4.935749 2.467071 -53.095435 1.220418 0.121036 -11.511016 2.957645 0.755577 -28.655965 2.347142 0.464184 -22.37245 1.243028 0.065507 -15.880519 4.053898 1.519159 -41.074051 3.366919 1.000162 -33.081724 12.807951 2.333457 9.419525 20.415874 0.538605 9.69099 19.121726 3.983046 4.028004 5.45758 0.506649 12.688681 2.010757 14.568784 52.684338 11.153628 -0.975054 -0.239727 -1.312914 -11.200975 2.954449 -0.168472 -0.109156 8.350031 -2.160859 0.386531 20.280957 -1.128944 0.103093 10.435347 -2.243145 0.36816 24.460303 -3.274174 0.928942 31.671551 -5.224896 2.828946 56.841654 -1.032635 0.085197 9.629588 -3.302605 0.946583 31.978723 -2.065078 0.360421 19.377809 -2.508611 0.554 18.813988 -3.848751 1.329492 38.101753 -3.838231 1.330336 38.036558 -8.288905 -3.703672 -6.074452 -23.144311 8.672824 -11.912 -12.785699 5.85213 -4.199655 14.811117 -21.200375 11.312541 -4.391717 16.1294 2.54643 0.020598 5.495965 -9.527944 0.000006 2.255753 -0.000009 -8.572211 -2.764132 7.82751 -8.099267 22.406871 -1.780553 0.378201 -16.056274 -2.887817 -0.000003 -0.315938 0
-0.127269 -0.365719 0.026793 -6.243605 -3.456688 -4.505091 -1.469617 -2.189775 5.266172 -3.882415 0.244504 13.250963 0.00453 -0.101714 -0.015117 0.393434 5.267074 -2.699566 4.104426 2.555382 -10.138108 0 0 0 0 0 0 2.436252 0.611545 -9.252677 -16.628137 8.175851 -76.997137 -13.152739 -1.442733 0.299219 -11.406432 0.714656 -3.347425 0.050398 -0.112372 -7.390756 2.685625 0.615552 -25.815582 1.726594 0.246685 -16.262007 4.025365 0.888167 -20.644447 -0.973583 0.840604 -30.562561 4.935749 2.467071 -53.095435 1.220418 0.121036 -11.511016 2.957645 0.755577 -28.655965 2.347142 0.464184 -22.37245 1.243028 0.065507 -15.880519 4.053898 1.519159 -41.074051 3.366919 1.000162 -33.081724 12.807951 2.333457 9.419525 20.415874 0.538605 9.69099 19.121726 3.983046 4.028004 5.457584 0.506646 12.688679 1.967084 14.632711 52.520229 11.19731 -0.971489 -0.239809 -1.243095 -11.093619 2.886169 -0.168472 -0.109156 8.350031 -2.160859 0.386531 20.280957 -1.128944 0.103093 10.435347 -2.243145 0.36816 24.460303 -3.274174 0.928942 31.671551 -5.224896 2.828946 56.841654 -1.032635 0.085197 9.629588 -3.302605 0.946583 31.978723 -2.065078 0.360421 19.377809 -2.508611 0.554 18.813988 -3.848751 1.329492 38.101753 -3.838231 1.330336 38.036558 -8.288905 -3.703672 -6.074452 -23.144311 8.672824 -11.912 -12.785699 5.85213 -4.199655 14.809937 -21.203213 11.30647 -4.397599 16.177146 2.556094 0.018732 5.474553 -9.527367 0.000007 2.255753 -0.000009 -8.574502 -2.763275 7.849516 -8.086909 22.453465 -1.819962 0.379461 -16.083739 -2.889803 -0.000006 -0.315939 0
-0.127276 -0.366511 0.026763 -6.243232 -3.474582 -4.500871 -1.469617 -2.189773 5.266172 -3.880333 0.170385 13.239637 0.014863 -0.346263 -0.051616 0.392494 5.415317 -2.676621 4.094795 2.714176 -10.115594 0 0 0 0 0 0 2.436252 0.611548 -9.252676 -16.991615 8.371893 -77.039698 -13.071448 -2.126524 0.287661 -11.256822 0.847136 -3.12848 0.050398 -0.112372 -7.390756 2.685625 0.615552 -25.815582 1.726594 0.246685 -16.262007 4.025365 0.888167 -20.644447 -0.973583 0.840604 -30.562561 4.935749 2.467071 -53.095435 1.220418 0.121036 -11.511016 2.957645 0.755577 -28.655965 2.347142 0.464184 -22.37245 1.243028 0.065507 -15.880519 4.053898 1.519159 -41.074051 3.366919 1.000162 -33.081724 12.807951 2.333457 9.419525 20.415874 0.538605 9.69099 19.121726 3.983046 4.028004 5.457587 0.506649 12.688681 1.842819 14.776681 52.123832 11.33945 -0.961248 -0.239973 -1.063931 -10.829506 2.72586 -0.168472 -0.109156 8.350031 -2.160859 0.386531 20.280957 -1.128944 0.103093 10.435347 -2.243145 0.36816 24.460303 -3.274174 0.928942 31.671551 -5.224896 2.828946 56.841654 -1.032635 0.085197 9.629588 -3.302605 0.946583 31.978723 -2.065078 0.360421 19.377809 -2.508611 0.554 18.813988 -3.848751 1.329492 38.101753 -3.838231 1.330336 38.036558 -8.288905 -3.703672 -6.074452 -23.144311 8.672824 -11.912 -12.785699 5.85213 -4.199655 14.805512 -21.224409 11.292404 -4.411222 16.289985 2.578985 0.015419 5.424554 -9.525979 0.000007 2.255753 -0.000009 -8.578103 -2.777031 7.90262 -8.057583 22.566183 -1.915306 0.381554 -16.149834 -2.893974 -0.000004 -0.315938 0.000001
-0.127283 -0.367597 0.026734 -6.242856 -3.49247 -4.496652 -1.469616 -2.189776 5.266172 -3.877708 0.06676 13.223765 0.028006 -0.6882 -0.103002 0.391392 5.622599 -2.644552 4.08162 2.919443 -10.087288 0 0 0 0 0 0 2.436252 0.61155 -9.252677 -17.420655 8.653968 -76.958736 -13.022249 -3.039771 0.272006 -11.071504 1.14212 -2.780076 0.050398 -0.112372 -7.390756 2.685625 0.615552 -25.815582 1.726594 0.246685 -16.262007 4.025365 0.888167 -20.644447 -0.973583 0.840604 -30.562561 4.935749 2.467071 -53.095435 1.220418 0.121036 -11.511016 2.957645 0.755577 -28.655965 2.347142 0.464184 -22.37245 1.243028 0.065507 -15.880519 4.053898 1.519159 -41.074051 3.366919 1.000162 -33.081724 12.807951 2.333457 9.419525 20.415874 0.538605 9.69099 19.121726 3.983046 4.028004 5.457584 0.506649 12.688681 1.643399 14.963163 51.568354 11.590771 -0.948503 -0.240197 -0.790703 -10.451397 2.505704 -0.168472 -0.109156 8.350031 -2.160859 0.386531 20.280957 -1.128944 0.103093 10.435347 -2.243145 0.36816 24.460303 -3.274174 0.928942 31.671551 -5.224896 2.828946 56.841654 -1.032635 0.085197 9.629588 -3.302605 0.946583 31.978723 -2.065078 0.360421 19.377809 -2.508611 0.554 18.813988 -3.848751 1.329492 38.101753 -3.838231 1.330336 38.036558 -8.288905 -3.703672 -6.074452 -23.144311 8.672824 -11.912 -12.785699 5.85213 -4.199655 14.7974 -21.270682 11.272805 -4.430246 16.449641 2.611391 0.01197 5.35447 -9.523966 0.000007 2.255753 -0.000009 -8.581108 -2.814178 7.97902 -8.015735 22.728744 -2.052641 0.38359 -16.244698 -2.899324 -0.000003 -0.315937 0
-0.127287 -0.368869 0.026717 -6.242635 -3.502843 -4.494206 -1.469616 -2.189777 5.266172 -3.875099 -0.052613 13.205427 0.041244 -1.08205 -0.162654 0.390432 5.861377 -2.60763 4.067092 3.095231 -10.066275 0 0 0 0 0 0 2.436255 0.611552 -9.252674 -17.786738 8.997157 -76.635069 -13.105322 -4.016399 0.255295 -10.892051 1.652681 -2.31638 0.050398 -0.112372 -7.390756 2.685625 0.615552 -25.815582 1.726594 0.246685 -16.262007 4.025365 0.888167 -20.644447 -0.973583 0.840604 -30.562561 4.935749 2.467071 -53.095435 1.220418 0.121036 -11.511016 2.957645 0.755577 -28.655965 2.347142 0.464184 -22.37245 1.243028 0.065507 -15.880519 4.053898 1.519159 -41.074051 3.366919 1.000162 -33.081724 12.807951 2.333457 9.419525 20.415874 0.538605 9.69099 19.121726 3.983046 4.028004 5.457585 0.506649 12.688681 1.373334 15.153336 50.927539 11.963154 -0.936824 -0.240381 -0.440536 -10.003108 2.258564 -0.168472 -0.109156 8.350031 -2.160859 0.386531 20.280957 -1.128944 0.103093 10.435347 -2.243145 0.36816 24.460303 -3.274174 0.928942 31.671551 -5.224896 2.828946 56.841654 -1.032635 0.085197 9.629588 -3.302605 0.946583 31.978723 -2.065078 0.360421 19.377809 -2.508611 0.554 18.813988 -3.848751 1.329492 38.101753 -3.838231 1.330336 38.036558 -8.288905 -3.703672 -6.074452 -23.144311 8.672824 -11.912 -12.785699 5.85213 -4.199655 14.784486 -21.353282 11.249143 -4.453297 16.646377 2.651367 0.009666 5.269199 -9.521427 0.000006 2.255753 -0.00001 -8.58136 -2.890014 8.07711 -7.962443 22.938365 -2.229381 0.384618 -16.366222 -2.905049 -0.000007 -0.315937 -0.000002
-0.127283 -0.370267 0.026733 -6.24285 -3.492716 -4.496594 -1.469617 -2.189777 5.266172 -3.872999 -0.171997 13.187035 0.052237 -1.475893 -0.222794 0.389925 6.100159 -2.570726 4.055292 3.193431 -10.060813 0 0 0 0 0 0 2.436252 0.611553 -9.252676 -17.855814 9.347722 -75.862548 -13.55423 -4.821742 0.240776 -10.757584 2.470711 -1.751876 0.050398 -0.112372 -7.390756 2.685625 0.615552 -25.815582 1.726594 0.246685 -16.262007 4.025365 0.888167 -20.644447 -0.973583 0.840604 -30.562561 4.935749 2.467071 -53.095435 1.220418 0.121036 -11.511016 2.957645 0.755577 -28.655965 2.347142 0.464184 -22.37245 1.243028 0.065507 -15.880519 4.053898 1.519159 -41.074051 3.366919 1.000162 -33.081724 12.807951 2.333457 9.419525 20.415874 0.538605 9.69099 19.121726 3.983046 4.028004 5.457587 0.506649 12.688681 1.015487 15.2934 50.280643 12.506235 -0.924831 -0.240601 -0.029699 -9.530786 2.023924 -0.168472 -0.109156 8.350031 -2.160859 0.386531 20.280957 -1.128944 0.103093 10.435347 -2.243145 0.36816 24.460303 -3.274174 0.928942 31.671551 -5.224896 2.828946 56.841654 -1.032635 0.085197 9.629588 -3.302605 0.946583 31.978723 -2.065078 0.360421 19.377809 -2.508611 0.554 18.813988 -3.848751 1.329492 38.101753 -3.838231 1.330336 38.036558 -8.288905 -3.703672 -6.074452 -23.144311 8.672824 -11.912 -12.785699 5.85213 -4.199655 14.76349 -21.500631 11.221976 -4.479785 16.880023 2.699026 0.010668 5.169973 -9.518273 0.000007 2.255753 -0.000009 -8.575173 -3.030141 8.194264 -7.90011 23.189519 -2.440967 0.382959 -16.510741 -2.910191 -0.000005 -0.315938 0.000001
-0.127274 -0.371731 0.026771 -6.243331 -3.469816 -4.501994 -1.469617 -2.189775 5.266172 -3.871532 -0.275644 13.171035 0.060116 -1.817793 -0.275322 0.389751 6.30746 -2.538705 4.058916 3.097656 -10.097175 0 0 0 0 0 0 2.436249 0.611553 -9.252675 -17.510794 9.621242 -74.65205 -14.446654 -5.315448 0.232248 -10.678866 3.534545 -1.13769 0.050398 -0.112372 -7.390756 2.685625 0.615552 -25.815582 1.726594 0.246685 -16.262007 4.025365 0.888167 -20.644447 -0.973583 0.840604 -30.562561 4.935749 2.467071 -53.095435 1.220418 0.121036 -11.511016 2.957645 0.755577 -28.655965 2.347142 0.464184 -22.37245 1.243028 0.065507 -15.880519 4.053898 1.519159 -41.074051 3.366919 1.000162 -33.081724 12.807951 2.333457 9.419525 20.415874 0.538605 9.69099 19.121726 3.983046 4.028004 5.457583 0.506649 12.688681 0.623611 15.369975 49.707299 13.151192 -0.92579 -0.240568 0.41172 -9.084052 1.828532 -0.168472 -0.109156 8.350031 -2.160859 0.386531 20.280957 -1.128944 0.103093 10.435347 -2.243145 0.36816 24.460303 -3.274174 0.928942 31.671551 -5.224896 2.828946 56.841654 -1.032635 0.085197 9.629588 -3.302605 0.946583 31.978723 -2.065078 0.360421 19.377809 -2.508611 0.554 18.813988 -3.848751 1.329492 38.101753 -3.838231 1.330336 38.036558 -8.288905 -3.703672 -6.074452 -23.144311 8.672824 -11.912 -12.785699 5.85213 -4.199655 14.737625 -21.686636 11.193067 -4.508191 17.133482 2.750703 0.013744 5.063476 -9.514762 0.000006 2.255753 -0.000009 -8.564608 -3.209431 8.322136 -7.831985 23.46469 -2.672022 0.379638 -16.668233 -2.914917 -0.000007 -0.315936 0.000001
-0.127262 -0.373228 0.026823 -6.243977 -3.438551 -4.509368 -1.469617 -2.189776 5.266172 -3.870692 -0.349764 13.159576 0.064799 -2.062327 -0.313052 0.38978 6.455728 -2.51581 4.080306 2.754298 -10.18611 0 0 0 0 0 0 2.436253 0.611552 -9.252678 -16.784465 9.725729 -73.218755 -15.697564 -5.52064 0.229277 -10.659268 4.700405 -0.528919 0.050398 -0.112372 -7.390756 2.685625 0.615552 -25.815582 1.726594 0.246685 -16.262007 4.025365 0.888167 -20.644447 -0.973583 0.840604 -30.562561 4.935749 2.467071 -53.095435 1.220418 0.121036 -11.511016 2.957645 0.755577 -28.655965 2.347142 0.464184 -22.37245 1.243028 0.065507 -15.880519 4.053898 1.519159 -41.074051 3.366919 1.000162 -33.081724 12.807951 2.333457 9.419525 20.415874 0.538605 9.69099 19.121726 3.983046 4.028004 5.457585 0.506647 12.688684 0.217091 15.363098 49.268254 13.879038 -0.943685 -0.240231 0.859563 -8.700455 1.698473 -0.168472 -0.109156 8.350031 -2.160859 0.386531 20.280957 -1.128944 0.103093 10.435347 -2.243145 0.36816 24.460303 -3.274174 0.928942 31.671551 -5.224896 2.828946 56.841654 -1.032635 0.085197 9.629588 -3.302605 0.946583 31.978723 -2.065078 0.360421 19.377809 -2.508611 0.554 18.813988 -3.848751 1.329492 38.101753 -3.838231 1.330336 38.036558 -8.288905 -3.703672 -6.074452 -23.144311 8.672824 -11.912 -12.785699 5.85213 -4.199655 14.708652 -21.896885 11.163314 -4.537728 17.397784 2.804475 0.018183 4.95318 -9.51102 0.000007 2.255752 -0.000009 -8.550879 -3.412548 8.455128 -7.76047 23.751931 -2.912198 0.37523 -16.831959 -2.919364 -0.000003 -0.315936 0
-0.127248 -0.374737 0.026883 -6.244724 -3.401691 -4.518063 -1.469617 -2.189774 5.266172 -3.870395 -0.380599 13.154807 0.066507 -2.164035 -0.328779 0.389832 6.517403 -2.506293 4.112585 2.2117 -10.315125 0 0 0 0 0 0 2.436254 0.611545 -9.252672 -15.785461 9.590492 -71.848785 -17.142977 -5.516274 0.229609 -10.697282 5.808274 0.004249 0.050398 -0.112372 -7.390756 2.685625 0.615552 -25.815582 1.726594 0.246685 -16.262007 4.025365 0.888167 -20.644447 -0.973583 0.840604 -30.562561 4.935749 2.467071 -53.095435 1.220418 0.121036 -11.511016 2.957645 0.755577 -28.655965 2.347142 0.464184 -22.37245 1.243028 0.065507 -15.880519 4.053898 1.519159 -41.074051 3.366919 1.000162 -33.081724 12.807951 2.333457 9.419525 20.415874 0.538605 9.69099 19.121726 3.983046 4.028004 5.457584 0.506649 12.688681 -0.18344 15.25663 49.022564 14.672081 -0.983317 -0.239592 1.290646 -8.413767 1.659993 -0.168472 -0.109156 8.350031 -2.160859 0.386531 20.280957 -1.128944 0.103093 10.435347 -2.243145 0.36816 24.460303 -3.274174 0.928942 31.671551 -5.224896 2.828946 56.841654 -1.032635 0.085197 9.629588 -3.302605 0.946583 31.978723 -2.065078 0.360421 19.377809 -2.508611 0.554 18.813988 -3.848751 1.329492 38.101753 -3.838231 1.330336 38.036558 -8.288905 -3.703672 -6.074452 -23.144311 8.672824 -11.912 -12.785699 5.85213 -4.199655 14.677823 -22.121324 11.133491 -4.567684 17.665538 2.858798 0.023553 4.842002 -9.50716 0.000007 2.255753 -0.000009 -8.534818 -3.629188 8.589122 -7.687473 24.042293 -3.15393 0.370071 -16.996842 -2.923535 -0.000006 -0.315936 0
-0.127232 -0.376225 0.026951 -6.245535 -3.36085 -4.527697 -1.469617 -2.189776 5.266172 -3.870366 -0.370587 13.15547 0.06658 -2.131003 -0.32655 0.389768 6.497376 -2.507598 4.146983 1.562605 -10.462268 0 0 0 0 0 0 2.436252 0.611545 -9.252676 -14.752439 9.257624 -70.831577 -18.466931 -5.382571 0.23217 -10.768162 6.65477 0.37588 0.050398 -0.112372 -7.390756 2.685625 0.615552 -25.815582 1.726594 0.246685 -16.262007 4.025365 0.888167 -20.644447 -0.973583 0.840604 -30.562561 4.935749 2.467071 -53.095435 1.220418 0.121036 -11.511016 2.957645 0.755577 -28.655965 2.347142 0.464184 -22.37245 1.243028 0.065507 -15.880519 4.053898 1.519159 -41.074051 3.366919 1.000162 -33.081724 12.807951 2.333457 9.419525 20.415874 0.538605 9.69099 19.121726 3.983046 4.028004 5.457582 0.50664 12.688685 -0.528344 15.077322 48.981669 15.419997 -1.032776 -0.238692 1.630589 -8.252152 1.710759 -0.168472 -0.109156 8.350031 -2.160859 0.386531 20.280957 -1.128944 0.103093 10.435347 -2.243145 0.36816 24.460303 -3.274174 0.928942 31.671551 -5.224896 2.828946 56.841654 -1.032635 0.085197 9.629588 -3.302605 0.946583 31.978723 -2.065078 0.360421 19.377809 -2.508611 0.554 18.813988 -3.848751 1.329492 38.101753 -3.838231 1.330336 38.036558 -8.288905 -3.703672 -6.074452 -23.144311 8.672824 -11.912 -12.785699 5.85213 -4.199655 14.645928 -22.35382 11.104148 -4.597523 17.931855 2.91265 0.029591 4.731909 -9.503267 0.000007 2.255753 -0.000009 -8.516834 -3.855013 8.723066 -7.613487 24.333727 -3.395372 0.364423 -17.161685 -2.927432 -0.000004 -0.31594 -0.000001
-0.127215 -0.377665 0.027021 -6.246358 -3.318252 -4.537748 -1.469618 -2.189776 5.266172 -3.870308 -0.345058 13.1572 0.06671 -2.046762 -0.320736 0.389617 6.446309 -2.511005 4.175056 0.954638 -10.596117 0 0 0 0 0 0 2.436249 0.611551 -9.252677 -14.038697 8.934095 -70.331776 -19.360547 -5.256819 0.234184 -10.820567 7.109304 0.537602 0.050398 -0.112372 -7.390756 2.685625 0.615552 -25.815582 1.726594 0.246685 -16.262007 4.025365 0.888167 -20.644447 -0.973583 0.840604 -30.562561 4.935749 2.467071 -53.095435 1.220418 0.121036 -11.511016 2.957645 0.755577 -28.655965 2.347142 0.464184 -22.37245 1.243028 0.065507 -15.880519 4.053898 1.519159 -41.074051 3.366919 1.000162 -33.081724 12.807951 2.333457 9.419525 20.415874 0.538605 9.69099 19.121726 3.983046 4.028004 5.457583 0.506649 12.688681 -0.776735 14.894732 49.060219 15.985672 -1.067927 -0.238123 1.817411 -8.197952 1.802017 -0.168472 -0.109156 8.350031 -2.160859 0.386531 20.280957 -1.128944 0.103093 10.435347 -2.243145 0.36816 24.460303 -3.274174 0.928942 31.671551 -5.224896 2.828946 56.841654 -1.032635 0.085197 9.629588 -3.302605 0.946583 31.978723 -2.065078 0.360421 19.377809 -2.508611 0.554 18.813988 -3.848751 1.329492 38.101753 -3.838231 1.330336 38.036558 -8.288905 -3.703672 -6.074452 -23.144311 8.672824 -11.912 -12.785699 5.85213 -4.199655 14.613795 -22.587766 11.075607 -4.626987 18.193614 2.96539 0.035954 4.623962 -9.499448 0.000007 2.255753 -0.000009 -8.498075 -4.075647 8.848131 -7.5436 24.606591 -3.620452 0.358547 -17.315558 -2.931018 -0.000003 -0.315937 0.000001
-0.127198 -0.379018 0.027092 -6.247172 -3.275146 -4.547922 -1.469616 -2.189775 5.266172 -3.870251 -0.306363 13.159899 0.066768 -1.919103 -0.311687 0.3894 6.36893 -2.516322 4.194173 0.471168 -10.696907 0 0 0 0 0 0 2.43625 0.611552 -9.252679 -14.807934 9.435772 -70.459511 -18.98398 -5.470491 0.231114 -10.746419 6.961328 0.498183 0.050398 -0.112372 -7.390756 2.685625 0.615552 -25.815582 1.726594 0.246685 -16.262007 4.025365 0.888167 -20.644447 -0.973583 0.840604 -30.562561 4.935749 2.467071 -53.095435 1.220418 0.121036 -11.511016 2.957645 0.755577 -28.655965 2.347142 0.464184 -22.37245 1.243028 0.065507 -15.880519 4.053898 1.519159 -41.074051 3.366919 1.000162 -33.081724 12.807951 2.333457 9.419525 20.415874 0.538605 9.69099 19.121726 3.983046 4.028004 5.457586 0.506653 12.688681 0.292626 15.157325 49.754166 15.168846 -1.503941 -0.232632 1.733218 -8.389996 1.981978 -0.168472 -0.109156 8.350031 -2.160859 0.386531 20.280957 -1.128944 0.103093 10.435347 -2.243145 0.36816 24.460303 -3.274174 0.928942 31.671551 -5.224896 2.828946 56.841654 -1.032635 0.085197 9.629588 -3.302605 0.946583 31.978723 -2.065078 0.360421 19.377809 -2.508611 0.554 18.813988 -3.848751 1.329492 38.101753 -3.838231 1.330336 38.036558 -8.288905 -3.703672 -6.074452 -23.144311 8.672824 -11.912 -12.785699 5.85213 -4.199655 14.583044 -22.811789 11.049512 -4.65414 18.434483 3.013803 0.042448 4.525164 -9.495794 0.000007 2.255753 -0.000009 -8.478913 -4.289583 8.965272 -7.477348 24.862984 -3.831077 0.352615 -17.459685 -2.934233 -0.000008 -0.31594 0.000001
-0.127182 -0.380254 0.027162 -6.247953 -3.232722 -4.557935 -1.469616 -2.189775 5.266172 -3.870217 -0.256883 13.163464 0.066623 -1.755805 -0.299758 0.389153 6.269947 -2.523356 4.202672 0.195559 -10.744575 0 0 0 0 0 0 2.436253 0.611548 -9.252678 -17.528044 11.240853 -70.795453 -16.688627 -6.208954 0.217752 -10.378132 6.19206 0.485872 0.050398 -0.112372 -7.390756 2.685625 0.615552 -25.815582 1.726594 0.246685 -16.262007 4.025365 0.888167 -20.644447 -0.973583 0.840604 -30.562561 4.935749 2.467071 -53.095435 1.220418 0.121036 -11.511016 2.957645 0.755577 -28.655965 2.347142 0.464184 -22.37245 1.243028 0.065507 -15.880519 4.053898 1.519159 -41.074051 3.366919 1.000162 -33.081724 12.807951 2.333457 9.419525 20.415874 0.538605 9.69099 19.121726 3.983046 4.028004 5.457587 0.506646 12.688681 3.412055 16.04079 51.36626 11.900264 -2.683998 -0.210498 1.192428 -8.885969 2.162412 -0.168472 -0.109156 8.350031 -2.160859 0.386531 20.280957 -1.128944 0.103093 10.435347 -2.243145 0.36816 24.460303 -3.274174 0.928942 31.671551 -5.224896 2.828946 56.841654 -1.032635 0.085197 9.629588 -3.302605 0.946583 31.978723 -2.065078 0.360421 19.377809 -2.508611 0.554 18.813988 -3.848751 1.329492 38.101753 -3.838231 1.330336 38.036558 -8.288905 -3.703672 -6.074452 -23.144311 8.672824 -11.912 -12.785699 5.85213 -4.199655 14.554038 -23.023175 11.025909 -4.678963 18.654499 3.057898 0.04889 4.435279 -9.492398 0.000008 2.255753 -0.000009 -8.459971 -4.491369 9.071723 -7.416572 25.096727 -4.022382 0.3468 -17.590698 -2.937 -0.000003 -0.31593 0.000001
-0.127166 -0.381277 0.027227 -6.248665 -3.192802 -4.567359 -1.469617 -2.189776 5.266172 -3.870268 -0.197941 13.167907 0.066056 -1.561345 -0.284932 0.388917 6.152078 -2.532139 4.186343 0.556998 -10.637991 0 0 0 0 0 0 2.43625 0.611552 -9.252679 -19.137166 12.540224 -70.483586 -14.596427 -6.633574 0.210587 -9.613292 5.237207 0.625252 0.050398 -0.112372 -7.390756 2.685625 0.615552 -25.815582 1.726594 0.246685 -16.262007 4.025365 0.888167 -20.644447 -0.973583 0.840604 -30.562561 4.935749 2.467071 -53.095435 1.220418 0.121036 -11.511016 2.957645 0.755577 -28.655965 2.347142 0.464184 -22.37245 1.243028 0.065507 -15.880519 4.053898 1.519159 -41.074051 3.366919 1.000162 -33.081724 12.807951 2.333457 9.419525 20.415874 0.538605 9.69099 19.121726 3.983046 4.028004 5.457583 0.50665 12.688679 4.781433 16.593609 51.725777 10.083389 -3.120899 -0.203166 -0.038571 -9.135053 2.041153 -0.168472 -0.109156 8.350031 -2.160859 0.386531 20.280957 -1.128944 0.103093 10.435347 -2.243145 0.36816 24.460303 -3.274174 0.928942 31.671551 -5.224896 2.828946 56.841654 -1.032635 0.085197 9.629588 -3.302605 0.946583 31.978723 -2.065078 0.360421 19.377809 -2.508611 0.554 18.813988 -3.848751 1.329492 38.101753 -3.838231 1.330336 38.036558 -8.288905 -3.703672 -6.074452 -23.144311 8.672824 -11.912 -12.785699 5.85213 -4.199655 14.52848 -23.210152 11.006344 -4.699698 18.839181 3.094899 0.055019 4.360289 -9.489498 0.000007 2.255754 -0.000009 -8.442342 -4.670319 9.160987 -7.365492 25.293229 -4.182818 0.34136 -17.700468 -2.939043 -0.000002 -0.315937 0.000001
-0.127152 -0.382033 0.027286 -6.249295 -3.156766 -4.575868 -1.469617 -2.189776 5.266172 -3.870421 -0.133606 13.172984 0.064967 -1.349076 -0.268039 0.388722 6.023399 -2.542196 4.141583 1.473624 -10.401708 0 0 0 0 0 0 2.436252 0.611553 -9.252678 -18.936819 12.709754 -69.808338 -13.717859 -6.644378 0.210231 -8.749058 4.404608 0.786535 0.050398 -0.112372 -7.390756 2.685625 0.615552 -25.815582 1.726594 0.246685 -16.262007 4.025365 0.888167 -20.644447 -0.973583 0.840604 -30.562561 4.935749 2.467071 -53.095435 1.220418 0.121036 -11.511016 2.957645 0.755577 -28.655965 2.347142 0.464184 -22.37245 1.243028 0.065507 -15.880519 4.053898 1.519159 -41.074051 3.366919 1.000162 -33.081724 12.807951 2.333457 9.419525 20.415874 0.538605 9.69099 19.121726 3.983046 4.028004 5.457578 0.506647 12.688681 4.033947 16.783732 50.678641 10.6289 -2.629471 -0.212748 -1.553093 -9.162567 1.772973 -0.168472 -0.109156 8.350031 -2.160859 0.386531 20.280957 -1.128944 0.103093 10.435347 -2.243145 0.36816 24.460303 -3.274174 0.928942 31.671551 -5.224896 2.828946 56.841654 -1.032635 0.085197 9.629588 -3.302605 0.946583 31.978723 -2.065078 0.360421 19.377809 -2.508611 0.554 18.813988 -3.848751 1.329492 38.101753 -3.838231 1.330336 38.036558 -8.288905 -3.703672 -6.074452 -23.144311 8.672824 -11.912 -12.785699 5.85213 -4.199655 14.507451 -23.365314 10.991684 -4.715345 18.980527 3.123255 0.060634 4.303417 -9.487242 0.000006 2.255753 -0.000009 -8.426857 -4.82005 9.229755 -7.326412 25.44511 -4.306709 0.336514 -17.784995 -2.940189 -0.000006 -0.315938 0.000001
-0.127141 -0.382393 0.027336 -6.249809 -3.126659 -4.582978 -1.469617 -2.189775 5.266172 -3.8707 -0.066235 13.178594 0.063244 -1.126795 -0.249428 0.388595 5.88865 -2.553334 4.076387 2.554563 -10.132259 0 0 0 0 0 0 2.436253 0.611554 -9.252676 -17.715651 11.995192 -69.38825 -13.841482 -6.502575 0.212874 -8.244327 3.923754 0.892568 0.050398 -0.112372 -7.390756 2.685625 0.615552 -25.815582 1.726594 0.246685 -16.262007 4.025365 0.888167 -20.644447 -0.973583 0.840604 -30.562561 4.935749 2.467071 -53.095435 1.220418 0.121036 -11.511016 2.957645 0.755577 -28.655965 2.347142 0.464184 -22.37245 1.243028 0.065507 -15.880519 4.053898 1.519159 -41.074051 3.366919 1.000162 -33.081724 12.807951 2.333457 9.419525 20.415874 0.538605 9.69099 19.121726 3.983046 4.028004 5.457587 0.506652 12.688681 3.028957 16.638552 49.920712 11.514212 -2.207304 -0.219036 -2.73712 -9.571047 1.6169 -0.168472 -0.109156 8.350031 -2.160859 0.386531 20.280957 -1.128944 0.103093 10.435347 -2.243145 0.36816 24.460303 -3.274174 0.928942 31.671551 -5.224896 2.828946 56.841654 -1.032635 0.085197 9.629588 -3.302605 0.946583 31.978723 -2.065078 0.360421 19.377809 -2.508611 0.554 18.813988 -3.848751 1.329492 38.101753 -3.838231 1.330336 38.036558 -8.288905 -3.703672 -6.074452 -23.144311 8.672824 -11.912 -12.785699 5.85213 -4.199655 14.493147 -23.473791 10.984005 -4.72354 19.059265 3.13926 0.065461 4.272642 -9.485943 0.000007 2.255753 -0.000009 -8.414737 -4.929746 9.271713 -7.30346 25.538208 -4.382974 0.332524 -17.836413 -2.940032 -0.000005 -0.315938 0
-0.127132 -0.382219 0.027371 -6.250166 -3.105396 -4.588 -1.469617 -2.189774 5.266172 -3.871127 0.001807 13.184637 0.060812 -0.902275 -0.229455 0.38855 5.752552 -2.565365 4.01417 3.407999 -9.92038 0 0 0 0 0 0 2.436251 0.611553 -9.252677 -15.971412 10.720636 -69.33849 -14.797036 -6.246593 0.217116 -8.150032 3.798733 0.898558 0.050398 -0.112372 -7.390756 2.685625 0.615552 -25.815582 1.726594 0.246685 -16.262007 4.025365 0.888167 -20.644447 -0.973583 0.840604 -30.562561 4.935749 2.467071 -53.095435 1.220418 0.121036 -11.511016 2.957645 0.755577 -28.655965 2.347142 0.464184 -22.37245 1.243028 0.065507 -15.880519 4.053898 1.519159 -41.074051 3.366919 1.000162 -33.081724 12.807951 2.333457 9.419525 20.415874 0.538605 9.69099 19.121726 3.983046 4.028004 5.457584 0.506649 12.688681 2.439864 16.136136 50.21348 12.226056 -2.250148 -0.217909 -3.337391 -10.645375 1.787114 -0.168472 -0.109156 8.350031 -2.160859 0.386531 20.280957 -1.128944 0.103093 10.435347 -2.243145 0.36816 24.460303 -3.274174 0.928942 31.671551 -5.224896 2.828946 56.841654 -1.032635 0.085197 9.629588 -3.302605 0.946583 31.978723 -2.065078 0.360421 19.377809 -2.508611 0.554 18.813988 -3.848751 1.329492 38.101753 -3.838231 1.330336 38.036558 -8.288905 -3.703672 -6.074452 -23.144311 8.672824 -11.912 -12.785699 5.85213 -4.199655 14.488157 -23.517668 10.985625 -4.721718 19.054134 3.138742 0.069063 4.276682 -9.485947 0.000006 2.255752 -0.000009 -8.408031 -4.978891 9.273391 -7.305226 25.542424 -4.387566 0.329796 -17.838042 -2.938167 -0.000008 -0.315936 0.000001
-0.12713 -0.381631 0.02738 -6.250257 -3.099932 -4.589291 -1.469617 -2.189775 5.266172 -3.871739 0.06749 13.191051 0.057532 -0.685567 -0.208357 0.388642 5.621179 -2.578177 3.998623 3.549574 -9.87051 0 0 0 0 0 0 2.436254 0.611554 -9.252676 -14.332862 9.438863 -69.531682 -15.984296 -5.990723 0.221944 -8.018 3.607152 0.747261 0.050398 -0.112372 -7.390756 2.685625 0.615552 -25.815582 1.726594 0.246685 -16.262007 4.025365 0.888167 -20.644447 -0.973583 0.840604 -30.562561 4.935749 2.467071 -53.095435 1.220418 0.121036 -11.511016 2.957645 0.755577 -28.655965 2.347142 0.464184 -22.37245 1.243028 0.065507 -15.880519 4.053898 1.519159 -41.074051 3.366919 1.000162 -33.081724 12.807951 2.333457 9.419525 20.415874 0.538605 9.69099 19.121726 3.983046 4.028004 5.457582 0.506649 12.688681 1.83819 15.344911 51.049407 13.159479 -2.5026 -0.213116 -3.460369 -12.005456 2.217064 -0.168472 -0.109156 8.350031 -2.160859 0.386531 20.280957 -1.128944 0.103093 10.435347 -2.243145 0.36816 24.460303 -3.274174 0.928942 31.671551 -5.224896 2.828946 56.841654 -1.032635 0.085197 9.629588 -3.302605 0.946583 31.978723 -2.065078 0.360421 19.377809 -2.508611 0.554 18.813988 -3.848751 1.329492 38.101753 -3.838231 1.330336 38.036558 -8.288905 -3.703672 -6.074452 -23.144311 8.672824 -11.912 -12.785699 5.85213 -4.199655 14.493421 -23.487088 10.995013 -4.711523 18.97512 3.123491 0.070235 4.310718 -9.487128 0.000006 2.255754 -0.000009 -8.408901 -4.953154 9.236199 -7.329958 25.460578 -4.322318 0.329261 -17.791766 -2.935462 -0.000009 -0.315938 0.000001
-0.127132 -0.380866 0.02737 -6.250161 -3.105713 -4.587925 -1.469617 -2.189775 5.266172 -3.87251 0.128449 13.197667 0.053512 -0.484445 -0.186693 0.388845 5.499253 -2.591431 4.014316 3.273002 -9.915651 0 0 0 0 0 0 2.436253 0.611549 -9.252676 -12.951845 8.322541 -69.850218 -17.153707 -5.772897 0.225699 -7.844732 3.3543 0.516855 0.050398 -0.112372 -7.390756 2.685625 0.615552 -25.815582 1.726594 0.246685 -16.262007 4.025365 0.888167 -20.644447 -0.973583 0.840604 -30.562561 4.935749 2.467071 -53.095435 1.220418 0.121036 -11.511016 2.957645 0.755577 -28.655965 2.347142 0.464184 -22.37245 1.243028 0.065507 -15.880519 4.053898 1.519159 -41.074051 3.366919 1.000162 -33.081724 12.807951 2.333457 9.419525 20.415874 0.538605 9.69099 19.121726 3.983046 4.028004 5.457584 0.506649 12.688683 1.311024 14.589748 51.94199 14.023695 -2.804046 -0.207946 -3.338008 -13.19253 2.653609 -0.168472 -0.109156 8.350031 -2.160859 0.386531 20.280957 -1.128944 0.103093 10.435347 -2.243145 0.36816 24.460303 -3.274174 0.928942 31.671551 -5.224896 2.828946 56.841654 -1.032635 0.085197 9.629588 -3.302605 0.946583 31.978723 -2.065078 0.360421 19.377809 -2.508611 0.554 18.813988 -3.848751 1.329492 38.101753 -3.838231 1.330336 38.036558 -8.288905 -3.703672 -6.074452 -23.144311 8.672824 -11.912 -12.785699 5.85213 -4.199655 14.504564 -23.412465 11.008039 -4.697505 18.860146 3.100934 0.069627 4.35904 -9.488886 0.000006 2.255753 -0.000009 -8.414144 -4.88757 9.184056 -7.362503 25.345918 -4.229946 0.330218 -17.7272 -2.932641 -0.000003 -0.315937 0
-0.127137 -0.379981 0.027352 -6.249977 -3.116682 -4.585334 -1.469617 -2.189776 5.266172 -3.873429 0.182324 13.204388 0.048797 -0.306705 -0.164785 0.389157 5.391492 -2.60494 4.040203 2.86008 -9.995218 0 0 0 0 0 0 2.436254 0.611548 -9.252677 -11.868831 7.425411 -70.2252 -18.180531 -5.606267 0.228288 -7.683094 3.092947 0.269541 0.050398 -0.112372 -7.390756 2.685625 0.615552 -25.815582 1.726594 0.246685 -16.262007 4.025365 0.888167 -20.644447 -0.973583 0.840604 -30.562561 4.935749 2.467071 -53.095435 1.220418 0.121036 -11.511016 2.957645 0.755577 -28.655965 2.347142 0.464184 -22.37245 1.243028 0.065507 -15.880519 4.053898 1.519159 -41.074051 3.366919 1.000162 -33.081724 12.807951 2.333457 9.419525 20.415874 0.538605 9.69099 19.121726 3.983046 4.028004 5.457583 0.506648 12.688684 0.981781 14.101289 52.556747 14.529739 -3.040712 -0.204269 -3.15532 -13.861796 2.901492 -0.168472 -0.109156 8.350031 -2.160859 0.386531 20.280957 -1.128944 0.103093 10.435347 -2.243145 0.36816 24.460303 -3.274174 0.928942 31.671551 -5.224896 2.828946 56.841654 -1.032635 0.085197 9.629588 -3.302605 0.946583 31.978723 -2.065078 0.360421 19.377809 -2.508611 0.554 18.813988 -3.848751 1.329492 38.101753 -3.838231 1.330336 38.036558 -8.288905 -3.703672 -6.074452 -23.144311 8.672824 -11.912 -12.785699 5.85213 -4.199655 14.518902 -23.314224 11.023469 -4.681005 18.722389 3.07375 0.068216 4.416613 -9.490991 0.000006 2.255753 -0.000009 -8.421604 -4.799166 9.120742 -7.401125 25.206783 -4.117347 0.331873 -17.648907 -2.929623 -0.000004 -0.315937 0.000002
-0.127142 -0.379012 0.027329 -6.249737 -3.130973 -4.58196 -1.469616 -2.189775 5.266172 -3.874483 0.226751 13.211116 0.043489 -0.160149 -0.142965 0.389573 5.302632 -2.618506 4.071452 2.366783 -10.098256 0 0 0 0 0 0 2.436254 0.611554 -9.252679 -11.092326 6.76994 -70.581035 -18.930324 -5.498878 0.229912 -7.581816 2.873694 0.073138 0.050398 -0.112372 -7.390756 2.685625 0.615552 -25.815582 1.726594 0.246685 -16.262007 4.025365 0.888167 -20.644447 -0.973583 0.840604 -30.562561 4.935749 2.467071 -53.095435 1.220418 0.121036 -11.511016 2.957645 0.755577 -28.655965 2.347142 0.464184 -22.37245 1.243028 0.065507 -15.880519 4.053898 1.519159 -41.074051 3.366919 1.000162 -33.081724 12.807951 2.333457 9.419525 20.415874 0.538605 9.69099 19.121726 3.983046 4.028004 5.457587 0.506648 12.688685 0.877437 13.950137 52.74869 14.595439 -3.146665 -0.202574 -3.020007 -13.973603 2.907628 -0.168472 -0.109156 8.350031 -2.160859 0.386531 20.280957 -1.128944 0.103093 10.435347 -2.243145 0.36816 24.460303 -3.274174 0.928942 31.671551 -5.224896 2.828946 56.841654 -1.032635 0.085197 9.629588 -3.302605 0.946583 31.978723 -2.065078 0.360421 19.377809 -2.508611 0.554 18.813988 -3.848751 1.329492 38.101753 -3.838231 1.330336 38.036558 -8.288905 -3.703672 -6.074452 -23.144311 8.672824 -11.912 -12.785699 5.85213 -4.199655 14.535374 -23.200138 11.040614 -4.662802 18.568651 3.043279 0.066292 4.480724 -9.493324 0.000008 2.255752 -0.00001 -8.430423 -4.695354 9.049455 -7.443918 25.050356 -3.990273 0.33398 -17.560842 -2.926428 -0.000004 -0.315936 0
-0.127149 -0.37798 0.027301 -6.249449 -3.147891 -4.577964 -1.469617 -2.189775 5.266172 -3.875653 0.257003 13.217721 0.037677 -0.060348 -0.121638 0.390096 5.242112 -2.631883 4.103664 1.854234 -10.213594 0 0 0 0 0 0 2.436249 0.61155 -9.252676 -10.641152 6.387519 -70.816526 -19.206022 -5.457961 0.230602 -7.601862 2.762156 0.018643 0.050398 -0.112372 -7.390756 2.685625 0.615552 -25.815582 1.726594 0.246685 -16.262007 4.025365 0.888167 -20.644447 -0.973583 0.840604 -30.562561 4.935749 2.467071 -53.095435 1.220418 0.121036 -11.511016 2.957645 0.755577 -28.655965 2.347142 0.464184 -22.37245 1.243028 0.065507 -15.880519 4.053898 1.519159 -41.074051 3.366919 1.000162 -33.081724 12.807951 2.333457 9.419525 20.415874 0.538605 9.69099 19.121726 3.983046 4.028004 5.457584 0.506646 12.688681 0.914053 14.006431 52.674696 14.402124 -3.162329 -0.202284 -2.868517 -13.87435 2.79871 -0.168472 -0.109156 8.350031 -2.160859 0.386531 20.280957 -1.128944 0.103093 10.435347 -2.243145 0.36816 24.460303 -3.274174 0.928942 31.671551 -5.224896 2.828946 56.841654 -1.032635 0.085197 9.629588 -3.302605 0.946583 31.978723 -2.065078 0.360421 19.377809 -2.508611 0.554 18.813988 -3.848751 1.329492 38.101753 -3.838231 1.330336 38.036558 -8.288905 -3.703672 -6.074452 -23.144311 8.672824 -11.912 -12.785699 5.85213 -4.199655 14.553586 -23.072988 11.059244 -4.643169 18.401333 3.009977 0.063962 4.55043 -9.495848 0.000007 2.255758 -0.000009 -8.44027 -4.578651 8.971173 -7.490237 24.878884 -3.85041 0.336455 -17.46417 -2.923136 -0.000004 -0.315938 0
-0.127156 -0.376909 0.027271 -6.249127 -3.16647 -4.573578 -1.469618 -2.189777 5.266172 -3.876884 0.272411 13.224114 0.031611 -0.009536 -0.101088 0.390679 5.211288 -2.644864 4.132552 1.389022 -10.32622 0 0 0 0 0 0 2.436254 0.611552 -9.252678 -10.354903 6.15588 -70.936215 -19.167499 -5.436526 0.230963 -7.691839 2.729857 0.063331 0.050398 -0.112372 -7.390756 2.685625 0.615552 -25.815582 1.726594 0.246685 -16.262007 4.025365 0.888167 -20.644447 -0.973583 0.840604 -30.562561 4.935749 2.467071 -53.095435 1.220418 0.121036 -11.511016 2.957645 0.755577 -28.655965 2.347142 0.464184 -22.37245 1.243028 0.065507 -15.880519 4.053898 1.519159 -41.074051 3.366919 1.000162 -33.081724 12.807951 2.333457 9.419525 20.415874 0.538605 9.69099 19.121726 3.983046 4.028004 5.45758 0.506649 12.688681 1.041074 14.199744 52.423986 14.02401 -3.124464 -0.202884 -2.705261 -13.662033 2.614734 -0.168472 -0.109156 8.350031 -2.160859 0.386531 20.280957 -1.128944 0.103093 10.435347 -2.243145 0.36816 24.460303 -3.274174 0.928942 31.671551 -5.224896 2.828946 56.841654 -1.032635 0.085197 9.629588 -3.302605 0.946583 31.978723 -2.065078 0.360421 19.377809 -2.508611 0.554 18.813988 -3.848751 1.329492 38.101753 -3.838231 1.330336 38.036558 -8.288905 -3.703672 -6.074452 -23.144311 8.672824 -11.912 -12.785699 5.85213 -4.199655 14.572854 -22.937667 11.078824 -4.622708 18.225458 2.97485 0.061379 4.623687 -9.49848 0.000006 2.255753 -0.000009 -8.450644 -4.453628 8.888252 -7.538587 24.697565 -3.701988 0.339131 -17.361825 -2.919764 -0.000005 -0.315937 0.000001
-0.127164 -0.375811 0.027238 -6.24878 -3.186355 -4.568882 -1.469616 -2.189776 5.266172 -3.878125 0.272578 13.230204 0.025514 -0.009002 -0.081576 0.391292 5.210948 -2.657264 4.15581 1.022535 -10.424007 0 0 0 0 0 0 2.43625 0.61155 -9.252677 -10.151866 6.006221 -70.970822 -18.945274 -5.409594 0.231417 -7.806426 2.742301 0.157722 0.050398 -0.112372 -7.390756 2.685625 0.615552 -25.815582 1.726594 0.246685 -16.262007 4.025365 0.888167 -20.644447 -0.973583 0.840604 -30.562561 4.935749 2.467071 -53.095435 1.220418 0.121036 -11.511016 2.957645 0.755577 -28.655965 2.347142 0.464184 -22.37245 1.243028 0.065507 -15.880519 4.053898 1.519159 -41.074051 3.366919 1.000162 -33.081724 12.807951 2.333457 9.419525 20.415874 0.538605 9.69099 19.121726 3.983046 4.028004 5.457583 0.506649 12.688681 1.242074 14.510092 52.025258 13.473655 -3.051001 -0.204114 -2.53975 -13.352581 2.362044 -0.168472 -0.109156 8.350031 -2.160859 0.386531 20.280957 -1.128944 0.103093 10.435347 -2.243145 0.36816 24.460303 -3.274174 0.928942 31.671551 -5.224896 2.828946 56.841654 -1.032635 0.085197 9.629588 -3.302605 0.946583 31.978723 -2.065078 0.360421 19.377809 -2.508611 0.554 18.813988 -3.848751 1.329492 38.101753 -3.838231 1.330336 38.036558 -8.288905 -3.703672 -6.074452 -23.144311 8.672824 -11.912 -12.785699 5.85213 -4.199655 14.592928 -22.795925 11.099157 -4.601645 18.042928 2.93826 0.058597 4.699719 -9.501183 0.000006 2.255752 -0.000009 -8.461353 -4.32191 8.801513 -7.58846 24.508317 -3.546465 0.342003 -17.25482 -2.916361 -0.000005 -0.315936 0
-0.127172 -0.374698 0.027203 -6.248407 -3.207306 -4.563935 -1.469618 -2.189776 5.266172 -3.879325 0.26125 13.235899 0.019655 -0.046395 -0.063354 0.391895 5.233586 -2.668882 4.171881 0.797041 -10.494556 0 0 0 0 0 0 2.436253 0.611546 -9.252679 -10.01282 5.916558 -70.947463 -18.597132 -5.374381 0.232053 -7.93548 2.784552 0.279989 0.050398 -0.112372 -7.390756 2.685625 0.615552 -25.815582 1.726594 0.246685 -16.262007 4.025365 0.888167 -20.644447 -0.973583 0.840604 -30.562561 4.935749 2.467071 -53.095435 1.220418 0.121036 -11.511016 2.957645 0.755577 -28.655965 2.347142 0.464184 -22.37245 1.243028 0.065507 -15.880519 4.053898 1.519159 -41.074051 3.366919 1.000162 -33.081724 12.807951 2.333457 9.419525 20.415874 0.538605 9.69099 19.121726 3.983046 4.028004 5.457587 0.506642 12.688681 1.494999 14.906015 51.524661 12.782217 -2.964684 -0.205674 -2.375423 -12.965321 2.055208 -0.168472 -0.109156 8.350031 -2.160859 0.386531 20.280957 -1.128944 0.103093 10.435347 -2.243145 0.36816 24.460303 -3.274174 0.928942 31.671551 -5.224896 2.828946 56.841654 -1.032635 0.085197 9.629588 -3.302605 0.946583 31.978723 -2.065078 0.360421 19.377809 -2.508611 0.554 18.813988 -3.848751 1.329492 38.101753 -3.838231 1.330336 38.036558 -8.288905 -3.703672 -6.074452 -23.144311 8.672824 -11.912 -12.785699 5.85213 -4.199655 14.614214 -22.645044 11.120863 -4.579225 17.847473 2.898933 0.055644 4.781335 -9.503939 0.000007 2.255753 -0.000009 -8.472256 -4.184707 8.71165 -7.639375 24.312583 -3.385038 0.344993 -17.143981 -2.912952 -0.000002 -0.315937 0.000002
-0.12718 -0.373579 0.027167 -6.248014 -3.229255 -4.558754 -1.469616 -2.189775 5.266172 -3.880416 0.239778 13.241022 0.014332 -0.117278 -0.046997 0.392448 5.276531 -2.679337 4.175917 0.839504 -10.506563 0 0 0 0 0 0 2.43625 0.611553 -9.252677 -9.921348 5.869762 -70.8859 -18.17254 -5.324951 0.232844 -8.065534 2.842002 0.40887 0.050398 -0.112372 -7.390756 2.685625 0.615552 -25.815582 1.726594 0.246685 -16.262007 4.025365 0.888167 -20.644447 -0.973583 0.840604 -30.562561 4.935749 2.467071 -53.095435 1.220418 0.121036 -11.511016 2.957645 0.755577 -28.655965 2.347142 0.464184 -22.37245 1.243028 0.065507 -15.880519 4.053898 1.519159 -41.074051 3.366919 1.000162 -33.081724 12.807951 2.333457 9.419525 20.415874 0.538605 9.69099 19.121726 3.983046 4.028004 5.457583 0.506648 12.68868 1.777877 15.360531 50.957816 11.95996 -2.890711 -0.206864 -2.221242 -12.511037 1.700697 -0.168472 -0.109156 8.350031 -2.160859 0.386531 20.280957 -1.128944 0.103093 10.435347 -2.243145 0.36816 24.460303 -3.274174 0.928942 31.671551 -5.224896 2.828946 56.841654 -1.032635 0.085197 9.629588 -3.302605 0.946583 31.978723 -2.065078 0.360421 19.377809 -2.508611 0.554 18.813988 -3.848751 1.329492 38.101753 -3.838231 1.330336 38.036558 -8.288905 -3.703672 -6.074452 -23.144311 8.672824 -11.912 -12.785699 5.85213 -4.199655 14.635339 -22.494289 11.1422 -4.557526 17.65639 2.860328 0.052535 4.860955 -9.506719 0.000007 2.255753 -0.000009 -8.483479 -4.038773 8.615547 -7.69313 24.103589 -3.211948 0.348133 -17.025472 -2.909573 -0.000002 -0.315936 0
-0.127189 -0.37246 0.02713 -6.2476 -3.2519 -4.553408 -1.469617 -2.189776 5.266172 -3.881378 0.211476 13.24554 0.009647 -0.21069 -0.032566 0.392934 5.333138 -2.688564 4.15631 1.388281 -10.402646 0 0 0 0 0 0 2.436247 0.61155 -9.252676 -9.844381 5.835861 -70.81275 -17.73984 -5.258144 0.233951 -8.18141 2.896066 0.523151 0.050398 -0.112372 -7.390756 2.685625 0.615552 -25.815582 1.726594 0.246685 -16.262007 4.025365 0.888167 -20.644447 -0.973583 0.840604 -30.562561 4.935749 2.467071 -53.095435 1.220418 0.121036 -11.511016 2.957645 0.755577 -28.655965 2.347142 0.464184 -22.37245 1.243028 0.065507 -15.880519 4.053898 1.519159 -41.074051 3.366919 1.000162 -33.081724 12.807951 2.333457 9.419525 20.415874 0.538605 9.69099 19.121726 3.983046 4.028004 5.457586 0.506652 12.688681 2.064819 15.83503 50.374272 11.051071 -2.847874 -0.207611 -2.083661 -12.016798 1.317488 -0.168472 -0.109156 8.350031 -2.160859 0.386531 20.280957 -1.128944 0.103093 10.435347 -2.243145 0.36816 24.460303 -3.274174 0.928942 31.671551 -5.224896 2.828946 56.841654 -1.032635 0.085197 9.629588 -3.302605 0.946583 31.978723 -2.065078 0.360421 19.377809 -2.508611 0.554 18.813988 -3.848751 1.329492 38.101753 -3.838231 1.330336 38.036558 -8.288905 -3.703672 -6.074452 -23.144311 8.672824 -11.912 -12.785699 5.85213 -4.199655 14.656726 -22.340869 11.163808 -4.535759 17.463075 2.821128 0.049314 4.941528 -9.5095 0.000007 2.255753 -0.000009 -8.494477 -3.892599 8.520419 -7.745384 23.897301 -3.040411 0.351342 -16.908237 -2.906241 -0.000007 -0.315937 0.000001
-0.127198 -0.371356 0.027092 -6.247172 -3.275124 -4.547926 -1.469618 -2.189775 5.266172 -3.882183 0.17797 13.249365 0.00572 -0.321262 -0.020349 0.393341 5.400137 -2.696377 4.114551 2.29566 -10.218397 0 0 0 0 0 0 2.436251 0.611546 -9.252677 -9.757342 5.793185 -70.745713 -17.350249 -5.168249 0.235511 -8.269362 2.931968 0.605517 0.050398 -0.112372 -7.390756 2.685625 0.615552 -25.815582 1.726594 0.246685 -16.262007 4.025365 0.888167 -20.644447 -0.973583 0.840604 -30.562561 4.935749 2.467071 -53.095435 1.220418 0.121036 -11.511016 2.957645 0.755577 -28.655965 2.347142 0.464184 -22.37245 1.243028 0.065507 -15.880519 4.053898 1.519159 -41.074051 3.366919 1.000162 -33.081724 12.807951 2.333457 9.419525 20.415874 0.538605 9.69099 19.121726 3.983046 4.028004 5.457586 0.506649 12.688683 2.280879 16.279623 49.787101 10.127027 -2.836822 -0.207854 -1.985816 -11.510441 0.911333 -0.168472 -0.109156 8.350031 -2.160859 0.386531 20.280957 -1.128944 0.103093 10.435347 -2.243145 0.36816 24.460303 -3.274174 0.928942 31.671551 -5.224896 2.828946 56.841654 -1.032635 0.085197 9.629588 -3.302605 0.946583 31.978723 -2.065078 0.360421 19.377809 -2.508611 0.554 18.813988 -3.848751 1.329492 38.101753 -3.838231 1.330336 38.036558 -8.288905 -3.703672 -6.074452 -23.144311 8.672824 -11.912 -12.785699 5.85213 -4.199655 14.6782 -22.185995 11.185486 -4.514128 17.269324 2.781702 0.045991 5.022299 -9.512266 0.000007 2.255753 -0.000009 -8.505349 -3.744029 8.424134 -7.797441 23.688937 -2.866461 0.35463 -16.789611 -2.902995 -0.000005 -0.315937 0.000001
-0.127208 -0.370273 0.027053 -6.246729 -3.298823 -4.542333 -1.469617 -2.189776 5.266172 -3.882813 0.140895 13.252399 0.002642 -0.443607 -0.010655 0.393658 5.474278 -2.702581 4.069337 3.153533 -10.048398 0 0 0 0 0 0 2.436253 0.611553 -9.252677 -9.635297 5.719793 -70.702242 -17.055221 -5.049043 0.237613 -8.31541 2.934704 0.63896 0.050398 -0.112372 -7.390756 2.685625 0.615552 -25.815582 1.726594 0.246685 -16.262007 4.025365 0.888167 -20.644447 -0.973583 0.840604 -30.562561 4.935749 2.467071 -53.095435 1.220418 0.121036 -11.511016 2.957645 0.755577 -28.655965 2.347142 0.464184 -22.37245 1.243028 0.065507 -15.880519 4.053898 1.519159 -41.074051 3.366919 1.000162 -33.081724 12.807951 2.333457 9.419525 20.415874 0.538605 9.69099 19.121726 3.983046 4.028004 5.457581 0.506649 12.688681 2.351643 16.641647 49.207386 9.293348 -2.843167 -0.207753 -1.94977 -11.045368 0.497363 -0.168472 -0.109156 8.350031 -2.160859 0.386531 20.280957 -1.128944 0.103093 10.435347 -2.243145 0.36816 24.460303 -3.274174 0.928942 31.671551 -5.224896 2.828946 56.841654 -1.032635 0.085197 9.629588 -3.302605 0.946583 31.978723 -2.065078 0.360421 19.377809 -2.508611 0.554 18.813988 -3.848751 1.329492 38.101753 -3.838231 1.330336 38.036558 -8.288905 -3.703672 -6.074452 -23.144311 8.672824 -11.912 -12.785699 5.85213 -4.199655 14.699629 -22.030609 11.207107 -4.492772 17.076438 2.742295 0.042589 5.102716 -9.514983 0.000007 2.255759 -0.000009 -8.516021 -3.593909 8.327272 -7.848952 23.479807 -2.691171 0.357973 -16.670364 -2.899861 -0.000005 -0.315938 0.000001
-0.127217 -0.369229 0.027013 -6.246269 -3.322935 -4.536644 -1.469617 -2.189776 5.266172 -3.883226 0.10184 13.254386 0.000635 -0.572521 -0.004317 0.393865 5.552408 -2.706647 4.054457 3.490302 -9.996179 0 0 0 0 0 0 2.43625 0.611553 -9.252679 -9.330746 5.484118 -70.797526 -17.6354 -4.648122 0.245916 -7.989758 2.791729 0.428845 0.050398 -0.112372 -7.390756 2.685625 0.615552 -25.815582 1.726594 0.246685 -16.262007 4.025365 0.888167 -20.644447 -0.973583 0.840604 -30.562561 4.935749 2.467071 -53.095435 1.220418 0.121036 -11.511016 2.957645 0.755577 -28.655965 2.347142 0.464184 -22.37245 1.243028 0.065507 -15.880519 4.053898 1.519159 -41.074051 3.366919 1.000162 -33.081724 12.807951 2.333457 9.419525 20.415874 0.538605 9.69099 19.121726 3.983046 4.028004 5.457584 0.506648 12.688681 2.335466 16.905864 48.715822 8.627999 -2.859341 -0.207497 -1.963083 -10.688274 0.14097 -0.168472 -0.109156 8.350031 -2.160859 0.386531 20.280957 -1.128944 0.103093 10.435347 -2.243145 0.36816 24.460303 -3.274174 0.928942 31.671551 -5.224896 2.828946 56.841654 -1.032635 0.085197 9.629588 -3.302605 0.946583 31.978723 -2.065078 0.360421 19.377809 -2.508611 0.554 18.813988 -3.848751 1.329492 38.101753 -3.838231 1.330336 38.036558 -8.288905 -3.703672 -6.074452 -23.144311 8.672824 -11.912 -12.785699 5.85213 -4.199655 14.720786 -21.876245 11.22832 -4.471997 16.887019 2.703466 0.039095 5.181721 -9.517627 0.000007 2.255753 -0.000009 -8.526436 -3.443411 8.230935 -7.899328 23.272156 -2.516455 0.361341 -16.55176 -2.896909 0 -0.315937 0
-0.127227 -0.368233 0.026973 -6.245799 -3.347273 -4.5309 -1.469616 -2.189776 5.266172 -3.883438 0.06294 13.255364 -0.00039 -0.700891 -0.001216 0.393976 5.630202 -2.708661 4.055384 3.575882 -9.998198 0 0 0 0 0 0 2.436253 0.611551 -9.252679 -8.98948 5.17418 -71.098894 -19.220158 -3.941527 0.259931 -7.229339 2.482551 -0.078868 0.050398 -0.112372 -7.390756 2.685625 0.615552 -25.815582 1.726594 0.246685 -16.262007 4.025365 0.888167 -20.644447 -0.973583 0.840604 -30.562561 4.935749 2.467071 -53.095435 1.220418 0.121036 -11.511016 2.957645 0.755577 -28.655965 2.347142 0.464184 -22.37245 1.243028 0.065507 -15.880519 4.053898 1.519159 -41.074051 3.366919 1.000162 -33.081724 12.807951 2.333457 9.419525 20.415874 0.538605 9.69099 19.121726 3.983046 4.028004 5.457584 0.506649 12.688681 2.359123 17.11107 48.374827 8.14343 -2.873844 -0.207234 -1.989741 -10.469861 -0.102575 -0.168472 -0.109156 8.350031 -2.160859 0.386531 20.280957 -1.128944 0.103093 10.435347 -2.243145 0.36816 24.460303 -3.274174 0.928942 31.671551 -5.224896 2.828946 56.841654 -1.032635 0.085197 9.629588 -3.302605 0.946583 31.978723 -2.065078 0.360421 19.377809 -2.508611 0.554 18.813988 -3.848751 1.329492 38.101753 -3.838231 1.330336 38.036558 -8.288905 -3.703672 -6.074452 -23.144311 8.672824 -11.912 -12.785699 5.85213 -4.199655 14.741443 -21.724587 11.248897 -4.452057 16.703516 2.665698 0.035546 5.258196 -9.520162 0.000007 2.255755 -0.000009 -8.536485 -3.294387 8.136447 -7.94788 23.069005 -2.344818 0.364733 -16.435547 -2.894177 -0.000001 -0.315937 0.000001
-0.127236 -0.367306 0.026933 -6.245322 -3.3717 -4.525138 -1.469617 -2.189775 5.266172 -3.883427 0.025716 13.255165 -0.000326 -0.823728 -0.001894 0.393977 5.704646 -2.708288 4.055233 3.657778 -9.997815 0 0 0 0 0 0 2.436251 0.611551 -9.252679 -8.913564 4.998945 -71.609574 -21.29055 -3.136283 0.273192 -6.252428 2.065199 -0.802596 0.050398 -0.112372 -7.390756 2.685625 0.615552 -25.815582 1.726594 0.246685 -16.262007 4.025365 0.888167 -20.644447 -0.973583 0.840604 -30.562561 4.935749 2.467071 -53.095435 1.220418 0.121036 -11.511016 2.957645 0.755577 -28.655965 2.347142 0.464184 -22.37245 1.243028 0.065507 -15.880519 4.053898 1.519159 -41.074051 3.366919 1.000162 -33.081724 12.807951 2.333457 9.419525 20.415874 0.538605 9.69099 19.121726 3.983046 4.028004 5.457584 0.506648 12.688681 2.480097 17.265439 48.231394 7.882477 -2.875504 -0.207193 -2.020602 -10.428694 -0.191715 -0.168472 -0.109156 8.350031 -2.160859 0.386531 20.280957 -1.128944 0.103093 10.435347 -2.243145 0.36816 24.460303 -3.274174 0.928942 31.671551 -5.224896 2.828946 56.841654 -1.032635 0.085197 9.629588 -3.302605 0.946583 31.978723 -2.065078 0.360421 19.377809 -2.508611 0.554 18.813988 -3.848751 1.329492 38.101753 -3.838231 1.330336 38.036558 -8.288905 -3.703672 -6.074452 -23.144311 8.672824 -11.912 -12.785699 5.85213 -4.199655 14.761372 -21.577266 11.268511 -4.433217 16.528328 2.629516 0.031966 5.331188 -9.522553 0.000007 2.255755 -0.000009 -8.546189 -3.146661 8.043552 -7.994801 22.869512 -2.175673 0.368111 -16.321316 -2.89172 -0.000005 -0.315937 0.000002
-0.127246 -0.366481 0.026893 -6.24484 -3.395998 -4.519405 -1.469618 -2.189776 5.266172 -3.883169 -0.009087 13.253611 0.000952 -0.938568 -0.006941 0.393851 5.77425 -2.705163 4.053846 3.734347 -9.994665 0 0 0 0 0 0 2.43625 0.611551 -9.252679 -9.249878 5.058544 -72.289135 -23.361253 -2.413454 0.282641 -5.267204 1.60048 -1.638452 0.050398 -0.112372 -7.390756 2.685625 0.615552 -25.815582 1.726594 0.246685 -16.262007 4.025365 0.888167 -20.644447 -0.973583 0.840604 -30.562561 4.935749 2.467071 -53.095435 1.220418 0.121036 -11.511016 2.957645 0.755577 -28.655965 2.347142 0.464184 -22.37245 1.243028 0.065507 -15.880519 4.053898 1.519159 -41.074051 3.366919 1.000162 -33.081724 12.807951 2.333457 9.419525 20.415874 0.538605 9.69099 19.121726 3.983046 4.028004 5.457582 0.506648 12.688681 2.65271 17.352543 48.263693 7.85007 -2.86096 -0.207464 -2.069434 -10.556965 -0.143847 -0.168472 -0.109156 8.350031 -2.160859 0.386531 20.280957 -1.128944 0.103093 10.435347 -2.243145 0.36816 24.460303 -3.274174 0.928942 31.671551 -5.224896 2.828946 56.841654 -1.032635 0.085197 9.629588 -3.302605 0.946583 31.978723 -2.065078 0.360421 19.377809 -2.508611 0.554 18.813988 -3.848751 1.329492 38.101753 -3.838231 1.330336 38.036558 -8.288905 -3.703672 -6.074452 -23.144311 8.672824 -11.912 -12.785699 5.85213 -4.199655 14.780065 -21.437895 11.286478 -4.416116 16.367395 2.596162 0.028351 5.398125 -9.524723 0.000007 2.255752 -0.000009 -8.555309 -3.006722 7.958013 -8.037193 22.68616 -2.01963 0.371454 -16.216186 -2.88967 -0.000009 -0.315936 0.000002
-0.127255 -0.36583 0.026854 -6.244364 -3.419526 -4.513855 -1.469617 -2.189775 5.266172 -3.882654 -0.040961 13.250566 0.003497 -1.04374 -0.016805 0.393595 5.838001 -2.699015 4.051106 3.80449 -9.988475 0 0 0 0 0 0 2.436248 0.611547 -9.252675 -9.853336 5.276745 -72.994646 -24.917943 -1.916972 0.291698 -4.50941 1.170042 -2.399108 0.050398 -0.112372 -7.390756 2.685625 0.615552 -25.815582 1.726594 0.246685 -16.262007 4.025365 0.888167 -20.644447 -0.973583 0.840604 -30.562561 4.935749 2.467071 -53.095435 1.220418 0.121036 -11.511016 2.957645 0.755577 -28.655965 2.347142 0.464184 -22.37245 1.243028 0.065507 -15.880519 4.053898 1.519159 -41.074051 3.366919 1.000162 -33.081724 12.807951 2.333457 9.419525 20.415874 0.538605 9.69099 19.121726 3.983046 4.028004 5.457583 0.506645 12.688685 2.844363 17.380766 48.419434 7.975943 -2.839367 -0.207821 -2.132158 -10.798605 -0.003225 -0.168472 -0.109156 8.350031 -2.160859 0.386531 20.280957 -1.128944 0.103093 10.435347 -2.243145 0.36816 24.460303 -3.274174 0.928942 31.671551 -5.224896 2.828946 56.841654 -1.032635 0.085197 9.629588 -3.302605 0.946583 31.978723 -2.065078 0.360421 19.377809 -2.508611 0.554 18.813988 -3.848751 1.329492 38.101753 -3.838231 1.330336 38.036558 -8.288905 -3.703672 -6.074452 -23.144311 8.672824 -11.912 -12.785699 5.85213 -4.199655 14.796245 -21.315627 11.301118 -4.402322 16.235196 2.568637 0.024787 5.45284 -9.526507 0.000007 2.255753 -0.000009 -8.563571 -2.882902 7.886702 -8.071712 22.533511 -1.889237 0.374647 -16.128669 -2.888278 -0.000005 -0.315937 0.000002
-0.127263 -0.365446 0.026821 -6.243954 -3.439678 -4.509102 -1.469617 -2.189776 5.266172 -3.881953 -0.070313 13.246392 0.006944 -1.140589 -0.030323 0.393247 5.896701 -2.690581 4.047356 3.869088 -9.979981 0 0 0 0 0 0 2.436251 0.611549 -9.252679 -10.262677 5.415558 -73.475895 -25.686352 -1.630124 0.296069 -4.125398 0.878515 -2.868837 0.050398 -0.112372 -7.390756 2.685625 0.615552 -25.815582 1.726594 0.246685 -16.262007 4.025365 0.888167 -20.644447 -0.973583 0.840604 -30.562561 4.935749 2.467071 -53.095435 1.220418 0.121036 -11.511016 2.957645 0.755577 -28.655965 2.347142 0.464184 -22.37245 1.243028 0.065507 -15.880519 4.053898 1.519159 -41.074051 3.366919 1.000162 -33.081724 12.807951 2.333457 9.419525 20.415874 0.538605 9.69099 19.121726 3.983046 4.028004 5.457583 0.506648 12.688684 3.025624 17.382927 48.608245 8.141713 -2.820503 -0.208136 -2.195742 -11.057163 0.159868 -0.168472 -0.109156 8.350031 -2.160859 0.386531 20.280957 -1.128944 0.103093 10.435347 -2.243145 0.36816 24.460303 -3.274174 0.928942 31.671551 -5.224896 2.828946 56.841654 -1.032635 0.085197 9.629588 -3.302605 0.946583 31.978723 -2.065078 0.360421 19.377809 -2.508611 0.554 18.813988 -3.848751 1.329492 38.101753 -3.838231 1.330336 38.036558 -8.288905 -3.703672 -6.074452 -23.144311 8.672824 -11.912 -12.785699 5.85213 -4.199655 14.807874 -21.225943 11.31037 -4.393714 16.150027 2.550786 0.021656 5.487671 -9.527663 0.000006 2.255753 -0.000009 -8.570149 -2.790789 7.83942 -8.093873 22.43237 -1.80249 0.377334 -16.070806 -2.887798 -0.000003 -0.315935 0
-0.127274 -0.36553 0.026801 -6.243709 -3.451533 -4.506306 -1.469617 -2.189776 5.266172 -3.881098 -0.097127 13.241215 0.011154 -1.22908 -0.047101 0.392824 5.950341 -2.680117 4.042715 3.928136 -9.969437 0 0 0 0 0 0 2.436256 0.61155 -9.252676 -10.207645 5.301524 -73.781704 -25.549287 -1.684595 0.295176 -4.175568 0.834285 -3.317625 0.050398 -0.112372 -7.390756 2.685625 0.615552 -25.815582 1.726594 0.246685 -16.262007 4.025365 0.888167 -20.644447 -0.973583 0.840604 -30.562561 4.935749 2.467071 -53.095435 1.220418 0.121036 -11.511016 2.957645 0.755577 -28.655965 2.347142 0.464184 -22.37245 1.243028 0.065507 -15.880519 4.053898 1.519159 -41.074051 3.366919 1.000162 -33.081724 12.807951 2.333457 9.419525 20.415874 0.538605 9.69099 19.121726 3.983046 4.028004 5.457582 0.506649 12.688681 3.160265 17.376481 48.761455 8.28727 -2.804087 -0.208423 -2.258197 -11.264267 0.29708 -0.168472 -0.109156 8.350031 -2.160859 0.386531 20.280957 -1.128944 0.103093 10.435347 -2.243145 0.36816 24.460303 -3.274174 0.928942 31.671551 -5.224896 2.828946 56.841654 -1.032635 0.085197 9.629588 -3.302605 0.946583 31.978723 -2.065078 0.360421 19.377809 -2.508611 0.554 18.813988 -3.848751 1.329492 38.101753 -3.838231 1.330336 38.036558 -8.288905 -3.703672 -6.074452 -23.144311 8.672824 -11.912 -12.785699 5.85213 -4.199655 14.810676 -21.200139 11.309205 -4.394421 16.150509 2.550667 0.019593 5.486472 -9.527079 0.000006 2.255753 -0.000009 -8.573332 -2.762871 7.837259 -8.093442 22.428849 -1.799151 0.37877 -16.069771 -2.888445 -0.000006 -0.315936 0
-0.127307 -0.366154 0.026776 -6.243393 -3.466936 -4.502674 -1.469617 -2.189773 5.266172 -3.880115 -0.121403 13.235165 0.015997 -1.309169 -0.066703 0.39234 5.998902 -2.667894 4.037299 3.981582 -9.95712 0 0 0 0 0 0 2.436251 0.611554 -9.252675 -9.876786 4.953037 -74.343378 -24.772509 -2.265923 0.285128 -4.484786 1.029889 -4.489754 0.050398 -0.112372 -7.390756 2.685625 0.615552 -25.815582 1.726594 0.246685 -16.262007 4.025365 0.888167 -20.644447 -0.973583 0.840604 -30.562561 4.935749 2.467071 -53.095435 1.220418 0.121036 -11.511016 2.957645 0.755577 -28.655965 2.347142 0.464184 -22.37245 1.243028 0.065507 -15.880519 4.053898 1.519159 -41.074051 3.366919 1.000162 -33.081724 12.807951 2.333457 9.419525 20.415874 0.538605 9.69099 19.121726 3.983046 4.028004 5.457589 0.506654 12.688683 3.249171 17.405921 48.803599 8.296112 -2.798276 -0.208532 -2.319039 -11.348615 0.346505 -0.168472 -0.109156 8.350031 -2.160859 0.386531 20.280957 -1.128944 0.103093 10.435347 -2.243145 0.36816 24.460303 -3.274174 0.928942 31.671551 -5.224896 2.828946 56.841654 -1.032635 0.085197 9.629588 -3.302605 0.946583 31.978723 -2.065078 0.360421 19.377809 -2.508611 0.554 18.813988 -3.848751 1.329492 38.101753 -3.838231 1.330336 38.036558 -8.288905 -3.703672 -6.074452 -23.144311 8.672824 -11.912 -12.785699 5.85213 -4.199655 14.807618 -21.210554 11.296028 -4.404921 16.233883 2.567455 0.016478 5.44946 -9.52344 0.000006 2.255754 -0.000009 -8.576324 -2.770438 7.876587 -8.070349 22.518047 -1.874691 0.380282 -16.124394 -2.890395 -0.000004 -0.315936 0.000001
-0.127371 -0.367222 0.026745 -6.242999 -3.485642 -4.498262 -1.469616 -2.189775 5.266172 -3.879015 -0.1427 13.228271 0.021432 -1.379433 -0.08906 0.39181 6.041502 -2.653961 4.031148 4.0285 -9.943072 0 0 0 0 0 0 2.436252 0.611554 -9.252677 -9.547655 4.580897 -75.047458 -23.755222 -3.031135 0.273047 -4.824896 1.281448 -6.027291 0.050398 -0.112372 -7.390756 2.685625 0.615552 -25.815582 1.726594 0.246685 -16.262007 4.025365 0.888167 -20.644447 -0.973583 0.840604 -30.562561 4.935749 2.467071 -53.095435 1.220418 0.121036 -11.511016 2.957645 0.755577 -28.655965 2.347142 0.464184 -22.37245 1.243028 0.065507 -15.880519 4.053898 1.519159 -41.074051 3.366919 1.000162 -33.081724 12.807951 2.333457 9.419525 20.415874 0.538605 9.69099 19.121726 3.983046 4.028004 5.457578 0.506649 12.688681 3.299038 17.462828 48.757176 8.204708 -2.798385 -0.208524 -2.38073 -11.334852 0.327566 -0.168472 -0.109156 8.350031 -2.160859 0.386531 20.280957 -1.128944 0.103093 10.435347 -2.243145 0.36816 24.460303 -3.274174 0.928942 31.671551 -5.224896 2.828946 56.841654 -1.032635 0.085197 9.629588 -3.302605 0.946583 31.978723 -2.065078 0.360421 19.377809 -2.508611 0.554 18.813988 -3.848751 1.329492 38.101753 -3.838231 1.330336 38.036558 -8.288905 -3.703672 -6.074452 -23.144311 8.672824 -11.912 -12.785699 5.85213 -4.199655 14.799928 -21.248046 11.27221 -4.42335 16.382263 2.597343 0.012279 5.384425 -9.516201 0.000007 2.255753 -0.000009 -8.57915 -2.80514 7.947946 -8.028617 22.681776 -2.013215 0.381795 -16.224643 -2.892849 -0.000005 -0.315936 0
-0.127457 -0.368533 0.026722 -6.242711 -3.499363 -4.495026 -1.469616 -2.189777 5.266172 -3.877835 -0.16149 13.220801 0.027253 -1.44142 -0.113287 0.391248 6.079101 -2.638869 4.024493 4.069911 -9.92785 0 0 0 0 0 0 2.436251 0.611553 -9.252675 -9.339321 4.334659 -75.565258 -23.03824 -3.482907 0.264556 -5.049364 1.38734 -7.078416 0.050398 -0.112372 -7.390756 2.685625 0.615552 -25.815582 1.726594 0.246685 -16.262007 4.025365 0.888167 -20.644447 -0.973583 0.840604 -30.562561 4.935749 2.467071 -53.095435 1.220418 0.121036 -11.511016 2.957645 0.755577 -28.655965 2.347142 0.464184 -22.37245 1.243028 0.065507 -15.880519 4.053898 1.519159 -41.074051 3.366919 1.000162 -33.081724 12.807951 2.333457 9.419525 20.415874 0.538605 9.69099 19.121726 3.983046 4.028004 5.457583 0.50665 12.688679 3.331038 17.501312 48.724075 8.155999 -2.793275 -0.208613 -2.446294 -11.326244 0.323246 -0.168472 -0.109156 8.350031 -2.160859 0.386531 20.280957 -1.128944 0.103093 10.435347 -2.243145 0.36816 24.460303 -3.274174 0.928942 31.671551 -5.224896 2.828946 56.841654 -1.032635 0.085197 9.629588 -3.302605 0.946583 31.978723 -2.065078 0.360421 19.377809 -2.508611 0.554 18.813988 -3.848751 1.329492 38.101753 -3.838231 1.330336 38.036558 -8.288905 -3.703672 -6.074452 -23.144311 8.672824 -11.912 -12.785699 5.85213 -4.199655 14.787542 -21.317492 11.241539 -4.446554 16.570647 2.635266 0.008523 5.302838 -9.506132 0.000007 2.255753 -0.000009 -8.579731 -2.874691 8.04108 -7.974096 22.89757 -2.195407 0.38233 -16.356565 -2.894824 -0.000003 -0.315936 -0.000001
-0.127559 -0.369997 0.026724 -6.242735 -3.498192 -4.495303 -1.469616 -2.189777 5.266172 -3.876603 -0.177914 13.212885 0.033354 -1.495596 -0.138972 0.390661 6.11197 -2.622876 4.017454 4.10612 -9.911715 0 0 0 0 0 0 2.436253 0.611549 -9.252675 -9.196307 4.220891 -75.692714 -23.086382 -3.311017 0.267561 -5.095632 1.205021 -7.036022 0.050398 -0.112372 -7.390756 2.685625 0.615552 -25.815582 1.726594 0.246685 -16.262007 4.025365 0.888167 -20.644447 -0.973583 0.840604 -30.562561 4.935749 2.467071 -53.095435 1.220418 0.121036 -11.511016 2.957645 0.755577 -28.655965 2.347142 0.464184 -22.37245 1.243028 0.065507 -15.880519 4.053898 1.519159 -41.074051 3.366919 1.000162 -33.081724 12.807951 2.333457 9.419525 20.415874 0.538605 9.69099 19.121726 3.983046 4.028004 5.457584 0.506649 12.688681 3.330479 17.518165 48.694361 8.180638 -2.780689 -0.208834 -2.51705 -11.316781 0.334018 -0.168472 -0.109156 8.350031 -2.160859 0.386531 20.280957 -1.128944 0.103093 10.435347 -2.243145 0.36816 24.460303 -3.274174 0.928942 31.671551 -5.224896 2.828946 56.841654 -1.032635 0.085197 9.629588 -3.302605 0.946583 31.978723 -2.065078 0.360421 19.377809 -2.508611 0.554 18.813988 -3.848751 1.329492 38.101753 -3.838231 1.330336 38.036558 -8.288905 -3.703672 -6.074452 -23.144311 8.672824 -11.912 -12.785699 5.85213 -4.199655 14.768409 -21.437543 11.205257 -4.473439 16.793226 2.680124 0.006893 5.208071 -9.493363 0.000006 2.255753 -0.000009 -8.575254 -2.99787 8.153015 -7.908898 23.159276 -2.41592 0.380684 -16.515993 -2.895501 -0.000005 -0.315939 0.000001
-0.127676 -0.371557 0.026753 -6.243099 -3.480938 -4.499372 -1.469617 -2.189776 5.266172 -3.875331 -0.192132 13.20465 0.039651 -1.542461 -0.165686 0.390056 6.140404 -2.606246 4.026146 3.834637 -9.950584 0 0 0 0 0 0 2.436255 0.611553 -9.252679 -9.044022 4.18208 -75.467997 -23.875528 -2.574731 0.279887 -4.968087 0.729853 -5.95784 0.050398 -0.112372 -7.390756 2.685625 0.615552 -25.815582 1.726594 0.246685 -16.262007 4.025365 0.888167 -20.644447 -0.973583 0.840604 -30.562561 4.935749 2.467071 -53.095435 1.220418 0.121036 -11.511016 2.957645 0.755577 -28.655965 2.347142 0.464184 -22.37245 1.243028 0.065507 -15.880519 4.053898 1.519159 -41.074051 3.366919 1.000162 -33.081724 12.807951 2.333457 9.419525 20.415874 0.538605 9.69099 19.121726 3.983046 4.028004 5.457579 0.506649 12.688681 3.490585 17.77432 48.421357 7.876182 -2.77023 -0.208989 -2.700051 -10.649835 -0.158556 -0.168472 -0.109156 8.350031 -2.160859 0.386531 20.280957 -1.128944 0.103093 10.435347 -2.243145 0.36816 24.460303 -3.274174 0.928942 31.671551 -5.224896 2.828946 56.841654 -1.032635 0.085197 9.629588 -3.302605 0.946583 31.978723 -2.065078 0.360421 19.377809 -2.508611 0.554 18.813988 -3.848751 1.329492 38.101753 -3.838231 1.330336 38.036558 -8.288905 -3.703672 -6.074452 -23.144311 8.672824 -11.912 -12.785699 5.85213 -4.199655 14.742876 -21.60601 11.1647 -4.502978 17.040913 2.730026 0.007656 5.104133 -9.478153 0.000007 2.255753 -0.00001 -8.565305 -3.170991 8.277628 -7.83603 23.453704 -2.663256 0.376693 -16.694999 -2.894628 -0.000005 -0.315938 0.000001
-0.12781 -0.37318 0.0268 -6.243701 -3.451981 -4.5062 -1.469616 -2.189775 5.266172 -3.874038 -0.203977 13.196224 0.046053 -1.581509 -0.193036 0.389449 6.164116 -2.589225 4.07093 2.857943 -10.126366 0 0 0 0 0 0 2.436254 0.611549 -9.252676 -9.05303 4.267844 -75.114331 -24.87611 -1.615993 0.297389 -4.758313 0.195959 -4.559872 0.050398 -0.112372 -7.390756 2.685625 0.615552 -25.815582 1.726594 0.246685 -16.262007 4.025365 0.888167 -20.644447 -0.973583 0.840604 -30.562561 4.935749 2.467071 -53.095435 1.220418 0.121036 -11.511016 2.957645 0.755577 -28.655965 2.347142 0.464184 -22.37245 1.243028 0.065507 -15.880519 4.053898 1.519159 -41.074051 3.366919 1.000162 -33.081724 12.807951 2.333457 9.419525 20.415874 0.538605 9.69099 19.121726 3.983046 4.028004 5.457585 0.506648 12.688682 4.049839 18.562382 47.676751 6.766385 -2.793291 -0.208744 -3.007521 -8.558716 -1.711023 -0.168472 -0.109156 8.350031 -2.160859 0.386531 20.280957 -1.128944 0.103093 10.435347 -2.243145 0.36816 24.460303 -3.274174 0.928942 31.671551 -5.224896 2.828946 56.841654 -1.032635 0.085197 9.629588 -3.302605 0.946583 31.978723 -2.065078 0.360421 19.377809 -2.508611 0.554 18.813988 -3.848751 1.329492 38.101753 -3.838231 1.330336 38.036558 -8.288905 -3.703672 -6.074452 -23.144311 8.672824 -11.912 -12.785699 5.85213 -4.199655 14.712803 -21.807541 11.120932 -4.534178 17.302922 2.782649 0.010094 4.995322 -9.460583 0.000006 2.255753 -0.000009 -8.551027 -3.378396 8.408826 -7.758045 23.768115 -2.926254 0.370968 -16.886362 -2.892304 -0.000007 -0.315938 0
-0.127957 -0.374812 0.026858 -6.244421 -3.416763 -4.514507 -1.469617 -2.189776 5.266172 -3.872747 -0.213972 13.187776 0.05244 -1.614401 -0.220449 0.388843 6.184104 -2.572164 4.124086 1.650838 -10.364411 0 0 0 0 0 0 2.436253 0.61155 -9.252677 -9.338259 4.485756 -74.915317 -25.500953 -0.883198 0.308962 -4.651658 -0.080317 -3.721465 0.050398 -0.112372 -7.390756 2.685625 0.615552 -25.815582 1.726594 0.246685 -16.262007 4.025365 0.888167 -20.644447 -0.973583 0.840604 -30.562561 4.935749 2.467071 -53.095435 1.220418 0.121036 -11.511016 2.957645 0.755577 -28.655965 2.347142 0.464184 -22.37245 1.243028 0.065507 -15.880519 4.053898 1.519159 -41.074051 3.366919 1.000162 -33.081724 12.807951 2.333457 9.419525 20.415874 0.538605 9.69099 19.121726 3.983046 4.028004 5.45758 0.506649 12.688683 4.682172 19.438696 46.902166 5.587556 -2.851967 -0.20775 -3.157024 -6.204331 -3.357399 -0.168472 -0.109156 8.350031 -2.160859 0.386531 20.280957 -1.128944 0.103093 10.435347 -2.243145 0.36816 24.460303 -3.274174 0.928942 31.671551 -5.224896 2.828946 56.841654 -1.032635 0.085197 9.629588 -3.302605 0.946583 31.978723 -2.065078 0.360421 19.377809 -2.508611 0.554 18.813988 -3.848751 1.329492 38.101753 -3.838231 1.330336 38.036558 -8.288905 -3.703672 -6.074452 -23.144311 8.672824 -11.912 -12.785699 5.85213 -4.199655 14.680525 -22.023909 11.075763 -4.565862 17.567251 2.835483 0.013425 4.886234 -9.441402 0.000007 2.255753 -0.000009 -8.53412 -3.600847 8.539834 -7.678277 24.086697 -3.191453 0.364283 -17.080648 -2.888885 -0.000005 -0.315937 0.000001
-0.128114 -0.37642 0.026923 -6.245207 -3.377398 -4.523793 -1.469616 -2.189776 5.266172 -3.871477 -0.222263 13.179443 0.058732 -1.64169 -0.247495 0.388247 6.200691 -2.555331 4.169873 0.610737 -10.599536 0 0 0 0 0 0 2.436248 0.611551 -9.252673 -9.857827 4.782127 -74.989329 -25.569422 -0.563041 0.314006 -4.752673 -0.00402 -3.693501 0.050398 -0.112372 -7.390756 2.685625 0.615552 -25.815582 1.726594 0.246685 -16.262007 4.025365 0.888167 -20.644447 -0.973583 0.840604 -30.562561 4.935749 2.467071 -53.095435 1.220418 0.121036 -11.511016 2.957645 0.755577 -28.655965 2.347142 0.464184 -22.37245 1.243028 0.065507 -15.880519 4.053898 1.519159 -41.074051 3.366919 1.000162 -33.081724 12.807951 2.333457 9.419525 20.415874 0.538605 9.69099 19.121726 3.983046 4.028004 5.457584 0.506649 12.68868 4.972349 19.956711 46.375706 5.085112 -2.857262 -0.207511 -3.205649 -4.745247 -4.299708 -0.168472 -0.109156 8.350031 -2.160859 0.386531 20.280957 -1.128944 0.103093 10.435347 -2.243145 0.36816 24.460303 -3.274174 0.928942 31.671551 -5.224896 2.828946 56.841654 -1.032635 0.085197 9.629588 -3.302605 0.946583 31.978723 -2.065078 0.360421 19.377809 -2.508611 0.554 18.813988 -3.848751 1.329492 38.101753 -3.838231 1.330336 38.036558 -8.288905 -3.703672 -6.074452 -23.144311 8.672824 -11.912 -12.785699 5.85213 -4.199655 14.647189 -22.246516 11.030275 -4.597196 17.826407 2.887018 0.017354 4.779926 -9.42101 0.000006 2.255752 -0.000009 -8.515223 -3.831706 8.668791 -7.597739 24.404792 -3.454922 0.356984 -17.274976 -2.884504 -0.000006 -0.315937 -0.000001
-0.12828 -0.377965 0.026992 -6.246028 -3.335496 -4.533679 -1.469618 -2.189776 5.266172 -3.870245 -0.229006 13.171348 0.06483 -1.663853 -0.273762 0.387669 6.214184 -2.538985 4.204776 0.134265 -10.761718 0 0 0 0 0 0 2.436255 0.611548 -9.252678 -10.437432 5.081159 -75.190714 -25.407251 -0.432556 0.316242 -4.94822 0.156989 -3.855948 0.050398 -0.112372 -7.390756 2.685625 0.615552 -25.815582 1.726594 0.246685 -16.262007 4.025365 0.888167 -20.644447 -0.973583 0.840604 -30.562561 4.935749 2.467071 -53.095435 1.220418 0.121036 -11.511016 2.957645 0.755577 -28.655965 2.347142 0.464184 -22.37245 1.243028 0.065507 -15.880519 4.053898 1.519159 -41.074051 3.366919 1.000162 -33.081724 12.807951 2.333457 9.419525 20.415874 0.538605 9.69099 19.121726 3.983046 4.028004 5.457579 0.506648 12.688683 4.362944 19.81026 45.960385 5.951465 -2.573386 -0.212367 -3.333275 -4.728012 -4.26448 -0.168472 -0.109156 8.350031 -2.160859 0.386531 20.280957 -1.128944 0.103093 10.435347 -2.243145 0.36816 24.460303 -3.274174 0.928942 31.671551 -5.224896 2.828946 56.841654 -1.032635 0.085197 9.629588 -3.302605 0.946583 31.978723 -2.065078 0.360421 19.377809 -2.508611 0.554 18.813988 -3.848751 1.329492 38.101753 -3.838231 1.330336 38.036558 -8.288905 -3.703672 -6.074452 -23.144311 8.672824 -11.912 -12.785699 5.85213 -4.199655 14.613058 -22.473228 10.984593 -4.628518 18.08309 2.937787 0.021677 4.674915 -9.399828 0.000008 2.255753 -0.000009 -8.495203 -4.060132 8.789029 -7.520526 24.706938 -3.704023 0.349293 -17.460455 -2.879254 -0.000002 -0.315936 0.000001
-0.128451 -0.379381 0.027063 -6.246849 -3.292389 -4.543852 -1.469617 -2.189775 5.266172 -3.869082 -0.234146 13.163712 0.070593 -1.680756 -0.298542 0.387125 6.22449 -2.523562 4.239663 0.23957 -10.854035 0 0 0 0 0 0 2.436252 0.611554 -9.252677 -11.015073 5.357906 -75.456836 -25.140396 -0.397391 0.316843 -5.191393 0.304539 -3.974109 0.050398 -0.112372 -7.390756 2.685625 0.615552 -25.815582 1.726594 0.246685 -16.262007 4.025365 0.888167 -20.644447 -0.973583 0.840604 -30.562561 4.935749 2.467071 -53.095435 1.220418 0.121036 -11.511016 2.957645 0.755577 -28.655965 2.347142 0.464184 -22.37245 1.243028 0.065507 -15.880519 4.053898 1.519159 -41.074051 3.366919 1.000162 -33.081724 12.807951 2.333457 9.419525 20.415874 0.538605 9.69099 19.121726 3.983046 4.028004 5.457583 0.506649 12.688681 2.706542 19.081356 45.335507 8.085665 -1.893812 -0.226995 -3.459856 -5.497575 -3.664497 -0.168472 -0.109156 8.350031 -2.160859 0.386531 20.280957 -1.128944 0.103093 10.435347 -2.243145 0.36816 24.460303 -3.274174 0.928942 31.671551 -5.224896 2.828946 56.841654 -1.032635 0.085197 9.629588 -3.302605 0.946583 31.978723 -2.065078 0.360421 19.377809 -2.508611 0.554 18.813988 -3.848751 1.329492 38.101753 -3.838231 1.330336 38.036558 -8.288905 -3.703672 -6.074452 -23.144311 8.672824 -11.912 -12.785699 5.85213 -4.199655 14.580741 -22.686456 10.941889 -4.656448 18.309487 2.982303 0.026241 4.583182 -9.37833 0.000007 2.255753 -0.000009 -8.474794 -4.278749 8.896385 -7.449624 24.983175 -3.930829 0.341433 -17.631229 -2.873114 -0.000007 -0.315937 0.000001
-0.128623 -0.380629 0.027134 -6.247643 -3.249623 -4.553946 -1.469617 -2.189776 5.266172 -3.867999 -0.238087 13.156615 0.075963 -1.693717 -0.321574 0.386614 6.232396 -2.509222 4.282198 0.477563 -10.947103 0 0 0 0 0 0 2.436253 0.61155 -9.252675 -11.574356 5.606628 -75.766334 -24.79983 -0.427711 0.316386 -5.468476 0.443269 -4.061396 0.050398 -0.112372 -7.390756 2.685625 0.615552 -25.815582 1.726594 0.246685 -16.262007 4.025365 0.888167 -20.644447 -0.973583 0.840604 -30.562561 4.935749 2.467071 -53.095435 1.220418 0.121036 -11.511016 2.957645 0.755577 -28.655965 2.347142 0.464184 -22.37245 1.243028 0.065507 -15.880519 4.053898 1.519159 -41.074051 3.366919 1.000162 -33.081724 12.807951 2.333457 9.419525 20.415874 0.538605 9.69099 19.121726 3.983046 4.028004 5.457582 0.506649 12.688681 0.825802 18.091261 44.869078 10.437167 -1.192888 -0.239056 -3.480857 -6.636898 -2.752805 -0.168472 -0.109156 8.350031 -2.160859 0.386531 20.280957 -1.128944 0.103093 10.435347 -2.243145 0.36816 24.460303 -3.274174 0.928942 31.671551 -5.224896 2.828946 56.841654 -1.032635 0.085197 9.629588 -3.302605 0.946583 31.978723 -2.065078 0.360421 19.377809 -2.508611 0.554 18.813988 -3.848751 1.329492 38.101753 -3.838231 1.330336 38.036558 -8.288905 -3.703672 -6.074452 -23.144311 8.672824 -11.912 -12.785699 5.85213 -4.199655 14.550573 -22.884144 10.902424 -4.68121 18.508236 3.021178 0.030854 4.503267 -9.357117 0.000007 2.255754 -0.000009 -8.454707 -4.482843 8.989905 -7.386081 25.230073 -4.132881 0.333714 -17.785101 -2.866243 -0.000006 -0.315935 0
-0.128792 -0.381637 0.027201 -6.248387 -3.208433 -4.563669 -1.469617 -2.189775 5.266172 -3.867014 -0.240997 13.150189 0.080835 -1.703245 -0.342428 0.38615 6.238227 -2.496241 4.33133 0.810715 -11.037327 0 0 0 0 0 0 2.436252 0.61155 -9.252673 -12.105196 5.823835 -76.107412 -24.398391 -0.509266 0.315016 -5.773743 0.57629 -4.123494 0.050398 -0.112372 -7.390756 2.685625 0.615552 -25.815582 1.726594 0.246685 -16.262007 4.025365 0.888167 -20.644447 -0.973583 0.840604 -30.562561 4.935749 2.467071 -53.095435 1.220418 0.121036 -11.511016 2.957645 0.755577 -28.655965 2.347142 0.464184 -22.37245 1.243028 0.065507 -15.880519 4.053898 1.519159 -41.074051 3.366919 1.000162 -33.081724 12.807951 2.333457 9.419525 20.415874 0.538605 9.69099 19.121726 3.983046 4.028004 5.457579 0.506653 12.688681 -0.509855 17.196186 44.88318 12.296421 -0.764342 -0.244105 -3.354955 -8.01036 -1.627116 -0.168472 -0.109156 8.350031 -2.160859 0.386531 20.280957 -1.128944 0.103093 10.435347 -2.243145 0.36816 24.460303 -3.274174 0.928942 31.671551 -5.224896 2.828946 56.841654 -1.032635 0.085197 9.629588 -3.302605 0.946583 31.978723 -2.065078 0.360421 19.377809 -2.508611 0.554 18.813988 -3.848751 1.329492 38.101753 -3.838231 1.330336 38.036558 -8.288905 -3.703672 -6.074452 -23.144311 8.672824 -11.912 -12.785699 5.85213 -4.199655 14.523839 -23.058155 10.867659 -4.701479 18.669172 3.052498 0.035384 4.439336 -9.336729 0.000007 2.255754 -0.000009 -8.435773 -4.665011 9.065336 -7.333119 25.437143 -4.302056 0.32634 -17.915987 -2.858642 -0.000005 -0.315935 0
-0.128955 -0.382312 0.027264 -6.249061 -3.170199 -4.572697 -1.469617 -2.189776 5.266172 -3.866148 -0.243025 13.144559 0.085116 -1.709851 -0.360683 0.385742 6.242286 -2.48487 4.385226 1.201502 -11.12132 0 0 0 0 0 0 2.436245 0.611548 -9.252676 -12.601029 6.009029 -76.467568 -23.947059 -0.628233 0.312943 -6.101606 0.706978 -4.165478 0.050398 -0.112372 -7.390756 2.685625 0.615552 -25.815582 1.726594 0.246685 -16.262007 4.025365 0.888167 -20.644447 -0.973583 0.840604 -30.562561 4.935749 2.467071 -53.095435 1.220418 0.121036 -11.511016 2.957645 0.755577 -28.655965 2.347142 0.464184 -22.37245 1.243028 0.065507 -15.880519 4.053898 1.519159 -41.074051 3.366919 1.000162 -33.081724 12.807951 2.333457 9.419525 20.415874 0.538605 9.69099 19.121726 3.983046 4.028004 5.457591 0.506649 12.688681 -0.925275 16.650335 45.407206 13.348015 -0.716063 -0.244148 -3.113101 -9.45156 -0.43384 -0.168472 -0.109156 8.350031 -2.160859 0.386531 20.280957 -1.128944 0.103093 10.435347 -2.243145 0.36816 24.460303 -3.274174 0.928942 31.671551 -5.224896 2.828946 56.841654 -1.032635 0.085197 9.629588 -3.302605 0.946583 31.978723 -2.065078 0.360421 19.377809 -2.508611 0.554 18.813988 -3.848751 1.329492 38.101753 -3.838231 1.330336 38.036558 -8.288905 -3.703672 -6.074452 -23.144311 8.672824 -11.912 -12.785699 5.85213 -4.199655 14.502145 -23.198291 10.839413 -4.715535 18.778935 3.073725 0.039682 4.396901 -9.31776 0.000007 2.255752 -0.000009 -8.418751 -4.819659 9.120148 -7.292763 25.597917 -4.433451 0.31951 -18.020027 -2.850174 -0.000009 -0.315937 0.000001
-0.129108 -0.38242 0.027318 -6.249621 -3.137776 -4.580353 -1.469617 -2.189776 5.266172 -3.86545 -0.244214 13.140041 0.088575 -1.713761 -0.375351 0.385411 6.244694 -2.475735 4.440546 1.609446 -11.19418 0 0 0 0 0 0 2.436251 0.611546 -9.252676 -13.053117 6.162061 -76.831518 -23.448433 -0.773291 0.310601 -6.448805 0.839811 -4.188746 0.050398 -0.112372 -7.390756 2.685625 0.615552 -25.815582 1.726594 0.246685 -16.262007 4.025365 0.888167 -20.644447 -0.973583 0.840604 -30.562561 4.935749 2.467071 -53.095435 1.220418 0.121036 -11.511016 2.957645 0.755577 -28.655965 2.347142 0.464184 -22.37245 1.243028 0.065507 -15.880519 4.053898 1.519159 -41.074051 3.366919 1.000162 -33.081724 12.807951 2.333457 9.419525 20.415874 0.538605 9.69099 19.121726 3.983046 4.028004 5.457578 0.506645 12.688685 -0.823421 16.362752 46.092267 13.849301 -0.868037 -0.241473 -2.842526 -10.725532 0.640176 -0.168472 -0.109156 8.350031 -2.160859 0.386531 20.280957 -1.128944 0.103093 10.435347 -2.243145 0.36816 24.460303 -3.274174 0.928942 31.671551 -5.224896 2.828946 56.841654 -1.032635 0.085197 9.629588 -3.302605 0.946583 31.978723 -2.065078 0.360421 19.377809 -2.508611 0.554 18.813988 -3.848751 1.329492 38.101753 -3.838231 1.330336 38.036558 -8.288905 -3.703672 -6.074452 -23.144311 8.672824 -11.912 -12.785699 5.85213 -4.199655 14.489357 -23.279587 10.822083 -4.719006 18.802725 3.078155 0.043425 4.390442 -9.301341 0.000007 2.255754 -0.000009 -8.406221 -4.918162 9.133425 -7.279103 25.664291 -4.488848 0.313749 -18.069977 -2.840364 -0.000006 -0.315936 0
-0.12925 -0.382048 0.027358 -6.250035 -3.113248 -4.586145 -1.469616 -2.189775 5.266172 -3.864919 -0.244877 13.136616 0.091206 -1.715923 -0.386461 0.385159 6.246036 -2.468813 4.492616 1.989223 -11.254443 0 0 0 0 0 0 2.436249 0.611552 -9.252679 -13.466751 6.289946 -77.188588 -22.921341 -0.928651 0.308033 -6.804261 0.974542 -4.203672 0.050398 -0.112372 -7.390756 2.685625 0.615552 -25.815582 1.726594 0.246685 -16.262007 4.025365 0.888167 -20.644447 -0.973583 0.840604 -30.562561 4.935749 2.467071 -53.095435 1.220418 0.121036 -11.511016 2.957645 0.755577 -28.655965 2.347142 0.464184 -22.37245 1.243028 0.065507 -15.880519 4.053898 1.519159 -41.074051 3.366919 1.000162 -33.081724 12.807951 2.333457 9.419525 20.415874 0.538605 9.69099 19.121726 3.983046 4.028004 5.457586 0.506652 12.688682 -0.488284 16.229978 46.759824 14.001935 -1.094827 -0.237691 -2.578716 -11.756666 1.506952 -0.168472 -0.109156 8.350031 -2.160859 0.386531 20.280957 -1.128944 0.103093 10.435347 -2.243145 0.36816 24.460303 -3.274174 0.928942 31.671551 -5.224896 2.828946 56.841654 -1.032635 0.085197 9.629588 -3.302605 0.946583 31.978723 -2.065078 0.360421 19.377809 -2.508611 0.554 18.813988 -3.848751 1.329492 38.101753 -3.838231 1.330336 38.036558 -8.288905 -3.703672 -6.074452 -23.144311 8.672824 -11.912 -12.785699 5.85213 -4.199655 14.485163 -23.303455 10.814434 -4.71334 18.751674 3.067942 0.046227 4.415025 -9.287489 0.000007 2.255754 -0.000009 -8.398455 -4.963983 9.11307 -7.287019 25.653164 -4.481838 0.309262 -18.075318 -2.829752 -0.000006 -0.315936 0
-0.129379 -0.381442 0.027379 -6.250244 -3.100746 -4.589099 -1.469617 -2.189775 5.266172 -3.864574 -0.24517 13.134416 0.092902 -1.716847 -0.393589 0.384994 6.246625 -2.464368 4.536383 2.303267 -11.300021 0 0 0 0 0 0 2.436249 0.611549 -9.252678 -13.847744 6.397208 -77.537592 -22.379854 -1.087943 0.30529 -7.157245 1.105259 -4.220767 0.050398 -0.112372 -7.390756 2.685625 0.615552 -25.815582 1.726594 0.246685 -16.262007 4.025365 0.888167 -20.644447 -0.973583 0.840604 -30.562561 4.935749 2.467071 -53.095435 1.220418 0.121036 -11.511016 2.957645 0.755577 -28.655965 2.347142 0.464184 -22.37245 1.243028 0.065507 -15.880519 4.053898 1.519159 -41.074051 3.366919 1.000162 -33.081724 12.807951 2.333457 9.419525 20.415874 0.538605 9.69099 19.121726 3.983046 4.028004 5.457587 0.506645 12.688683 -0.029765 16.224985 47.31688 13.873197 -1.336976 -0.233633 -2.36581 -12.470033 2.094529 -0.168472 -0.109156 8.350031 -2.160859 0.386531 20.280957 -1.128944 0.103093 10.435347 -2.243145 0.36816 24.460303 -3.274174 0.928942 31.671551 -5.224896 2.828946 56.841654 -1.032635 0.085197 9.629588 -3.302605 0.946583 31.978723 -2.065078 0.360421 19.377809 -2.508611 0.554 18.813988 -3.848751 1.329492 38.101753 -3.838231 1.330336 38.036558 -8.288905 -3.703672 -6.074452 -23.144311 8.672824 -11.912 -12.785699 5.85213 -4.199655 14.487962 -23.278261 10.812806 -4.702792 18.658044 3.049257 0.047274 4.456557 -9.276007 0.000007 2.255753 -0.000009 -8.395875 -4.961345 9.072587 -7.307282 25.593652 -4.435371 0.306529 -18.052365 -2.819744 -0.000006 -0.315938 0.000001
-0.129494 -0.380719 0.027376 -6.250222 -3.102056 -4.588789 -1.469616 -2.189775 5.266172 -3.864442 -0.245239 13.133574 0.093556 -1.717058 -0.396321 0.384929 6.246757 -2.462664 4.566318 2.514029 -11.329123 0 0 0 0 0 0 2.436252 0.611548 -9.252678 -14.195458 6.48591 -77.873299 -21.841255 -1.24216 0.302551 -7.498431 1.22946 -4.24795 0.050398 -0.112372 -7.390756 2.685625 0.615552 -25.815582 1.726594 0.246685 -16.262007 4.025365 0.888167 -20.644447 -0.973583 0.840604 -30.562561 4.935749 2.467071 -53.095435 1.220418 0.121036 -11.511016 2.957645 0.755577 -28.655965 2.347142 0.464184 -22.37245 1.243028 0.065507 -15.880519 4.053898 1.519159 -41.074051 3.366919 1.000162 -33.081724 12.807951 2.333457 9.419525 20.415874 0.538605 9.69099 19.121726 3.983046 4.028004 5.457584 0.506647 12.688685 0.462444 16.340376 47.67139 13.533898 -1.536805 -0.230146 -2.243076 -12.781569 2.338213 -0.168472 -0.109156 8.350031 -2.160859 0.386531 20.280957 -1.128944 0.103093 10.435347 -2.243145 0.36816 24.460303 -3.274174 0.928942 31.671551 -5.224896 2.828946 56.841654 -1.032635 0.085197 9.629588 -3.302605 0.946583 31.978723 -2.065078 0.360421 19.377809 -2.508611 0.554 18.813988 -3.848751 1.329492 38.101753 -3.838231 1.330336 38.036558 -8.288905 -3.703672 -6.074452 -23.144311 8.672824 -11.912 -12.785699 5.85213 -4.199655 14.496985 -23.208167 10.815611 -4.689314 18.536705 3.024948 0.046223 4.508628 -9.266885 0.000007 2.255753 -0.000009 -8.398792 -4.909282 9.015422 -7.337441 25.492707 -4.354744 0.30576 -18.004944 -2.811036 -0.000007 -0.315937 0.000001
-0.129587 -0.379915 0.027362 -6.250073 -3.111103 -4.586652 -1.469617 -2.189775 5.266172 -3.864556 -0.240305 13.134736 0.092958 -1.700795 -0.392507 0.384966 6.23689 -2.464996 4.573727 2.556475 -11.335839 0 0 0 0 0 0 2.436255 0.61155 -9.252679 -14.487353 6.540961 -78.206369 -21.381854 -1.377257 0.300311 -7.819096 1.348143 -4.309973 0.050398 -0.112372 -7.390756 2.685625 0.615552 -25.815582 1.726594 0.246685 -16.262007 4.025365 0.888167 -20.644447 -0.973583 0.840604 -30.562561 4.935749 2.467071 -53.095435 1.220418 0.121036 -11.511016 2.957645 0.755577 -28.655965 2.347142 0.464184 -22.37245 1.243028 0.065507 -15.880519 4.053898 1.519159 -41.074051 3.366919 1.000162 -33.081724 12.807951 2.333457 9.419525 20.415874 0.538605 9.69099 19.121726 3.983046 4.028004 5.457583 0.506647 12.688685 0.915047 16.511255 47.868584 13.138645 -1.679587 -0.227763 -2.191985 -12.784229 2.34722 -0.168472 -0.109156 8.350031 -2.160859 0.386531 20.280957 -1.128944 0.103093 10.435347 -2.243145 0.36816 24.460303 -3.274174 0.928942 31.671551 -5.224896 2.828946 56.841654 -1.032635 0.085197 9.629588 -3.302605 0.946583 31.978723 -2.065078 0.360421 19.377809 -2.508611 0.554 18.813988 -3.848751 1.329492 38.101753 -3.838231 1.330336 38.036558 -8.288905 -3.703672 -6.074452 -23.144311 8.672824 -11.912 -12.785699 5.85213 -4.199655 14.509836 -23.112172 10.822534 -4.673821 18.39804 2.997152 0.044149 4.567263 -9.260485 0.000007 2.255753 -0.000009 -8.404526 -4.832762 8.9527 -7.371246 25.374156 -4.259249 0.306213 -17.945592 -2.803695 -0.000006 -0.315938 0
-0.129658 -0.379057 0.027341 -6.249864 -3.123409 -4.583746 -1.469617 -2.189776 5.266172 -3.864863 -0.227539 13.137749 0.091385 -1.658714 -0.382626 0.385058 6.211353 -2.471033 4.563121 2.505475 -11.313242 0 0 0 0 0 0 2.436253 0.611548 -9.252676 -14.720283 6.558759 -78.545573 -21.041511 -1.487434 0.298422 -8.115724 1.460993 -4.418478 0.050398 -0.112372 -7.390756 2.685625 0.615552 -25.815582 1.726594 0.246685 -16.262007 4.025365 0.888167 -20.644447 -0.973583 0.840604 -30.562561 4.935749 2.467071 -53.095435 1.220418 0.121036 -11.511016 2.957645 0.755577 -28.655965 2.347142 0.464184 -22.37245 1.243028 0.065507 -15.880519 4.053898 1.519159 -41.074051 3.366919 1.000162 -33.081724 12.807951 2.333457 9.419525 20.415874 0.538605 9.69099 19.121726 3.983046 4.028004 5.457581 0.506648 12.688683 1.327359 16.657611 48.061888 12.791889 -1.809006 -0.225567 -2.153168 -12.726368 2.339248 -0.168472 -0.109156 8.350031 -2.160859 0.386531 20.280957 -1.128944 0.103093 10.435347 -2.243145 0.36816 24.460303 -3.274174 0.928942 31.671551 -5.224896 2.828946 56.841654 -1.032635 0.085197 9.629588 -3.302605 0.946583 31.978723 -2.065078 0.360421 19.377809 -2.508611 0.554 18.813988 -3.848751 1.329492 38.101753 -3.838231 1.330336 38.036558 -8.288905 -3.703672 -6.074452 -23.144311 8.672824 -11.912 -12.785699 5.85213 -4.199655 14.524548 -23.004895 10.832573 -4.65722 18.250953 2.967704 0.041781 4.629132 -9.25646 0.000007 2.255753 -0.000009 -8.411597 -4.743244 8.886089 -7.408099 25.242018 -4.152335 0.307311 -17.876659 -2.797531 -0.000005 -0.315938 0.000001
-0.129705 -0.378163 0.027317 -6.249619 -3.137924 -4.580318 -1.469617 -2.189776 5.266172 -3.865346 -0.207845 13.142394 0.088885 -1.593774 -0.367402 0.385211 6.171964 -2.480344 4.538878 2.412807 -11.260373 0 0 0 0 0 0 2.436253 0.61155 -9.252677 -14.89248 6.54248 -78.881386 -20.835934 -1.564527 0.297084 -8.379508 1.566626 -4.578203 0.050398 -0.112372 -7.390756 2.685625 0.615552 -25.815582 1.726594 0.246685 -16.262007 4.025365 0.888167 -20.644447 -0.973583 0.840604 -30.562561 4.935749 2.467071 -53.095435 1.220418 0.121036 -11.511016 2.957645 0.755577 -28.655965 2.347142 0.464184 -22.37245 1.243028 0.065507 -15.880519 4.053898 1.519159 -41.074051 3.366919 1.000162 -33.081724 12.807951 2.333457 9.419525 20.415874 0.538605 9.69099 19.121726 3.983046 4.028004 5.457585 0.506648 12.688684 1.687954 16.765324 48.264973 12.493689 -1.915126 -0.223701 -2.120035 -12.624197 2.3251 -0.168472 -0.109156 8.350031 -2.160859 0.386531 20.280957 -1.128944 0.103093 10.435347 -2.243145 0.36816 24.460303 -3.274174 0.928942 31.671551 -5.224896 2.828946 56.841654 -1.032635 0.085197 9.629588 -3.302605 0.946583 31.978723 -2.065078 0.360421 19.377809 -2.508611 0.554 18.813988 -3.848751 1.329492 38.101753 -3.838231 1.330336 38.036558 -8.288905 -3.703672 -6.074452 -23.144311 8.672824 -11.912 -12.785699 5.85213 -4.199655 14.540605 -22.890216 10.845542 -4.639822 18.098354 2.93718 0.039303 4.69308 -9.254854 0.000007 2.255753 -0.000009 -8.419583 -4.644243 8.816794 -7.447318 25.098837 -4.035997 0.30894 -17.799446 -2.792593 -0.000008 -0.315936 0.000002
-0.129728 -0.377239 0.027291 -6.249344 -3.154063 -4.576507 -1.469617 -2.189776 5.266172 -3.866007 -0.182122 13.148459 0.085488 -1.508923 -0.347531 0.385432 6.120486 -2.492514 4.503852 2.286137 -11.183256 0 0 0 0 0 0 2.436254 0.611549 -9.252678 -14.823836 6.258758 -79.640698 -21.300398 -1.741924 0.294053 -8.431657 1.374766 -5.012014 0.050398 -0.112372 -7.390756 2.685625 0.615552 -25.815582 1.726594 0.246685 -16.262007 4.025365 0.888167 -20.644447 -0.973583 0.840604 -30.562561 4.935749 2.467071 -53.095435 1.220418 0.121036 -11.511016 2.957645 0.755577 -28.655965 2.347142 0.464184 -22.37245 1.243028 0.065507 -15.880519 4.053898 1.519159 -41.074051 3.366919 1.000162 -33.081724 12.807951 2.333457 9.419525 20.415874 0.538605 9.69099 19.121726 3.983046 4.028004 5.457583 0.506647 12.688685 1.973547 16.804418 48.506972 12.242123 -1.976326 -0.222627 -2.079416 -12.504161 2.323988 -0.168472 -0.109156 8.350031 -2.160859 0.386531 20.280957 -1.128944 0.103093 10.435347 -2.243145 0.36816 24.460303 -3.274174 0.928942 31.671551 -5.224896 2.828946 56.841654 -1.032635 0.085197 9.629588 -3.302605 0.946583 31.978723 -2.065078 0.360421 19.377809 -2.508611 0.554 18.813988 -3.848751 1.329492 38.101753 -3.838231 1.330336 38.036558 -8.288905 -3.703672 -6.074452 -23.144311 8.672824 -11.912 -12.785699 5.85213 -4.199655 14.558296 -22.76641 10.862082 -4.620899 17.934393 2.90441 0.036816 4.761747 -9.255688 0.000007 2.25576 -0.000009 -8.428229 -4.537947 8.745718 -7.48845 24.946528 -3.911745 0.311046 -17.714924 -2.78893 -0.000005 -0.315937 0.000001
-0.129705 -0.376294 0.027262 -6.249037 -3.171607 -4.572364 -1.469617 -2.189774 5.266172 -3.866869 -0.150559 13.155898 0.081101 -1.404826 -0.323188 0.385749 6.057337 -2.507451 4.459922 2.129936 -11.085921 0 0 0 0 0 0 2.436248 0.611547 -9.252675 -14.424026 5.472522 -81.491723 -22.976035 -2.329149 0.281383 -8.097146 0.463115 -6.007742 0.050398 -0.112372 -7.390756 2.685625 0.615552 -25.815582 1.726594 0.246685 -16.262007 4.025365 0.888167 -20.644447 -0.973583 0.840604 -30.562561 4.935749 2.467071 -53.095435 1.220418 0.121036 -11.511016 2.957645 0.755577 -28.655965 2.347142 0.464184 -22.37245 1.243028 0.065507 -15.880519 4.053898 1.519159 -41.074051 3.366919 1.000162 -33.081724 12.807951 2.333457 9.419525 20.415874 0.538605 9.69099 19.121726 3.983046 4.028004 5.457587 0.506648 12.688683 2.172792 16.762714 48.798022 12.037827 -1.987274 -0.222415 -2.027685 -12.376216 2.341154 -0.168472 -0.109156 8.350031 -2.160859 0.386531 20.280957 -1.128944 0.103093 10.435347 -2.243145 0.36816 24.460303 -3.274174 0.928942 31.671551 -5.224896 2.828946 56.841654 -1.032635 0.085197 9.629588 -3.302605 0.946583 31.978723 -2.065078 0.360421 19.377809 -2.508611 0.554 18.813988 -3.848751 1.329492 38.101753 -3.838231 1.330336 38.036558 -8.288905 -3.703672 -6.074452 -23.144311 8.672824 -11.912 -12.785699 5.85213 -4.199655 14.576224 -22.644884 10.882187 -4.602595 17.77914 2.873467 0.034569 4.8263 -9.260892 0.000007 2.255754 -0.000009 -8.437591 -4.424678 8.674366 -7.531558 24.783836 -3.778496 0.31377 -17.620666 -2.787583 -0.000003 -0.315937 0
-0.129624 -0.375337 0.027232 -6.248715 -3.190089 -4.568001 -1.469616 -2.189774 5.266172 -3.867896 -0.115011 13.164268 0.0759 -1.287597 -0.295842 0.386149 5.98623 -2.524267 4.411551 1.957156 -10.978145 0 0 0 0 0 0 2.436248 0.611548 -9.252676 -14.047463 4.588982 -83.855255 -24.900591 -3.222565 0.264811 -7.72266 -0.770208 -7.2066 0.050398 -0.112372 -7.390756 2.685625 0.615552 -25.815582 1.726594 0.246685 -16.262007 4.025365 0.888167 -20.644447 -0.973583 0.840604 -30.562561 4.935749 2.467071 -53.095435 1.220418 0.121036 -11.511016 2.957645 0.755577 -28.655965 2.347142 0.464184 -22.37245 1.243028 0.065507 -15.880519 4.053898 1.519159 -41.074051 3.366919 1.000162 -33.081724 12.807951 2.333457 9.419525 20.415874 0.538605 9.69099 19.121726 3.983046 4.028004 5.457583 0.506648 12.688681 2.306762 16.660572 49.125545 11.866263 -1.965609 -0.222776 -1.968085 -12.246535 2.370373 -0.168472 -0.109156 8.350031 -2.160859 0.386531 20.280957 -1.128944 0.103093 10.435347 -2.243145 0.36816 24.460303 -3.274174 0.928942 31.671551 -5.224896 2.828946 56.841654 -1.032635 0.085197 9.629588 -3.302605 0.946583 31.978723 -2.065078 0.360421 19.377809 -2.508611 0.554 18.813988 -3.848751 1.329492 38.101753 -3.838231 1.330336 38.036558 -8.288905 -3.703672 -6.074452 -23.144311 8.672824 -11.912 -12.785699 5.85213 -4.199655 14.594763 -22.524659 10.907594 -4.584187 17.628261 2.84357 0.032787 4.888625 -9.27172 0.000007 2.255757 -0.000009 -8.44754 -4.306467 8.6047 -7.576188 24.612215 -3.637323 0.317214 -17.516331 -2.789284 -0.000008 -0.315936 0.000001
-0.129474 -0.374374 0.0272 -6.248371 -3.20934 -4.563456 -1.469618 -2.189776 5.266172 -3.869084 -0.07638 13.173356 0.069925 -1.16021 -0.266189 0.386637 5.908955 -2.542544 4.361303 1.775398 -10.866054 0 0 0 0 0 0 2.436251 0.611549 -9.252676 -13.845384 3.859161 -86.106989 -26.392578 -4.178796 0.250581 -7.512655 -1.952162 -8.283611 0.050398 -0.112372 -7.390756 2.685625 0.615552 -25.815582 1.726594 0.246685 -16.262007 4.025365 0.888167 -20.644447 -0.973583 0.840604 -30.562561 4.935749 2.467071 -53.095435 1.220418 0.121036 -11.511016 2.957645 0.755577 -28.655965 2.347142 0.464184 -22.37245 1.243028 0.065507 -15.880519 4.053898 1.519159 -41.074051 3.366919 1.000162 -33.081724 12.807951 2.333457 9.419525 20.415874 0.538605 9.69099 19.121726 3.983046 4.028004 5.457587 0.506649 12.688683 2.37563 16.503858 49.481014 11.731671 -1.915211 -0.223649 -1.903702 -12.11873 2.410154 -0.168472 -0.109156 8.350031 -2.160859 0.386531 20.280957 -1.128944 0.103093 10.435347 -2.243145 0.36816 24.460303 -3.274174 0.928942 31.671551 -5.224896 2.828946 56.841654 -1.032635 0.085197 9.629588 -3.302605 0.946583 31.978723 -2.065078 0.360421 19.377809 -2.508611 0.554 18.813988 -3.848751 1.329492 38.101753 -3.838231 1.330336 38.036558 -8.288905 -3.703672 -6.074452 -23.144311 8.672824 -11.912 -12.785699 5.85213 -4.199655 14.613781 -22.40744 10.938916 -4.565831 17.483942 2.815195 0.031601 4.947772 -9.28898 0.000006 2.255758 -0.000009 -8.458077 -4.18375 8.537513 -7.622323 24.431481 -3.488022 0.321465 -17.401035 -2.794483 -0.000005 -0.315937 0.000001
-0.129251 -0.373408 0.027167 -6.248013 -3.229229 -4.558761 -1.469616 -2.189776 5.266172 -3.870416 -0.035573 13.182946 0.063252 -1.025623 -0.234944 0.387213 5.827322 -2.56186 4.311541 1.592222 -10.755835 0 0 0 0 0 0 2.436253 0.611547 -9.252678 -13.907158 3.504051 -87.4647 -26.918814 -4.778545 0.242234 -7.547971 -2.623441 -8.905458 0.050398 -0.112372 -7.390756 2.685625 0.615552 -25.815582 1.726594 0.246685 -16.262007 4.025365 0.888167 -20.644447 -0.973583 0.840604 -30.562561 4.935749 2.467071 -53.095435 1.220418 0.121036 -11.511016 2.957645 0.755577 -28.655965 2.347142 0.464184 -22.37245 1.243028 0.065507 -15.880519 4.053898 1.519159 -41.074051 3.366919 1.000162 -33.081724 12.807951 2.333457 9.419525 20.415874 0.538605 9.69099 19.121726 3.983046 4.028004 5.457583 0.506649 12.688681 2.393322 16.304792 49.859339 11.623663 -1.845091 -0.224852 -1.835109 -11.995603 2.457355 -0.168472 -0.109156 8.350031 -2.160859 0.386531 20.280957 -1.128944 0.103093 10.435347 -2.243145 0.36816 24.460303 -3.274174 0.928942 31.671551 -5.224896 2.828946 56.841654 -1.032635 0.085197 9.629588 -3.302605 0.946583 31.978723 -2.065078 0.360421 19.377809 -2.508611 0.554 18.813988 -3.848751 1.329492 38.101753 -3.838231 1.330336 38.036558 -8.288905 -3.703672 -6.074452 -23.144311 8.672824 -11.912 -12.785699 5.85213 -4.199655 14.633174 -22.294283 10.976435 -4.547605 17.347441 2.788617 0.031074 5.003232 -9.313075 0.000006 2.255754 -0.000009 -8.469362 -4.053611 8.470216 -7.671649 24.234979 -3.325013 0.326581 -17.270681 -2.803428 -0.000004 -0.315936 0.000001
-0.128954 -0.372445 0.027134 -6.24764 -3.249731 -4.55392 -1.469618 -2.189776 5.266172 -3.87189 0.006585 13.192845 0.055941 -0.886592 -0.202762 0.387894 5.743 -2.581816 4.265098 1.417412 -10.65623 0 0 0 0 0 0 2.436254 0.611546 -9.252673 -14.84579 3.757292 -87.813601 -25.586162 -5.027635 0.239045 -7.9045 -2.781676 -8.898392 0.050398 -0.112372 -7.390756 2.685625 0.615552 -25.815582 1.726594 0.246685 -16.262007 4.025365 0.888167 -20.644447 -0.973583 0.840604 -30.562561 4.935749 2.467071 -53.095435 1.220418 0.121036 -11.511016 2.957645 0.755577 -28.655965 2.347142 0.464184 -22.37245 1.243028 0.065507 -15.880519 4.053898 1.519159 -41.074051 3.366919 1.000162 -33.081724 12.807951 2.333457 9.419525 20.415874 0.538605 9.69099 19.121726 3.983046 4.028004 5.457585 0.506648 12.688683 2.364098 16.070855 50.253583 11.540921 -1.758876 -0.226298 -1.763476 -11.880034 2.510672 -0.168472 -0.109156 8.350031 -2.160859 0.386531 20.280957 -1.128944 0.103093 10.435347 -2.243145 0.36816 24.460303 -3.274174 0.928942 31.671551 -5.224896 2.828946 56.841654 -1.032635 0.085197 9.629588 -3.302605 0.946583 31.978723 -2.065078 0.360421 19.377809 -2.508611 0.554 18.813988 -3.848751 1.329492 38.101753 -3.838231 1.330336 38.036558 -8.288905 -3.703672 -6.074452 -23.144311 8.672824 -11.912 -12.785699 5.85213 -4.199655 14.652816 -22.186087 11.020157 -4.529685 17.220312 2.764156 0.031245 5.054262 -9.344146 0.000007 2.255753 -0.000009 -8.481089 -3.922126 8.408479 -7.720745 24.03495 -3.158345 0.332542 -17.13195 -2.816205 -0.000005 -0.315941 0.000002
-0.128622 -0.371491 0.027099 -6.247255 -3.270664 -4.548979 -1.469617 -2.189775 5.266172 -3.873452 0.048866 13.202762 0.048213 -0.747128 -0.170578 0.388644 5.658421 -2.601834 4.223875 1.258397 -10.572912 0 0 0 0 0 0 2.436252 0.611549 -9.252675 -16.556739 4.380662 -87.877386 -22.853199 -5.294483 0.235195 -8.475917 -2.892581 -8.531684 0.050398 -0.112372 -7.390756 2.685625 0.615552 -25.815582 1.726594 0.246685 -16.262007 4.025365 0.888167 -20.644447 -0.973583 0.840604 -30.562561 4.935749 2.467071 -53.095435 1.220418 0.121036 -11.511016 2.957645 0.755577 -28.655965 2.347142 0.464184 -22.37245 1.243028 0.065507 -15.880519 4.053898 1.519159 -41.074051 3.366919 1.000162 -33.081724 12.807951 2.333457 9.419525 20.415874 0.538605 9.69099 19.121726 3.983046 4.028004 5.457582 0.506649 12.688681 2.308909 15.822331 50.650385 11.476091 -1.662484 -0.227955 -1.691375 -11.771116 2.568452 -0.168472 -0.109156 8.350031 -2.160859 0.386531 20.280957 -1.128944 0.103093 10.435347 -2.243145 0.36816 24.460303 -3.274174 0.928942 31.671551 -5.224896 2.828946 56.841654 -1.032635 0.085197 9.629588 -3.302605 0.946583 31.978723 -2.065078 0.360421 19.377809 -2.508611 0.554 18.813988 -3.848751 1.329492 38.101753 -3.838231 1.330336 38.036558 -8.288905 -3.703672 -6.074452 -23.144311 8.672824 -11.912 -12.785699 5.85213 -4.199655 14.672508 -22.080146 11.066759 -4.511994 17.097935 2.740699 0.031726 5.103079 -9.378456 0.000007 2.255753 -0.000008 -8.49305 -3.787809 8.34755 -7.77039 23.829576 -2.986558 0.338969 -16.987125 -2.830809 -0.000005 -0.315938 0.000001
-0.128291 -0.370549 0.027064 -6.246857 -3.291952 -4.543955 -1.469618 -2.189777 5.266172 -3.87507 0.090368 13.212485 0.040237 -0.610194 -0.139076 0.389444 5.575382 -2.621489 4.189727 1.122681 -10.512272 0 0 0 0 0 0 2.436249 0.611553 -9.252676 -18.535189 5.223442 -87.628476 -19.423083 -5.504407 0.230862 -9.159474 -2.916507 -7.88737 0.050398 -0.112372 -7.390756 2.685625 0.615552 -25.815582 1.726594 0.246685 -16.262007 4.025365 0.888167 -20.644447 -0.973583 0.840604 -30.562561 4.935749 2.467071 -53.095435 1.220418 0.121036 -11.511016 2.957645 0.755577 -28.655965 2.347142 0.464184 -22.37245 1.243028 0.065507 -15.880519 4.053898 1.519159 -41.074051 3.366919 1.000162 -33.081724 12.807951 2.333457 9.419525 20.415874 0.538605 9.69099 19.121726 3.983046 4.028004 5.457583 0.506649 12.688681 2.240429 15.572926 51.038637 11.426412 -1.557825 -0.229768 -1.620907 -11.667967 2.63045 -0.168472 -0.109156 8.350031 -2.160859 0.386531 20.280957 -1.128944 0.103093 10.435347 -2.243145 0.36816 24.460303 -3.274174 0.928942 31.671551 -5.224896 2.828946 56.841654 -1.032635 0.085197 9.629588 -3.302605 0.946583 31.978723 -2.065078 0.360421 19.377809 -2.508611 0.554 18.813988 -3.848751 1.329492 38.101753 -3.838231 1.330336 38.036558 -8.288905 -3.703672 -6.074452 -23.144311 8.672824 -11.912 -12.785699 5.85213 -4.199655 14.692096 -21.973773 11.113211 -4.49451 16.976142 2.717251 0.032161 5.151651 -9.412621 0.000007 2.255752 -0.000009 -8.504949 -3.651676 8.285499 -7.819826 23.622452 -2.812712 0.345469 -16.841208 -2.845412 -0.000004 -0.315938 0
-0.127992 -0.369628 0.027029 -6.246448 -3.313533 -4.538862 -1.469617 -2.189774 5.266172 -3.8767 0.130219 13.221808 0.032229 -0.478771 -0.108938 0.390274 5.495686 -2.640359 4.164503 1.017782 -10.480705 0 0 0 0 0 0 2.436251 0.611552 -9.252679 -20.278616 6.15607 -86.992244 -16.06007 -5.557002 0.228914 -9.846789 -2.799929 -7.078872 0.050398 -0.112372 -7.390756 2.685625 0.615552 -25.815582 1.726594 0.246685 -16.262007 4.025365 0.888167 -20.644447 -0.973583 0.840604 -30.562561 4.935749 2.467071 -53.095435 1.220418 0.121036 -11.511016 2.957645 0.755577 -28.655965 2.347142 0.464184 -22.37245 1.243028 0.065507 -15.880519 4.053898 1.519159 -41.074051 3.366919 1.000162 -33.081724 12.807951 2.333457 9.419525 20.415874 0.538605 9.69099 19.121726 3.983046 4.028004 5.457585 0.506649 12.688681 2.169403 15.334394 51.407765 11.388986 -1.447328 -0.231649 -1.554156 -11.570168 2.695879 -0.168472 -0.109156 8.350031 -2.160859 0.386531 20.280957 -1.128944 0.103093 10.435347 -2.243145 0.36816 24.460303 -3.274174 0.928942 31.671551 -5.224896 2.828946 56.841654 -1.032635 0.085197 9.629588 -3.302605 0.946583 31.978723 -2.065078 0.360421 19.377809 -2.508611 0.554 18.813988 -3.848751 1.329492 38.101753 -3.838231 1.330336 38.036558 -8.288905 -3.703672 -6.074452 -23.144311 8.672824 -11.912 -12.785699 5.85213 -4.199655 14.711463 -21.864677 11.156908 -4.477211 16.851344 2.692959 0.032239 5.201677 -9.443731 0.000006 2.255753 -0.000009 -8.516501 -3.51467 8.220689 -7.868421 23.416735 -2.639454 0.351697 -16.698535 -2.858456 -0.000003 -0.315941 0
-0.127752 -0.368737 0.026993 -6.246028 -3.335356 -4.533712 -1.469616 -2.189777 5.266172 -3.878281 0.166909 13.230384 0.024514 -0.357698 -0.081265 0.391108 5.422277 -2.65774 4.14868 1.130182 -10.435795 0 0 0 0 0 0 2.436251 0.611546 -9.252677 -21.057505 7.00633 -85.698366 -13.81482 -5.221799 0.233271 -10.392055 -2.428942 -6.247932 0.050398 -0.112372 -7.390756 2.685625 0.615552 -25.815582 1.726594 0.246685 -16.262007 4.025365 0.888167 -20.644447 -0.973583 0.840604 -30.562561 4.935749 2.467071 -53.095435 1.220418 0.121036 -11.511016 2.957645 0.755577 -28.655965 2.347142 0.464184 -22.37245 1.243028 0.065507 -15.880519 4.053898 1.519159 -41.074051 3.366919 1.000162 -33.081724 12.807951 2.333457 9.419525 20.415874 0.538605 9.69099 19.121726 3.983046 4.028004 5.457586 0.506646 12.688683 2.104502 15.119458 51.742404 11.360529 -1.335488 -0.233569 -1.493815 -11.479596 2.76213 -0.168472 -0.109156 8.350031 -2.160859 0.386531 20.280957 -1.128944 0.103093 10.435347 -2.243145 0.36816 24.460303 -3.274174 0.928942 31.671551 -5.224896 2.828946 56.841654 -1.032635 0.085197 9.629588 -3.302605 0.946583 31.978723 -2.065078 0.360421 19.377809 -2.508611 0.554 18.813988 -3.848751 1.329492 38.101753 -3.838231 1.330336 38.036558 -8.288905 -3.703672 -6.074452 -23.144311 8.672824 -11.912 -12.785699 5.85213 -4.199655 14.730382 -21.751793 11.195453 -4.460248 16.722186 2.667413 0.031657 5.253863 -9.469292 0.000007 2.255753 -0.000009 -8.527454 -3.378216 8.152428 -7.91537 23.216542 -2.470312 0.357375 -16.563655 -2.868669 -0.000003 -0.315937 0.000001
-0.127565 -0.367888 0.026956 -6.245603 -3.357289 -4.528536 -1.469616 -2.189775 5.266172 -3.879758 0.199884 13.238083 0.017335 -0.248912 -0.056468 0.391897 5.356323 -2.673363 4.137469 1.572541 -10.334825 0 0 0 0 0 0 2.436254 0.611541 -9.252678 -20.907773 7.706121 -83.858577 -12.776367 -4.50089 0.245918 -10.775839 -1.827719 -5.505376 0.050398 -0.112372 -7.390756 2.685625 0.615552 -25.815582 1.726594 0.246685 -16.262007 4.025365 0.888167 -20.644447 -0.973583 0.840604 -30.562561 4.935749 2.467071 -53.095435 1.220418 0.121036 -11.511016 2.957645 0.755577 -28.655965 2.347142 0.464184 -22.37245 1.243028 0.065507 -15.880519 4.053898 1.519159 -41.074051 3.366919 1.000162 -33.081724 12.807951 2.333457 9.419525 20.415874 0.538605 9.69099 19.121726 3.983046 4.028004 5.457584 0.50664 12.688684 2.050965 14.932668 52.03841 11.334471 -1.228528 -0.235387 -1.440282 -11.397177 2.825073 -0.168472 -0.109156 8.350031 -2.160859 0.386531 20.280957 -1.128944 0.103093 10.435347 -2.243145 0.36816 24.460303 -3.274174 0.928942 31.671551 -5.224896 2.828946 56.841654 -1.032635 0.085197 9.629588 -3.302605 0.946583 31.978723 -2.065078 0.360421 19.377809 -2.508611 0.554 18.813988 -3.848751 1.329492 38.101753 -3.838231 1.330336 38.036558 -8.288905 -3.703672 -6.074452 -23.144311 8.672824 -11.912 -12.785699 5.85213 -4.199655 14.748778 -21.636295 11.229125 -4.443735 16.590174 2.640975 0.030496 5.30758 -9.489751 0.000007 2.255753 -0.000009 -8.537755 -3.243724 8.082208 -7.960129 23.023895 -2.307076 0.362495 -16.437347 -2.876315 -0.000005 -0.315937 0
-0.127428 -0.36709 0.02692 -6.245174 -3.379233 -4.52336 -1.469617 -2.189775 5.266172 -3.881067 0.228239 13.244697 0.010971 -0.15537 -0.035203 0.392611 5.299608 -2.686795 4.127143 2.033983 -10.237109 0 0 0 0 0 0 2.436253 0.611547 -9.252677 -20.110139 8.196589 -81.753991 -12.508407 -3.554748 0.263047 -11.051457 -1.097402 -4.839599 0.050398 -0.112372 -7.390756 2.685625 0.615552 -25.815582 1.726594 0.246685 -16.262007 4.025365 0.888167 -20.644447 -0.973583 0.840604 -30.562561 4.935749 2.467071 -53.095435 1.220418 0.121036 -11.511016 2.957645 0.755577 -28.655965 2.347142 0.464184 -22.37245 1.243028 0.065507 -15.880519 4.053898 1.519159 -41.074051 3.366919 1.000162 -33.081724 12.807951 2.333457 9.419525 20.415874 0.538605 9.69099 19.121726 3.983046 4.028004 5.457586 0.506648 12.688681 2.011736 14.778889 52.288492 11.306049 -1.132351 -0.237028 -1.39438 -11.325137 2.880475 -0.168472 -0.109156 8.350031 -2.160859 0.386531 20.280957 -1.128944 0.103093 10.435347 -2.243145 0.36816 24.460303 -3.274174 0.928942 31.671551 -5.224896 2.828946 56.841654 -1.032635 0.085197 9.629588 -3.302605 0.946583 31.978723 -2.065078 0.360421 19.377809 -2.508611 0.554 18.813988 -3.848751 1.329492 38.101753 -3.838231 1.330336 38.036558 -8.288905 -3.703672 -6.074452 -23.144311 8.672824 -11.912 -12.785699 5.85213 -4.199655 14.766454 -21.520051 11.257964 -4.427955 16.458272 2.614264 0.028803 5.361523 -9.50544 0.000007 2.255754 -0.000009 -8.547433 -3.110673 8.009701 -8.003131 22.837198 -2.148428 0.367089 -16.318424 -2.881645 -0.000008 -0.315939 -0.000001
-0.127335 -0.366373 0.026884 -6.244736 -3.401012 -4.518222 -1.469617 -2.189775 5.266172 -3.882152 0.251077 13.250019 0.005716 -0.08004 -0.018116 0.393206 5.253932 -2.697615 4.117986 2.313008 -10.180065 0 0 0 0 0 0 2.436251 0.611554 -9.252675 -18.850219 8.387855 -79.673825 -12.676178 -2.547115 0.280341 -11.254193 -0.346494 -4.237677 0.050398 -0.112372 -7.390756 2.685625 0.615552 -25.815582 1.726594 0.246685 -16.262007 4.025365 0.888167 -20.644447 -0.973583 0.840604 -30.562561 4.935749 2.467071 -53.095435 1.220418 0.121036 -11.511016 2.957645 0.755577 -28.655965 2.347142 0.464184 -22.37245 1.243028 0.065507 -15.880519 4.053898 1.519159 -41.074051 3.366919 1.000162 -33.081724 12.807951 2.333457 9.419525 20.415874 0.538605 9.69099 19.121726 3.983046 4.028004 5.45758 0.506648 12.688681 1.988972 14.662421 52.485728 11.27099 -1.052893 -0.238406 -1.356903 -11.265946 2.92408 -0.168472 -0.109156 8.350031 -2.160859 0.386531 20.280957 -1.128944 0.103093 10.435347 -2.243145 0.36816 24.460303 -3.274174 0.928942 31.671551 -5.224896 2.828946 56.841654 -1.032635 0.085197 9.629588 -3.302605 0.946583 31.978723 -2.065078 0.360421 19.377809 -2.508611 0.554 18.813988 -3.848751 1.329492 38.101753 -3.838231 1.330336 38.036558 -8.288905 -3.703672 -6.074452 -23.144311 8.672824 -11.912 -12.785699 5.85213 -4.199655 14.783048 -21.406314 11.281899 -4.413403 16.33171 2.588394 0.026632 5.413445 -9.516825 0.000008 2.255753 -0.00001 -8.556308 -2.984755 7.940381 -8.041831 22.667075 -2.003418 0.371169 -16.212529 -2.885038 -0.000005 -0.315937 0.000001
-0.127286 -0.365794 0.02685 -6.244313 -3.422094 -4.513249 -1.469617 -2.189776 5.266172 -3.882889 0.26627 13.253558 0.002148 -0.029885 -0.006757 0.393616 5.223539 -2.704819 4.111952 2.435132 -10.156766 0 0 0 0 0 0 2.436253 0.61155 -9.252681 -17.509365 8.289494 -78.036638 -12.974396 -1.713783 0.294792 -11.389819 0.267456 -3.759222 0.050398 -0.112372 -7.390756 2.685625 0.615552 -25.815582 1.726594 0.246685 -16.262007 4.025365 0.888167 -20.644447 -0.973583 0.840604 -30.562561 4.935749 2.467071 -53.095435 1.220418 0.121036 -11.511016 2.957645 0.755577 -28.655965 2.347142 0.464184 -22.37245 1.243028 0.065507 -15.880519 4.053898 1.519159 -41.074051 3.366919 1.000162 -33.081724 12.807951 2.333457 9.419525 20.415874 0.538605 9.69099 19.121726 3.983046 4.028004 5.457585 0.506649 12.688681 1.987709 14.594689 52.612602 11.224163 -1.000769 -0.2393 -1.330537 -11.225366 2.948757 -0.168472 -0.109156 8.350031 -2.160859 0.386531 20.280957 -1.128944 0.103093 10.435347 -2.243145 0.36816 24.460303 -3.274174 0.928942 31.671551 -5.224896 2.828946 56.841654 -1.032635 0.085197 9.629588 -3.302605 0.946583 31.978723 -2.065078 0.360421 19.377809 -2.508611 0.554 18.813988 -3.848751 1.329492 38.101753 -3.838231 1.330336 38.036558 -8.288905 -3.703672 -6.074452 -23.144311 8.672824 -11.912 -12.785699 5.85213 -4.199655 14.797543 -21.302493 11.299597 -4.401344 16.222106 2.565779 0.024057 5.458375 -9.523793 0.000007 2.255758 -0.000009 -8.564136 -2.873018 7.880154 -8.073431 22.525938 -1.882752 0.37465 -16.126859 -2.886737 -0.000009 -0.315936 0
-0.127267 -0.365443 0.02682 -6.243942 -3.440268 -4.508963 -1.469617 -2.189775 5.266172 -3.883263 0.273898 13.255332 0.000339 -0.004722 -0.001069 0.393827 5.20829 -2.708433 4.109016 2.480987 -10.148809 0 0 0 0 0 0 2.436254 0.611549 -9.252678 -16.639984 8.132972 -77.131129 -13.165783 -1.242433 0.302576 -11.460546 0.614075 -3.486408 0.050398 -0.112372 -7.390756 2.685625 0.615552 -25.815582 1.726594 0.246685 -16.262007 4.025365 0.888167 -20.644447 -0.973583 0.840604 -30.562561 4.935749 2.467071 -53.095435 1.220418 0.121036 -11.511016 2.957645 0.755577 -28.655965 2.347142 0.464184 -22.37245 1.243028 0.065507 -15.880519 4.053898 1.519159 -41.074051 3.366919 1.000162 -33.081724 12.807951 2.333457 9.419525 20.415874 0.538605 9.69099 19.121726 3.983046 4.028004 5.457585 0.506648 12.688681 2.002613 14.570276 52.673511 11.172811 -0.977954 -0.239679 -1.31599 -11.204746 2.955244 -0.168472 -0.109156 8.350031 -2.160859 0.386531 20.280957 -1.128944 0.103093 10.435347 -2.243145 0.36816 24.460303 -3.274174 0.928942 31.671551 -5.224896 2.828946 56.841654 -1.032635 0.085197 9.629588 -3.302605 0.946583 31.978723 -2.065078 0.360421 19.377809 -2.508611 0.554 18.813988 -3.848751 1.329492 38.101753 -3.838231 1.330336 38.036558 -8.288905 -3.703672 -6.074452 -23.144311 8.672824 -11.912 -12.785699 5.85213 -4.199655 14.808116 -21.223537 11.310135 -4.393576 16.14809 2.550357 0.02151 5.488477 -9.52726 0.000007 2.255753 -0.000009 -8.570289 -2.788827 7.838421 -8.094115 22.431178 -1.801464 0.377359 -16.070499 -2.88759 -0.000003 -0.315936 0.000001
