HIERARCHY
ROOT hips
{
  OFFSET 0 10.432787522119774 1.3615615910897314
  CHANNELS 6 Xposition Yposition Zposition Yrotation Xrotation Zrotation
  JOINT spine
  {
    OFFSET -7.042016674e-31 0.605849736412771 0
    CHANNELS 3 Yrotation Xrotation Zrotation
    JOINT chest
    {
      OFFSET 0 1.2699780403367527 0
      CHANNELS 3 Yrotation Xrotation Zrotation
      JOINT upperChest
      {
        OFFSET 0 1.217802795781373 0
        CHANNELS 3 Yrotation Xrotation Zrotation
        JOINT neck
        {
          OFFSET 0 1.524881793055447 0
          CHANNELS 3 Yrotation Xrotation Zrotation
          JOINT head
          {
            OFFSET 0 0.8197776686196176 0
            CHANNELS 3 Yrotation Xrotation Zrotation
            JOINT leftEye
            {
              OFFSET 0.27991711184325396 0.7377279215890094 0.1770057770610815
              CHANNELS 3 Yrotation Xrotation Zrotation
              End Site
              {
                OFFSET 0.27991711184325396 0.7377279215890094 0.1770057770610815
              }
            }
            JOINT rightEye
            {
              OFFSET -0.27991715118228666 0.7377278742074458 0.1770060973723161
              CHANNELS 3 Yrotation Xrotation Zrotation
              End Site
              {
                OFFSET -0.27991715118228666 0.7377278742074458 0.1770060973723161
              }
            }
          }
        }
        JOINT leftShoulder
        {
          OFFSET 0.4148696499235711 1.1670497283493415 0
          CHANNELS 3 Yrotation Xrotation Zrotation
          JOINT leftUpperArm
          {
            OFFSET 0.9737923520503171 0 0
            CHANNELS 3 Yrotation Xrotation Zrotation
            JOINT leftLowerArm
            {
              OFFSET 2.526933563002016 0 0
              CHANNELS 3 Yrotation Xrotation Zrotation
              JOINT leftHand
              {
                OFFSET 2.4263767061081287 0 0
                CHANNELS 3 Yrotation Xrotation Zrotation
                JOINT leftIndexProximal
                {
                  OFFSET 0.7243194303238094 0.08170604153373495 0.2036005707489045
                  CHANNELS 3 Yrotation Xrotation Zrotation
                  JOINT leftIndexIntermediate
                  {
                    OFFSET 0.365490110639793 -0.010566615565509085 -0.014147873305413783
                    CHANNELS 3 Yrotation Xrotation Zrotation
                    JOINT leftIndexDistal
                    {
                      OFFSET 0.22502693978020916 -0.007863122621388996 -0.007567729919505994
                      CHANNELS 3 Yrotation Xrotation Zrotation
                      End Site
                      {
                        OFFSET 0.22502693978020916 -0.007863122621388996 -0.007567729919505994
                      }
                    }
                  }
                }
                JOINT leftLittleProximal
                {
                  OFFSET 0.6720313867214986 0.0817059792423902 -0.3230034999786495
                  CHANNELS 3 Yrotation Xrotation Zrotation
                  JOINT leftLittleIntermediate
                  {
                    OFFSET 0.3458364459000005 5.4765410650858826e-8 2.495506794542024e-7
                    CHANNELS 3 Yrotation Xrotation Zrotation
                    JOINT leftLittleDistal
                    {
                      OFFSET 0.19925722030351722 0.003096736260194355 0.0038306323169590983
                      CHANNELS 3 Yrotation Xrotation Zrotation
                      End Site
                      {
                        OFFSET 0.19925722030351722 0.003096736260194355 0.0038306323169590983
                      }
                    }
                  }
                }
                JOINT leftMiddleProximal
                {
                  OFFSET 0.7300446999180792 0.08170730820222194 0.0226618663244387
                  CHANNELS 3 Yrotation Xrotation Zrotation
                  JOINT leftMiddleIntermediate
                  {
                    OFFSET 0.40758107610000327 -0.0000012383582372876845 3.721937498757377e-7
                    CHANNELS 3 Yrotation Xrotation Zrotation
                    JOINT leftMiddleDistal
                    {
                      OFFSET 0.2514495697999991 7.561061998728746e-8 -1.6055895105115958e-7
                      CHANNELS 3 Yrotation Xrotation Zrotation
                      End Site
                      {
                        OFFSET 0.2514495697999991 7.561061998728746e-8 -1.6055895105115958e-7
                      }
                    }
                  }
                }
                JOINT leftRingProximal
                {
                  OFFSET 0.7217264995692599 0.08170598771388815 -0.1504338786787948
                  CHANNELS 3 Yrotation Xrotation Zrotation
                  JOINT leftRingIntermediate
                  {
                    OFFSET 0.3780872700000014 6.409956210262635e-8 3.723059401883333e-7
                    CHANNELS 3 Yrotation Xrotation Zrotation
                    JOINT leftRingDistal
                    {
                      OFFSET 0.21812031524459563 -0.00271347557699686 -0.004991351593452126
                      CHANNELS 3 Yrotation Xrotation Zrotation
                      End Site
                      {
                        OFFSET 0.21812031524459563 -0.00271347557699686 -0.004991351593452126
                      }
                    }
                  }
                }
                JOINT leftThumbProximal
                {
                  OFFSET 0.10793670302222891 -0.165278914300383 -0.07775358168875651
                  CHANNELS 3 Yrotation Xrotation Zrotation
                  JOINT leftThumbIntermediate
                  {
                    OFFSET 0.40355763830204994 -0.017484092948475194 0.31777731504028983
                    CHANNELS 3 Yrotation Xrotation Zrotation
                    JOINT leftThumbDistal
                    {
                      OFFSET 0.2318770514136803 -0.018507879151339335 0.21396002480314588
                      CHANNELS 3 Yrotation Xrotation Zrotation
                      End Site
                      {
                        OFFSET 0.2318770514136803 -0.018507879151339335 0.21396002480314588
                      }
                    }
                  }
                }
              }
            }
          }
        }
        JOINT rightShoulder
        {
          OFFSET -0.4148696499235712 1.1670497283493415 0
          CHANNELS 3 Yrotation Xrotation Zrotation
          JOINT rightUpperArm
          {
            OFFSET -0.9737923520503168 0 0
            CHANNELS 3 Yrotation Xrotation Zrotation
            JOINT rightLowerArm
            {
              OFFSET -2.5269335630020175 0 0
              CHANNELS 3 Yrotation Xrotation Zrotation
              JOINT rightHand
              {
                OFFSET -2.4263767061081274 0 0
                CHANNELS 3 Yrotation Xrotation Zrotation
                JOINT rightIndexProximal
                {
                  OFFSET -0.7243194303238094 0.08170604153373495 0.2036005707489045
                  CHANNELS 3 Yrotation Xrotation Zrotation
                  JOINT rightIndexIntermediate
                  {
                    OFFSET -0.365490110639793 -0.010566615565509085 -0.014147873305413783
                    CHANNELS 3 Yrotation Xrotation Zrotation
                    JOINT rightIndexDistal
                    {
                      OFFSET -0.22502693978020916 -0.007863122621388996 -0.007567729919505994
                      CHANNELS 3 Yrotation Xrotation Zrotation
                      End Site
                      {
                        OFFSET -0.22502693978020916 -0.007863122621388996 -0.007567729919505994
                      }
                    }
                  }
                }
                JOINT rightLittleProximal
                {
                  OFFSET -0.6720313867214986 0.0817059792423902 -0.3230034999786495
                  CHANNELS 3 Yrotation Xrotation Zrotation
                  JOINT rightLittleIntermediate
                  {
                    OFFSET -0.3458364459000005 5.4765410650858826e-8 2.495506794542024e-7
                    CHANNELS 3 Yrotation Xrotation Zrotation
                    JOINT rightLittleDistal
                    {
                      OFFSET -0.19925722030351722 0.003096736260194355 0.0038306323169590983
                      CHANNELS 3 Yrotation Xrotation Zrotation
                      End Site
                      {
                        OFFSET -0.19925722030351722 0.003096736260194355 0.0038306323169590983
                      }
                    }
                  }
                }
                JOINT rightMiddleProximal
                {
                  OFFSET -0.7300446999180792 0.08170730820222194 0.0226618663244387
                  CHANNELS 3 Yrotation Xrotation Zrotation
                  JOINT rightMiddleIntermediate
                  {
                    OFFSET -0.40758107610000327 -0.0000012383582372876845 3.721937498757377e-7
                    CHANNELS 3 Yrotation Xrotation Zrotation
                    JOINT rightMiddleDistal
                    {
                      OFFSET -0.2514495697999991 7.561061998728746e-8 -1.6055895105115958e-7
                      CHANNELS 3 Yrotation Xrotation Zrotation
                      End Site
                      {
                        OFFSET -0.2514495697999991 7.561061998728746e-8 -1.6055895105115958e-7
                      }
                    }
                  }
                }
                JOINT rightRingProximal
                {
                  OFFSET -0.7217264995692599 0.08170598771388815 -0.1504338786787948
                  CHANNELS 3 Yrotation Xrotation Zrotation
                  JOINT rightRingIntermediate
                  {
                    OFFSET -0.3780872700000014 6.409956210262635e-8 3.723059401883333e-7
                    CHANNELS 3 Yrotation Xrotation Zrotation
                    JOINT rightRingDistal
                    {
                      OFFSET -0.21812031524459563 -0.00271347557699686 -0.004991351593452126
                      CHANNELS 3 Yrotation Xrotation Zrotation
                      End Site
                      {
                        OFFSET -0.21812031524459563 -0.00271347557699686 -0.004991351593452126
                      }
                    }
                  }
                }
                JOINT rightThumbProximal
                {
                  OFFSET -0.10793670302222891 -0.165278914300383 -0.07775358168875651
                  CHANNELS 3 Yrotation Xrotation Zrotation
                  JOINT rightThumbIntermediate
                  {
                    OFFSET -0.40355763830204994 -0.017484092948475194 0.31777731504028983
                    CHANNELS 3 Yrotation Xrotation Zrotation
                    JOINT rightThumbDistal
                    {
                      OFFSET -0.2318770514136803 -0.018507879151339335 0.21396002480314588
                      CHANNELS 3 Yrotation Xrotation Zrotation
                      End Site
                      {
                        OFFSET -0.2318770514136803 -0.018507879151339335 0.21396002480314588
                      }
                    }
                  }
                }
              }
            }
          }
        }
      }
    }
  }
  JOINT leftUpperLeg
  {
    OFFSET 0.8486251400000001 -0.44215692923454897 0
    CHANNELS 3 Yrotation Xrotation Zrotation
    JOINT leftLowerLeg
    {
      OFFSET 0 -4.1014783730019015 0
      CHANNELS 3 Yrotation Xrotation Zrotation
      JOINT leftFoot
      {
        OFFSET -0.0002543926242001143 -4.7729227580453255 0.007402839656626761
        CHANNELS 3 Yrotation Xrotation Zrotation
        JOINT leftToes
        {
          OFFSET 0 -0.7027876860119923 1.2062921852216233
          CHANNELS 3 Yrotation Xrotation Zrotation
          End Site
          {
            OFFSET 0 -0.7027876860119923 1.2062921852216233
          }
        }
      }
    }
  }
  JOINT rightUpperLeg
  {
    OFFSET -0.8486251400000001 -0.44215692923454897 0
    CHANNELS 3 Yrotation Xrotation Zrotation
    JOINT rightLowerLeg
    {
      OFFSET 0 -4.1014783730019015 0
      CHANNELS 3 Yrotation Xrotation Zrotation
      JOINT rightFoot
      {
        OFFSET 0.0002543926242001143 -4.7729227580453255 0.007402839656626761
        CHANNELS 3 Yrotation Xrotation Zrotation
        JOINT rightToes
        {
          OFFSET 0 -0.7027876860119923 1.2062921852216233
          CHANNELS 3 Yrotation Xrotation Zrotation
          End Site
          {
            OFFSET 0 -0.7027876860119923 1.2062921852216233
          }
        }
      }
    }
  }
}
MOTION
Frames: 58
Frame Time: 0.03333333333333333
-0.127265 -0.365365 0.02681 -6.544039 -2.864245 -5.966629 -0.457923 -1.290739 4.698189 -3.388729 0.714868 12.977986 -0.218575 -1.17413 -0.133989 4.502108 5.498392 -5.823105 -1.775775 3.762132 -14.874489 0 0 0 0 0 0 2.436254 0.61155 -9.252675 24.240378 50.939724 -117.020549 -21.948645 -5.800052 -16.975502 -11.49763 3.255057 -3.802097 0.050398 -0.112372 -7.390756 2.685625 0.615552 -25.815582 1.726594 0.246685 -16.262007 4.025365 0.888167 -20.644447 -0.973583 0.840604 -30.562561 4.935749 2.467071 -53.095435 1.220418 0.121036 -11.511016 2.957645 0.755577 -28.655965 2.347142 0.464184 -22.37245 1.243028 0.065507 -15.880519 4.053898 1.519159 -41.074051 3.366919 1.000162 -33.081724 12.807951 2.333457 9.419525 20.415874 0.538605 9.69099 19.121726 3.983046 4.028004 5.457579 0.506648 12.688681 -37.592262 58.650003 95.95454 19.417708 -5.036361 15.807474 -1.28435 -8.217637 3.359241 -0.168472 -0.109156 8.350031 -2.160859 0.386531 20.280957 -1.128944 0.103093 10.435347 -2.243145 0.36816 24.460303 -3.274174 0.928942 31.671551 -5.224896 2.828946 56.841654 -1.032635 0.085197 9.629588 -3.302605 0.946583 31.978723 -2.065078 0.360421 19.377809 -2.508611 0.554 18.813988 -3.848751 1.329492 38.101753 -3.838231 1.330336 38.036558 -8.288905 -3.703672 -6.074452 -23.144311 8.672824 -11.912 -12.785699 5.85213 -4.199655 16.336338 -20.106553 12.479526 -4.3992 21.358822 2.401749 -0.18423 1.967246 -7.917315 0.000006 2.255753 -0.000009 -9.370502 -6.055593 9.252574 -8.017803 35.76327 -1.473805 1.447221 -22.820822 -7.556959 -0.000003 -0.315938 0
-0.127271 -0.363888 0.027317 -6.493014 -2.86448 -5.809783 -0.530852 -1.276723 4.732268 -3.424383 0.721721 12.994647 -0.237869 -1.160527 -0.127396 4.491696 5.481172 -5.775148 -1.771485 4.047586 -14.728884 0 0 0 0 0 0 2.436255 0.611549 -9.252674 23.85183 51.581737 -117.616208 -21.840594 -5.700925 -16.710918 -11.483635 2.324426 -3.667921 0.050398 -0.112372 -7.390756 2.685625 0.615552 -25.815582 1.726594 0.246685 -16.262007 4.025365 0.888167 -20.644447 -0.973583 0.840604 -30.562561 4.935749 2.467071 -53.095435 1.220418 0.121036 -11.511016 2.957645 0.755577 -28.655965 2.347142 0.464184 -22.37245 1.243028 0.065507 -15.880519 4.053898 1.519159 -41.074051 3.366919 1.000162 -33.081724 12.807951 2.333457 9.419525 20.415874 0.538605 9.69099 19.121726 3.983046 4.028004 5.45758 0.506648 12.688681 -38.225815 58.157061 95.333032 19.155917 -4.822092 15.199331 -1.276645 -7.843529 3.409595 -0.168472 -0.109156 8.350031 -2.160859 0.386531 20.280957 -1.128944 0.103093 10.435347 -2.243145 0.36816 24.460303 -3.274174 0.928942 31.671551 -5.224896 2.828946 56.841654 -1.032635 0.085197 9.629588 -3.302605 0.946583 31.978723 -2.065078 0.360421 19.377809 -2.508611 0.554 18.813988 -3.848751 1.329492 38.101753 -3.838231 1.330336 38.036558 -8.288905 -3.703672 -6.074452 -23.144311 8.672824 -11.912 -12.785699 5.85213 -4.199655 16.180766 -20.298711 12.176863 -4.405647 21.517972 2.394869 -0.197283 1.925041 -7.923614 0.000006 2.255753 -0.000009 -9.51043 -5.933624 9.185759 -8.010647 35.646933 -1.45381 1.471527 -22.829482 -7.697334 -0.000003 -0.315938 0
-0.126774 -0.36204 0.027651 -6.601629 -2.879291 -5.787733 -0.397797 -1.418984 4.786754 -3.359334 0.652171 13.021284 -0.298257 -1.199734 -0.119573 4.343901 5.429084 -5.430064 -1.359806 5.563291 -13.840508 0 0 0 0 0 0 2.436254 0.611549 -9.252674 24.06964 51.766468 -117.430437 -21.794853 -5.659456 -16.599496 -11.486402 2.544841 -3.699755 0.050398 -0.112372 -7.390756 2.685625 0.615552 -25.815582 1.726594 0.246685 -16.262007 4.025365 0.888167 -20.644447 -0.973583 0.840604 -30.562561 4.935749 2.467071 -53.095435 1.220418 0.121036 -11.511016 2.957645 0.755577 -28.655965 2.347142 0.464184 -22.37245 1.243028 0.065507 -15.880519 4.053898 1.519159 -41.074051 3.366919 1.000162 -33.081724 12.807951 2.333457 9.419525 20.415874 0.538605 9.69099 19.121726 3.983046 4.028004 5.45758 0.506648 12.688681 -38.695748 57.839699 94.72255 18.990835 -4.690885 14.821228 -1.273078 -7.683869 3.431044 -0.168472 -0.109156 8.350031 -2.160859 0.386531 20.280957 -1.128944 0.103093 10.435347 -2.243145 0.36816 24.460303 -3.274174 0.928942 31.671551 -5.224896 2.828946 56.841654 -1.032635 0.085197 9.629588 -3.302605 0.946583 31.978723 -2.065078 0.360421 19.377809 -2.508611 0.554 18.813988 -3.848751 1.329492 38.101753 -3.838231 1.330336 38.036558 -8.288905 -3.703672 -6.074452 -23.144311 8.672824 -11.912 -12.785699 5.85213 -4.199655 16.425619 -20.062657 12.117002 -4.394227 21.15327 2.42531 -0.164354 2.14267 -7.997141 0.000006 2.255753 -0.000009 -9.269895 -6.101697 9.222098 -8.013106 35.803095 -1.461493 1.474764 -22.702755 -7.791902 -0.000003 -0.315938 0
-0.12687 -0.360563 0.028285 -6.581226 -2.948041 -5.762698 -0.561215 -1.299793 4.966148 -3.439228 0.710442 13.108988 -0.264393 -1.118286 -0.079269 3.896073 4.595113 -4.660759 -0.544988 6.882695 -12.545713 0 0 0 0 0 0 2.436254 0.61155 -9.252674 23.30803 52.19789 -118.437138 -21.763643 -5.631322 -16.523884 -11.483002 2.269774 -3.660026 0.050398 -0.112372 -7.390756 2.685625 0.615552 -25.815582 1.726594 0.246685 -16.262007 4.025365 0.888167 -20.644447 -0.973583 0.840604 -30.562561 4.935749 2.467071 -53.095435 1.220418 0.121036 -11.511016 2.957645 0.755577 -28.655965 2.347142 0.464184 -22.37245 1.243028 0.065507 -15.880519 4.053898 1.519159 -41.074051 3.366919 1.000162 -33.081724 12.807951 2.333457 9.419525 20.415874 0.538605 9.69099 19.121726 3.983046 4.028004 5.457579 0.506648 12.688681 -38.761821 57.539977 94.475923 19.252349 -4.900055 15.421957 -1.279745 -7.988856 3.390051 -0.168472 -0.109156 8.350031 -2.160859 0.386531 20.280957 -1.128944 0.103093 10.435347 -2.243145 0.36816 24.460303 -3.274174 0.928942 31.671551 -5.224896 2.828946 56.841654 -1.032635 0.085197 9.629588 -3.302605 0.946583 31.978723 -2.065078 0.360421 19.377809 -2.508611 0.554 18.813988 -3.848751 1.329492 38.101753 -3.838231 1.330336 38.036558 -8.288905 -3.703672 -6.074452 -23.144311 8.672824 -11.912 -12.785699 5.85213 -4.199655 16.388485 -19.919103 12.064406 -4.399454 21.01014 2.412754 -0.148895 2.225046 -8.138364 0.000006 2.255753 -0.000009 -9.258626 -5.978141 9.17463 -8.0105 35.846287 -1.456952 1.481136 -22.724621 -7.774577 -0.000003 -0.315938 0
-0.126254 -0.359086 0.030437 -6.668483 -2.906707 -5.475025 -0.52457 -1.093946 4.97827 -3.421312 0.811078 13.114915 -0.232911 -1.169652 -0.074107 3.856 4.441814 -4.462111 -0.419214 6.6487 -12.244392 0 0 0 0 0 0 2.436254 0.611549 -9.252675 23.321305 51.98985 -118.515683 -21.905901 -5.760615 -16.870582 -11.48684 2.577362 -3.704447 0.050398 -0.112372 -7.390756 2.685625 0.615552 -25.815582 1.726594 0.246685 -16.262007 4.025365 0.888167 -20.644447 -0.973583 0.840604 -30.562561 4.935749 2.467071 -53.095435 1.220418 0.121036 -11.511016 2.957645 0.755577 -28.655965 2.347142 0.464184 -22.37245 1.243028 0.065507 -15.880519 4.053898 1.519159 -41.074051 3.366919 1.000162 -33.081724 12.807951 2.333457 9.419525 20.415874 0.538605 9.69099 19.121726 3.983046 4.028004 5.45758 0.506648 12.688681 -38.811377 57.806766 94.702427 19.147423 -4.815262 15.179776 -1.27939 -7.971807 3.392344 -0.168472 -0.109156 8.350031 -2.160859 0.386531 20.280957 -1.128944 0.103093 10.435347 -2.243145 0.36816 24.460303 -3.274174 0.928942 31.671551 -5.224896 2.828946 56.841654 -1.032635 0.085197 9.629588 -3.302605 0.946583 31.978723 -2.065078 0.360421 19.377809 -2.508611 0.554 18.813988 -3.848751 1.329492 38.101753 -3.838231 1.330336 38.036558 -8.288905 -3.703672 -6.074452 -23.144311 8.672824 -11.912 -12.785699 5.85213 -4.199655 16.501463 -20.115174 11.491318 -4.398586 20.817227 2.419312 -0.126465 2.521524 -8.241177 0.000006 2.255753 -0.000009 -9.054466 -6.271832 8.851897 -8.014847 36.054045 -1.467716 1.566506 -22.884831 -7.995349 -0.000003 -0.315938 0
-0.126612 -0.357683 0.034047 -6.959927 -2.875945 -5.043304 -0.021308 -0.836711 4.96183 -3.175273 0.936837 13.106877 -0.246303 -1.130246 -0.07561 3.862823 4.53809 -4.511731 -0.553156 6.424198 -12.324451 0 0 0 0 0 0 2.436254 0.611549 -9.252675 23.47392 50.871481 -117.591803 -21.993324 -5.841514 -17.085716 -11.504111 3.588291 -3.849968 0.050398 -0.112372 -7.390756 2.685625 0.615552 -25.815582 1.726594 0.246685 -16.262007 4.025365 0.888167 -20.644447 -0.973583 0.840604 -30.562561 4.935749 2.467071 -53.095435 1.220418 0.121036 -11.511016 2.957645 0.755577 -28.655965 2.347142 0.464184 -22.37245 1.243028 0.065507 -15.880519 4.053898 1.519159 -41.074051 3.366919 1.000162 -33.081724 12.807951 2.333457 9.419525 20.415874 0.538605 9.69099 19.121726 3.983046 4.028004 5.457579 0.506648 12.688681 -38.9164 58.042799 95.055662 19.175806 -4.838038 15.244985 -1.280339 -8.017315 3.386221 -0.168472 -0.109156 8.350031 -2.160859 0.386531 20.280957 -1.128944 0.103093 10.435347 -2.243145 0.36816 24.460303 -3.274174 0.928942 31.671551 -5.224896 2.828946 56.841654 -1.032635 0.085197 9.629588 -3.302605 0.946583 31.978723 -2.065078 0.360421 19.377809 -2.508611 0.554 18.813988 -3.848751 1.329492 38.101753 -3.838231 1.330336 38.036558 -8.288905 -3.703672 -6.074452 -23.144311 8.672824 -11.912 -12.785699 5.85213 -4.199655 17.063531 -19.344375 10.55798 -4.384609 18.631622 2.475562 -0.059788 3.647789 -8.353422 0.000006 2.255753 -0.000009 -8.39607 -6.897163 8.49935 -8.007803 36.962672 -1.452785 1.683796 -23.16064 -8.298651 -0.000003 -0.315938 0
-0.129312 -0.357096 0.03708 -7.048252 -2.921472 -5.01371 0.022032 -0.659653 4.94137 -3.154085 1.023399 13.096875 -0.270981 -1.124965 -0.078475 3.853321 4.642926 -4.547248 -0.548882 6.395754 -12.372755 0 0 0 0 0 0 2.436255 0.61155 -9.252674 24.122676 50.747569 -117.341342 -21.861154 -5.738003 -16.77229 -11.512814 3.984089 -3.906686 0.050398 -0.112372 -7.390756 2.685625 0.615552 -25.815582 1.726594 0.246685 -16.262007 4.025365 0.888167 -20.644447 -0.973583 0.840604 -30.562561 4.935749 2.467071 -53.095435 1.220418 0.121036 -11.511016 2.957645 0.755577 -28.655965 2.347142 0.464184 -22.37245 1.243028 0.065507 -15.880519 4.053898 1.519159 -41.074051 3.366919 1.000162 -33.081724 12.807951 2.333457 9.419525 20.415874 0.538605 9.69099 19.121726 3.983046 4.028004 5.457579 0.506648 12.688681 -38.685348 57.35802 94.498473 19.303648 -4.942027 15.541157 -1.285119 -8.257617 3.353852 -0.168472 -0.109156 8.350031 -2.160859 0.386531 20.280957 -1.128944 0.103093 10.435347 -2.243145 0.36816 24.460303 -3.274174 0.928942 31.671551 -5.224896 2.828946 56.841654 -1.032635 0.085197 9.629588 -3.302605 0.946583 31.978723 -2.065078 0.360421 19.377809 -2.508611 0.554 18.813988 -3.848751 1.329492 38.101753 -3.838231 1.330336 38.036558 -8.288905 -3.703672 -6.074452 -23.144311 8.672824 -11.912 -12.785699 5.85213 -4.199655 17.030778 -19.600034 10.50182 -4.389753 18.648543 2.477567 -0.050858 3.885981 -8.355659 0.000006 2.255753 -0.000009 -8.276811 -7.147151 8.175036 -8.002827 37.142405 -1.444955 1.579266 -23.483332 -7.679875 -0.000003 -0.315938 0
-0.137074 -0.369241 0.039987 -6.520894 -3.068288 -5.480545 -0.966998 -0.147437 5.033364 -3.63761 1.273816 13.141849 -0.231196 -1.174252 -0.054057 3.865543 4.692674 -4.613191 -0.684431 6.452175 -12.464965 0 0 0 0 0 0 2.436254 0.611549 -9.252674 23.447358 51.131024 -117.694359 -21.780593 -5.646553 -16.564853 -11.501663 3.467001 -3.832555 0.050398 -0.112372 -7.390756 2.685625 0.615552 -25.815582 1.726594 0.246685 -16.262007 4.025365 0.888167 -20.644447 -0.973583 0.840604 -30.562561 4.935749 2.467071 -53.095435 1.220418 0.121036 -11.511016 2.957645 0.755577 -28.655965 2.347142 0.464184 -22.37245 1.243028 0.065507 -15.880519 4.053898 1.519159 -41.074051 3.366919 1.000162 -33.081724 12.807951 2.333457 9.419525 20.415874 0.538605 9.69099 19.121726 3.983046 4.028004 5.45758 0.506648 12.688681 -38.287097 57.141566 94.418209 19.536275 -5.136054 16.086552 -1.290026 -8.526748 3.317539 -0.168472 -0.109156 8.350031 -2.160859 0.386531 20.280957 -1.128944 0.103093 10.435347 -2.243145 0.36816 24.460303 -3.274174 0.928942 31.671551 -5.224896 2.828946 56.841654 -1.032635 0.085197 9.629588 -3.302605 0.946583 31.978723 -2.065078 0.360421 19.377809 -2.508611 0.554 18.813988 -3.848751 1.329492 38.101753 -3.838231 1.330336 38.036558 -8.288905 -3.703672 -6.074452 -23.144311 8.672824 -11.912 -12.785699 5.85213 -4.199655 15.179415 -23.292064 11.246813 -4.422303 25.833872 2.296377 -0.287325 1.871847 -7.295903 0.000006 2.255753 -0.000009 -10.020913 -6.628012 8.027056 -8.021271 36.32727 -1.470808 1.225119 -23.225667 -6.433795 -0.000003 -0.315938 0
-0.141696 -0.37162 0.041825 -5.926845 -3.493207 -7.321334 -1.856993 0.724896 5.475855 -4.072719 1.70029 13.358178 -0.240004 -1.244298 0.035422 3.73111 4.88765 -4.630054 -0.841167 6.370355 -12.48936 0 0 0 0 0 0 2.436254 0.61155 -9.252675 22.967151 52.974795 -119.461686 -21.956976 -5.807774 -16.996095 -11.494602 3.083856 -3.777461 0.050398 -0.112372 -7.390756 2.685625 0.615552 -25.815582 1.726594 0.246685 -16.262007 4.025365 0.888167 -20.644447 -0.973583 0.840604 -30.562561 4.935749 2.467071 -53.095435 1.220418 0.121036 -11.511016 2.957645 0.755577 -28.655965 2.347142 0.464184 -22.37245 1.243028 0.065507 -15.880519 4.053898 1.519159 -41.074051 3.366919 1.000162 -33.081724 12.807951 2.333457 9.419525 20.415874 0.538605 9.69099 19.121726 3.983046 4.028004 5.45758 0.506649 12.688681 -38.809659 54.093842 91.720103 19.566702 -5.161901 16.158561 -1.285993 -8.303766 3.34763 -0.168472 -0.109156 8.350031 -2.160859 0.386531 20.280957 -1.128944 0.103093 10.435347 -2.243145 0.36816 24.460303 -3.274174 0.928942 31.671551 -5.224896 2.828946 56.841654 -1.032635 0.085197 9.629588 -3.302605 0.946583 31.978723 -2.065078 0.360421 19.377809 -2.508611 0.554 18.813988 -3.848751 1.329492 38.101753 -3.838231 1.330336 38.036558 -8.288905 -3.703672 -6.074452 -23.144311 8.672824 -11.912 -12.785699 5.85213 -4.199655 13.514213 -25.99466 8.64732 -4.494309 31.783716 2.159726 0.192196 0.94857 -10.611422 0.000006 2.255753 -0.000009 -11.247656 -5.84586 8.548516 -8.035713 35.847891 -1.490856 0.547405 -22.951943 -3.631064 -0.000003 -0.315938 0
-0.135168 -0.371354 0.045539 -6.116492 -3.181949 -10.109692 -1.487271 0.685674 5.087044 -3.891966 1.681115 13.168093 -0.306599 -1.383485 -0.051834 3.722922 5.137055 -4.789067 -1.084662 6.377943 -12.756312 0 0 0 0 0 0 2.436254 0.611549 -9.252675 24.165142 53.255682 -119.061036 -21.715943 -5.588522 -16.40837 -11.497531 3.249643 -3.801314 0.050398 -0.112372 -7.390756 2.685625 0.615552 -25.815582 1.726594 0.246685 -16.262007 4.025365 0.888167 -20.644447 -0.973583 0.840604 -30.562561 4.935749 2.467071 -53.095435 1.220418 0.121036 -11.511016 2.957645 0.755577 -28.655965 2.347142 0.464184 -22.37245 1.243028 0.065507 -15.880519 4.053898 1.519159 -41.074051 3.366919 1.000162 -33.081724 12.807951 2.333457 9.419525 20.415874 0.538605 9.69099 19.121726 3.983046 4.028004 5.45758 0.506648 12.68868 -37.210912 54.695965 91.867492 20.58572 -6.0975 18.670911 -1.30167 -9.315594 3.21078 -0.168472 -0.109156 8.350031 -2.160859 0.386531 20.280957 -1.128944 0.103093 10.435347 -2.243145 0.36816 24.460303 -3.274174 0.928942 31.671551 -5.224896 2.828946 56.841654 -1.032635 0.085197 9.629588 -3.302605 0.946583 31.978723 -2.065078 0.360421 19.377809 -2.508611 0.554 18.813988 -3.848751 1.329492 38.101753 -3.838231 1.330336 38.036558 -8.288905 -3.703672 -6.074452 -23.144311 8.672824 -11.912 -12.785699 5.85213 -4.199655 14.258837 -23.700465 8.674872 -4.433945 27.499155 2.23878 -0.118418 1.122149 -8.591672 0.000006 2.255753 -0.000009 -10.089189 -8.049925 10.410283 -8.015257 36.98357 -1.491902 -0.244588 -22.885183 -0.179833 -0.000003 -0.315938 0
-0.120655 -0.362053 0.058449 -6.627837 -2.748573 -15.012227 -0.541775 1.447921 4.521186 -3.429723 2.053769 12.891451 -0.604381 -1.348736 -0.167579 3.759368 5.505862 -5.066357 -1.739808 5.881836 -13.280978 0 0 0 0 0 0 2.436256 0.61155 -9.252672 21.999199 51.108663 -117.566455 -22.271831 -6.106029 -17.780988 -11.488447 2.692607 -3.721076 0.050398 -0.112372 -7.390756 2.685625 0.615552 -25.815582 1.726594 0.246685 -16.262007 4.025365 0.888167 -20.644447 -0.973583 0.840604 -30.562561 4.935749 2.467071 -53.095435 1.220418 0.121036 -11.511016 2.957645 0.755577 -28.655965 2.347142 0.464184 -22.37245 1.243028 0.065507 -15.880519 4.053898 1.519159 -41.074051 3.366919 1.000162 -33.081724 12.807951 2.333457 9.419525 20.415874 0.538605 9.69099 19.121726 3.983046 4.028004 5.457581 0.506648 12.688681 -37.257396 54.221584 92.682909 21.100331 -6.627559 20.02519 -1.307521 -9.883623 3.133674 -0.168472 -0.109156 8.350031 -2.160859 0.386531 20.280957 -1.128944 0.103093 10.435347 -2.243145 0.36816 24.460303 -3.274174 0.928942 31.671551 -5.224896 2.828946 56.841654 -1.032635 0.085197 9.629588 -3.302605 0.946583 31.978723 -2.065078 0.360421 19.377809 -2.508611 0.554 18.813988 -3.848751 1.329492 38.101753 -3.838231 1.330336 38.036558 -8.288905 -3.703672 -6.074452 -23.144311 8.672824 -11.912 -12.785699 5.85213 -4.199655 16.094721 -23.010891 13.227215 -4.409802 24.059837 2.309152 -0.494129 2.833401 -3.302708 0.000006 2.255753 -0.000009 -7.949565 -11.490057 9.196144 -8.005764 37.323965 -1.511437 -1.238248 -25.591666 2.157055 -0.000003 -0.315938 0
-0.112009 -0.345076 0.064745 -6.970022 -2.631849 -19.596005 -0.10371 1.453018 5.115613 -3.215558 2.056261 13.18206 -0.400697 -1.17854 -0.024792 3.7614 5.364572 -5.007669 -1.502398 6.052632 -13.238574 0 0 0 0 0 0 2.436255 0.61155 -9.252674 21.639907 47.860679 -114.562927 -22.568476 -6.400212 -18.540043 -11.483032 2.272341 -3.660396 0.050398 -0.112372 -7.390756 2.685625 0.615552 -25.815582 1.726594 0.246685 -16.262007 4.025365 0.888167 -20.644447 -0.973583 0.840604 -30.562561 4.935749 2.467071 -53.095435 1.220418 0.121036 -11.511016 2.957645 0.755577 -28.655965 2.347142 0.464184 -22.37245 1.243028 0.065507 -15.880519 4.053898 1.519159 -41.074051 3.366919 1.000162 -33.081724 12.807951 2.333457 9.419525 20.415874 0.538605 9.69099 19.121726 3.983046 4.028004 5.45758 0.506648 12.688681 -38.910799 53.64335 91.599502 20.883438 -6.398877 19.446306 -1.304876 -9.600696 3.1721 -0.168472 -0.109156 8.350031 -2.160859 0.386531 20.280957 -1.128944 0.103093 10.435347 -2.243145 0.36816 24.460303 -3.274174 0.928942 31.671551 -5.224896 2.828946 56.841654 -1.032635 0.085197 9.629588 -3.302605 0.946583 31.978723 -2.065078 0.360421 19.377809 -2.508611 0.554 18.813988 -3.848751 1.329492 38.101753 -3.838231 1.330336 38.036558 -8.288905 -3.703672 -6.074452 -23.144311 8.672824 -11.912 -12.785699 5.85213 -4.199655 17.660414 -20.855916 16.980737 -4.381467 19.33368 2.402003 0.08518 4.524417 0.198056 0.000006 2.255753 -0.000009 -4.143654 -13.033896 -3.480053 -7.967837 41.412698 -1.265719 4.09196 -24.961868 -14.72539 -0.000003 -0.315938 0
-0.112777 -0.348289 0.072598 -7.123413 -2.68401 -23.20906 -0.066865 0.990631 5.001123 -3.197545 1.830205 13.126087 -0.48672 -1.17123 -0.059465 3.707294 5.413928 -4.878993 -1.289763 6.09638 -13.063841 0 0 0 0 0 0 2.436254 0.611549 -9.252674 22.609758 46.890752 -112.868804 -22.299759 -6.133114 -17.851571 -11.482031 2.182211 -3.64737 0.050398 -0.112372 -7.390756 2.685625 0.615552 -25.815582 1.726594 0.246685 -16.262007 4.025365 0.888167 -20.644447 -0.973583 0.840604 -30.562561 4.935749 2.467071 -53.095435 1.220418 0.121036 -11.511016 2.957645 0.755577 -28.655965 2.347142 0.464184 -22.37245 1.243028 0.065507 -15.880519 4.053898 1.519159 -41.074051 3.366919 1.000162 -33.081724 12.807951 2.333457 9.419525 20.415874 0.538605 9.69099 19.121726 3.983046 4.028004 5.45758 0.506648 12.688681 -41.422444 50.68389 87.620454 20.129153 -5.660912 17.51989 -1.293864 -8.758326 3.286246 -0.168472 -0.109156 8.350031 -2.160859 0.386531 20.280957 -1.128944 0.103093 10.435347 -2.243145 0.36816 24.460303 -3.274174 0.928942 31.671551 -5.224896 2.828946 56.841654 -1.032635 0.085197 9.629588 -3.302605 0.946583 31.978723 -2.065078 0.360421 19.377809 -2.508611 0.554 18.813988 -3.848751 1.329492 38.101753 -3.838231 1.330336 38.036558 -8.288905 -3.703672 -6.074452 -23.144311 8.672824 -11.912 -12.785699 5.85213 -4.199655 17.727099 -20.877993 19.070465 -4.387377 19.404592 2.416492 -0.174707 3.789935 4.149562 0.000006 2.255753 -0.000009 -3.300951 -11.637303 -4.675839 -7.958329 41.783867 -1.353583 2.634542 -21.337454 -14.51186 -0.000003 -0.315938 0
-0.119648 -0.347538 0.092089 -7.323545 -2.744131 -26.117163 -0.251902 0.765117 4.416341 -3.288008 1.719954 12.840193 -0.596019 -1.210907 -0.187711 3.775243 5.185357 -4.854927 -1.347837 5.835751 -13.123576 0 0 0 0 0 0 2.436256 0.611549 -9.252674 23.042406 45.657967 -112.246256 -22.304609 -6.137849 -17.863843 -11.483874 2.344375 -3.670804 0.050398 -0.112372 -7.390756 2.685625 0.615552 -25.815582 1.726594 0.246685 -16.262007 4.025365 0.888167 -20.644447 -0.973583 0.840604 -30.562561 4.935749 2.467071 -53.095435 1.220418 0.121036 -11.511016 2.957645 0.755577 -28.655965 2.347142 0.464184 -22.37245 1.243028 0.065507 -15.880519 4.053898 1.519159 -41.074051 3.366919 1.000162 -33.081724 12.807951 2.333457 9.419525 20.415874 0.538605 9.69099 19.121726 3.983046 4.028004 5.45758 0.506649 12.688681 -41.409617 53.08654 89.020625 19.928117 -5.477815 17.026516 -1.302383 -9.375125 3.202706 -0.168472 -0.109156 8.350031 -2.160859 0.386531 20.280957 -1.128944 0.103093 10.435347 -2.243145 0.36816 24.460303 -3.274174 0.928942 31.671551 -5.224896 2.828946 56.841654 -1.032635 0.085197 9.629588 -3.302605 0.946583 31.978723 -2.065078 0.360421 19.377809 -2.508611 0.554 18.813988 -3.848751 1.329492 38.101753 -3.838231 1.330336 38.036558 -8.288905 -3.703672 -6.074452 -23.144311 8.672824 -11.912 -12.785699 5.85213 -4.199655 16.222985 -22.806848 18.577027 -4.406928 22.717167 2.359986 -1.570156 2.939426 9.325367 0.000006 2.255753 -0.000009 -6.925846 -9.553 0.587953 -8.018591 36.00386 -1.479642 2.148032 -20.776921 -13.487086 -0.000003 -0.315938 0
-0.12723 -0.336111 0.106962 -7.228903 -3.000253 -27.320721 -0.625003 0.85482 4.140722 -3.470413 1.763808 12.705446 -0.445332 -1.180025 -0.242796 3.798801 4.866905 -4.719907 -1.015408 5.804474 -12.963273 0 0 0 0 0 0 2.436254 0.611549 -9.252674 21.291447 47.242349 -114.558568 -23.14091 -7.007771 -20.065311 -11.477953 1.740519 -3.583475 0.050398 -0.112372 -7.390756 2.685625 0.615552 -25.815582 1.726594 0.246685 -16.262007 4.025365 0.888167 -20.644447 -0.973583 0.840604 -30.562561 4.935749 2.467071 -53.095435 1.220418 0.121036 -11.511016 2.957645 0.755577 -28.655965 2.347142 0.464184 -22.37245 1.243028 0.065507 -15.880519 4.053898 1.519159 -41.074051 3.366919 1.000162 -33.081724 12.807951 2.333457 9.419525 20.415874 0.538605 9.69099 19.121726 3.983046 4.028004 5.457579 0.506648 12.688682 -41.653364 52.796802 88.826765 19.626202 -5.212747 16.299809 -1.295157 -8.841252 3.275029 -0.168472 -0.109156 8.350031 -2.160859 0.386531 20.280957 -1.128944 0.103093 10.435347 -2.243145 0.36816 24.460303 -3.274174 0.928942 31.671551 -5.224896 2.828946 56.841654 -1.032635 0.085197 9.629588 -3.302605 0.946583 31.978723 -2.065078 0.360421 19.377809 -2.508611 0.554 18.813988 -3.848751 1.329492 38.101753 -3.838231 1.330336 38.036558 -8.288905 -3.703672 -6.074452 -23.144311 8.672824 -11.912 -12.785699 5.85213 -4.199655 14.525349 -24.058256 18.365684 -4.429309 26.158768 2.27837 -1.992763 2.950273 9.749399 0.000006 2.255753 -0.000009 -8.487022 -8.485034 2.295171 -8.042483 34.244728 -1.531143 1.751064 -19.96099 -12.989452 -0.000003 -0.315938 0
-0.132605 -0.337411 0.113388 -7.06056 -3.542649 -29.078444 -0.646106 1.197963 5.044315 -3.48073 1.931567 13.147203 -0.072044 -1.236166 -0.03261 3.736258 4.730729 -4.717674 -0.820752 5.437361 -13.063706 0 0 0 0 0 0 2.436255 0.611549 -9.252674 20.241708 48.669982 -116.4821 -23.763988 -7.737096 -21.830922 -11.479537 1.930013 -3.610896 0.050398 -0.112372 -7.390756 2.685625 0.615552 -25.815582 1.726594 0.246685 -16.262007 4.025365 0.888167 -20.644447 -0.973583 0.840604 -30.562561 4.935749 2.467071 -53.095435 1.220418 0.121036 -11.511016 2.957645 0.755577 -28.655965 2.347142 0.464184 -22.37245 1.243028 0.065507 -15.880519 4.053898 1.519159 -41.074051 3.366919 1.000162 -33.081724 12.807951 2.333457 9.419525 20.415874 0.538605 9.69099 19.121726 3.983046 4.028004 5.45758 0.506648 12.688681 -40.479107 52.265405 88.661616 19.364305 -4.986823 15.678138 -1.293024 -8.705575 3.293378 -0.168472 -0.109156 8.350031 -2.160859 0.386531 20.280957 -1.128944 0.103093 10.435347 -2.243145 0.36816 24.460303 -3.274174 0.928942 31.671551 -5.224896 2.828946 56.841654 -1.032635 0.085197 9.629588 -3.302605 0.946583 31.978723 -2.065078 0.360421 19.377809 -2.508611 0.554 18.813988 -3.848751 1.329492 38.101753 -3.838231 1.330336 38.036558 -8.288905 -3.703672 -6.074452 -23.144311 8.672824 -11.912 -12.785699 5.85213 -4.199655 15.370827 -25.068572 12.976055 -4.436958 27.290414 2.227684 -0.87446 -0.240694 -4.949038 0.000006 2.255753 -0.000009 -8.395352 -8.55427 4.094691 -8.035343 35.090479 -1.517049 1.61312 -19.971511 -11.961585 -0.000003 -0.315938 0
-0.141972 -0.356983 0.115726 -6.590553 -3.130055 -31.409981 -1.366707 1.113717 5.926866 -3.833024 1.89038 13.578673 -0.002779 -1.258808 0.142527 3.654319 4.698868 -4.466752 -0.45073 5.741203 -12.61502 0 0 0 0 0 0 2.436254 0.611549 -9.252675 20.177291 51.776529 -118.30237 -23.567196 -7.498291 -21.259912 -11.480723 2.05595 -3.629114 0.050398 -0.112372 -7.390756 2.685625 0.615552 -25.815582 1.726594 0.246685 -16.262007 4.025365 0.888167 -20.644447 -0.973583 0.840604 -30.562561 4.935749 2.467071 -53.095435 1.220418 0.121036 -11.511016 2.957645 0.755577 -28.655965 2.347142 0.464184 -22.37245 1.243028 0.065507 -15.880519 4.053898 1.519159 -41.074051 3.366919 1.000162 -33.081724 12.807951 2.333457 9.419525 20.415874 0.538605 9.69099 19.121726 3.983046 4.028004 5.45758 0.506648 12.688681 -38.818184 50.597497 87.591646 20.216315 -5.741948 17.736239 -1.302814 -9.412078 3.197696 -0.168472 -0.109156 8.350031 -2.160859 0.386531 20.280957 -1.128944 0.103093 10.435347 -2.243145 0.36816 24.460303 -3.274174 0.928942 31.671551 -5.224896 2.828946 56.841654 -1.032635 0.085197 9.629588 -3.302605 0.946583 31.978723 -2.065078 0.360421 19.377809 -2.508611 0.554 18.813988 -3.848751 1.329492 38.101753 -3.838231 1.330336 38.036558 -8.288905 -3.703672 -6.074452 -23.144311 8.672824 -11.912 -12.785699 5.85213 -4.199655 16.28348 -24.890724 7.257856 -4.413723 24.560861 2.328619 0.515406 2.670327 -15.723915 0.000006 2.255753 -0.000009 -9.23228 -8.36963 4.967683 -8.015435 36.427233 -1.487134 1.451789 -21.249909 -8.876866 -0.000003 -0.315938 0
-0.147307 -0.360033 0.112107 -6.362927 -3.469546 -31.738055 -0.759159 0.934252 5.356421 -3.536 1.802642 13.299788 -0.231022 -1.180379 0.017428 3.542527 4.64932 -4.275619 -0.267868 6.076781 -12.280564 0 0 0 0 0 0 2.436255 0.611549 -9.252674 20.763442 50.810202 -117.360186 -22.285262 -6.119012 -17.814851 -11.495919 3.159661 -3.78837 0.050398 -0.112372 -7.390756 2.685625 0.615552 -25.815582 1.726594 0.246685 -16.262007 4.025365 0.888167 -20.644447 -0.973583 0.840604 -30.562561 4.935749 2.467071 -53.095435 1.220418 0.121036 -11.511016 2.957645 0.755577 -28.655965 2.347142 0.464184 -22.37245 1.243028 0.065507 -15.880519 4.053898 1.519159 -41.074051 3.366919 1.000162 -33.081724 12.807951 2.333457 9.419525 20.415874 0.538605 9.69099 19.121726 3.983046 4.028004 5.457579 0.506648 12.688681 -39.736579 52.739129 89.968733 20.735923 -6.247875 19.059573 -1.307569 -9.888833 3.132965 -0.168472 -0.109156 8.350031 -2.160859 0.386531 20.280957 -1.128944 0.103093 10.435347 -2.243145 0.36816 24.460303 -3.274174 0.928942 31.671551 -5.224896 2.828946 56.841654 -1.032635 0.085197 9.629588 -3.302605 0.946583 31.978723 -2.065078 0.360421 19.377809 -2.508611 0.554 18.813988 -3.848751 1.329492 38.101753 -3.838231 1.330336 38.036558 -8.288905 -3.703672 -6.074452 -23.144311 8.672824 -11.912 -12.785699 5.85213 -4.199655 17.07532 -22.895118 6.540391 -4.407342 22.681934 2.372979 0.259152 3.290571 -14.395946 0.000006 2.255753 -0.000009 -8.503143 -7.950701 5.94264 -8.005387 37.283164 -1.465927 1.61895 -21.521558 -9.419718 -0.000003 -0.315938 0
-0.147385 -0.363083 0.107421 -6.334337 -3.535203 -32.856894 -0.736213 1.096803 5.972341 -3.524782 1.882111 13.600904 -0.125303 -1.284193 0.154488 3.612474 4.648041 -4.309836 -0.260924 5.775174 -12.354206 0 0 0 0 0 0 2.436255 0.611549 -9.252674 21.79339 49.708798 -117.001096 -21.941801 -5.793736 -16.958716 -11.49082 2.851529 -3.743993 0.050398 -0.112372 -7.390756 2.685625 0.615552 -25.815582 1.726594 0.246685 -16.262007 4.025365 0.888167 -20.644447 -0.973583 0.840604 -30.562561 4.935749 2.467071 -53.095435 1.220418 0.121036 -11.511016 2.957645 0.755577 -28.655965 2.347142 0.464184 -22.37245 1.243028 0.065507 -15.880519 4.053898 1.519159 -41.074051 3.366919 1.000162 -33.081724 12.807951 2.333457 9.419525 20.415874 0.538605 9.69099 19.121726 3.983046 4.028004 5.45758 0.506648 12.688681 -39.712082 54.210084 91.049374 20.361754 -5.879588 18.100697 -1.301326 -9.287524 3.214589 -0.168472 -0.109156 8.350031 -2.160859 0.386531 20.280957 -1.128944 0.103093 10.435347 -2.243145 0.36816 24.460303 -3.274174 0.928942 31.671551 -5.224896 2.828946 56.841654 -1.032635 0.085197 9.629588 -3.302605 0.946583 31.978723 -2.065078 0.360421 19.377809 -2.508611 0.554 18.813988 -3.848751 1.329492 38.101753 -3.838231 1.330336 38.036558 -8.288905 -3.703672 -6.074452 -23.144311 8.672824 -11.912 -12.785699 5.85213 -4.199655 17.717484 -22.736802 3.804808 -4.406602 22.506021 2.381122 -0.010101 4.085494 -9.744263 0.000006 2.255753 -0.000009 -7.845222 -8.858928 6.619343 -7.993969 38.487856 -1.444901 1.423346 -21.898725 -8.065991 -0.000003 -0.315938 0
-0.142773 -0.361057 0.104267 -6.360315 -3.516595 -35.949549 -0.458065 1.448864 6.431392 -3.388799 2.05423 13.825329 -0.087857 -1.317185 0.258031 3.654917 4.686129 -4.307169 -0.559198 5.913711 -12.324794 0 0 0 0 0 0 2.436254 0.611548 -9.252674 20.654245 50.444443 -117.76507 -22.096183 -5.937841 -17.340477 -11.486221 2.531054 -3.697764 0.050398 -0.112372 -7.390756 2.685625 0.615552 -25.815582 1.726594 0.246685 -16.262007 4.025365 0.888167 -20.644447 -0.973583 0.840604 -30.562561 4.935749 2.467071 -53.095435 1.220418 0.121036 -11.511016 2.957645 0.755577 -28.655965 2.347142 0.464184 -22.37245 1.243028 0.065507 -15.880519 4.053898 1.519159 -41.074051 3.366919 1.000162 -33.081724 12.807951 2.333457 9.419525 20.415874 0.538605 9.69099 19.121726 3.983046 4.028004 5.45758 0.506648 12.688681 -39.759407 54.135752 91.781506 20.1758 -5.704132 17.635463 -1.291432 -8.609132 3.30641 -0.168472 -0.109156 8.350031 -2.160859 0.386531 20.280957 -1.128944 0.103093 10.435347 -2.243145 0.36816 24.460303 -3.274174 0.928942 31.671551 -5.224896 2.828946 56.841654 -1.032635 0.085197 9.629588 -3.302605 0.946583 31.978723 -2.065078 0.360421 19.377809 -2.508611 0.554 18.813988 -3.848751 1.329492 38.101753 -3.838231 1.330336 38.036558 -8.288905 -3.703672 -6.074452 -23.144311 8.672824 -11.912 -12.785699 5.85213 -4.199655 18.852814 -22.487981 3.763607 -4.402716 21.729166 2.424238 0.093727 5.669575 -3.425768 0.000006 2.255753 -0.000009 -6.19146 -9.839508 0.468677 -7.967321 41.368057 -1.315099 4.107573 -23.093182 -17.374513 -0.000003 -0.315938 0
-0.138467 -0.354353 0.103916 -6.290218 -3.59257 -41.108117 -0.04995 1.339075 6.850484 -3.189276 2.000555 14.030219 0.05056 -1.321519 0.354465 3.811092 4.893539 -4.397595 -1.029203 6.098714 -12.44584 0 0 0 0 0 0 2.436254 0.61155 -9.252674 22.22857 49.90259 -115.905458 -21.921977 -5.775397 -16.909975 -11.486555 2.55613 -3.701382 0.050398 -0.112372 -7.390756 2.685625 0.615552 -25.815582 1.726594 0.246685 -16.262007 4.025365 0.888167 -20.644447 -0.973583 0.840604 -30.562561 4.935749 2.467071 -53.095435 1.220418 0.121036 -11.511016 2.957645 0.755577 -28.655965 2.347142 0.464184 -22.37245 1.243028 0.065507 -15.880519 4.053898 1.519159 -41.074051 3.366919 1.000162 -33.081724 12.807951 2.333457 9.419525 20.415874 0.538605 9.69099 19.121726 3.983046 4.028004 5.457579 0.506648 12.688681 -37.39741 56.615367 94.706662 20.923789 -6.440844 19.553048 -1.299463 -9.142286 3.234272 -0.168472 -0.109156 8.350031 -2.160859 0.386531 20.280957 -1.128944 0.103093 10.435347 -2.243145 0.36816 24.460303 -3.274174 0.928942 31.671551 -5.224896 2.828946 56.841654 -1.032635 0.085197 9.629588 -3.302605 0.946583 31.978723 -2.065078 0.360421 19.377809 -2.508611 0.554 18.813988 -3.848751 1.329492 38.101753 -3.838231 1.330336 38.036558 -8.288905 -3.703672 -6.074452 -23.144311 8.672824 -11.912 -12.785699 5.85213 -4.199655 19.936624 -21.263412 9.021537 -4.393292 19.888937 2.485104 0.702946 6.748616 0.345897 0.000006 2.255753 -0.000009 -3.815178 -9.494785 -3.515049 -7.92695 44.756632 -1.231321 5.031346 -23.640778 -19.213992 -0.000003 -0.315938 0
-0.130552 -0.360393 0.107269 -6.351777 -3.428992 -46.758808 0.004135 1.253977 6.655799 -3.162834 1.958952 13.93504 -0.054322 -1.329578 0.305174 4.026059 4.977874 -4.484283 -1.47788 6.347991 -12.611495 0 0 0 0 0 0 2.436256 0.611549 -9.252676 22.090092 49.995633 -115.06093 -21.43203 -5.339919 -15.730026 -11.495243 3.121084 -3.782819 0.050398 -0.112372 -7.390756 2.685625 0.615552 -25.815582 1.726594 0.246685 -16.262007 4.025365 0.888167 -20.644447 -0.973583 0.840604 -30.562561 4.935749 2.467071 -53.095435 1.220418 0.121036 -11.511016 2.957645 0.755577 -28.655965 2.347142 0.464184 -22.37245 1.243028 0.065507 -15.880519 4.053898 1.519159 -41.074051 3.366919 1.000162 -33.081724 12.807951 2.333457 9.419525 20.415874 0.538605 9.69099 19.121726 3.983046 4.028004 5.457579 0.506648 12.688681 -36.258051 57.060765 95.541636 21.417371 -6.97644 20.893709 -1.307088 -9.833149 3.140531 -0.168472 -0.109156 8.350031 -2.160859 0.386531 20.280957 -1.128944 0.103093 10.435347 -2.243145 0.36816 24.460303 -3.274174 0.928942 31.671551 -5.224896 2.828946 56.841654 -1.032635 0.085197 9.629588 -3.302605 0.946583 31.978723 -2.065078 0.360421 19.377809 -2.508611 0.554 18.813988 -3.848751 1.329492 38.101753 -3.838231 1.330336 38.036558 -8.288905 -3.703672 -6.074452 -23.144311 8.672824 -11.912 -12.785699 5.85213 -4.199655 19.586902 -21.232941 15.357594 -4.395435 19.981047 2.51308 1.166416 7.266747 3.532186 0.000006 2.255753 -0.000009 -3.730452 -8.057337 -7.678669 -7.915956 45.533656 -1.232235 5.07678 -23.172087 -20.225592 -0.000003 -0.315938 0
-0.114326 -0.368122 0.112352 -6.148076 -3.619209 -53.018017 0.11482 0.755532 5.992466 -3.108722 1.715268 13.610743 -0.23074 -1.216163 0.164898 3.956151 5.065947 -4.420077 -1.272492 6.285686 -12.699029 0 0 0 0 0 0 2.436255 0.611549 -9.252674 21.114967 46.536154 -111.378718 -22.058295 -5.902119 -17.246265 -11.48615 2.525706 -3.696993 0.050398 -0.112372 -7.390756 2.685625 0.615552 -25.815582 1.726594 0.246685 -16.262007 4.025365 0.888167 -20.644447 -0.973583 0.840604 -30.562561 4.935749 2.467071 -53.095435 1.220418 0.121036 -11.511016 2.957645 0.755577 -28.655965 2.347142 0.464184 -22.37245 1.243028 0.065507 -15.880519 4.053898 1.519159 -41.074051 3.366919 1.000162 -33.081724 12.807951 2.333457 9.419525 20.415874 0.538605 9.69099 19.121726 3.983046 4.028004 5.45758 0.506649 12.688681 -36.468936 56.029777 94.293604 21.240948 -6.780106 20.40696 -1.306564 -9.774547 3.14849 -0.168472 -0.109156 8.350031 -2.160859 0.386531 20.280957 -1.128944 0.103093 10.435347 -2.243145 0.36816 24.460303 -3.274174 0.928942 31.671551 -5.224896 2.828946 56.841654 -1.032635 0.085197 9.629588 -3.302605 0.946583 31.978723 -2.065078 0.360421 19.377809 -2.508611 0.554 18.813988 -3.848751 1.329492 38.101753 -3.838231 1.330336 38.036558 -8.288905 -3.703672 -6.074452 -23.144311 8.672824 -11.912 -12.785699 5.85213 -4.199655 18.061847 -24.339275 21.138511 -4.421186 25.314736 2.381711 -1.240713 3.957807 9.489058 0.000006 2.255753 -0.000009 -7.193807 -5.416319 -3.873231 -8.004091 38.294907 -1.368827 4.334845 -23.346773 -18.212676 -0.000003 -0.315938 0
-0.097031 -0.355735 0.113794 -6.455744 -3.355222 -55.510843 -0.870062 0.878654 4.932947 -3.590219 1.775461 13.092756 -0.299105 -1.300648 -0.076076 3.932674 4.836636 -4.304776 -0.809844 6.084401 -12.637946 0 0 0 0 0 0 2.436255 0.611549 -9.252674 20.937503 44.182793 -110.197251 -22.690321 -6.525016 -18.857846 -11.480326 2.015056 -3.6232 0.050398 -0.112372 -7.390756 2.685625 0.615552 -25.815582 1.726594 0.246685 -16.262007 4.025365 0.888167 -20.644447 -0.973583 0.840604 -30.562561 4.935749 2.467071 -53.095435 1.220418 0.121036 -11.511016 2.957645 0.755577 -28.655965 2.347142 0.464184 -22.37245 1.243028 0.065507 -15.880519 4.053898 1.519159 -41.074051 3.366919 1.000162 -33.081724 12.807951 2.333457 9.419525 20.415874 0.538605 9.69099 19.121726 3.983046 4.028004 5.45758 0.506649 12.688681 -37.486787 53.165873 90.076914 21.189903 -6.724336 20.267792 -1.304757 -9.589529 3.173616 -0.168472 -0.109156 8.350031 -2.160859 0.386531 20.280957 -1.128944 0.103093 10.435347 -2.243145 0.36816 24.460303 -3.274174 0.928942 31.671551 -5.224896 2.828946 56.841654 -1.032635 0.085197 9.629588 -3.302605 0.946583 31.978723 -2.065078 0.360421 19.377809 -2.508611 0.554 18.813988 -3.848751 1.329492 38.101753 -3.838231 1.330336 38.036558 -8.288905 -3.703672 -6.074452 -23.144311 8.672824 -11.912 -12.785699 5.85213 -4.199655 15.550094 -25.790161 21.492531 -4.447063 27.733466 2.30135 -1.844676 3.75883 11.554244 0.000006 2.255753 -0.000009 -9.639037 -4.337406 -0.866127 -8.039664 34.837783 -1.470823 3.185583 -22.1055 -16.439956 -0.000003 -0.315938 0
-0.085539 -0.350139 0.115019 -6.384919 -3.131748 -58.643836 -1.246087 1.301699 5.515901 -3.774054 1.982283 13.377756 -0.194717 -1.293024 0.04984 3.909682 4.626775 -4.127753 -0.674817 6.03728 -12.374054 0 0 0 0 0 0 2.436254 0.61155 -9.252674 20.573884 43.820772 -110.525303 -23.703055 -7.662333 -21.652864 -11.47786 1.728402 -3.581722 0.050398 -0.112372 -7.390756 2.685625 0.615552 -25.815582 1.726594 0.246685 -16.262007 4.025365 0.888167 -20.644447 -0.973583 0.840604 -30.562561 4.935749 2.467071 -53.095435 1.220418 0.121036 -11.511016 2.957645 0.755577 -28.655965 2.347142 0.464184 -22.37245 1.243028 0.065507 -15.880519 4.053898 1.519159 -41.074051 3.366919 1.000162 -33.081724 12.807951 2.333457 9.419525 20.415874 0.538605 9.69099 19.121726 3.983046 4.028004 5.457579 0.506648 12.688681 -38.751086 51.19987 87.645645 20.433385 -5.948435 18.281786 -1.299529 -9.147314 3.233591 -0.168472 -0.109156 8.350031 -2.160859 0.386531 20.280957 -1.128944 0.103093 10.435347 -2.243145 0.36816 24.460303 -3.274174 0.928942 31.671551 -5.224896 2.828946 56.841654 -1.032635 0.085197 9.629588 -3.302605 0.946583 31.978723 -2.065078 0.360421 19.377809 -2.508611 0.554 18.813988 -3.848751 1.329492 38.101753 -3.838231 1.330336 38.036558 -8.288905 -3.703672 -6.074452 -23.144311 8.672824 -11.912 -12.785699 5.85213 -4.199655 12.193353 -25.943684 17.502193 -4.498376 31.887687 2.163509 -0.943856 2.603417 -1.548206 0.000006 2.255753 -0.000009 -10.172257 -4.002834 0.819771 -8.052844 34.296004 -1.502025 2.156713 -21.212914 -13.477916 -0.000003 -0.315938 0
-0.086499 -0.353132 0.119029 -6.457745 -3.108759 -61.602389 -1.597383 1.05068 6.011028 -3.945799 1.859562 13.619818 0.120816 -1.180687 0.151229 3.699475 4.349928 -3.876502 -0.051109 6.184912 -12.071948 0 0 0 0 0 0 2.436255 0.611549 -9.252674 19.651645 48.812364 -114.96127 -23.625059 -7.567615 -21.426326 -11.479892 1.969097 -3.616554 0.050398 -0.112372 -7.390756 2.685625 0.615552 -25.815582 1.726594 0.246685 -16.262007 4.025365 0.888167 -20.644447 -0.973583 0.840604 -30.562561 4.935749 2.467071 -53.095435 1.220418 0.121036 -11.511016 2.957645 0.755577 -28.655965 2.347142 0.464184 -22.37245 1.243028 0.065507 -15.880519 4.053898 1.519159 -41.074051 3.366919 1.000162 -33.081724 12.807951 2.333457 9.419525 20.415874 0.538605 9.69099 19.121726 3.983046 4.028004 5.457579 0.506649 12.688681 -38.639131 52.599941 88.639663 20.238023 -5.770801 17.795855 -1.300138 -9.193753 3.227298 -0.168472 -0.109156 8.350031 -2.160859 0.386531 20.280957 -1.128944 0.103093 10.435347 -2.243145 0.36816 24.460303 -3.274174 0.928942 31.671551 -5.224896 2.828946 56.841654 -1.032635 0.085197 9.629588 -3.302605 0.946583 31.978723 -2.065078 0.360421 19.377809 -2.508611 0.554 18.813988 -3.848751 1.329492 38.101753 -3.838231 1.330336 38.036558 -8.288905 -3.703672 -6.074452 -23.144311 8.672824 -11.912 -12.785699 5.85213 -4.199655 12.407376 -22.559294 7.795822 -4.412076 24.017404 2.344427 0.93006 -0.067878 -14.720736 0.000006 2.255753 -0.000009 -9.284053 -4.791637 3.199392 -8.024763 35.476554 -1.478325 1.900458 -22.080267 -10.620961 -0.000003 -0.315938 0
-0.09223 -0.350063 0.123061 -6.316927 -2.926409 -62.382765 -1.461125 0.964669 5.748905 -3.879184 1.817512 13.491669 -0.117204 -1.168309 0.083926 3.657534 4.507409 -3.77177 0.127346 6.268094 -11.937108 0 0 0 0 0 0 2.436255 0.61155 -9.252675 20.335081 51.877629 -118.126849 -22.856683 -6.699258 -19.297515 -11.49569 3.146766 -3.786514 0.050398 -0.112372 -7.390756 2.685625 0.615552 -25.815582 1.726594 0.246685 -16.262007 4.025365 0.888167 -20.644447 -0.973583 0.840604 -30.562561 4.935749 2.467071 -53.095435 1.220418 0.121036 -11.511016 2.957645 0.755577 -28.655965 2.347142 0.464184 -22.37245 1.243028 0.065507 -15.880519 4.053898 1.519159 -41.074051 3.366919 1.000162 -33.081724 12.807951 2.333457 9.419525 20.415874 0.538605 9.69099 19.121726 3.983046 4.028004 5.457579 0.506649 12.688681 -40.561811 51.884649 88.084426 19.894887 -5.448083 16.945724 -1.295762 -8.881091 3.269639 -0.168472 -0.109156 8.350031 -2.160859 0.386531 20.280957 -1.128944 0.103093 10.435347 -2.243145 0.36816 24.460303 -3.274174 0.928942 31.671551 -5.224896 2.828946 56.841654 -1.032635 0.085197 9.629588 -3.302605 0.946583 31.978723 -2.065078 0.360421 19.377809 -2.508611 0.554 18.813988 -3.848751 1.329492 38.101753 -3.838231 1.330336 38.036558 -8.288905 -3.703672 -6.074452 -23.144311 8.672824 -11.912 -12.785699 5.85213 -4.199655 13.396957 -20.374051 7.746819 -4.405558 22.207511 2.384829 0.462897 2.048822 -13.863616 0.000006 2.255753 -0.000009 -8.615997 -4.043821 4.765082 -8.026754 35.197439 -1.488237 1.901688 -22.047842 -10.577672 -0.000003 -0.315938 0
-0.10019 -0.34728 0.123685 -6.15036 -3.069163 -62.566416 -1.252096 0.757768 5.887079 -3.776991 1.716361 13.559221 -0.038096 -1.195481 0.120811 3.723063 4.475172 -3.838746 0.034489 6.166803 -12.032895 0 0 0 0 0 0 2.436254 0.61155 -9.252674 20.398666 52.135079 -118.671041 -22.692785 -6.527612 -18.864347 -11.4935 3.018489 -3.76805 0.050398 -0.112372 -7.390756 2.685625 0.615552 -25.815582 1.726594 0.246685 -16.262007 4.025365 0.888167 -20.644447 -0.973583 0.840604 -30.562561 4.935749 2.467071 -53.095435 1.220418 0.121036 -11.511016 2.957645 0.755577 -28.655965 2.347142 0.464184 -22.37245 1.243028 0.065507 -15.880519 4.053898 1.519159 -41.074051 3.366919 1.000162 -33.081724 12.807951 2.333457 9.419525 20.415874 0.538605 9.69099 19.121726 3.983046 4.028004 5.45758 0.506649 12.688681 -40.094129 56.054154 91.727575 19.684387 -5.262973 16.438619 -1.288716 -8.452311 3.327586 -0.168472 -0.109156 8.350031 -2.160859 0.386531 20.280957 -1.128944 0.103093 10.435347 -2.243145 0.36816 24.460303 -3.274174 0.928942 31.671551 -5.224896 2.828946 56.841654 -1.032635 0.085197 9.629588 -3.302605 0.946583 31.978723 -2.065078 0.360421 19.377809 -2.508611 0.554 18.813988 -3.848751 1.329492 38.101753 -3.838231 1.330336 38.036558 -8.288905 -3.703672 -6.074452 -23.144311 8.672824 -11.912 -12.785699 5.85213 -4.199655 14.314024 -19.620576 7.046492 -4.39601 20.315284 2.431926 0.273824 2.721316 -13.032047 0.000006 2.255753 -0.000009 -7.724245 -4.556706 5.739395 -8.025209 35.425026 -1.495628 1.931816 -21.726096 -11.012498 -0.000003 -0.315938 0
-0.110036 -0.344874 0.121287 -6.018167 -3.19487 -62.746805 -1.186368 0.994737 5.978139 -3.744858 1.832212 13.603739 -0.056628 -1.249975 0.143252 3.700394 4.491324 -3.858109 0.156662 5.995704 -12.069195 0 0 0 0 0 0 2.436254 0.611549 -9.252675 20.187014 51.582249 -118.557807 -22.673373 -6.505266 -18.811925 -11.49402 3.049766 -3.77255 0.050398 -0.112372 -7.390756 2.685625 0.615552 -25.815582 1.726594 0.246685 -16.262007 4.025365 0.888167 -20.644447 -0.973583 0.840604 -30.562561 4.935749 2.467071 -53.095435 1.220418 0.121036 -11.511016 2.957645 0.755577 -28.655965 2.347142 0.464184 -22.37245 1.243028 0.065507 -15.880519 4.053898 1.519159 -41.074051 3.366919 1.000162 -33.081724 12.807951 2.333457 9.419525 20.415874 0.538605 9.69099 19.121726 3.983046 4.028004 5.457579 0.506649 12.688681 -39.552462 56.492088 92.297837 19.908045 -5.459825 16.977592 -1.294764 -8.815712 3.278486 -0.168472 -0.109156 8.350031 -2.160859 0.386531 20.280957 -1.128944 0.103093 10.435347 -2.243145 0.36816 24.460303 -3.274174 0.928942 31.671551 -5.224896 2.828946 56.841654 -1.032635 0.085197 9.629588 -3.302605 0.946583 31.978723 -2.065078 0.360421 19.377809 -2.508611 0.554 18.813988 -3.848751 1.329492 38.101753 -3.838231 1.330336 38.036558 -8.288905 -3.703672 -6.074452 -23.144311 8.672824 -11.912 -12.785699 5.85213 -4.199655 15.653173 -20.886884 5.846481 -4.404745 22.012268 2.391433 0.126658 2.936377 -10.683123 0.000006 2.255753 -0.000009 -6.76448 -4.988897 6.094027 -8.020888 35.514197 -1.487296 1.743074 -21.311751 -10.637566 -0.000003 -0.315938 0
-0.116363 -0.342949 0.115909 -6.144974 -3.320097 -64.913102 -1.009746 1.529322 5.699665 -3.658509 2.093565 13.467597 -0.236707 -1.348013 0.102634 3.538718 4.563422 -4.514846 -0.025525 6.086517 -11.786014 0 0 0 0 0 0 2.436255 0.611549 -9.252675 20.495842 52.772197 -119.454012 -22.500989 -6.33216 -18.365743 -11.4989 3.323666 -3.811958 0.050398 -0.112372 -7.390756 2.685625 0.615552 -25.815582 1.726594 0.246685 -16.262007 4.025365 0.888167 -20.644447 -0.973583 0.840604 -30.562561 4.935749 2.467071 -53.095435 1.220418 0.121036 -11.511016 2.957645 0.755577 -28.655965 2.347142 0.464184 -22.37245 1.243028 0.065507 -15.880519 4.053898 1.519159 -41.074051 3.366919 1.000162 -33.081724 12.807951 2.333457 9.419525 20.415874 0.538605 9.69099 19.121726 3.983046 4.028004 5.457579 0.506649 12.688681 -37.295814 56.827192 93.40096 21.30669 -6.852638 20.587399 -1.307292 -9.856585 3.137346 -0.168472 -0.109156 8.350031 -2.160859 0.386531 20.280957 -1.128944 0.103093 10.435347 -2.243145 0.36816 24.460303 -3.274174 0.928942 31.671551 -5.224896 2.828946 56.841654 -1.032635 0.085197 9.629588 -3.302605 0.946583 31.978723 -2.065078 0.360421 19.377809 -2.508611 0.554 18.813988 -3.848751 1.329492 38.101753 -3.838231 1.330336 38.036558 -8.288905 -3.703672 -6.074452 -23.144311 8.672824 -11.912 -12.785699 5.85213 -4.199655 16.332187 -21.676091 9.027425 -4.408093 23.011922 2.356715 -0.027414 2.854895 -8.795861 0.000006 2.255753 -0.000009 -6.29079 -6.842127 7.181304 -8.016219 36.176131 -1.487728 1.206044 -20.893789 -8.033293 -0.000003 -0.315938 0
-0.11912 -0.340543 0.103499 -6.550546 -4.020633 -70.907404 -0.757362 1.402828 5.241488 -3.535121 2.031723 13.243599 -0.363411 -1.466529 -0.001097 3.52463 4.935216 -4.992475 -0.636593 6.835671 -12.395574 0 0 0 0 0 0 2.436255 0.61155 -9.252673 17.982677 54.528833 -119.710921 -22.109959 -5.950891 -17.374776 -11.489763 2.782128 -3.733989 0.050398 -0.112372 -7.390756 2.685625 0.615552 -25.815582 1.726594 0.246685 -16.262007 4.025365 0.888167 -20.644447 -0.973583 0.840604 -30.562561 4.935749 2.467071 -53.095435 1.220418 0.121036 -11.511016 2.957645 0.755577 -28.655965 2.347142 0.464184 -22.37245 1.243028 0.065507 -15.880519 4.053898 1.519159 -41.074051 3.366919 1.000162 -33.081724 12.807951 2.333457 9.419525 20.415874 0.538605 9.69099 19.121726 3.983046 4.028004 5.457579 0.506649 12.688682 -35.373141 59.019929 96.535759 22.300076 -8.054752 23.480117 -1.310083 -10.235261 3.085872 -0.168472 -0.109156 8.350031 -2.160859 0.386531 20.280957 -1.128944 0.103093 10.435347 -2.243145 0.36816 24.460303 -3.274174 0.928942 31.671551 -5.224896 2.828946 56.841654 -1.032635 0.085197 9.629588 -3.302605 0.946583 31.978723 -2.065078 0.360421 19.377809 -2.508611 0.554 18.813988 -3.848751 1.329492 38.101753 -3.838231 1.330336 38.036558 -8.288905 -3.703672 -6.074452 -23.144311 8.672824 -11.912 -12.785699 5.85213 -4.199655 16.017227 -22.523986 12.85854 -4.407956 23.134819 2.347887 -0.386373 3.577551 -1.944692 0.000006 2.255753 -0.000009 -6.033403 -9.835432 1.331415 -8.007863 37.323008 -1.424336 2.838549 -21.602458 -15.388734 -0.000003 -0.315938 0
-0.118577 -0.343625 0.097211 -6.452965 -3.759478 -77.108483 -0.085277 1.059104 5.653671 -3.206547 1.86368 13.44511 -0.061391 -1.356849 0.098524 3.603606 5.189092 -5.029769 -1.004986 6.497452 -12.517545 0 0 0 0 0 0 2.436255 0.611549 -9.252674 19.769791 52.262515 -116.66575 -22.124971 -5.965156 -17.412328 -11.492208 2.939444 -3.756662 0.050398 -0.112372 -7.390756 2.685625 0.615552 -25.815582 1.726594 0.246685 -16.262007 4.025365 0.888167 -20.644447 -0.973583 0.840604 -30.562561 4.935749 2.467071 -53.095435 1.220418 0.121036 -11.511016 2.957645 0.755577 -28.655965 2.347142 0.464184 -22.37245 1.243028 0.065507 -15.880519 4.053898 1.519159 -41.074051 3.366919 1.000162 -33.081724 12.807951 2.333457 9.419525 20.415874 0.538605 9.69099 19.121726 3.983046 4.028004 5.45758 0.506649 12.688681 -35.830807 59.270849 96.361524 21.929615 -7.58091 22.361258 -1.30753 -9.88441 3.133567 -0.168472 -0.109156 8.350031 -2.160859 0.386531 20.280957 -1.128944 0.103093 10.435347 -2.243145 0.36816 24.460303 -3.274174 0.928942 31.671551 -5.224896 2.828946 56.841654 -1.032635 0.085197 9.629588 -3.302605 0.946583 31.978723 -2.065078 0.360421 19.377809 -2.508611 0.554 18.813988 -3.848751 1.329492 38.101753 -3.838231 1.330336 38.036558 -8.288905 -3.703672 -6.074452 -23.144311 8.672824 -11.912 -12.785699 5.85213 -4.199655 17.647685 -19.551865 16.838318 -4.38695 19.909188 2.404914 -0.173419 3.662904 4.305955 0.000006 2.255753 -0.000009 -3.177334 -11.333025 -3.835754 -7.918041 45.22564 -1.276824 3.386946 -21.407648 -17.441607 -0.000003 -0.315938 0
-0.111193 -0.354207 0.083382 -6.076491 -3.592415 -81.523447 0.220686 0.206868 5.091259 -3.056965 1.447032 13.170153 -0.509465 -1.339216 -0.045974 3.831215 5.023838 -4.934149 -0.946857 6.560607 -12.423539 0 0 0 0 0 0 2.436254 0.611549 -9.252674 20.509436 50.301993 -114.250708 -22.044268 -5.888995 -17.211523 -11.488786 2.715904 -3.724437 0.050398 -0.112372 -7.390756 2.685625 0.615552 -25.815582 1.726594 0.246685 -16.262007 4.025365 0.888167 -20.644447 -0.973583 0.840604 -30.562561 4.935749 2.467071 -53.095435 1.220418 0.121036 -11.511016 2.957645 0.755577 -28.655965 2.347142 0.464184 -22.37245 1.243028 0.065507 -15.880519 4.053898 1.519159 -41.074051 3.366919 1.000162 -33.081724 12.807951 2.333457 9.419525 20.415874 0.538605 9.69099 19.121726 3.983046 4.028004 5.45758 0.506648 12.68868 -37.155723 57.553175 93.289581 21.77569 -7.393617 21.911236 -1.309049 -10.079273 3.107081 -0.168472 -0.109156 8.350031 -2.160859 0.386531 20.280957 -1.128944 0.103093 10.435347 -2.243145 0.36816 24.460303 -3.274174 0.928942 31.671551 -5.224896 2.828946 56.841654 -1.032635 0.085197 9.629588 -3.302605 0.946583 31.978723 -2.065078 0.360421 19.377809 -2.508611 0.554 18.813988 -3.848751 1.329492 38.101753 -3.838231 1.330336 38.036558 -8.288905 -3.703672 -6.074452 -23.144311 8.672824 -11.912 -12.785699 5.85213 -4.199655 17.582675 -21.651096 17.416561 -4.41118 23.576221 2.367252 -1.686117 2.898648 11.221161 0.000006 2.255753 -0.000009 -4.842342 -8.28148 -3.78532 -7.958555 42.096024 -1.354968 2.4917 -21.983356 -12.939057 -0.000003 -0.315938 0
-0.101118 -0.349249 0.057598 -5.993764 -3.689862 -84.928968 -0.384803 -0.088287 4.669272 -3.352982 1.302734 12.963849 -0.455928 -1.332386 -0.133273 3.8428 4.901208 -4.821483 -0.869462 6.385087 -12.368582 0 0 0 0 0 0 2.436254 0.611548 -9.252674 22.365927 45.962593 -111.2079 -22.708577 -6.543899 -18.905776 -11.479776 1.956344 -3.614706 0.050398 -0.112372 -7.390756 2.685625 0.615552 -25.815582 1.726594 0.246685 -16.262007 4.025365 0.888167 -20.644447 -0.973583 0.840604 -30.562561 4.935749 2.467071 -53.095435 1.220418 0.121036 -11.511016 2.957645 0.755577 -28.655965 2.347142 0.464184 -22.37245 1.243028 0.065507 -15.880519 4.053898 1.519159 -41.074051 3.366919 1.000162 -33.081724 12.807951 2.333457 9.419525 20.415874 0.538605 9.69099 19.121726 3.983046 4.028004 5.45758 0.506648 12.688681 -37.973128 57.029541 92.128712 21.137431 -6.667523 20.125416 -1.306306 -9.746621 3.152285 -0.168472 -0.109156 8.350031 -2.160859 0.386531 20.280957 -1.128944 0.103093 10.435347 -2.243145 0.36816 24.460303 -3.274174 0.928942 31.671551 -5.224896 2.828946 56.841654 -1.032635 0.085197 9.629588 -3.302605 0.946583 31.978723 -2.065078 0.360421 19.377809 -2.508611 0.554 18.813988 -3.848751 1.329492 38.101753 -3.838231 1.330336 38.036558 -8.288905 -3.703672 -6.074452 -23.144311 8.672824 -11.912 -12.785699 5.85213 -4.199655 14.946724 -23.080346 18.343521 -4.426245 26.292707 2.220706 -4.150428 1.145079 13.774694 0.000006 2.255753 -0.000009 -9.278987 -5.360894 2.68126 -8.042474 34.399291 -1.492905 2.464929 -21.833614 -13.551484 -0.000003 -0.315938 0
-0.098153 -0.349297 0.042008 -6.244069 -3.627296 -87.04696 -0.802379 0.603318 5.183381 -3.55713 1.640852 13.215191 -0.246138 -1.438258 -0.005479 3.744214 4.923178 -4.783906 -0.947473 6.123114 -12.387119 0 0 0 0 0 0 2.436254 0.611549 -9.252675 20.216952 47.764346 -114.163149 -23.825478 -7.813344 -22.011941 -11.47645 1.523763 -3.55209 0.050398 -0.112372 -7.390756 2.685625 0.615552 -25.815582 1.726594 0.246685 -16.262007 4.025365 0.888167 -20.644447 -0.973583 0.840604 -30.562561 4.935749 2.467071 -53.095435 1.220418 0.121036 -11.511016 2.957645 0.755577 -28.655965 2.347142 0.464184 -22.37245 1.243028 0.065507 -15.880519 4.053898 1.519159 -41.074051 3.366919 1.000162 -33.081724 12.807951 2.333457 9.419525 20.415874 0.538605 9.69099 19.121726 3.983046 4.028004 5.457579 0.506649 12.688681 -38.653418 56.451206 91.895942 20.675956 -6.18733 18.903657 -1.297499 -8.999823 3.253568 -0.168472 -0.109156 8.350031 -2.160859 0.386531 20.280957 -1.128944 0.103093 10.435347 -2.243145 0.36816 24.460303 -3.274174 0.928942 31.671551 -5.224896 2.828946 56.841654 -1.032635 0.085197 9.629588 -3.302605 0.946583 31.978723 -2.065078 0.360421 19.377809 -2.508611 0.554 18.813988 -3.848751 1.329492 38.101753 -3.838231 1.330336 38.036558 -8.288905 -3.703672 -6.074452 -23.144311 8.672824 -11.912 -12.785699 5.85213 -4.199655 12.002961 -24.24401 15.605942 -4.486967 30.916348 2.165393 -1.299736 1.981953 0.077699 0.000006 2.255753 -0.000009 -10.643752 -4.704811 3.735143 -8.062546 33.116809 -1.539809 1.73929 -21.07962 -11.335464 -0.000003 -0.315938 0
-0.096657 -0.350684 0.037355 -6.315736 -3.947135 -89.948647 -1.813444 0.678394 6.367097 -4.051428 1.677556 13.793896 0.275317 -1.330317 0.255735 3.773433 4.830195 -4.675225 -0.71977 6.070186 -12.257997 0 0 0 0 0 0 2.436255 0.61155 -9.252674 19.90222 50.809259 -117.301174 -23.945459 -7.964718 -22.369446 -11.479881 1.967956 -3.616388 0.050398 -0.112372 -7.390756 2.685625 0.615552 -25.815582 1.726594 0.246685 -16.262007 4.025365 0.888167 -20.644447 -0.973583 0.840604 -30.562561 4.935749 2.467071 -53.095435 1.220418 0.121036 -11.511016 2.957645 0.755577 -28.655965 2.347142 0.464184 -22.37245 1.243028 0.065507 -15.880519 4.053898 1.519159 -41.074051 3.366919 1.000162 -33.081724 12.807951 2.333457 9.419525 20.415874 0.538605 9.69099 19.121726 3.983046 4.028004 5.45758 0.506648 12.688681 -37.335562 56.451343 92.543311 20.618488 -6.134593 18.758319 -1.302152 -9.355684 3.205343 -0.168472 -0.109156 8.350031 -2.160859 0.386531 20.280957 -1.128944 0.103093 10.435347 -2.243145 0.36816 24.460303 -3.274174 0.928942 31.671551 -5.224896 2.828946 56.841654 -1.032635 0.085197 9.629588 -3.302605 0.946583 31.978723 -2.065078 0.360421 19.377809 -2.508611 0.554 18.813988 -3.848751 1.329492 38.101753 -3.838231 1.330336 38.036558 -8.288905 -3.703672 -6.074452 -23.144311 8.672824 -11.912 -12.785699 5.85213 -4.199655 12.78046 -25.573761 8.901399 -4.481631 30.604129 2.1812 0.743908 -3.623686 -11.829418 0.000006 2.255753 -0.000009 -11.328276 -5.118848 6.342464 -8.058211 33.330967 -1.538642 1.288975 -20.834131 -8.830651 -0.000003 -0.315938 0
-0.09338 -0.353404 0.039399 -6.586744 -3.761493 -91.628583 -1.597616 0.780194 6.021524 -3.945912 1.727325 13.62495 -0.102723 -1.282278 0.159187 3.509753 4.625285 -4.304694 0.237063 6.277659 -11.751098 0 0 0 0 0 0 2.436254 0.611549 -9.252674 18.922405 54.698518 -121.088882 -22.378314 -6.210205 -18.05144 -11.485739 2.494287 -3.692457 0.050398 -0.112372 -7.390756 2.685625 0.615552 -25.815582 1.726594 0.246685 -16.262007 4.025365 0.888167 -20.644447 -0.973583 0.840604 -30.562561 4.935749 2.467071 -53.095435 1.220418 0.121036 -11.511016 2.957645 0.755577 -28.655965 2.347142 0.464184 -22.37245 1.243028 0.065507 -15.880519 4.053898 1.519159 -41.074051 3.366919 1.000162 -33.081724 12.807951 2.333457 9.419525 20.415874 0.538605 9.69099 19.121726 3.983046 4.028004 5.45758 0.506648 12.688681 -38.315696 54.125848 90.938366 20.769823 -6.282157 19.147795 -1.304654 -9.57947 3.174978 -0.168472 -0.109156 8.350031 -2.160859 0.386531 20.280957 -1.128944 0.103093 10.435347 -2.243145 0.36816 24.460303 -3.274174 0.928942 31.671551 -5.224896 2.828946 56.841654 -1.032635 0.085197 9.629588 -3.302605 0.946583 31.978723 -2.065078 0.360421 19.377809 -2.508611 0.554 18.813988 -3.848751 1.329492 38.101753 -3.838231 1.330336 38.036558 -8.288905 -3.703672 -6.074452 -23.144311 8.672824 -11.912 -12.785699 5.85213 -4.199655 14.823622 -23.379397 7.792871 -4.419009 25.168391 2.317864 0.399727 1.92255 -13.034073 0.000006 2.255753 -0.000009 -10.337994 -5.271747 7.370821 -8.034143 34.703547 -1.516546 1.122084 -21.420647 -7.026256 -0.000003 -0.315938 0
-0.092945 -0.341146 0.043611 -6.511384 -3.377307 -91.734904 -1.126657 0.529831 5.576537 -3.715666 1.604925 13.407401 -0.136658 -1.257523 0.067951 3.591524 4.638824 -4.304521 -0.12134 6.356363 -11.667262 0 0 0 0 0 0 2.436255 0.611549 -9.252674 20.377604 53.120148 -119.484922 -22.068506 -5.911828 -17.271865 -11.486991 2.588619 -3.706072 0.050398 -0.112372 -7.390756 2.685625 0.615552 -25.815582 1.726594 0.246685 -16.262007 4.025365 0.888167 -20.644447 -0.973583 0.840604 -30.562561 4.935749 2.467071 -53.095435 1.220418 0.121036 -11.511016 2.957645 0.755577 -28.655965 2.347142 0.464184 -22.37245 1.243028 0.065507 -15.880519 4.053898 1.519159 -41.074051 3.366919 1.000162 -33.081724 12.807951 2.333457 9.419525 20.415874 0.538605 9.69099 19.121726 3.983046 4.028004 5.457579 0.506648 12.688681 -39.377824 57.086356 93.443765 20.362174 -5.879965 18.101787 -1.298675 -9.083929 3.242176 -0.168472 -0.109156 8.350031 -2.160859 0.386531 20.280957 -1.128944 0.103093 10.435347 -2.243145 0.36816 24.460303 -3.274174 0.928942 31.671551 -5.224896 2.828946 56.841654 -1.032635 0.085197 9.629588 -3.302605 0.946583 31.978723 -2.065078 0.360421 19.377809 -2.508611 0.554 18.813988 -3.848751 1.329492 38.101753 -3.838231 1.330336 38.036558 -8.288905 -3.703672 -6.074452 -23.144311 8.672824 -11.912 -12.785699 5.85213 -4.199655 15.528188 -22.744096 7.760312 -4.408608 24.175934 2.351163 0.344935 2.863001 -13.506471 0.000006 2.255753 -0.000009 -9.408544 -5.073387 8.462332 -8.038481 34.292524 -1.516709 1.206078 -21.267246 -7.663801 -0.000003 -0.315938 0
-0.093519 -0.347462 0.047561 -6.563092 -3.373986 -91.807401 -1.13002 0.58385 5.837219 -3.71731 1.631334 13.534845 -0.101544 -1.283849 0.124712 3.619066 4.661371 -4.351912 -0.043217 6.459483 -11.733994 0 0 0 0 0 0 2.436255 0.61155 -9.252675 20.98255 51.54217 -118.273751 -22.386063 -6.217702 -18.070917 -11.483847 2.342096 -3.670478 0.050398 -0.112372 -7.390756 2.685625 0.615552 -25.815582 1.726594 0.246685 -16.262007 4.025365 0.888167 -20.644447 -0.973583 0.840604 -30.562561 4.935749 2.467071 -53.095435 1.220418 0.121036 -11.511016 2.957645 0.755577 -28.655965 2.347142 0.464184 -22.37245 1.243028 0.065507 -15.880519 4.053898 1.519159 -41.074051 3.366919 1.000162 -33.081724 12.807951 2.333457 9.419525 20.415874 0.538605 9.69099 19.121726 3.983046 4.028004 5.45758 0.506648 12.688681 -39.512043 57.641762 93.493672 19.738076 -5.309612 16.567148 -1.28792 -8.408156 3.33355 -0.168472 -0.109156 8.350031 -2.160859 0.386531 20.280957 -1.128944 0.103093 10.435347 -2.243145 0.36816 24.460303 -3.274174 0.928942 31.671551 -5.224896 2.828946 56.841654 -1.032635 0.085197 9.629588 -3.302605 0.946583 31.978723 -2.065078 0.360421 19.377809 -2.508611 0.554 18.813988 -3.848751 1.329492 38.101753 -3.838231 1.330336 38.036558 -8.288905 -3.703672 -6.074452 -23.144311 8.672824 -11.912 -12.785699 5.85213 -4.199655 16.021825 -22.638211 8.364169 -4.412636 23.960461 2.346319 0.347937 2.491432 -13.290806 0.000006 2.255753 -0.000009 -8.956278 -5.521601 8.082965 -8.028576 35.092678 -1.508087 1.136598 -21.560294 -7.00452 -0.000003 -0.315938 0
-0.095236 -0.348782 0.053136 -6.714031 -3.667013 -92.25591 -1.405768 0.99316 5.627414 -3.85212 1.831441 13.432274 -0.293235 -1.368682 0.068355 3.627974 4.695375 -4.390946 -0.072313 6.293083 -11.840155 0 0 0 0 0 0 2.436255 0.61155 -9.252675 19.167067 52.769325 -119.807787 -22.676225 -6.501559 -18.814858 -11.481066 2.090116 -3.634056 0.050398 -0.112372 -7.390756 2.685625 0.615552 -25.815582 1.726594 0.246685 -16.262007 4.025365 0.888167 -20.644447 -0.973583 0.840604 -30.562561 4.935749 2.467071 -53.095435 1.220418 0.121036 -11.511016 2.957645 0.755577 -28.655965 2.347142 0.464184 -22.37245 1.243028 0.065507 -15.880519 4.053898 1.519159 -41.074051 3.366919 1.000162 -33.081724 12.807951 2.333457 9.419525 20.415874 0.538605 9.69099 19.121726 3.983046 4.028004 5.457579 0.506649 12.688681 -37.964934 57.248525 92.886274 20.277004 -5.798962 17.887702 -1.297232 -8.981173 3.256092 -0.168472 -0.109156 8.350031 -2.160859 0.386531 20.280957 -1.128944 0.103093 10.435347 -2.243145 0.36816 24.460303 -3.274174 0.928942 31.671551 -5.224896 2.828946 56.841654 -1.032635 0.085197 9.629588 -3.302605 0.946583 31.978723 -2.065078 0.360421 19.377809 -2.508611 0.554 18.813988 -3.848751 1.329492 38.101753 -3.838231 1.330336 38.036558 -8.288905 -3.703672 -6.074452 -23.144311 8.672824 -11.912 -12.785699 5.85213 -4.199655 16.286169 -23.12025 7.889862 -4.419687 25.294925 2.313857 0.160979 2.583925 -11.300116 0.000006 2.255753 -0.000009 -9.120242 -5.471899 8.877887 -8.029759 35.173942 -1.508544 1.083435 -21.416523 -6.796377 -0.000003 -0.315938 0
-0.102975 -0.348484 0.056824 -6.056818 -3.974925 -94.862094 -1.478386 0.874408 5.571804 -3.887622 1.773385 13.405086 -0.257832 -1.400583 0.058964 3.674987 4.806922 -4.631581 -0.706962 6.303811 -12.215169 0 0 0 0 0 0 2.436254 0.611549 -9.252674 18.409941 53.614704 -120.409656 -22.803595 -6.652938 -19.163101 -11.47849 1.80842 -3.593305 0.050398 -0.112372 -7.390756 2.685625 0.615552 -25.815582 1.726594 0.246685 -16.262007 4.025365 0.888167 -20.644447 -0.973583 0.840604 -30.562561 4.935749 2.467071 -53.095435 1.220418 0.121036 -11.511016 2.957645 0.755577 -28.655965 2.347142 0.464184 -22.37245 1.243028 0.065507 -15.880519 4.053898 1.519159 -41.074051 3.366919 1.000162 -33.081724 12.807951 2.333457 9.419525 20.415874 0.538605 9.69099 19.121726 3.983046 4.028004 5.45758 0.506648 12.688681 -36.909339 58.970364 95.829063 20.882432 -6.39789 19.443703 -1.303046 -9.432123 3.194978 -0.168472 -0.109156 8.350031 -2.160859 0.386531 20.280957 -1.128944 0.103093 10.435347 -2.243145 0.36816 24.460303 -3.274174 0.928942 31.671551 -5.224896 2.828946 56.841654 -1.032635 0.085197 9.629588 -3.302605 0.946583 31.978723 -2.065078 0.360421 19.377809 -2.508611 0.554 18.813988 -3.848751 1.329492 38.101753 -3.838231 1.330336 38.036558 -8.288905 -3.703672 -6.074452 -23.144311 8.672824 -11.912 -12.785699 5.85213 -4.199655 16.053896 -24.96009 9.475071 -4.429719 26.320314 2.291613 -0.201895 2.652292 -7.672388 0.000006 2.255753 -0.000009 -8.950094 -7.430233 8.22488 -8.038809 34.433861 -1.528121 0.416876 -22.207687 -3.031142 -0.000003 -0.315938 0
-0.109338 -0.348671 0.063551 -6.143542 -3.530529 -99.214931 -0.535451 1.257379 5.332648 -3.426632 1.960615 13.288166 -0.339669 -1.489419 0.016745 3.826412 4.977806 -4.721907 -0.440027 6.05023 -12.4469 0 0 0 0 0 0 2.436255 0.611549 -9.252674 17.400857 54.47447 -120.710117 -22.995713 -6.84844 -19.670364 -11.473745 0.649716 -3.425438 0.050398 -0.112372 -7.390756 2.685625 0.615552 -25.815582 1.726594 0.246685 -16.262007 4.025365 0.888167 -20.644447 -0.973583 0.840604 -30.562561 4.935749 2.467071 -53.095435 1.220418 0.121036 -11.511016 2.957645 0.755577 -28.655965 2.347142 0.464184 -22.37245 1.243028 0.065507 -15.880519 4.053898 1.519159 -41.074051 3.366919 1.000162 -33.081724 12.807951 2.333457 9.419525 20.415874 0.538605 9.69099 19.121726 3.983046 4.028004 5.457579 0.506648 12.688681 -33.080588 61.171573 97.791545 22.129748 -7.832054 22.958534 -1.309306 -10.116014 3.102084 -0.168472 -0.109156 8.350031 -2.160859 0.386531 20.280957 -1.128944 0.103093 10.435347 -2.243145 0.36816 24.460303 -3.274174 0.928942 31.671551 -5.224896 2.828946 56.841654 -1.032635 0.085197 9.629588 -3.302605 0.946583 31.978723 -2.065078 0.360421 19.377809 -2.508611 0.554 18.813988 -3.848751 1.329492 38.101753 -3.838231 1.330336 38.036558 -8.288905 -3.703672 -6.074452 -23.144311 8.672824 -11.912 -12.785699 5.85213 -4.199655 17.710838 -23.652462 13.405344 -4.411055 23.663698 2.360755 -0.205974 4.272868 -3.849621 0.000006 2.255753 -0.000009 -5.24426 -9.66622 -0.234474 -7.992875 39.086211 -1.375271 3.141796 -23.188711 -14.072684 -0.000003 -0.315938 0
-0.11725 -0.350778 0.066172 -6.352314 -3.426068 -106.4715 0.047444 1.0472 5.538471 -3.141661 1.857861 13.38879 -0.301676 -1.270598 0.064481 3.824893 4.945653 -4.67961 -0.393206 6.183514 -12.430952 0 0 0 0 0 0 2.436254 0.611549 -9.252677 19.911466 52.016159 -117.792402 -22.873927 -6.71754 -19.343437 -11.474356 1.063175 -3.485365 0.050398 -0.112372 -7.390756 2.685625 0.615552 -25.815582 1.726594 0.246685 -16.262007 4.025365 0.888167 -20.644447 -0.973583 0.840604 -30.562561 4.935749 2.467071 -53.095435 1.220418 0.121036 -11.511016 2.957645 0.755577 -28.655965 2.347142 0.464184 -22.37245 1.243028 0.065507 -15.880519 4.053898 1.519159 -41.074051 3.366919 1.000162 -33.081724 12.807951 2.333457 9.419525 20.415874 0.538605 9.69099 19.121726 3.983046 4.028004 5.45758 0.506649 12.688679 -34.26528 60.002365 96.972257 21.610829 -7.198517 21.438109 -1.306699 -9.789494 3.146461 -0.168472 -0.109156 8.350031 -2.160859 0.386531 20.280957 -1.128944 0.103093 10.435347 -2.243145 0.36816 24.460303 -3.274174 0.928942 31.671551 -5.224896 2.828946 56.841654 -1.032635 0.085197 9.629588 -3.302605 0.946583 31.978723 -2.065078 0.360421 19.377809 -2.508611 0.554 18.813988 -3.848751 1.329492 38.101753 -3.838231 1.330336 38.036558 -8.288905 -3.703672 -6.074452 -23.144311 8.672824 -11.912 -12.785699 5.85213 -4.199655 18.843882 -22.773211 18.010898 -4.408611 22.910812 2.400652 -0.648012 3.439595 4.246652 0.000006 2.255753 -0.000009 -2.46559 -10.404032 -6.721792 -7.90514 46.382436 -1.245995 3.977538 -22.639276 -17.601629 -0.000003 -0.315938 0
-0.13051 -0.357757 0.065763 -6.454905 -3.065761 -111.289028 0.428231 0.353984 5.09463 -2.955498 1.518955 13.171801 -0.419023 -1.242476 -0.034446 3.828636 4.771833 -4.599418 -0.54235 6.29468 -12.345576 0 0 0 0 0 0 2.436255 0.611549 -9.252675 20.146721 49.464966 -114.311313 -22.717783 -6.5535 -18.930008 -11.475034 1.251858 -3.512707 0.050398 -0.112372 -7.390756 2.685625 0.615552 -25.815582 1.726594 0.246685 -16.262007 4.025365 0.888167 -20.644447 -0.973583 0.840604 -30.562561 4.935749 2.467071 -53.095435 1.220418 0.121036 -11.511016 2.957645 0.755577 -28.655965 2.347142 0.464184 -22.37245 1.243028 0.065507 -15.880519 4.053898 1.519159 -41.074051 3.366919 1.000162 -33.081724 12.807951 2.333457 9.419525 20.415874 0.538605 9.69099 19.121726 3.983046 4.028004 5.457579 0.506649 12.688681 -36.006831 58.614984 95.107376 21.402889 -6.960123 20.853514 -1.307099 -9.834185 3.14039 -0.168472 -0.109156 8.350031 -2.160859 0.386531 20.280957 -1.128944 0.103093 10.435347 -2.243145 0.36816 24.460303 -3.274174 0.928942 31.671551 -5.224896 2.828946 56.841654 -1.032635 0.085197 9.629588 -3.302605 0.946583 31.978723 -2.065078 0.360421 19.377809 -2.508611 0.554 18.813988 -3.848751 1.329492 38.101753 -3.838231 1.330336 38.036558 -8.288905 -3.703672 -6.074452 -23.144311 8.672824 -11.912 -12.785699 5.85213 -4.199655 18.632661 -24.251883 19.811119 -4.416319 24.147651 2.412075 -1.114617 3.713764 9.837752 0.000006 2.255753 -0.000009 -4.882014 -8.429046 -7.750007 -7.936107 43.941732 -1.328684 2.963565 -22.16361 -14.711853 -0.000003 -0.315938 0
-0.148442 -0.35082 0.063972 -6.236727 -3.361932 -114.285794 -0.790368 0.532799 4.363747 -3.551258 1.606376 12.814481 -0.174359 -1.347315 -0.187781 3.925412 4.657126 -4.523765 -0.298656 6.346455 -12.269675 0 0 0 0 0 0 2.436254 0.61155 -9.252673 20.880825 46.677216 -111.243664 -23.02113 -6.875993 -19.738916 -11.475857 1.421374 -3.537263 0.050398 -0.112372 -7.390756 2.685625 0.615552 -25.815582 1.726594 0.246685 -16.262007 4.025365 0.888167 -20.644447 -0.973583 0.840604 -30.562561 4.935749 2.467071 -53.095435 1.220418 0.121036 -11.511016 2.957645 0.755577 -28.655965 2.347142 0.464184 -22.37245 1.243028 0.065507 -15.880519 4.053898 1.519159 -41.074051 3.366919 1.000162 -33.081724 12.807951 2.333457 9.419525 20.415874 0.538605 9.69099 19.121726 3.983046 4.028004 5.457579 0.506649 12.688682 -36.819026 57.286419 93.71099 20.882138 -6.39755 19.442946 -1.305999 -9.714088 3.156702 -0.168472 -0.109156 8.350031 -2.160859 0.386531 20.280957 -1.128944 0.103093 10.435347 -2.243145 0.36816 24.460303 -3.274174 0.928942 31.671551 -5.224896 2.828946 56.841654 -1.032635 0.085197 9.629588 -3.302605 0.946583 31.978723 -2.065078 0.360421 19.377809 -2.508611 0.554 18.813988 -3.848751 1.329492 38.101753 -3.838231 1.330336 38.036558 -8.288905 -3.703672 -6.074452 -23.144311 8.672824 -11.912 -12.785699 5.85213 -4.199655 15.79848 -25.579403 20.614341 -4.434468 26.973663 2.222356 -4.100909 0.938518 12.384689 0.000006 2.255753 -0.000009 -9.935407 -3.874888 -0.969579 -8.047427 34.00738 -1.482911 3.194024 -22.323253 -16.124474 -0.000003 -0.315938 0
-0.164035 -0.345215 0.068689 -6.375833 -3.319857 -117.005406 -1.400077 1.077257 4.876286 -3.849338 1.872555 13.065055 -0.112768 -1.404367 -0.07678 3.766984 4.459057 -4.392039 0.080846 5.544659 -12.284777 0 0 0 0 0 0 2.436254 0.61155 -9.252674 20.358538 47.790815 -113.071653 -24.0142 -8.05279 -22.576339 -11.474815 1.198096 -3.504917 0.050398 -0.112372 -7.390756 2.685625 0.615552 -25.815582 1.726594 0.246685 -16.262007 4.025365 0.888167 -20.644447 -0.973583 0.840604 -30.562561 4.935749 2.467071 -53.095435 1.220418 0.121036 -11.511016 2.957645 0.755577 -28.655965 2.347142 0.464184 -22.37245 1.243028 0.065507 -15.880519 4.053898 1.519159 -41.074051 3.366919 1.000162 -33.081724 12.807951 2.333457 9.419525 20.415874 0.538605 9.69099 19.121726 3.983046 4.028004 5.457579 0.506649 12.68868 -38.341013 54.217907 90.045138 20.522794 -6.035468 18.50943 -1.296682 -8.943187 3.261236 -0.168472 -0.109156 8.350031 -2.160859 0.386531 20.280957 -1.128944 0.103093 10.435347 -2.243145 0.36816 24.460303 -3.274174 0.928942 31.671551 -5.224896 2.828946 56.841654 -1.032635 0.085197 9.629588 -3.302605 0.946583 31.978723 -2.065078 0.360421 19.377809 -2.508611 0.554 18.813988 -3.848751 1.329492 38.101753 -3.838231 1.330336 38.036558 -8.288905 -3.703672 -6.074452 -23.144311 8.672824 -11.912 -12.785699 5.85213 -4.199655 12.759424 -26.961535 16.76143 -4.496589 31.442371 2.202369 -0.851343 4.085133 1.575618 0.000006 2.255753 -0.000009 -10.776649 -4.570837 1.411081 -8.062381 33.24531 -1.528628 2.091471 -20.772358 -14.047028 -0.000003 -0.315938 0
-0.167004 -0.348395 0.069548 -6.541804 -3.559587 -119.416972 -1.52228 1.48206 5.846891 -3.909082 2.070459 13.539573 0.152792 -1.315019 0.139502 3.818198 4.357501 -4.273422 -0.154402 5.546574 -12.047422 0 0 0 0 0 0 2.436254 0.61155 -9.252674 19.119378 50.016243 -115.27764 -23.915061 -7.926008 -22.278268 -11.479788 1.957873 -3.614927 0.050398 -0.112372 -7.390756 2.685625 0.615552 -25.815582 1.726594 0.246685 -16.262007 4.025365 0.888167 -20.644447 -0.973583 0.840604 -30.562561 4.935749 2.467071 -53.095435 1.220418 0.121036 -11.511016 2.957645 0.755577 -28.655965 2.347142 0.464184 -22.37245 1.243028 0.065507 -15.880519 4.053898 1.519159 -41.074051 3.366919 1.000162 -33.081724 12.807951 2.333457 9.419525 20.415874 0.538605 9.69099 19.121726 3.983046 4.028004 5.457579 0.506648 12.688681 -37.865588 54.629573 90.870378 20.151789 -5.681828 17.57582 -1.292038 -8.645407 3.30151 -0.168472 -0.109156 8.350031 -2.160859 0.386531 20.280957 -1.128944 0.103093 10.435347 -2.243145 0.36816 24.460303 -3.274174 0.928942 31.671551 -5.224896 2.828946 56.841654 -1.032635 0.085197 9.629588 -3.302605 0.946583 31.978723 -2.065078 0.360421 19.377809 -2.508611 0.554 18.813988 -3.848751 1.329492 38.101753 -3.838231 1.330336 38.036558 -8.288905 -3.703672 -6.074452 -23.144311 8.672824 -11.912 -12.785699 5.85213 -4.199655 13.268352 -25.304161 9.763333 -4.475835 30.283268 2.183324 0.107662 -0.73177 -9.950556 0.000006 2.255753 -0.000009 -10.291305 -5.409664 3.458291 -8.044145 34.856344 -1.504658 1.805336 -20.747416 -12.107781 -0.000003 -0.315938 0
-0.167415 -0.354352 0.068024 -6.334256 -3.567395 -120.593755 -1.612004 1.009679 5.613982 -3.952946 1.839517 13.425707 -0.042964 -1.230693 0.069708 3.692712 4.362894 -4.056816 0.156947 5.827355 -11.648584 0 0 0 0 0 0 2.436254 0.611549 -9.252674 20.254523 52.752779 -117.658328 -23.11284 -6.976631 -19.988393 -11.483402 2.304371 -3.665024 0.050398 -0.112372 -7.390756 2.685625 0.615552 -25.815582 1.726594 0.246685 -16.262007 4.025365 0.888167 -20.644447 -0.973583 0.840604 -30.562561 4.935749 2.467071 -53.095435 1.220418 0.121036 -11.511016 2.957645 0.755577 -28.655965 2.347142 0.464184 -22.37245 1.243028 0.065507 -15.880519 4.053898 1.519159 -41.074051 3.366919 1.000162 -33.081724 12.807951 2.333457 9.419525 20.415874 0.538605 9.69099 19.121726 3.983046 4.028004 5.45758 0.506648 12.688681 -38.170364 54.673181 91.181984 20.285128 -5.806717 17.908144 -1.296547 -8.933913 3.26249 -0.168472 -0.109156 8.350031 -2.160859 0.386531 20.280957 -1.128944 0.103093 10.435347 -2.243145 0.36816 24.460303 -3.274174 0.928942 31.671551 -5.224896 2.828946 56.841654 -1.032635 0.085197 9.629588 -3.302605 0.946583 31.978723 -2.065078 0.360421 19.377809 -2.508611 0.554 18.813988 -3.848751 1.329492 38.101753 -3.838231 1.330336 38.036558 -8.288905 -3.703672 -6.074452 -23.144311 8.672824 -11.912 -12.785699 5.85213 -4.199655 13.951368 -22.173991 9.419714 -4.412273 24.034723 2.340305 -0.071869 2.334191 -8.91701 0.000006 2.255753 -0.000009 -10.110693 -5.779223 3.884412 -8.024465 35.541479 -1.487086 1.822674 -21.506858 -10.708035 -0.000003 -0.315938 0
-0.162885 -0.353115 0.068495 -6.507289 -3.632753 -120.752745 -1.248773 0.586087 5.446002 -3.775367 1.632428 13.343583 -0.096316 -1.082447 0.033615 3.752483 4.234253 -4.135122 -0.04966 5.884914 -11.798154 0 0 0 0 0 0 2.436254 0.611549 -9.252674 21.115047 52.219637 -117.676853 -22.706284 -6.541509 -18.899648 -11.492626 2.965377 -3.760399 0.050398 -0.112372 -7.390756 2.685625 0.615552 -25.815582 1.726594 0.246685 -16.262007 4.025365 0.888167 -20.644447 -0.973583 0.840604 -30.562561 4.935749 2.467071 -53.095435 1.220418 0.121036 -11.511016 2.957645 0.755577 -28.655965 2.347142 0.464184 -22.37245 1.243028 0.065507 -15.880519 4.053898 1.519159 -41.074051 3.366919 1.000162 -33.081724 12.807951 2.333457 9.419525 20.415874 0.538605 9.69099 19.121726 3.983046 4.028004 5.457579 0.506649 12.688681 -37.969974 58.125833 94.634999 20.041096 -5.579961 17.302665 -1.290231 -8.538693 3.315927 -0.168472 -0.109156 8.350031 -2.160859 0.386531 20.280957 -1.128944 0.103093 10.435347 -2.243145 0.36816 24.460303 -3.274174 0.928942 31.671551 -5.224896 2.828946 56.841654 -1.032635 0.085197 9.629588 -3.302605 0.946583 31.978723 -2.065078 0.360421 19.377809 -2.508611 0.554 18.813988 -3.848751 1.329492 38.101753 -3.838231 1.330336 38.036558 -8.288905 -3.703672 -6.074452 -23.144311 8.672824 -11.912 -12.785699 5.85213 -4.199655 14.59662 -20.716228 9.743134 -4.403642 21.71133 2.39811 -0.015143 2.939274 -9.463166 0.000006 2.255753 -0.000009 -9.439288 -5.788085 4.809987 -8.017894 35.765146 -1.484386 1.83055 -21.275309 -10.954733 -0.000003 -0.315938 0
-0.159164 -0.352126 0.069884 -6.447049 -3.777603 -120.836511 -1.30078 0.606099 5.766169 -3.800793 1.642211 13.50011 -0.00458 -1.08172 0.104778 3.803943 4.214265 -4.130693 -0.108818 5.758711 -11.794569 0 0 0 0 0 0 2.436255 0.61155 -9.252675 21.41048 51.380344 -117.236996 -22.894153 -6.739119 -19.397493 -11.482694 2.242417 -3.656073 0.050398 -0.112372 -7.390756 2.685625 0.615552 -25.815582 1.726594 0.246685 -16.262007 4.025365 0.888167 -20.644447 -0.973583 0.840604 -30.562561 4.935749 2.467071 -53.095435 1.220418 0.121036 -11.511016 2.957645 0.755577 -28.655965 2.347142 0.464184 -22.37245 1.243028 0.065507 -15.880519 4.053898 1.519159 -41.074051 3.366919 1.000162 -33.081724 12.807951 2.333457 9.419525 20.415874 0.538605 9.69099 19.121726 3.983046 4.028004 5.457579 0.506649 12.688681 -38.267532 58.758176 95.380923 19.78625 -5.351889 16.683105 -1.286559 -8.333937 3.34356 -0.168472 -0.109156 8.350031 -2.160859 0.386531 20.280957 -1.128944 0.103093 10.435347 -2.243145 0.36816 24.460303 -3.274174 0.928942 31.671551 -5.224896 2.828946 56.841654 -1.032635 0.085197 9.629588 -3.302605 0.946583 31.978723 -2.065078 0.360421 19.377809 -2.508611 0.554 18.813988 -3.848751 1.329492 38.101753 -3.838231 1.330336 38.036558 -8.288905 -3.703672 -6.074452 -23.144311 8.672824 -11.912 -12.785699 5.85213 -4.199655 14.782141 -20.398996 10.209236 -4.405545 21.532654 2.409428 -0.005549 2.960122 -9.610264 0.000006 2.255753 -0.000009 -9.331688 -5.665389 5.488257 -8.021146 35.748438 -1.487589 1.842117 -21.241391 -11.045622 -0.000003 -0.315938 0
-0.154993 -0.350889 0.070791 -6.390301 -3.821081 -120.921595 -1.238827 0.559635 5.626404 -3.770504 1.619496 13.43178 -0.061309 -1.093633 0.073637 3.77926 4.217281 -4.154648 -0.10476 5.859773 -11.833558 0 0 0 0 0 0 2.436254 0.611549 -9.252674 21.769642 51.026778 -116.819547 -22.678883 -6.513149 -18.827806 -11.485571 2.481319 -3.690583 0.050398 -0.112372 -7.390756 2.685625 0.615552 -25.815582 1.726594 0.246685 -16.262007 4.025365 0.888167 -20.644447 -0.973583 0.840604 -30.562561 4.935749 2.467071 -53.095435 1.220418 0.121036 -11.511016 2.957645 0.755577 -28.655965 2.347142 0.464184 -22.37245 1.243028 0.065507 -15.880519 4.053898 1.519159 -41.074051 3.366919 1.000162 -33.081724 12.807951 2.333457 9.419525 20.415874 0.538605 9.69099 19.121726 3.983046 4.028004 5.457579 0.506649 12.688681 -38.407146 57.288181 93.963476 19.929256 -5.478874 17.02933 -1.290265 -8.540619 3.315666 -0.168472 -0.109156 8.350031 -2.160859 0.386531 20.280957 -1.128944 0.103093 10.435347 -2.243145 0.36816 24.460303 -3.274174 0.928942 31.671551 -5.224896 2.828946 56.841654 -1.032635 0.085197 9.629588 -3.302605 0.946583 31.978723 -2.065078 0.360421 19.377809 -2.508611 0.554 18.813988 -3.848751 1.329492 38.101753 -3.838231 1.330336 38.036558 -8.288905 -3.703672 -6.074452 -23.144311 8.672824 -11.912 -12.785699 5.85213 -4.199655 14.943713 -20.56959 10.027457 -4.403899 21.887875 2.393062 0.002836 2.866972 -9.615907 0.000006 2.255753 -0.000009 -9.204609 -5.680578 5.563079 -8.025762 35.82418 -1.503541 1.824751 -21.010223 -11.283552 -0.000003 -0.315938 0
-0.151893 -0.349899 0.070762 -6.379564 -3.788132 -120.989755 -1.130325 0.491087 5.511238 -3.717459 1.585983 13.375477 -0.068332 -1.082931 0.050235 4.09095 4.526928 -4.521895 -0.54604 5.460578 -12.425053 0 0 0 0 0 0 2.436255 0.611549 -9.252675 22.299119 50.649243 -116.344219 -22.478764 -6.309917 -18.308551 -11.488472 2.694105 -3.721294 0.050398 -0.112372 -7.390756 2.685625 0.615552 -25.815582 1.726594 0.246685 -16.262007 4.025365 0.888167 -20.644447 -0.973583 0.840604 -30.562561 4.935749 2.467071 -53.095435 1.220418 0.121036 -11.511016 2.957645 0.755577 -28.655965 2.347142 0.464184 -22.37245 1.243028 0.065507 -15.880519 4.053898 1.519159 -41.074051 3.366919 1.000162 -33.081724 12.807951 2.333457 9.419525 20.415874 0.538605 9.69099 19.121726 3.983046 4.028004 5.457579 0.506649 12.688681 -38.830201 55.727167 92.613828 19.733861 -5.305942 16.557006 -1.287302 -8.374204 3.338133 -0.168472 -0.109156 8.350031 -2.160859 0.386531 20.280957 -1.128944 0.103093 10.435347 -2.243145 0.36816 24.460303 -3.274174 0.928942 31.671551 -5.224896 2.828946 56.841654 -1.032635 0.085197 9.629588 -3.302605 0.946583 31.978723 -2.065078 0.360421 19.377809 -2.508611 0.554 18.813988 -3.848751 1.329492 38.101753 -3.838231 1.330336 38.036558 -8.288905 -3.703672 -6.074452 -23.144311 8.672824 -11.912 -12.785699 5.85213 -4.199655 15.158233 -20.640916 9.883361 -4.402791 21.927454 2.388305 -0.011092 3.047214 -9.568403 0.000006 2.255753 -0.000009 -9.031956 -5.686353 5.601403 -8.022289 35.7479 -1.502282 1.821159 -20.918845 -11.398419 -0.000003 -0.315938 0
-0.1492 -0.348909 0.068912 -6.325926 -3.806494 -121.057472 -1.009229 0.402519 5.360743 -3.658257 1.542683 13.301901 -0.086252 -1.103803 0.018438 4.209541 4.977786 -5.072183 -0.878822 4.834961 -13.438971 0 0 0 0 0 0 2.436255 0.611549 -9.252674 22.637474 51.463781 -116.564404 -22.426382 -6.257694 -18.174118 -11.489552 2.768022 -3.731952 0.050398 -0.112372 -7.390756 2.685625 0.615552 -25.815582 1.726594 0.246685 -16.262007 4.025365 0.888167 -20.644447 -0.973583 0.840604 -30.562561 4.935749 2.467071 -53.095435 1.220418 0.121036 -11.511016 2.957645 0.755577 -28.655965 2.347142 0.464184 -22.37245 1.243028 0.065507 -15.880519 4.053898 1.519159 -41.074051 3.366919 1.000162 -33.081724 12.807951 2.333457 9.419525 20.415874 0.538605 9.69099 19.121726 3.983046 4.028004 5.45758 0.506648 12.688681 -38.411615 56.415623 93.19682 19.745186 -5.315841 16.584265 -1.295075 -8.83583 3.275761 -0.168472 -0.109156 8.350031 -2.160859 0.386531 20.280957 -1.128944 0.103093 10.435347 -2.243145 0.36816 24.460303 -3.274174 0.928942 31.671551 -5.224896 2.828946 56.841654 -1.032635 0.085197 9.629588 -3.302605 0.946583 31.978723 -2.065078 0.360421 19.377809 -2.508611 0.554 18.813988 -3.848751 1.329492 38.101753 -3.838231 1.330336 38.036558 -8.288905 -3.703672 -6.074452 -23.144311 8.672824 -11.912 -12.785699 5.85213 -4.199655 15.324657 -20.33457 10.303678 -4.403335 21.781797 2.395681 -0.014023 2.865006 -9.493323 0.000006 2.255753 -0.000009 -8.887845 -5.480683 5.858171 -8.023989 35.687049 -1.500638 1.799979 -20.949943 -11.176089 -0.000003 -0.315938 0
-0.144178 -0.348909 0.069856 -6.420944 -3.579803 -121.567777 -0.695598 0.221254 5.081791 -3.504926 1.454065 13.165525 -0.165469 -1.133812 -0.041869 4.286081 4.99176 -5.151155 -1.008337 4.712204 -13.589399 0 0 0 0 0 0 2.436254 0.61155 -9.252674 22.145266 52.034713 -117.184589 -22.409282 -6.22816 -18.122109 -11.497288 3.236215 -3.799381 0.050398 -0.112372 -7.390756 2.685625 0.615552 -25.815582 1.726594 0.246685 -16.262007 4.025365 0.888167 -20.644447 -0.973583 0.840604 -30.562561 4.935749 2.467071 -53.095435 1.220418 0.121036 -11.511016 2.957645 0.755577 -28.655965 2.347142 0.464184 -22.37245 1.243028 0.065507 -15.880519 4.053898 1.519159 -41.074051 3.366919 1.000162 -33.081724 12.807951 2.333457 9.419525 20.415874 0.538605 9.69099 19.121726 3.983046 4.028004 5.457579 0.506648 12.688681 -38.250151 57.08982 94.179963 19.89146 -5.444952 16.937273 -1.29506 -8.834975 3.27588 -0.168472 -0.109156 8.350031 -2.160859 0.386531 20.280957 -1.128944 0.103093 10.435347 -2.243145 0.36816 24.460303 -3.274174 0.928942 31.671551 -5.224896 2.828946 56.841654 -1.032635 0.085197 9.629588 -3.302605 0.946583 31.978723 -2.065078 0.360421 19.377809 -2.508611 0.554 18.813988 -3.848751 1.329492 38.101753 -3.838231 1.330336 38.036558 -8.288905 -3.703672 -6.074452 -23.144311 8.672824 -11.912 -12.785699 5.85213 -4.199655 15.956878 -20.104157 11.596322 -4.398319 20.853626 2.416589 0.001071 3.352447 -9.790568 0.000006 2.255753 -0.000009 -8.108323 -6.054102 5.985499 -8.017026 35.639031 -1.492117 1.578686 -20.912421 -10.022129 -0.000003 -0.315938 0
-0.13975 -0.34891 0.069153 -6.431044 -3.623979 -122.001601 -0.469108 0.157676 4.722125 -3.394197 1.422982 12.989688 -0.274454 -1.18384 -0.124115 4.317984 4.946056 -5.098897 -1.014144 4.983117 -13.452043 0 0 0 0 0 0 2.436254 0.611549 -9.252674 21.650618 52.231299 -117.408794 -22.583138 -6.421227 -18.584281 -11.482419 2.217591 -3.652484 0.050398 -0.112372 -7.390756 2.685625 0.615552 -25.815582 1.726594 0.246685 -16.262007 4.025365 0.888167 -20.644447 -0.973583 0.840604 -30.562561 4.935749 2.467071 -53.095435 1.220418 0.121036 -11.511016 2.957645 0.755577 -28.655965 2.347142 0.464184 -22.37245 1.243028 0.065507 -15.880519 4.053898 1.519159 -41.074051 3.366919 1.000162 -33.081724 12.807951 2.333457 9.419525 20.415874 0.538605 9.69099 19.121726 3.983046 4.028004 5.45758 0.506649 12.688681 -38.428523 57.174443 94.047736 19.78769 -5.353117 16.686433 -1.292246 -8.657999 3.299808 -0.168472 -0.109156 8.350031 -2.160859 0.386531 20.280957 -1.128944 0.103093 10.435347 -2.243145 0.36816 24.460303 -3.274174 0.928942 31.671551 -5.224896 2.828946 56.841654 -1.032635 0.085197 9.629588 -3.302605 0.946583 31.978723 -2.065078 0.360421 19.377809 -2.508611 0.554 18.813988 -3.848751 1.329492 38.101753 -3.838231 1.330336 38.036558 -8.288905 -3.703672 -6.074452 -23.144311 8.672824 -11.912 -12.785699 5.85213 -4.199655 16.321249 -19.14021 12.343728 -4.39169 19.335929 2.450945 0.007908 3.653327 -10.130466 0.000006 2.255753 -0.000009 -7.589505 -6.235959 6.181703 -8.01424 35.951128 -1.486046 1.602456 -21.284856 -9.640259 -0.000003 -0.315938 0
-0.136818 -0.348909 0.067587 -6.327016 -3.659653 -122.196582 -0.506323 0.005755 4.632798 -3.412392 1.34871 12.946017 -0.270236 -1.13891 -0.145448 4.242123 4.917225 -5.108154 -0.954599 5.099674 -13.489459 0 0 0 0 0 0 2.436254 0.611549 -9.252674 21.506886 50.697509 -116.149399 -22.713856 -6.549446 -18.91973 -11.482397 2.215872 -3.652234 0.050398 -0.112372 -7.390756 2.685625 0.615552 -25.815582 1.726594 0.246685 -16.262007 4.025365 0.888167 -20.644447 -0.973583 0.840604 -30.562561 4.935749 2.467071 -53.095435 1.220418 0.121036 -11.511016 2.957645 0.755577 -28.655965 2.347142 0.464184 -22.37245 1.243028 0.065507 -15.880519 4.053898 1.519159 -41.074051 3.366919 1.000162 -33.081724 12.807951 2.333457 9.419525 20.415874 0.538605 9.69099 19.121726 3.983046 4.028004 5.45758 0.506648 12.688681 -39.267349 57.462951 93.993143 19.440933 -5.055691 15.86186 -1.283972 -8.198202 3.361862 -0.168472 -0.109156 8.350031 -2.160859 0.386531 20.280957 -1.128944 0.103093 10.435347 -2.243145 0.36816 24.460303 -3.274174 0.928942 31.671551 -5.224896 2.828946 56.841654 -1.032635 0.085197 9.629588 -3.302605 0.946583 31.978723 -2.065078 0.360421 19.377809 -2.508611 0.554 18.813988 -3.848751 1.329492 38.101753 -3.838231 1.330336 38.036558 -8.288905 -3.703672 -6.074452 -23.144311 8.672824 -11.912 -12.785699 5.85213 -4.199655 16.367303 -19.046716 12.842525 -4.39285 19.646298 2.442192 0.017615 3.410312 -10.242843 0.000006 2.255753 -0.000009 -7.593222 -6.081264 6.397871 -8.016573 35.952726 -1.49162 1.572943 -21.221359 -9.511795 -0.000003 -0.315938 0
-0.134282 -0.348909 0.064215 -6.310844 -3.886717 -122.41881 -0.466704 -0.136033 4.54498 -3.393022 1.279391 12.903084 -0.300233 -1.04745 -0.165093 4.252097 4.667766 -5.15614 -0.857093 5.367773 -13.629156 0 0 0 0 0 0 2.436254 0.61155 -9.252674 21.697266 49.84257 -115.331107 -22.572483 -6.404246 -18.550411 -11.486486 2.551071 -3.700654 0.050398 -0.112372 -7.390756 2.685625 0.615552 -25.815582 1.726594 0.246685 -16.262007 4.025365 0.888167 -20.644447 -0.973583 0.840604 -30.562561 4.935749 2.467071 -53.095435 1.220418 0.121036 -11.511016 2.957645 0.755577 -28.655965 2.347142 0.464184 -22.37245 1.243028 0.065507 -15.880519 4.053898 1.519159 -41.074051 3.366919 1.000162 -33.081724 12.807951 2.333457 9.419525 20.415874 0.538605 9.69099 19.121726 3.983046 4.028004 5.45758 0.506649 12.688681 -39.752463 57.580105 93.891221 19.161074 -4.826141 15.21102 -1.278839 -7.945633 3.395866 -0.168472 -0.109156 8.350031 -2.160859 0.386531 20.280957 -1.128944 0.103093 10.435347 -2.243145 0.36816 24.460303 -3.274174 0.928942 31.671551 -5.224896 2.828946 56.841654 -1.032635 0.085197 9.629588 -3.302605 0.946583 31.978723 -2.065078 0.360421 19.377809 -2.508611 0.554 18.813988 -3.848751 1.329492 38.101753 -3.838231 1.330336 38.036558 -8.288905 -3.703672 -6.074452 -23.144311 8.672824 -11.912 -12.785699 5.85213 -4.199655 16.631918 -18.27333 13.222504 -4.392422 19.59433 2.442496 0.022072 3.245059 -10.259134 0.000006 2.255753 -0.000009 -7.362986 -5.571011 6.511948 -8.009999 36.202275 -1.473032 1.570864 -21.336146 -9.333544 -0.000003 -0.315938 0
-0.132967 -0.348909 0.062625 -6.347059 -3.868521 -122.517252 -0.414192 -0.374219 4.503017 -3.36735 1.162945 12.882568 -0.303233 -1.023472 -0.177792 4.114955 4.513266 -5.119232 -0.644655 5.519682 -13.634127 0 0 0 0 0 0 2.436255 0.61155 -9.252674 21.887453 50.29321 -115.588367 -22.406486 -6.237973 -18.123197 -11.490176 2.809499 -3.737935 0.050398 -0.112372 -7.390756 2.685625 0.615552 -25.815582 1.726594 0.246685 -16.262007 4.025365 0.888167 -20.644447 -0.973583 0.840604 -30.562561 4.935749 2.467071 -53.095435 1.220418 0.121036 -11.511016 2.957645 0.755577 -28.655965 2.347142 0.464184 -22.37245 1.243028 0.065507 -15.880519 4.053898 1.519159 -41.074051 3.366919 1.000162 -33.081724 12.807951 2.333457 9.419525 20.415874 0.538605 9.69099 19.121726 3.983046 4.028004 5.45758 0.506648 12.688681 -39.46356 57.458935 93.778834 19.245866 -4.894822 15.407039 -1.282525 -8.124874 3.371738 -0.168472 -0.109156 8.350031 -2.160859 0.386531 20.280957 -1.128944 0.103093 10.435347 -2.243145 0.36816 24.460303 -3.274174 0.928942 31.671551 -5.224896 2.828946 56.841654 -1.032635 0.085197 9.629588 -3.302605 0.946583 31.978723 -2.065078 0.360421 19.377809 -2.508611 0.554 18.813988 -3.848751 1.329492 38.101753 -3.838231 1.330336 38.036558 -8.288905 -3.703672 -6.074452 -23.144311 8.672824 -11.912 -12.785699 5.85213 -4.199655 16.870001 -17.888348 13.602553 -4.371275 19.236939 2.448442 0.023514 3.276024 -10.292444 0.000006 2.255753 -0.000009 -7.123649 -5.553788 6.559135 -8.006624 36.323199 -1.46624 1.523469 -21.434169 -8.992348 -0.000003 -0.315938 0
