HIERARCHY
ROOT hips
{
  OFFSET 0 10.432787522119774 1.3615615910897314
  CHANNELS 6 Xposition Yposition Zposition Yrotation Xrotation Zrotation
  JOINT spine
  {
    OFFSET -7.042016674e-31 0.605849736412771 0
    CHANNELS 3 Yrotation Xrotation Zrotation
    JOINT chest
    {
      OFFSET 0 1.2699780403367527 0
      CHANNELS 3 Yrotation Xrotation Zrotation
      JOINT upperChest
      {
        OFFSET 0 1.217802795781373 0
        CHANNELS 3 Yrotation Xrotation Zrotation
        JOINT neck
        {
          OFFSET 0 1.524881793055447 0
          CHANNELS 3 Yrotation Xrotation Zrotation
          JOINT head
          {
            OFFSET 0 0.8197776686196176 0
            CHANNELS 3 Yrotation Xrotation Zrotation
            JOINT leftEye
            {
              OFFSET 0.27991711184325396 0.7377279215890094 0.1770057770610815
              CHANNELS 3 Yrotation Xrotation Zrotation
              End Site
              {
                OFFSET 0.27991711184325396 0.7377279215890094 0.1770057770610815
              }
            }
            JOINT rightEye
            {
              OFFSET -0.27991715118228666 0.7377278742074458 0.1770060973723161
              CHANNELS 3 Yrotation Xrotation Zrotation
              End Site
              {
                OFFSET -0.27991715118228666 0.7377278742074458 0.1770060973723161
              }
            }
          }
        }
        JOINT leftShoulder
        {
          OFFSET 0.4148696499235711 1.1670497283493415 0
          CHANNELS 3 Yrotation Xrotation Zrotation
          JOINT leftUpperArm
          {
            OFFSET 0.9737923520503171 0 0
            CHANNELS 3 Yrotation Xrotation Zrotation
            JOINT leftLowerArm
            {
              OFFSET 2.526933563002016 0 0
              CHANNELS 3 Yrotation Xrotation Zrotation
              JOINT leftHand
              {
                OFFSET 2.4263767061081287 0 0
                CHANNELS 3 Yrotation Xrotation Zrotation
                JOINT leftIndexProximal
                {
                  OFFSET 0.7243194303238094 0.08170604153373495 0.2036005707489045
                  CHANNELS 3 Yrotation Xrotation Zrotation
                  JOINT leftIndexIntermediate
                  {
                    OFFSET 0.365490110639793 -0.010566615565509085 -0.014147873305413783
                    CHANNELS 3 Yrotation Xrotation Zrotation
                    JOINT leftIndexDistal
                    {
                      OFFSET 0.22502693978020916 -0.007863122621388996 -0.007567729919505994
                      CHANNELS 3 Yrotation Xrotation Zrotation
                      End Site
                      {
                        OFFSET 0.22502693978020916 -0.007863122621388996 -0.007567729919505994
                      }
                    }
                  }
                }
                JOINT leftLittleProximal
                {
                  OFFSET 0.6720313867214986 0.0817059792423902 -0.3230034999786495
                  CHANNELS 3 Yrotation Xrotation Zrotation
                  JOINT leftLittleIntermediate
                  {
                    OFFSET 0.3458364459000005 5.4765410650858826e-8 2.495506794542024e-7
                    CHANNELS 3 Yrotation Xrotation Zrotation
                    JOINT leftLittleDistal
                    {
                      OFFSET 0.19925722030351722 0.003096736260194355 0.0038306323169590983
                      CHANNELS 3 Yrotation Xrotation Zrotation
                      End Site
                      {
                        OFFSET 0.19925722030351722 0.003096736260194355 0.0038306323169590983
                      }
                    }
                  }
                }
                JOINT leftMiddleProximal
                {
                  OFFSET 0.7300446999180792 0.08170730820222194 0.0226618663244387
                  CHANNELS 3 Yrotation Xrotation Zrotation
                  JOINT leftMiddleIntermediate
                  {
                    OFFSET 0.40758107610000327 -0.0000012383582372876845 3.721937498757377e-7
                    CHANNELS 3 Yrotation Xrotation Zrotation
                    JOINT leftMiddleDistal
                    {
                      OFFSET 0.2514495697999991 7.561061998728746e-8 -1.6055895105115958e-7
                      CHANNELS 3 Yrotation Xrotation Zrotation
                      End Site
                      {
                        OFFSET 0.2514495697999991 7.561061998728746e-8 -1.6055895105115958e-7
                      }
                    }
                  }
                }
                JOINT leftRingProximal
                {
                  OFFSET 0.7217264995692599 0.08170598771388815 -0.1504338786787948
                  CHANNELS 3 Yrotation Xrotation Zrotation
                  JOINT leftRingIntermediate
                  {
                    OFFSET 0.3780872700000014 6.409956210262635e-8 3.723059401883333e-7
                    CHANNELS 3 Yrotation Xrotation Zrotation
                    JOINT leftRingDistal
                    {
                      OFFSET 0.21812031524459563 -0.00271347557699686 -0.004991351593452126
                      CHANNELS 3 Yrotation Xrotation Zrotation
                      End Site
                      {
                        OFFSET 0.21812031524459563 -0.00271347557699686 -0.004991351593452126
                      }
                    }
                  }
                }
                JOINT leftThumbProximal
                {
                  OFFSET 0.10793670302222891 -0.165278914300383 -0.07775358168875651
                  CHANNELS 3 Yrotation Xrotation Zrotation
                  JOINT leftThumbIntermediate
                  {
                    OFFSET 0.40355763830204994 -0.017484092948475194 0.31777731504028983
                    CHANNELS 3 Yrotation Xrotation Zrotation
                    JOINT leftThumbDistal
                    {
                      OFFSET 0.2318770514136803 -0.018507879151339335 0.21396002480314588
                      CHANNELS 3 Yrotation Xrotation Zrotation
                      End Site
                      {
                        OFFSET 0.2318770514136803 -0.018507879151339335 0.21396002480314588
                      }
                    }
                  }
                }
              }
            }
          }
        }
        JOINT rightShoulder
        {
          OFFSET -0.4148696499235712 1.1670497283493415 0
          CHANNELS 3 Yrotation Xrotation Zrotation
          JOINT rightUpperArm
          {
            OFFSET -0.9737923520503168 0 0
            CHANNELS 3 Yrotation Xrotation Zrotation
            JOINT rightLowerArm
            {
              OFFSET -2.5269335630020175 0 0
              CHANNELS 3 Yrotation Xrotation Zrotation
              JOINT rightHand
              {
                OFFSET -2.4263767061081274 0 0
                CHANNELS 3 Yrotation Xrotation Zrotation
                JOINT rightIndexProximal
                {
                  OFFSET -0.7243194303238094 0.08170604153373495 0.2036005707489045
                  CHANNELS 3 Yrotation Xrotation Zrotation
                  JOINT rightIndexIntermediate
                  {
                    OFFSET -0.365490110639793 -0.010566615565509085 -0.014147873305413783
                    CHANNELS 3 Yrotation Xrotation Zrotation
                    JOINT rightIndexDistal
                    {
                      OFFSET -0.22502693978020916 -0.007863122621388996 -0.007567729919505994
                      CHANNELS 3 Yrotation Xrotation Zrotation
                      End Site
                      {
                        OFFSET -0.22502693978020916 -0.007863122621388996 -0.007567729919505994
                      }
                    }
                  }
                }
                JOINT rightLittleProximal
                {
                  OFFSET -0.6720313867214986 0.0817059792423902 -0.3230034999786495
                  CHANNELS 3 Yrotation Xrotation Zrotation
                  JOINT rightLittleIntermediate
                  {
                    OFFSET -0.3458364459000005 5.4765410650858826e-8 2.495506794542024e-7
                    CHANNELS 3 Yrotation Xrotation Zrotation
                    JOINT rightLittleDistal
                    {
                      OFFSET -0.19925722030351722 0.003096736260194355 0.0038306323169590983
                      CHANNELS 3 Yrotation Xrotation Zrotation
                      End Site
                      {
                        OFFSET -0.19925722030351722 0.003096736260194355 0.0038306323169590983
                      }
                    }
                  }
                }
                JOINT rightMiddleProximal
                {
                  OFFSET -0.7300446999180792 0.08170730820222194 0.0226618663244387
                  CHANNELS 3 Yrotation Xrotation Zrotation
                  JOINT rightMiddleIntermediate
                  {
                    OFFSET -0.40758107610000327 -0.0000012383582372876845 3.721937498757377e-7
                    CHANNELS 3 Yrotation Xrotation Zrotation
                    JOINT rightMiddleDistal
                    {
                      OFFSET -0.2514495697999991 7.561061998728746e-8 -1.6055895105115958e-7
                      CHANNELS 3 Yrotation Xrotation Zrotation
                      End Site
                      {
                        OFFSET -0.2514495697999991 7.561061998728746e-8 -1.6055895105115958e-7
                      }
                    }
                  }
                }
                JOINT rightRingProximal
                {
                  OFFSET -0.7217264995692599 0.08170598771388815 -0.1504338786787948
                  CHANNELS 3 Yrotation Xrotation Zrotation
                  JOINT rightRingIntermediate
                  {
                    OFFSET -0.3780872700000014 6.409956210262635e-8 3.723059401883333e-7
                    CHANNELS 3 Yrotation Xrotation Zrotation
                    JOINT rightRingDistal
                    {
                      OFFSET -0.21812031524459563 -0.00271347557699686 -0.004991351593452126
                      CHANNELS 3 Yrotation Xrotation Zrotation
                      End Site
                      {
                        OFFSET -0.21812031524459563 -0.00271347557699686 -0.004991351593452126
                      }
                    }
                  }
                }
                JOINT rightThumbProximal
                {
                  OFFSET -0.10793670302222891 -0.165278914300383 -0.07775358168875651
                  CHANNELS 3 Yrotation Xrotation Zrotation
                  JOINT rightThumbIntermediate
                  {
                    OFFSET -0.40355763830204994 -0.017484092948475194 0.31777731504028983
                    CHANNELS 3 Yrotation Xrotation Zrotation
                    JOINT rightThumbDistal
                    {
                      OFFSET -0.2318770514136803 -0.018507879151339335 0.21396002480314588
                      CHANNELS 3 Yrotation Xrotation Zrotation
                      End Site
                      {
                        OFFSET -0.2318770514136803 -0.018507879151339335 0.21396002480314588
                      }
                    }
                  }
                }
              }
            }
          }
        }
      }
    }
  }
  JOINT leftUpperLeg
  {
    OFFSET 0.8486251400000001 -0.44215692923454897 0
    CHANNELS 3 Yrotation Xrotation Zrotation
    JOINT leftLowerLeg
    {
      OFFSET 0 -4.1014783730019015 0
      CHANNELS 3 Yrotation Xrotation Zrotation
      JOINT leftFoot
      {
        OFFSET -0.0002543926242001143 -4.7729227580453255 0.007402839656626761
        CHANNELS 3 Yrotation Xrotation Zrotation
        JOINT leftToes
        {
          OFFSET 0 -0.7027876860119923 1.2062921852216233
          CHANNELS 3 Yrotation Xrotation Zrotation
          End Site
          {
            OFFSET 0 -0.7027876860119923 1.2062921852216233
          }
        }
      }
    }
  }
  JOINT rightUpperLeg
  {
    OFFSET -0.8486251400000001 -0.44215692923454897 0
    CHANNELS 3 Yrotation Xrotation Zrotation
    JOINT rightLowerLeg
    {
      OFFSET 0 -4.1014783730019015 0
      CHANNELS 3 Yrotation Xrotation Zrotation
      JOINT rightFoot
      {
        OFFSET 0.0002543926242001143 -4.7729227580453255 0.007402839656626761
        CHANNELS 3 Yrotation Xrotation Zrotation
        JOINT rightToes
        {
          OFFSET 0 -0.7027876860119923 1.2062921852216233
          CHANNELS 3 Yrotation Xrotation Zrotation
          End Site
          {
            OFFSET 0 -0.7027876860119923 1.2062921852216233
          }
        }
      }
    }
  }
}
MOTION
Frames: 58
Frame Time: 0.03333333333333333
-0.127265 -0.365365 0.02681 -6.467587 -3.076589 0.028977 -2.224783 1.5905 5.853281 -4.252527 2.123474 13.542697 -0.135646 -1.438979 0.111925 3.445506 3.181466 -3.41627 1.198039 5.069895 -10.883724 0 0 0 0 0 0 2.436255 0.61155 -9.252674 19.739329 52.483232 -120.642544 -23.530826 -7.455005 -21.15579 -11.487622 2.634219 -3.712648 0.050398 -0.112372 -7.390756 2.685625 0.615552 -25.815582 1.726594 0.246685 -16.262007 4.025365 0.888167 -20.644447 -0.973583 0.840604 -30.562561 4.935749 2.467071 -53.095435 1.220418 0.121036 -11.511016 2.957645 0.755577 -28.655965 2.347142 0.464184 -22.37245 1.243028 0.065507 -15.880519 4.053898 1.519159 -41.074051 3.366919 1.000162 -33.081724 12.807951 2.333457 9.419525 20.415874 0.538605 9.69099 19.121726 3.983046 4.028004 5.457579 0.506649 12.688682 -40.254479 47.363139 84.643684 18.888005 -4.610723 14.587874 -1.276277 -7.826908 3.411836 -0.168472 -0.109156 8.350031 -2.160859 0.386531 20.280957 -1.128944 0.103093 10.435347 -2.243145 0.36816 24.460303 -3.274174 0.928942 31.671551 -5.224896 2.828946 56.841654 -1.032635 0.085197 9.629588 -3.302605 0.946583 31.978723 -2.065078 0.360421 19.377809 -2.508611 0.554 18.813988 -3.848751 1.329492 38.101753 -3.838231 1.330336 38.036558 -8.288905 -3.703672 -6.074452 -23.144311 8.672824 -11.912 -12.785699 5.85213 -4.199655 13.488439 -27.713976 14.243511 -4.489299 31.308216 2.166293 -0.312515 -0.121038 -8.010587 0.000006 2.255753 -0.000009 -10.57375 -5.483471 3.385801 -8.043332 35.280171 -1.469575 2.087341 -22.62044 -10.888845 -0.000003 -0.315938 0
-0.121552 -0.349964 0.026343 -6.358157 -3.016918 3.190641 -2.29656 1.614936 5.993387 -4.287618 2.135421 13.611194 -0.139741 -1.445019 0.143787 3.318762 3.277951 -3.342367 1.408717 5.265604 -10.714997 0 0 0 0 0 0 2.436254 0.61155 -9.252674 19.560853 51.763532 -119.740189 -23.704935 -7.66451 -21.658269 -11.487989 2.66033 -3.716414 0.050398 -0.112372 -7.390756 2.685625 0.615552 -25.815582 1.726594 0.246685 -16.262007 4.025365 0.888167 -20.644447 -0.973583 0.840604 -30.562561 4.935749 2.467071 -53.095435 1.220418 0.121036 -11.511016 2.957645 0.755577 -28.655965 2.347142 0.464184 -22.37245 1.243028 0.065507 -15.880519 4.053898 1.519159 -41.074051 3.366919 1.000162 -33.081724 12.807951 2.333457 9.419525 20.415874 0.538605 9.69099 19.121726 3.983046 4.028004 5.45758 0.506649 12.688681 -40.851219 45.598905 82.3876 18.544128 -4.350766 13.818347 -1.271859 -7.631128 3.438127 -0.168472 -0.109156 8.350031 -2.160859 0.386531 20.280957 -1.128944 0.103093 10.435347 -2.243145 0.36816 24.460303 -3.274174 0.928942 31.671551 -5.224896 2.828946 56.841654 -1.032635 0.085197 9.629588 -3.302605 0.946583 31.978723 -2.065078 0.360421 19.377809 -2.508611 0.554 18.813988 -3.848751 1.329492 38.101753 -3.838231 1.330336 38.036558 -8.288905 -3.703672 -6.074452 -23.144311 8.672824 -11.912 -12.785699 5.85213 -4.199655 11.888561 -29.484356 20.253996 -4.496494 31.61359 2.153416 -1.306352 1.114263 -1.782907 0.000006 2.255753 -0.000009 -11.292987 -3.522065 1.841924 -8.069692 32.592638 -1.508777 2.468783 -21.602894 -14.721982 -0.000003 -0.315938 0
-0.102474 -0.345391 0.024976 -6.157761 -3.136515 6.885628 -2.201175 1.256802 6.295084 -4.240986 1.960333 13.75869 -0.050897 -1.360771 0.210218 3.301194 3.350893 -3.37091 1.550623 5.348339 -10.741921 0 0 0 0 0 0 2.436255 0.61155 -9.252674 20.761539 50.934804 -118.219993 -22.841336 -6.682919 -19.256593 -11.49243 2.953336 -3.758654 0.050398 -0.112372 -7.390756 2.685625 0.615552 -25.815582 1.726594 0.246685 -16.262007 4.025365 0.888167 -20.644447 -0.973583 0.840604 -30.562561 4.935749 2.467071 -53.095435 1.220418 0.121036 -11.511016 2.957645 0.755577 -28.655965 2.347142 0.464184 -22.37245 1.243028 0.065507 -15.880519 4.053898 1.519159 -41.074051 3.366919 1.000162 -33.081724 12.807951 2.333457 9.419525 20.415874 0.538605 9.69099 19.121726 3.983046 4.028004 5.45758 0.506649 12.688682 -40.415144 43.809414 80.73494 18.848715 -4.585184 14.499768 -1.276394 -7.832184 3.411127 -0.168472 -0.109156 8.350031 -2.160859 0.386531 20.280957 -1.128944 0.103093 10.435347 -2.243145 0.36816 24.460303 -3.274174 0.928942 31.671551 -5.224896 2.828946 56.841654 -1.032635 0.085197 9.629588 -3.302605 0.946583 31.978723 -2.065078 0.360421 19.377809 -2.508611 0.554 18.813988 -3.848751 1.329492 38.101753 -3.838231 1.330336 38.036558 -8.288905 -3.703672 -6.074452 -23.144311 8.672824 -11.912 -12.785699 5.85213 -4.199655 12.901823 -28.118379 15.970084 -4.43265 25.552273 2.397495 -0.280263 5.607665 3.988603 0.000006 2.255753 -0.000009 -11.241853 -2.029107 0.127422 -8.06791 31.517992 -1.531022 3.44253 -21.629317 -19.166918 -0.000003 -0.315938 0
-0.077896 -0.34751 0.025381 -6.522574 -3.025113 9.69898 -1.537867 0.984203 6.682658 -3.916702 1.827062 13.948171 0.175194 -1.307872 0.312835 3.10155 3.350931 -3.361402 1.603412 5.566108 -10.715601 0 0 0 0 0 0 2.436255 0.61155 -9.252673 22.002191 48.927146 -115.679725 -22.07277 -5.915794 -17.282349 -11.500405 3.402637 -3.8233 0.050398 -0.112372 -7.390756 2.685625 0.615552 -25.815582 1.726594 0.246685 -16.262007 4.025365 0.888167 -20.644447 -0.973583 0.840604 -30.562561 4.935749 2.467071 -53.095435 1.220418 0.121036 -11.511016 2.957645 0.755577 -28.655965 2.347142 0.464184 -22.37245 1.243028 0.065507 -15.880519 4.053898 1.519159 -41.074051 3.366919 1.000162 -33.081724 12.807951 2.333457 9.419525 20.415874 0.538605 9.69099 19.121726 3.983046 4.028004 5.45758 0.506649 12.688682 -41.396132 42.858052 80.210812 19.255626 -4.902741 15.429621 -1.283982 -8.198947 3.361769 -0.168472 -0.109156 8.350031 -2.160859 0.386531 20.280957 -1.128944 0.103093 10.435347 -2.243145 0.36816 24.460303 -3.274174 0.928942 31.671551 -5.224896 2.828946 56.841654 -1.032635 0.085197 9.629588 -3.302605 0.946583 31.978723 -2.065078 0.360421 19.377809 -2.508611 0.554 18.813988 -3.848751 1.329492 38.101753 -3.838231 1.330336 38.036558 -8.288905 -3.703672 -6.074452 -23.144311 8.672824 -11.912 -12.785699 5.85213 -4.199655 15.440064 -26.566257 15.192063 -4.42021 23.935401 2.450558 -0.085281 5.793324 -0.474722 0.000006 2.255753 -0.000009 -9.59388 -1.356527 -0.664252 -8.047796 33.47336 -1.46275 4.762303 -22.408933 -22.111554 -0.000003 -0.315938 0
-0.051556 -0.349627 0.029925 -6.843867 -3.004411 13.121627 -1.209029 0.902498 6.65404 -3.755936 1.787118 13.93418 0.201281 -1.254583 0.298511 3.336415 3.424376 -3.397736 1.527519 5.726448 -10.685666 0 0 0 0 0 0 2.436254 0.611549 -9.252675 23.544377 48.868972 -115.797374 -21.626933 -5.509512 -16.194276 -11.505118 3.636702 -3.856903 0.050398 -0.112372 -7.390756 2.685625 0.615552 -25.815582 1.726594 0.246685 -16.262007 4.025365 0.888167 -20.644447 -0.973583 0.840604 -30.562561 4.935749 2.467071 -53.095435 1.220418 0.121036 -11.511016 2.957645 0.755577 -28.655965 2.347142 0.464184 -22.37245 1.243028 0.065507 -15.880519 4.053898 1.519159 -41.074051 3.366919 1.000162 -33.081724 12.807951 2.333457 9.419525 20.415874 0.538605 9.69099 19.121726 3.983046 4.028004 5.45758 0.506649 12.68868 -39.87711 44.676874 82.106203 19.769813 -5.33737 16.643352 -1.295367 -8.855409 3.273119 -0.168472 -0.109156 8.350031 -2.160859 0.386531 20.280957 -1.128944 0.103093 10.435347 -2.243145 0.36816 24.460303 -3.274174 0.928942 31.671551 -5.224896 2.828946 56.841654 -1.032635 0.085197 9.629588 -3.302605 0.946583 31.978723 -2.065078 0.360421 19.377809 -2.508611 0.554 18.813988 -3.848751 1.329492 38.101753 -3.838231 1.330336 38.036558 -8.288905 -3.703672 -6.074452 -23.144311 8.672824 -11.912 -12.785699 5.85213 -4.199655 18.060158 -23.937911 14.229017 -4.408915 21.156718 2.569574 0.0676 6.250509 -5.480068 0.000006 2.255753 -0.000009 -6.488203 -2.248365 -2.858075 -7.971295 40.42045 -1.426006 3.620575 -20.468061 -21.570653 -0.000003 -0.315938 0
-0.025453 -0.352275 0.034063 -7.690172 -2.543596 17.267145 0.210171 1.534927 6.458693 -3.062105 2.096305 13.838677 0.011672 -1.346426 0.262094 3.340936 3.597523 -3.510502 1.291063 5.726071 -10.81022 0 0 0 0 0 0 2.436255 0.611549 -9.252674 21.856209 49.474334 -116.384343 -22.289569 -6.123207 -17.825938 -11.491835 2.916256 -3.753314 0.050398 -0.112372 -7.390756 2.685625 0.615552 -25.815582 1.726594 0.246685 -16.262007 4.025365 0.888167 -20.644447 -0.973583 0.840604 -30.562561 4.935749 2.467071 -53.095435 1.220418 0.121036 -11.511016 2.957645 0.755577 -28.655965 2.347142 0.464184 -22.37245 1.243028 0.065507 -15.880519 4.053898 1.519159 -41.074051 3.366919 1.000162 -33.081724 12.807951 2.333457 9.419525 20.415874 0.538605 9.69099 19.121726 3.983046 4.028004 5.45758 0.506648 12.688681 -39.570096 47.094759 85.344126 20.212247 -5.738083 17.725984 -1.302688 -9.401483 3.199135 -0.168472 -0.109156 8.350031 -2.160859 0.386531 20.280957 -1.128944 0.103093 10.435347 -2.243145 0.36816 24.460303 -3.274174 0.928942 31.671551 -5.224896 2.828946 56.841654 -1.032635 0.085197 9.629588 -3.302605 0.946583 31.978723 -2.065078 0.360421 19.377809 -2.508611 0.554 18.813988 -3.848751 1.329492 38.101753 -3.838231 1.330336 38.036558 -8.288905 -3.703672 -6.074452 -23.144311 8.672824 -11.912 -12.785699 5.85213 -4.199655 21.128038 -21.433083 12.660459 -4.403572 20.661204 2.602018 -0.108299 5.320316 -10.710061 0.000006 2.255753 -0.000009 -1.616155 -8.441027 1.459921 -7.756597 54.910814 -1.341194 1.242868 -18.464524 -10.815889 -0.000003 -0.315938 0
-0.010801 -0.360422 0.027208 -7.567175 -2.710508 20.185397 0.051799 1.37604 6.127848 -3.139532 2.018627 13.67693 -0.076978 -1.250499 0.192553 3.4062 3.605243 -3.6059 1.113525 5.601101 -10.970716 0 0 0 0 0 0 2.436254 0.611549 -9.252674 22.966545 46.850688 -114.273846 -22.101868 -5.943191 -17.354658 -11.492926 2.983867 -3.763051 0.050398 -0.112372 -7.390756 2.685625 0.615552 -25.815582 1.726594 0.246685 -16.262007 4.025365 0.888167 -20.644447 -0.973583 0.840604 -30.562561 4.935749 2.467071 -53.095435 1.220418 0.121036 -11.511016 2.957645 0.755577 -28.655965 2.347142 0.464184 -22.37245 1.243028 0.065507 -15.880519 4.053898 1.519159 -41.074051 3.366919 1.000162 -33.081724 12.807951 2.333457 9.419525 20.415874 0.538605 9.69099 19.121726 3.983046 4.028004 5.45758 0.506649 12.68868 -38.09037 52.105479 90.666912 20.624477 -6.135928 18.770628 -1.301118 -9.270833 3.216853 -0.168472 -0.109156 8.350031 -2.160859 0.386531 20.280957 -1.128944 0.103093 10.435347 -2.243145 0.36816 24.460303 -3.274174 0.928942 31.671551 -5.224896 2.828946 56.841654 -1.032635 0.085197 9.629588 -3.302605 0.946583 31.978723 -2.065078 0.360421 19.377809 -2.508611 0.554 18.813988 -3.848751 1.329492 38.101753 -3.838231 1.330336 38.036558 -8.288905 -3.703672 -6.074452 -23.144311 8.672824 -11.912 -12.785699 5.85213 -4.199655 20.002898 -20.067829 11.88672 -4.394789 20.202977 2.493312 -0.119845 4.654746 -14.934952 0.000006 2.255753 -0.000009 -4.344624 -9.338073 8.884359 -7.863842 48.75631 -1.318972 1.025269 -24.373522 -5.267219 -0.000003 -0.315938 0
0.003074 -0.375213 0.018106 -7.649356 -2.881194 22.044578 -0.524954 1.396438 6.098915 -3.4215 2.028599 13.662785 -0.144578 -1.269404 0.192527 3.511678 3.820093 -3.708282 1.067178 5.618825 -11.073209 0 0 0 0 0 0 2.436254 0.61155 -9.252674 23.705179 46.271889 -113.407745 -21.778552 -5.644633 -16.559885 -11.499953 3.379268 -3.819941 0.050398 -0.112372 -7.390756 2.685625 0.615552 -25.815582 1.726594 0.246685 -16.262007 4.025365 0.888167 -20.644447 -0.973583 0.840604 -30.562561 4.935749 2.467071 -53.095435 1.220418 0.121036 -11.511016 2.957645 0.755577 -28.655965 2.347142 0.464184 -22.37245 1.243028 0.065507 -15.880519 4.053898 1.519159 -41.074051 3.366919 1.000162 -33.081724 12.807951 2.333457 9.419525 20.415874 0.538605 9.69099 19.121726 3.983046 4.028004 5.45758 0.506648 12.688681 -37.49415 54.606366 92.986237 20.528864 -6.04139 18.524929 -1.300206 -9.199064 3.226582 -0.168472 -0.109156 8.350031 -2.160859 0.386531 20.280957 -1.128944 0.103093 10.435347 -2.243145 0.36816 24.460303 -3.274174 0.928942 31.671551 -5.224896 2.828946 56.841654 -1.032635 0.085197 9.629588 -3.302605 0.946583 31.978723 -2.065078 0.360421 19.377809 -2.508611 0.554 18.813988 -3.848751 1.329492 38.101753 -3.838231 1.330336 38.036558 -8.288905 -3.703672 -6.074452 -23.144311 8.672824 -11.912 -12.785699 5.85213 -4.199655 18.275128 -22.086613 11.396065 -4.41873 26.370876 2.276731 0.832297 1.928614 -16.888364 0.000006 2.255753 -0.000009 -6.18642 -7.93701 12.133648 -7.973256 40.894577 -1.423497 -0.145081 -24.468441 -1.125336 -0.000003 -0.315938 0
0.012862 -0.363187 0.004563 -7.488646 -3.510668 22.767067 -1.48075 0.837104 6.666267 -3.888778 1.755147 13.940157 0.05368 -1.169568 0.303376 3.579011 3.894146 -3.784248 0.767754 5.948089 -11.087758 0 0 0 0 0 0 2.436254 0.61155 -9.252674 24.03402 49.806631 -115.822513 -21.629385 -5.511611 -16.200011 -11.500213 3.392774 -3.82188 0.050398 -0.112372 -7.390756 2.685625 0.615552 -25.815582 1.726594 0.246685 -16.262007 4.025365 0.888167 -20.644447 -0.973583 0.840604 -30.562561 4.935749 2.467071 -53.095435 1.220418 0.121036 -11.511016 2.957645 0.755577 -28.655965 2.347142 0.464184 -22.37245 1.243028 0.065507 -15.880519 4.053898 1.519159 -41.074051 3.366919 1.000162 -33.081724 12.807951 2.333457 9.419525 20.415874 0.538605 9.69099 19.121726 3.983046 4.028004 5.45758 0.506649 12.688681 -39.748512 53.71748 91.866101 19.447459 -5.0612 15.877208 -1.278126 -7.912357 3.400351 -0.168472 -0.109156 8.350031 -2.160859 0.386531 20.280957 -1.128944 0.103093 10.435347 -2.243145 0.36816 24.460303 -3.274174 0.928942 31.671551 -5.224896 2.828946 56.841654 -1.032635 0.085197 9.629588 -3.302605 0.946583 31.978723 -2.065078 0.360421 19.377809 -2.508611 0.554 18.813988 -3.848751 1.329492 38.101753 -3.838231 1.330336 38.036558 -8.288905 -3.703672 -6.074452 -23.144311 8.672824 -11.912 -12.785699 5.85213 -4.199655 16.428166 -21.60111 8.313597 -4.426046 26.711991 2.277298 0.766289 1.05616 -14.81194 0.000006 2.255753 -0.000009 -8.415252 -5.059238 10.928891 -8.007384 37.723308 -1.468906 0.154136 -23.463197 -2.023034 -0.000003 -0.315938 0
0.01484 -0.35787 -0.002133 -7.229824 -3.448308 22.969827 -1.46853 0.54911 6.506779 -3.882804 1.61435 13.862185 0.035761 -1.161468 0.267619 3.527327 3.834876 -3.77756 0.78796 5.719335 -11.14721 0 0 0 0 0 0 2.436254 0.61155 -9.252674 23.942155 52.884164 -118.659085 -21.35624 -5.275221 -15.55134 -11.513943 4.032248 -3.913566 0.050398 -0.112372 -7.390756 2.685625 0.615552 -25.815582 1.726594 0.246685 -16.262007 4.025365 0.888167 -20.644447 -0.973583 0.840604 -30.562561 4.935749 2.467071 -53.095435 1.220418 0.121036 -11.511016 2.957645 0.755577 -28.655965 2.347142 0.464184 -22.37245 1.243028 0.065507 -15.880519 4.053898 1.519159 -41.074051 3.366919 1.000162 -33.081724 12.807951 2.333457 9.419525 20.415874 0.538605 9.69099 19.121726 3.983046 4.028004 5.457579 0.506649 12.688681 -40.428342 52.716373 90.760539 19.122799 -4.79549 15.123106 -1.274008 -7.724986 3.425529 -0.168472 -0.109156 8.350031 -2.160859 0.386531 20.280957 -1.128944 0.103093 10.435347 -2.243145 0.36816 24.460303 -3.274174 0.928942 31.671551 -5.224896 2.828946 56.841654 -1.032635 0.085197 9.629588 -3.302605 0.946583 31.978723 -2.065078 0.360421 19.377809 -2.508611 0.554 18.813988 -3.848751 1.329492 38.101753 -3.838231 1.330336 38.036558 -8.288905 -3.703672 -6.074452 -23.144311 8.672824 -11.912 -12.785699 5.85213 -4.199655 16.09083 -21.433199 6.971189 -4.420649 25.870929 2.295545 0.641179 1.11763 -14.068142 0.000006 2.255753 -0.000009 -8.80486 -4.990233 10.507143 -8.013277 36.997312 -1.481851 0.148665 -23.343271 -1.980891 -0.000003 -0.315938 0
0.015526 -0.360277 -0.008108 -7.224889 -3.508626 23.17317 -1.548244 0.585003 6.3446 -3.921775 1.631898 13.782898 0.019632 -1.219734 0.230694 3.48397 3.961565 -3.812247 0.81974 5.839472 -11.166917 0 0 0 0 0 0 2.436254 0.61155 -9.252674 23.108883 53.597384 -119.487796 -21.964339 -5.81453 -17.014262 -11.523509 4.414504 -3.968162 0.050398 -0.112372 -7.390756 2.685625 0.615552 -25.815582 1.726594 0.246685 -16.262007 4.025365 0.888167 -20.644447 -0.973583 0.840604 -30.562561 4.935749 2.467071 -53.095435 1.220418 0.121036 -11.511016 2.957645 0.755577 -28.655965 2.347142 0.464184 -22.37245 1.243028 0.065507 -15.880519 4.053898 1.519159 -41.074051 3.366919 1.000162 -33.081724 12.807951 2.333457 9.419525 20.415874 0.538605 9.69099 19.121726 3.983046 4.028004 5.45758 0.506648 12.688681 -40.138499 52.161918 89.532968 19.202729 -4.859776 15.307167 -1.28739 -8.379128 3.337474 -0.168472 -0.109156 8.350031 -2.160859 0.386531 20.280957 -1.128944 0.103093 10.435347 -2.243145 0.36816 24.460303 -3.274174 0.928942 31.671551 -5.224896 2.828946 56.841654 -1.032635 0.085197 9.629588 -3.302605 0.946583 31.978723 -2.065078 0.360421 19.377809 -2.508611 0.554 18.813988 -3.848751 1.329492 38.101753 -3.838231 1.330336 38.036558 -8.288905 -3.703672 -6.074452 -23.144311 8.672824 -11.912 -12.785699 5.85213 -4.199655 15.456732 -21.337883 7.02983 -4.41948 25.67148 2.302255 0.746846 1.061124 -14.747661 0.000006 2.255753 -0.000009 -9.496774 -4.770761 10.438596 -8.014274 36.8576 -1.480777 0.293004 -23.439234 -2.582237 -0.000003 -0.315938 0
0.011868 -0.362107 -0.011733 -7.212182 -3.389089 23.801083 -1.369071 1.087133 6.066993 -3.834179 1.877384 13.647179 -0.001191 -1.344775 0.17511 3.544487 3.879106 -3.773157 0.821415 5.672075 -11.130376 0 0 0 0 0 0 2.436254 0.61155 -9.252674 22.132261 51.476068 -118.146036 -22.613404 -6.445895 -18.656815 -11.492431 2.953446 -3.75867 0.050398 -0.112372 -7.390756 2.685625 0.615552 -25.815582 1.726594 0.246685 -16.262007 4.025365 0.888167 -20.644447 -0.973583 0.840604 -30.562561 4.935749 2.467071 -53.095435 1.220418 0.121036 -11.511016 2.957645 0.755577 -28.655965 2.347142 0.464184 -22.37245 1.243028 0.065507 -15.880519 4.053898 1.519159 -41.074051 3.366919 1.000162 -33.081724 12.807951 2.333457 9.419525 20.415874 0.538605 9.69099 19.121726 3.983046 4.028004 5.45758 0.506649 12.688681 -40.951657 51.523071 89.692185 18.561264 -4.363482 13.856462 -1.272358 -7.652665 3.435239 -0.168472 -0.109156 8.350031 -2.160859 0.386531 20.280957 -1.128944 0.103093 10.435347 -2.243145 0.36816 24.460303 -3.274174 0.928942 31.671551 -5.224896 2.828946 56.841654 -1.032635 0.085197 9.629588 -3.302605 0.946583 31.978723 -2.065078 0.360421 19.377809 -2.508611 0.554 18.813988 -3.848751 1.329492 38.101753 -3.838231 1.330336 38.036558 -8.288905 -3.703672 -6.074452 -23.144311 8.672824 -11.912 -12.785699 5.85213 -4.199655 15.362153 -21.953546 6.258353 -4.421663 26.170283 2.292383 0.835726 0.999778 -15.238253 0.000006 2.255753 -0.000009 -10.064227 -5.407105 10.648773 -8.012501 37.759036 -1.471252 0.736056 -23.091324 -4.446816 -0.000003 -0.315938 0
0.004971 -0.358223 -0.015231 -6.978826 -3.490595 25.068408 -1.751241 1.594072 6.632595 -4.021018 2.125221 13.923695 0.147428 -1.4652 0.301463 3.497265 3.826841 -3.759096 1.096416 5.718101 -11.13111 0 0 0 0 0 0 2.436254 0.611549 -9.252674 21.829445 50.258042 -117.624878 -23.466231 -7.378874 -20.971963 -11.479868 1.966533 -3.616174 0.050398 -0.112372 -7.390756 2.685625 0.615552 -25.815582 1.726594 0.246685 -16.262007 4.025365 0.888167 -20.644447 -0.973583 0.840604 -30.562561 4.935749 2.467071 -53.095435 1.220418 0.121036 -11.511016 2.957645 0.755577 -28.655965 2.347142 0.464184 -22.37245 1.243028 0.065507 -15.880519 4.053898 1.519159 -41.074051 3.366919 1.000162 -33.081724 12.807951 2.333457 9.419525 20.415874 0.538605 9.69099 19.121726 3.983046 4.028004 5.45758 0.506648 12.688681 -39.423703 55.266195 93.574364 18.989495 -4.689868 14.818194 -1.290591 -8.559842 3.313078 -0.168472 -0.109156 8.350031 -2.160859 0.386531 20.280957 -1.128944 0.103093 10.435347 -2.243145 0.36816 24.460303 -3.274174 0.928942 31.671551 -5.224896 2.828946 56.841654 -1.032635 0.085197 9.629588 -3.302605 0.946583 31.978723 -2.065078 0.360421 19.377809 -2.508611 0.554 18.813988 -3.848751 1.329492 38.101753 -3.838231 1.330336 38.036558 -8.288905 -3.703672 -6.074452 -23.144311 8.672824 -11.912 -12.785699 5.85213 -4.199655 14.733316 -23.780221 5.039072 -4.429532 26.997126 2.277396 0.938668 1.31799 -16.191106 0.000006 2.255753 -0.000009 -10.485873 -5.962766 8.492212 -8.014551 37.252381 -1.473503 0.777877 -22.710877 -4.724454 -0.000003 -0.315938 0
-0.006392 -0.34726 -0.018016 -6.325824 -3.523377 28.246509 -2.179883 2.022596 6.870378 -4.230576 2.334721 14.039945 0.337307 -1.597594 0.358566 3.392891 3.640753 -3.648837 1.276518 5.843348 -10.951672 0 0 0 0 0 0 2.436254 0.61155 -9.252674 21.186113 50.582811 -117.877917 -23.605098 -7.543619 -21.368904 -11.481883 2.168354 -3.645362 0.050398 -0.112372 -7.390756 2.685625 0.615552 -25.815582 1.726594 0.246685 -16.262007 4.025365 0.888167 -20.644447 -0.973583 0.840604 -30.562561 4.935749 2.467071 -53.095435 1.220418 0.121036 -11.511016 2.957645 0.755577 -28.655965 2.347142 0.464184 -22.37245 1.243028 0.065507 -15.880519 4.053898 1.519159 -41.074051 3.366919 1.000162 -33.081724 12.807951 2.333457 9.419525 20.415874 0.538605 9.69099 19.121726 3.983046 4.028004 5.45758 0.506649 12.68868 -38.470989 56.157947 94.897296 19.336649 -4.969084 15.617858 -1.293864 -8.758328 3.286251 -0.168472 -0.109156 8.350031 -2.160859 0.386531 20.280957 -1.128944 0.103093 10.435347 -2.243145 0.36816 24.460303 -3.274174 0.928942 31.671551 -5.224896 2.828946 56.841654 -1.032635 0.085197 9.629588 -3.302605 0.946583 31.978723 -2.065078 0.360421 19.377809 -2.508611 0.554 18.813988 -3.848751 1.329492 38.101753 -3.838231 1.330336 38.036558 -8.288905 -3.703672 -6.074452 -23.144311 8.672824 -11.912 -12.785699 5.85213 -4.199655 13.755825 -26.136317 6.082975 -4.430608 26.706439 2.279572 0.434495 0.440094 -12.043285 0.000006 2.255753 -0.000009 -11.009763 -6.684069 6.72559 -8.02612 35.476223 -1.48831 1.392233 -21.546281 -8.513141 -0.000003 -0.315938 0
-0.017288 -0.334175 -0.018309 -5.666948 -3.389108 32.202828 -2.093415 2.066088 6.570274 -4.188303 2.355984 13.893228 0.065305 -1.667952 0.284645 3.448793 3.58527 -3.596419 1.371561 5.822587 -10.833409 0 0 0 0 0 0 2.436254 0.61155 -9.252673 22.253225 51.007003 -118.380609 -23.064197 -6.923091 -19.855999 -11.487845 2.650214 -3.714953 0.050398 -0.112372 -7.390756 2.685625 0.615552 -25.815582 1.726594 0.246685 -16.262007 4.025365 0.888167 -20.644447 -0.973583 0.840604 -30.562561 4.935749 2.467071 -53.095435 1.220418 0.121036 -11.511016 2.957645 0.755577 -28.655965 2.347142 0.464184 -22.37245 1.243028 0.065507 -15.880519 4.053898 1.519159 -41.074051 3.366919 1.000162 -33.081724 12.807951 2.333457 9.419525 20.415874 0.538605 9.69099 19.121726 3.983046 4.028004 5.45758 0.506649 12.688682 -37.147005 53.197 91.693355 19.330046 -4.963725 15.602565 -1.294802 -8.818317 3.278138 -0.168472 -0.109156 8.350031 -2.160859 0.386531 20.280957 -1.128944 0.103093 10.435347 -2.243145 0.36816 24.460303 -3.274174 0.928942 31.671551 -5.224896 2.828946 56.841654 -1.032635 0.085197 9.629588 -3.302605 0.946583 31.978723 -2.065078 0.360421 19.377809 -2.508611 0.554 18.813988 -3.848751 1.329492 38.101753 -3.838231 1.330336 38.036558 -8.288905 -3.703672 -6.074452 -23.144311 8.672824 -11.912 -12.785699 5.85213 -4.199655 12.710625 -28.538463 16.180643 -4.449672 28.084459 2.241983 -0.946282 1.765219 -2.555945 0.000006 2.255753 -0.000009 -10.283462 -7.584187 3.34432 -8.04462 34.413145 -1.509598 1.877653 -21.088523 -11.926825 -0.000003 -0.315938 0
-0.02622 -0.323742 -0.012045 -5.413148 -3.313681 36.384697 -2.028721 2.004592 6.906233 -4.156675 2.325919 14.057474 0.16602 -1.633206 0.364157 3.418886 3.716518 -3.677075 1.284999 6.116405 -10.83405 0 0 0 0 0 0 2.436255 0.61155 -9.252675 22.68384 50.648332 -117.504261 -22.915578 -6.762026 -19.454862 -11.491011 2.864065 -3.745791 0.050398 -0.112372 -7.390756 2.685625 0.615552 -25.815582 1.726594 0.246685 -16.262007 4.025365 0.888167 -20.644447 -0.973583 0.840604 -30.562561 4.935749 2.467071 -53.095435 1.220418 0.121036 -11.511016 2.957645 0.755577 -28.655965 2.347142 0.464184 -22.37245 1.243028 0.065507 -15.880519 4.053898 1.519159 -41.074051 3.366919 1.000162 -33.081724 12.807951 2.333457 9.419525 20.415874 0.538605 9.69099 19.121726 3.983046 4.028004 5.457581 0.506648 12.68868 -38.060259 49.850875 87.30552 19.054044 -4.74078 14.965573 -1.282303 -8.114069 3.373201 -0.168472 -0.109156 8.350031 -2.160859 0.386531 20.280957 -1.128944 0.103093 10.435347 -2.243145 0.36816 24.460303 -3.274174 0.928942 31.671551 -5.224896 2.828946 56.841654 -1.032635 0.085197 9.629588 -3.302605 0.946583 31.978723 -2.065078 0.360421 19.377809 -2.508611 0.554 18.813988 -3.848751 1.329492 38.101753 -3.838231 1.330336 38.036558 -8.288905 -3.703672 -6.074452 -23.144311 8.672824 -11.912 -12.785699 5.85213 -4.199655 11.866117 -27.165448 14.732254 -4.430932 26.380515 2.283425 -0.809145 2.369249 -2.075376 0.000006 2.255753 -0.000009 -9.29931 -7.540733 1.633919 -8.049818 34.319442 -1.495731 3.049685 -21.590517 -17.142998 -0.000003 -0.315938 0
-0.037008 -0.329036 -0.000035 -5.847476 -3.516314 40.853299 -2.471839 1.695671 6.989021 -4.37331 2.174891 14.097948 0.122588 -1.494091 0.371292 3.198788 3.588944 -3.611451 1.389768 6.206572 -10.720798 0 0 0 0 0 0 2.436254 0.61155 -9.252673 24.38794 49.793127 -116.072684 -22.445066 -6.276235 -18.222004 -11.492427 2.95305 -3.758615 0.050398 -0.112372 -7.390756 2.685625 0.615552 -25.815582 1.726594 0.246685 -16.262007 4.025365 0.888167 -20.644447 -0.973583 0.840604 -30.562561 4.935749 2.467071 -53.095435 1.220418 0.121036 -11.511016 2.957645 0.755577 -28.655965 2.347142 0.464184 -22.37245 1.243028 0.065507 -15.880519 4.053898 1.519159 -41.074051 3.366919 1.000162 -33.081724 12.807951 2.333457 9.419525 20.415874 0.538605 9.69099 19.121726 3.983046 4.028004 5.457579 0.506648 12.688681 -38.376571 47.237692 84.667047 19.003406 -4.700749 14.849878 -1.282528 -8.125194 3.371703 -0.168472 -0.109156 8.350031 -2.160859 0.386531 20.280957 -1.128944 0.103093 10.435347 -2.243145 0.36816 24.460303 -3.274174 0.928942 31.671551 -5.224896 2.828946 56.841654 -1.032635 0.085197 9.629588 -3.302605 0.946583 31.978723 -2.065078 0.360421 19.377809 -2.508611 0.554 18.813988 -3.848751 1.329492 38.101753 -3.838231 1.330336 38.036558 -8.288905 -3.703672 -6.074452 -23.144311 8.672824 -11.912 -12.785699 5.85213 -4.199655 10.425568 -24.739828 18.744162 -4.441768 27.383905 2.265977 -0.722268 3.479048 -0.072461 0.000006 2.255753 -0.000009 -9.199976 -6.429471 -1.328931 -8.049595 34.112503 -1.453976 4.255692 -21.824285 -21.778891 -0.000003 -0.315938 0
-0.055731 -0.338044 0.016564 -5.9815 -3.745517 44.177577 -2.311658 1.024602 6.766693 -4.294999 1.846813 13.989254 0.07523 -1.479318 0.316356 3.246975 3.560203 -3.738259 1.101363 6.143784 -10.917695 0 0 0 0 0 0 2.436254 0.611549 -9.252673 24.519688 51.146182 -117.344705 -22.155996 -6.014549 -17.502472 -11.507619 3.753959 -3.873716 0.050398 -0.112372 -7.390756 2.685625 0.615552 -25.815582 1.726594 0.246685 -16.262007 4.025365 0.888167 -20.644447 -0.973583 0.840604 -30.562561 4.935749 2.467071 -53.095435 1.220418 0.121036 -11.511016 2.957645 0.755577 -28.655965 2.347142 0.464184 -22.37245 1.243028 0.065507 -15.880519 4.053898 1.519159 -41.074051 3.366919 1.000162 -33.081724 12.807951 2.333457 9.419525 20.415874 0.538605 9.69099 19.121726 3.983046 4.028004 5.45758 0.506648 12.688681 -38.461182 47.371876 84.687198 19.371018 -4.997508 15.698131 -1.29219 -8.654716 3.300258 -0.168472 -0.109156 8.350031 -2.160859 0.386531 20.280957 -1.128944 0.103093 10.435347 -2.243145 0.36816 24.460303 -3.274174 0.928942 31.671551 -5.224896 2.828946 56.841654 -1.032635 0.085197 9.629588 -3.302605 0.946583 31.978723 -2.065078 0.360421 19.377809 -2.508611 0.554 18.813988 -3.848751 1.329492 38.101753 -3.838231 1.330336 38.036558 -8.288905 -3.703672 -6.074452 -23.144311 8.672824 -11.912 -12.785699 5.85213 -4.199655 13.021768 -21.798551 15.241252 -4.402028 21.443379 2.417985 -0.252094 4.244938 1.104386 0.000006 2.255753 -0.000009 -7.232065 -7.283175 -3.21424 -8.017453 36.606072 -1.3283 6.152085 -22.917376 -24.604043 -0.000003 -0.315938 0
-0.082203 -0.340968 0.036727 -5.754783 -3.427947 46.755422 -1.739672 1.085252 6.905916 -4.015362 1.876464 14.057319 0.168271 -1.319685 0.352357 3.262158 3.406946 -3.725693 1.20054 5.788924 -11.01232 0 0 0 0 0 0 2.436254 0.611549 -9.252676 22.9881 51.620119 -118.530366 -22.41527 -6.246653 -18.145708 -11.499338 3.346747 -3.815269 0.050398 -0.112372 -7.390756 2.685625 0.615552 -25.815582 1.726594 0.246685 -16.262007 4.025365 0.888167 -20.644447 -0.973583 0.840604 -30.562561 4.935749 2.467071 -53.095435 1.220418 0.121036 -11.511016 2.957645 0.755577 -28.655965 2.347142 0.464184 -22.37245 1.243028 0.065507 -15.880519 4.053898 1.519159 -41.074051 3.366919 1.000162 -33.081724 12.807951 2.333457 9.419525 20.415874 0.538605 9.69099 19.121726 3.983046 4.028004 5.457579 0.506648 12.688681 -38.423749 49.83056 87.598795 20.037131 -5.576455 17.2931 -1.302185 -9.358503 3.204966 -0.168472 -0.109156 8.350031 -2.160859 0.386531 20.280957 -1.128944 0.103093 10.435347 -2.243145 0.36816 24.460303 -3.274174 0.928942 31.671551 -5.224896 2.828946 56.841654 -1.032635 0.085197 9.629588 -3.302605 0.946583 31.978723 -2.065078 0.360421 19.377809 -2.508611 0.554 18.813988 -3.848751 1.329492 38.101753 -3.838231 1.330336 38.036558 -8.288905 -3.703672 -6.074452 -23.144311 8.672824 -11.912 -12.785699 5.85213 -4.199655 15.889212 -20.401792 13.478844 -4.385157 18.996658 2.491088 0.203547 5.308036 -3.270629 0.000006 2.255753 -0.000009 -3.708898 -6.142199 -3.690108 -7.997602 38.241966 -1.332343 5.677763 -21.913 -25.298717 -0.000003 -0.315938 0
-0.105532 -0.346087 0.054542 -5.602271 -3.13168 49.433952 -0.944612 1.179235 6.718341 -3.626666 1.922411 13.965616 -0.03439 -1.397699 0.307702 3.288324 3.605514 -3.742835 1.109742 5.922118 -10.886435 0 0 0 0 0 0 2.436255 0.61155 -9.252674 22.888092 49.406288 -116.467547 -22.325768 -6.158504 -17.91769 -11.509978 3.860566 -3.888993 0.050398 -0.112372 -7.390756 2.685625 0.615552 -25.815582 1.726594 0.246685 -16.262007 4.025365 0.888167 -20.644447 -0.973583 0.840604 -30.562561 4.935749 2.467071 -53.095435 1.220418 0.121036 -11.511016 2.957645 0.755577 -28.655965 2.347142 0.464184 -22.37245 1.243028 0.065507 -15.880519 4.053898 1.519159 -41.074051 3.366919 1.000162 -33.081724 12.807951 2.333457 9.419525 20.415874 0.538605 9.69099 19.121726 3.983046 4.028004 5.457579 0.506649 12.688681 -37.531214 53.72019 91.243993 20.886281 -6.399831 19.45246 -1.304532 -9.567736 3.176575 -0.168472 -0.109156 8.350031 -2.160859 0.386531 20.280957 -1.128944 0.103093 10.435347 -2.243145 0.36816 24.460303 -3.274174 0.928942 31.671551 -5.224896 2.828946 56.841654 -1.032635 0.085197 9.629588 -3.302605 0.946583 31.978723 -2.065078 0.360421 19.377809 -2.508611 0.554 18.813988 -3.848751 1.329492 38.101753 -3.838231 1.330336 38.036558 -8.288905 -3.703672 -6.074452 -23.144311 8.672824 -11.912 -12.785699 5.85213 -4.199655 18.047382 -20.157815 12.347145 -4.389886 19.532085 2.506775 0.096857 4.539876 -7.010114 0.000006 2.255753 -0.000009 -1.638272 -5.911017 3.827429 -7.949579 42.37719 -1.385417 2.33196 -20.996008 -13.790141 -0.000003 -0.315938 0
-0.112241 -0.356674 0.06542 -5.91863 -2.904128 51.507609 -0.913442 1.324419 6.225718 -3.611427 1.99339 13.724778 -0.195496 -1.33591 0.203009 3.333278 3.672819 -3.788276 0.993688 5.76648 -10.952423 0 0 0 0 0 0 2.436255 0.611549 -9.252674 22.940265 47.497657 -114.527566 -22.284947 -6.118816 -17.81435 -11.496234 3.177544 -3.790935 0.050398 -0.112372 -7.390756 2.685625 0.615552 -25.815582 1.726594 0.246685 -16.262007 4.025365 0.888167 -20.644447 -0.973583 0.840604 -30.562561 4.935749 2.467071 -53.095435 1.220418 0.121036 -11.511016 2.957645 0.755577 -28.655965 2.347142 0.464184 -22.37245 1.243028 0.065507 -15.880519 4.053898 1.519159 -41.074051 3.366919 1.000162 -33.081724 12.807951 2.333457 9.419525 20.415874 0.538605 9.69099 19.121726 3.983046 4.028004 5.45758 0.506649 12.688681 -36.874191 54.931433 92.839493 20.655772 -6.16709 18.851289 -1.298238 -9.05265 3.246419 -0.168472 -0.109156 8.350031 -2.160859 0.386531 20.280957 -1.128944 0.103093 10.435347 -2.243145 0.36816 24.460303 -3.274174 0.928942 31.671551 -5.224896 2.828946 56.841654 -1.032635 0.085197 9.629588 -3.302605 0.946583 31.978723 -2.065078 0.360421 19.377809 -2.508611 0.554 18.813988 -3.848751 1.329492 38.101753 -3.838231 1.330336 38.036558 -8.288905 -3.703672 -6.074452 -23.144311 8.672824 -11.912 -12.785699 5.85213 -4.199655 17.715766 -21.001139 11.61998 -4.408907 22.890131 2.394279 0.018965 2.903921 -9.233832 0.000006 2.255753 -0.000009 -4.562294 -7.365405 7.270416 -7.939125 43.545605 -1.356567 1.094967 -24.851514 -5.451692 -0.000003 -0.315938 0
-0.114238 -0.368954 0.077503 -5.84273 -2.522973 52.70816 -0.62591 1.088482 6.092761 -3.470856 1.878043 13.659777 -0.239704 -1.203655 0.186645 3.549538 3.775022 -3.412796 0.657622 5.884864 -11.256099 0 0 0 0 0 0 2.436254 0.61155 -9.252674 23.167068 46.990359 -113.633196 -22.126914 -5.967026 -17.417279 -11.495566 3.139606 -3.785475 0.050398 -0.112372 -7.390756 2.685625 0.615552 -25.815582 1.726594 0.246685 -16.262007 4.025365 0.888167 -20.644447 -0.973583 0.840604 -30.562561 4.935749 2.467071 -53.095435 1.220418 0.121036 -11.511016 2.957645 0.755577 -28.655965 2.347142 0.464184 -22.37245 1.243028 0.065507 -15.880519 4.053898 1.519159 -41.074051 3.366919 1.000162 -33.081724 12.807951 2.333457 9.419525 20.415874 0.538605 9.69099 19.121726 3.983046 4.028004 5.45758 0.506649 12.688681 -37.987052 55.201335 92.738159 20.117709 -5.650384 17.49163 -1.293679 -8.74659 3.287838 -0.168472 -0.109156 8.350031 -2.160859 0.386531 20.280957 -1.128944 0.103093 10.435347 -2.243145 0.36816 24.460303 -3.274174 0.928942 31.671551 -5.224896 2.828946 56.841654 -1.032635 0.085197 9.629588 -3.302605 0.946583 31.978723 -2.065078 0.360421 19.377809 -2.508611 0.554 18.813988 -3.848751 1.329492 38.101753 -3.838231 1.330336 38.036558 -8.288905 -3.703672 -6.074452 -23.144311 8.672824 -11.912 -12.785699 5.85213 -4.199655 17.581187 -20.32989 12.155267 -4.411221 24.337241 2.313049 0.202954 1.498891 -11.354397 0.000006 2.255753 -0.000009 -6.682167 -7.619508 8.724577 -7.981357 40.028885 -1.418872 0.597862 -23.513329 -3.808352 -0.000003 -0.315938 0
-0.111639 -0.361981 0.08587 -6.311223 -2.390318 53.392569 -1.230443 0.45684 6.285409 -3.766406 1.56924 13.75396 -0.077373 -1.052412 0.218898 3.562476 3.753546 -3.398467 0.624056 6.039275 -11.21445 0 0 0 0 0 0 2.436254 0.61155 -9.252674 23.744371 50.130114 -116.698813 -21.595531 -5.481804 -16.11887 -11.496693 3.20337 -3.79465 0.050398 -0.112372 -7.390756 2.685625 0.615552 -25.815582 1.726594 0.246685 -16.262007 4.025365 0.888167 -20.644447 -0.973583 0.840604 -30.562561 4.935749 2.467071 -53.095435 1.220418 0.121036 -11.511016 2.957645 0.755577 -28.655965 2.347142 0.464184 -22.37245 1.243028 0.065507 -15.880519 4.053898 1.519159 -41.074051 3.366919 1.000162 -33.081724 12.807951 2.333457 9.419525 20.415874 0.538605 9.69099 19.121726 3.983046 4.028004 5.45758 0.506649 12.688681 -40.011691 53.207598 90.184188 19.08664 -4.766639 15.040101 -1.278966 -7.95187 3.395033 -0.168472 -0.109156 8.350031 -2.160859 0.386531 20.280957 -1.128944 0.103093 10.435347 -2.243145 0.36816 24.460303 -3.274174 0.928942 31.671551 -5.224896 2.828946 56.841654 -1.032635 0.085197 9.629588 -3.302605 0.946583 31.978723 -2.065078 0.360421 19.377809 -2.508611 0.554 18.813988 -3.848751 1.329492 38.101753 -3.838231 1.330336 38.036558 -8.288905 -3.703672 -6.074452 -23.144311 8.672824 -11.912 -12.785699 5.85213 -4.199655 16.457087 -19.628012 10.165268 -4.412919 24.748253 2.309909 0.08884 0.772386 -10.089022 0.000006 2.255753 -0.000009 -7.882801 -4.935245 8.081994 -8.008696 37.596591 -1.449666 0.893748 -23.288493 -5.088863 -0.000003 -0.315938 0
-0.107124 -0.360838 0.086923 -6.325346 -2.417669 53.220421 -0.965819 0.289633 6.197107 -3.637034 1.487494 13.71079 -0.105447 -1.052274 0.201042 3.432246 3.801451 -3.408747 0.623477 5.786564 -11.240586 0 0 0 0 0 0 2.436254 0.61155 -9.252674 22.978639 51.836223 -117.98665 -21.631299 -5.513373 -16.204746 -11.508404 3.789793 -3.878854 0.050398 -0.112372 -7.390756 2.685625 0.615552 -25.815582 1.726594 0.246685 -16.262007 4.025365 0.888167 -20.644447 -0.973583 0.840604 -30.562561 4.935749 2.467071 -53.095435 1.220418 0.121036 -11.511016 2.957645 0.755577 -28.655965 2.347142 0.464184 -22.37245 1.243028 0.065507 -15.880519 4.053898 1.519159 -41.074051 3.366919 1.000162 -33.081724 12.807951 2.333457 9.419525 20.415874 0.538605 9.69099 19.121726 3.983046 4.028004 5.45758 0.506649 12.688681 -40.177062 54.478349 91.700779 19.149552 -4.816917 15.184586 -1.281367 -8.067708 3.379445 -0.168472 -0.109156 8.350031 -2.160859 0.386531 20.280957 -1.128944 0.103093 10.435347 -2.243145 0.36816 24.460303 -3.274174 0.928942 31.671551 -5.224896 2.828946 56.841654 -1.032635 0.085197 9.629588 -3.302605 0.946583 31.978723 -2.065078 0.360421 19.377809 -2.508611 0.554 18.813988 -3.848751 1.329492 38.101753 -3.838231 1.330336 38.036558 -8.288905 -3.703672 -6.074452 -23.144311 8.672824 -11.912 -12.785699 5.85213 -4.199655 16.119432 -19.356993 10.154359 -4.415199 24.600082 2.303822 0.058575 0.834631 -9.844834 0.000006 2.255753 -0.000009 -8.372939 -4.849228 8.472202 -8.00855 37.368746 -1.452316 0.985084 -23.167362 -5.504127 -0.000003 -0.315938 0
-0.102337 -0.359694 0.085341 -6.344034 -2.407778 53.153221 -0.881111 0.448052 6.055247 -3.595621 1.564944 13.641436 -0.104963 -1.085245 0.173477 3.464271 3.676638 -3.38351 0.641493 5.893512 -11.201765 0 0 0 0 0 0 2.436255 0.61155 -9.252674 22.985454 50.937409 -117.312699 -21.758557 -5.626762 -16.511659 -11.510514 3.884254 -3.892388 0.050398 -0.112372 -7.390756 2.685625 0.615552 -25.815582 1.726594 0.246685 -16.262007 4.025365 0.888167 -20.644447 -0.973583 0.840604 -30.562561 4.935749 2.467071 -53.095435 1.220418 0.121036 -11.511016 2.957645 0.755577 -28.655965 2.347142 0.464184 -22.37245 1.243028 0.065507 -15.880519 4.053898 1.519159 -41.074051 3.366919 1.000162 -33.081724 12.807951 2.333457 9.419525 20.415874 0.538605 9.69099 19.121726 3.983046 4.028004 5.457579 0.506648 12.688681 -38.633534 57.220631 94.404241 19.688068 -5.266117 16.447445 -1.291185 -8.594616 3.308379 -0.168472 -0.109156 8.350031 -2.160859 0.386531 20.280957 -1.128944 0.103093 10.435347 -2.243145 0.36816 24.460303 -3.274174 0.928942 31.671551 -5.224896 2.828946 56.841654 -1.032635 0.085197 9.629588 -3.302605 0.946583 31.978723 -2.065078 0.360421 19.377809 -2.508611 0.554 18.813988 -3.848751 1.329492 38.101753 -3.838231 1.330336 38.036558 -8.288905 -3.703672 -6.074452 -23.144311 8.672824 -11.912 -12.785699 5.85213 -4.199655 15.818911 -19.534743 9.631965 -4.413655 24.626571 2.31162 -0.037318 0.792909 -9.292527 0.000006 2.255753 -0.000009 -8.808303 -5.044233 8.646664 -8.010481 37.52147 -1.456756 1.013914 -23.140183 -5.589397 -0.000003 -0.315938 0
-0.095422 -0.358265 0.081456 -6.3156 -2.423528 53.287696 -0.83725 0.745111 6.150036 -3.574178 1.710173 13.687778 -0.107944 -1.250533 0.197665 3.47992 3.761612 -3.40438 0.60496 5.93748 -11.234615 0 0 0 0 0 0 2.436254 0.61155 -9.252674 22.121103 49.682877 -116.350409 -22.156574 -5.995189 -17.491307 -11.500377 3.401247 -3.823099 0.050398 -0.112372 -7.390756 2.685625 0.615552 -25.815582 1.726594 0.246685 -16.262007 4.025365 0.888167 -20.644447 -0.973583 0.840604 -30.562561 4.935749 2.467071 -53.095435 1.220418 0.121036 -11.511016 2.957645 0.755577 -28.655965 2.347142 0.464184 -22.37245 1.243028 0.065507 -15.880519 4.053898 1.519159 -41.074051 3.366919 1.000162 -33.081724 12.807951 2.333457 9.419525 20.415874 0.538605 9.69099 19.121726 3.983046 4.028004 5.45758 0.506648 12.688681 -39.017339 57.468992 94.528564 19.305588 -4.943643 15.545707 -1.284813 -8.241855 3.355984 -0.168472 -0.109156 8.350031 -2.160859 0.386531 20.280957 -1.128944 0.103093 10.435347 -2.243145 0.36816 24.460303 -3.274174 0.928942 31.671551 -5.224896 2.828946 56.841654 -1.032635 0.085197 9.629588 -3.302605 0.946583 31.978723 -2.065078 0.360421 19.377809 -2.508611 0.554 18.813988 -3.848751 1.329492 38.101753 -3.838231 1.330336 38.036558 -8.288905 -3.703672 -6.074452 -23.144311 8.672824 -11.912 -12.785699 5.85213 -4.199655 15.314592 -20.160447 9.189878 -4.414491 25.194533 2.29708 -0.031115 0.69059 -9.323603 0.000006 2.255753 -0.000009 -9.404651 -5.503083 8.476458 -8.006102 37.848583 -1.448604 1.068006 -22.888713 -5.921264 -0.000003 -0.315938 0
-0.092323 -0.357121 0.074376 -5.92226 -2.547213 54.122273 -0.730624 1.408613 6.510642 -3.522049 2.034551 13.864074 0.073762 -1.54018 0.276866 3.510543 3.707739 -3.422439 0.643867 5.623752 -11.211776 0 0 0 0 0 0 2.436255 0.61155 -9.252674 21.971253 48.918637 -116.326189 -22.324402 -6.157215 -17.914187 -11.489376 2.756303 -3.730257 0.050398 -0.112372 -7.390756 2.685625 0.615552 -25.815582 1.726594 0.246685 -16.262007 4.025365 0.888167 -20.644447 -0.973583 0.840604 -30.562561 4.935749 2.467071 -53.095435 1.220418 0.121036 -11.511016 2.957645 0.755577 -28.655965 2.347142 0.464184 -22.37245 1.243028 0.065507 -15.880519 4.053898 1.519159 -41.074051 3.366919 1.000162 -33.081724 12.807951 2.333457 9.419525 20.415874 0.538605 9.69099 19.121726 3.983046 4.028004 5.457579 0.506649 12.688681 -39.013516 58.308346 95.207463 19.012696 -4.708144 14.871132 -1.283765 -8.187823 3.363267 -0.168472 -0.109156 8.350031 -2.160859 0.386531 20.280957 -1.128944 0.103093 10.435347 -2.243145 0.36816 24.460303 -3.274174 0.928942 31.671551 -5.224896 2.828946 56.841654 -1.032635 0.085197 9.629588 -3.302605 0.946583 31.978723 -2.065078 0.360421 19.377809 -2.508611 0.554 18.813988 -3.848751 1.329492 38.101753 -3.838231 1.330336 38.036558 -8.288905 -3.703672 -6.074452 -23.144311 8.672824 -11.912 -12.785699 5.85213 -4.199655 15.553614 -21.051706 9.045797 -4.413805 25.016357 2.305313 0.153825 1.160967 -10.752855 0.000006 2.255753 -0.000009 -8.94477 -6.463256 7.28643 -7.991641 38.372978 -1.434894 1.214374 -22.672098 -6.609786 -0.000003 -0.315938 0
-0.090424 -0.355978 0.065792 -5.447635 -3.014337 56.27422 -0.70601 1.858133 6.79101 -3.510016 2.254317 14.001143 0.184706 -1.653593 0.346195 3.475357 3.508145 -3.339626 0.947175 5.787026 -11.060953 0 0 0 0 0 0 2.436255 0.611549 -9.252674 21.208256 49.845739 -118.128289 -22.469133 -6.30019 -18.283693 -11.485967 2.51192 -3.694995 0.050398 -0.112372 -7.390756 2.685625 0.615552 -25.815582 1.726594 0.246685 -16.262007 4.025365 0.888167 -20.644447 -0.973583 0.840604 -30.562561 4.935749 2.467071 -53.095435 1.220418 0.121036 -11.511016 2.957645 0.755577 -28.655965 2.347142 0.464184 -22.37245 1.243028 0.065507 -15.880519 4.053898 1.519159 -41.074051 3.366919 1.000162 -33.081724 12.807951 2.333457 9.419525 20.415874 0.538605 9.69099 19.121726 3.983046 4.028004 5.45758 0.506649 12.688682 -38.531135 57.508329 94.545759 19.013669 -4.708833 14.873246 -1.283818 -8.190606 3.36289 -0.168472 -0.109156 8.350031 -2.160859 0.386531 20.280957 -1.128944 0.103093 10.435347 -2.243145 0.36816 24.460303 -3.274174 0.928942 31.671551 -5.224896 2.828946 56.841654 -1.032635 0.085197 9.629588 -3.302605 0.946583 31.978723 -2.065078 0.360421 19.377809 -2.508611 0.554 18.813988 -3.848751 1.329492 38.101753 -3.838231 1.330336 38.036558 -8.288905 -3.703672 -6.074452 -23.144311 8.672824 -11.912 -12.785699 5.85213 -4.199655 15.617789 -22.600689 10.08571 -4.416893 24.972104 2.284251 -0.037922 -0.897231 -9.330885 0.000006 2.255753 -0.000009 -8.103693 -7.690249 5.116928 -7.996618 38.74124 -1.427674 1.569357 -22.489302 -8.393396 -0.000003 -0.315938 0
-0.090244 -0.331921 0.058836 -4.846675 -3.252943 61.111576 -0.420066 2.447926 6.52114 -3.370221 2.54266 13.869206 0.077213 -1.815056 0.291177 3.447419 3.712013 -3.343966 0.746053 5.821804 -10.965801 0 0 0 0 0 0 2.436255 0.61155 -9.252674 20.91953 50.645001 -118.271589 -22.709495 -6.544874 -18.908293 -11.491992 2.926155 -3.754739 0.050398 -0.112372 -7.390756 2.685625 0.615552 -25.815582 1.726594 0.246685 -16.262007 4.025365 0.888167 -20.644447 -0.973583 0.840604 -30.562561 4.935749 2.467071 -53.095435 1.220418 0.121036 -11.511016 2.957645 0.755577 -28.655965 2.347142 0.464184 -22.37245 1.243028 0.065507 -15.880519 4.053898 1.519159 -41.074051 3.366919 1.000162 -33.081724 12.807951 2.333457 9.419525 20.415874 0.538605 9.69099 19.121726 3.983046 4.028004 5.457581 0.506649 12.688682 -38.996769 55.114479 91.879074 18.94363 -4.653887 14.713817 -1.288875 -8.461552 3.326351 -0.168472 -0.109156 8.350031 -2.160859 0.386531 20.280957 -1.128944 0.103093 10.435347 -2.243145 0.36816 24.460303 -3.274174 0.928942 31.671551 -5.224896 2.828946 56.841654 -1.032635 0.085197 9.629588 -3.302605 0.946583 31.978723 -2.065078 0.360421 19.377809 -2.508611 0.554 18.813988 -3.848751 1.329492 38.101753 -3.838231 1.330336 38.036558 -8.288905 -3.703672 -6.074452 -23.144311 8.672824 -11.912 -12.785699 5.85213 -4.199655 13.811006 -21.468376 13.232484 -4.413074 24.658321 2.300112 -1.028864 0.867392 -2.308242 0.000006 2.255753 -0.000009 -7.44053 -6.238638 2.273883 -8.013433 37.211947 -1.434268 2.486876 -21.905205 -13.493545 -0.000003 -0.315938 0
-0.092895 -0.332569 0.051946 -4.839071 -3.566286 64.495999 -0.502086 2.16981 7.035223 -3.41032 2.406692 14.120536 0.028029 -1.73852 0.398341 3.467407 3.749042 -3.388353 0.934517 5.849507 -11.01415 0 0 0 0 0 0 2.436256 0.61155 -9.252675 22.564566 49.367729 -116.504936 -22.590879 -6.423018 -18.598409 -11.493556 3.021945 -3.768536 0.050398 -0.112372 -7.390756 2.685625 0.615552 -25.815582 1.726594 0.246685 -16.262007 4.025365 0.888167 -20.644447 -0.973583 0.840604 -30.562561 4.935749 2.467071 -53.095435 1.220418 0.121036 -11.511016 2.957645 0.755577 -28.655965 2.347142 0.464184 -22.37245 1.243028 0.065507 -15.880519 4.053898 1.519159 -41.074051 3.366919 1.000162 -33.081724 12.807951 2.333457 9.419525 20.415874 0.538605 9.69099 19.121726 3.983046 4.028004 5.457579 0.506649 12.688681 -38.727649 51.934801 88.356417 19.040083 -4.72972 14.933698 -1.283863 -8.192746 3.362602 -0.168472 -0.109156 8.350031 -2.160859 0.386531 20.280957 -1.128944 0.103093 10.435347 -2.243145 0.36816 24.460303 -3.274174 0.928942 31.671551 -5.224896 2.828946 56.841654 -1.032635 0.085197 9.629588 -3.302605 0.946583 31.978723 -2.065078 0.360421 19.377809 -2.508611 0.554 18.813988 -3.848751 1.329492 38.101753 -3.838231 1.330336 38.036558 -8.288905 -3.703672 -6.074452 -23.144311 8.672824 -11.912 -12.785699 5.85213 -4.199655 12.179214 -20.268511 15.56718 -4.414264 24.665862 2.313573 -0.724101 2.995217 -0.134112 0.000006 2.255753 -0.000009 -7.163762 -6.195383 -0.16531 -8.017412 36.92627 -1.419057 3.153249 -21.75896 -16.866879 -0.000003 -0.315938 0
-0.101442 -0.340053 0.038861 -5.212581 -3.59495 69.872091 -1.323102 1.792584 6.691745 -3.811705 2.222271 13.952613 0.113796 -1.813629 0.320931 3.327893 3.837221 -3.417842 0.798347 5.896284 -11.014154 0 0 0 0 0 0 2.436255 0.61155 -9.252674 23.316227 46.813028 -113.881944 -21.834615 -5.695454 -16.696362 -11.495804 3.153073 -3.787414 0.050398 -0.112372 -7.390756 2.685625 0.615552 -25.815582 1.726594 0.246685 -16.262007 4.025365 0.888167 -20.644447 -0.973583 0.840604 -30.562561 4.935749 2.467071 -53.095435 1.220418 0.121036 -11.511016 2.957645 0.755577 -28.655965 2.347142 0.464184 -22.37245 1.243028 0.065507 -15.880519 4.053898 1.519159 -41.074051 3.366919 1.000162 -33.081724 12.807951 2.333457 9.419525 20.415874 0.538605 9.69099 19.121726 3.983046 4.028004 5.45758 0.506649 12.688681 -38.56346 50.06125 86.052978 19.369204 -4.995981 15.69384 -1.29786 -9.02551 3.250093 -0.168472 -0.109156 8.350031 -2.160859 0.386531 20.280957 -1.128944 0.103093 10.435347 -2.243145 0.36816 24.460303 -3.274174 0.928942 31.671551 -5.224896 2.828946 56.841654 -1.032635 0.085197 9.629588 -3.302605 0.946583 31.978723 -2.065078 0.360421 19.377809 -2.508611 0.554 18.813988 -3.848751 1.329492 38.101753 -3.838231 1.330336 38.036558 -8.288905 -3.703672 -6.074452 -23.144311 8.672824 -11.912 -12.785699 5.85213 -4.199655 11.973921 -22.238428 21.702783 -4.479704 30.616572 2.225496 -0.178889 5.640891 1.297434 0.000006 2.255753 -0.000009 -7.398741 -6.168804 -3.874553 -8.020708 37.521982 -1.388849 4.472409 -21.878652 -22.067043 -0.000003 -0.315938 0
-0.11521 -0.362133 0.02362 -5.417683 -3.3056 73.335956 -1.389221 1.444827 6.973228 -3.84403 2.052256 14.090227 0.041475 -1.688126 0.364372 3.298506 3.81644 -3.534749 0.629564 5.762897 -11.195793 0 0 0 0 0 0 2.436254 0.611549 -9.252674 22.710245 48.603256 -115.687168 -22.193281 -6.030265 -17.583304 -11.493356 3.0098 -3.766788 0.050398 -0.112372 -7.390756 2.685625 0.615552 -25.815582 1.726594 0.246685 -16.262007 4.025365 0.888167 -20.644447 -0.973583 0.840604 -30.562561 4.935749 2.467071 -53.095435 1.220418 0.121036 -11.511016 2.957645 0.755577 -28.655965 2.347142 0.464184 -22.37245 1.243028 0.065507 -15.880519 4.053898 1.519159 -41.074051 3.366919 1.000162 -33.081724 12.807951 2.333457 9.419525 20.415874 0.538605 9.69099 19.121726 3.983046 4.028004 5.45758 0.506649 12.68868 -39.298274 48.405495 84.019919 19.784505 -5.35032 16.678789 -1.297157 -8.975964 3.256803 -0.168472 -0.109156 8.350031 -2.160859 0.386531 20.280957 -1.128944 0.103093 10.435347 -2.243145 0.36816 24.460303 -3.274174 0.928942 31.671551 -5.224896 2.828946 56.841654 -1.032635 0.085197 9.629588 -3.302605 0.946583 31.978723 -2.065078 0.360421 19.377809 -2.508611 0.554 18.813988 -3.848751 1.329492 38.101753 -3.838231 1.330336 38.036558 -8.288905 -3.703672 -6.074452 -23.144311 8.672824 -11.912 -12.785699 5.85213 -4.199655 14.338766 -19.573381 16.658924 -4.413883 25.090061 2.318483 -0.662016 3.798608 2.801106 0.000006 2.255753 -0.000009 -6.282117 -6.550069 -5.857948 -7.99103 40.035547 -1.252034 6.387073 -22.975586 -24.916872 -0.000003 -0.315938 0
-0.130965 -0.368157 -0.00038 -5.198684 -3.735159 76.260349 -0.801867 1.332493 7.215253 -3.556879 1.997337 14.20855 0.059992 -1.537041 0.42242 3.473914 3.684052 -3.539723 0.526033 5.651629 -11.145943 0 0 0 0 0 0 2.436254 0.61155 -9.252675 22.930773 48.281237 -116.007151 -22.013291 -5.860031 -17.134916 -11.492413 2.952305 -3.758509 0.050398 -0.112372 -7.390756 2.685625 0.615552 -25.815582 1.726594 0.246685 -16.262007 4.025365 0.888167 -20.644447 -0.973583 0.840604 -30.562561 4.935749 2.467071 -53.095435 1.220418 0.121036 -11.511016 2.957645 0.755577 -28.655965 2.347142 0.464184 -22.37245 1.243028 0.065507 -15.880519 4.053898 1.519159 -41.074051 3.366919 1.000162 -33.081724 12.807951 2.333457 9.419525 20.415874 0.538605 9.69099 19.121726 3.983046 4.028004 5.45758 0.506649 12.688681 -40.397279 49.073224 85.162691 19.921085 -5.471539 17.009444 -1.295796 -8.883518 3.269317 -0.168472 -0.109156 8.350031 -2.160859 0.386531 20.280957 -1.128944 0.103093 10.435347 -2.243145 0.36816 24.460303 -3.274174 0.928942 31.671551 -5.224896 2.828946 56.841654 -1.032635 0.085197 9.629588 -3.302605 0.946583 31.978723 -2.065078 0.360421 19.377809 -2.508611 0.554 18.813988 -3.848751 1.329492 38.101753 -3.838231 1.330336 38.036558 -8.288905 -3.703672 -6.074452 -23.144311 8.672824 -11.912 -12.785699 5.85213 -4.199655 16.709087 -18.937804 15.038742 -4.410414 23.35631 2.370129 -0.20852 4.299243 -1.210878 0.000006 2.255753 -0.000009 -3.178911 -6.205318 -6.553499 -7.968478 41.8787 -1.222965 6.472497 -22.204048 -26.702534 -0.000003 -0.315938 0
-0.147996 -0.372679 -0.028106 -5.080659 -4.184307 79.926099 -0.405681 1.046355 7.064245 -3.363188 1.857447 14.134724 0.084048 -1.406864 0.379958 3.289502 3.781312 -3.51406 0.987497 5.715157 -11.131203 0 0 0 0 0 0 2.436254 0.61155 -9.252674 22.643256 48.834966 -116.220182 -21.619934 -5.50339 -16.177633 -11.500534 3.409335 -3.824262 0.050398 -0.112372 -7.390756 2.685625 0.615552 -25.815582 1.726594 0.246685 -16.262007 4.025365 0.888167 -20.644447 -0.973583 0.840604 -30.562561 4.935749 2.467071 -53.095435 1.220418 0.121036 -11.511016 2.957645 0.755577 -28.655965 2.347142 0.464184 -22.37245 1.243028 0.065507 -15.880519 4.053898 1.519159 -41.074051 3.366919 1.000162 -33.081724 12.807951 2.333457 9.419525 20.415874 0.538605 9.69099 19.121726 3.983046 4.028004 5.45758 0.506649 12.688681 -39.801596 52.439337 88.435338 20.524045 -6.036697 18.51272 -1.297276 -8.984454 3.255654 -0.168472 -0.109156 8.350031 -2.160859 0.386531 20.280957 -1.128944 0.103093 10.435347 -2.243145 0.36816 24.460303 -3.274174 0.928942 31.671551 -5.224896 2.828946 56.841654 -1.032635 0.085197 9.629588 -3.302605 0.946583 31.978723 -2.065078 0.360421 19.377809 -2.508611 0.554 18.813988 -3.848751 1.329492 38.101753 -3.838231 1.330336 38.036558 -8.288905 -3.703672 -6.074452 -23.144311 8.672824 -11.912 -12.785699 5.85213 -4.199655 19.034987 -16.774563 13.006798 -4.393499 19.753388 2.493982 0.046818 4.289871 -6.562268 0.000006 2.255753 -0.000009 -0.83494 -4.17596 -0.277817 -7.934126 43.994799 -1.290574 4.000164 -21.656065 -19.610887 -0.000003 -0.315938 0
-0.153892 -0.37533 -0.036619 -5.099613 -3.954298 82.394308 -0.636581 1.222163 6.84951 -3.476073 1.943398 14.029743 -0.054896 -1.346546 0.328532 3.28851 3.728411 -3.570634 0.803639 5.627902 -11.216299 0 0 0 0 0 0 2.436254 0.61155 -9.252674 22.744526 47.195527 -114.835519 -21.592657 -5.479374 -16.112194 -11.500577 3.411473 -3.824569 0.050398 -0.112372 -7.390756 2.685625 0.615552 -25.815582 1.726594 0.246685 -16.262007 4.025365 0.888167 -20.644447 -0.973583 0.840604 -30.562561 4.935749 2.467071 -53.095435 1.220418 0.121036 -11.511016 2.957645 0.755577 -28.655965 2.347142 0.464184 -22.37245 1.243028 0.065507 -15.880519 4.053898 1.519159 -41.074051 3.366919 1.000162 -33.081724 12.807951 2.333457 9.419525 20.415874 0.538605 9.69099 19.121726 3.983046 4.028004 5.45758 0.506648 12.688681 -38.638377 55.085553 91.69217 20.463121 -5.977328 18.357453 -1.300345 -9.209805 3.225125 -0.168472 -0.109156 8.350031 -2.160859 0.386531 20.280957 -1.128944 0.103093 10.435347 -2.243145 0.36816 24.460303 -3.274174 0.928942 31.671551 -5.224896 2.828946 56.841654 -1.032635 0.085197 9.629588 -3.302605 0.946583 31.978723 -2.065078 0.360421 19.377809 -2.508611 0.554 18.813988 -3.848751 1.329492 38.101753 -3.838231 1.330336 38.036558 -8.288905 -3.703672 -6.074452 -23.144311 8.672824 -11.912 -12.785699 5.85213 -4.199655 18.282817 -18.813536 12.578129 -4.41371 23.822023 2.38475 -0.035568 2.09823 -9.053706 0.000006 2.255753 -0.000009 -4.308603 -5.279532 4.995737 -7.915642 45.68968 -1.26851 2.365185 -26.365693 -8.630091 -0.000003 -0.315938 0
-0.156272 -0.399547 -0.042127 -5.153744 -4.423149 84.348158 -0.182806 1.273446 6.409222 -3.254227 1.96847 13.814491 -0.156476 -1.208608 0.251896 3.318758 3.839427 -3.615709 0.834267 5.403949 -11.282667 0 0 0 0 0 0 2.436255 0.611549 -9.252674 22.549234 45.568718 -113.680187 -21.777894 -5.644155 -16.558513 -11.499421 3.351308 -3.815923 0.050398 -0.112372 -7.390756 2.685625 0.615552 -25.815582 1.726594 0.246685 -16.262007 4.025365 0.888167 -20.644447 -0.973583 0.840604 -30.562561 4.935749 2.467071 -53.095435 1.220418 0.121036 -11.511016 2.957645 0.755577 -28.655965 2.347142 0.464184 -22.37245 1.243028 0.065507 -15.880519 4.053898 1.519159 -41.074051 3.366919 1.000162 -33.081724 12.807951 2.333457 9.419525 20.415874 0.538605 9.69099 19.121726 3.983046 4.028004 5.45758 0.506647 12.688681 -37.261642 57.025025 93.958205 20.674058 -6.185412 18.898656 -1.302806 -9.411509 3.197776 -0.168472 -0.109156 8.350031 -2.160859 0.386531 20.280957 -1.128944 0.103093 10.435347 -2.243145 0.36816 24.460303 -3.274174 0.928942 31.671551 -5.224896 2.828946 56.841654 -1.032635 0.085197 9.629588 -3.302605 0.946583 31.978723 -2.065078 0.360421 19.377809 -2.508611 0.554 18.813988 -3.848751 1.329492 38.101753 -3.838231 1.330336 38.036558 -8.288905 -3.703672 -6.074452 -23.144311 8.672824 -11.912 -12.785699 5.85213 -4.199655 18.486672 -20.475813 13.106808 -4.418288 26.617996 2.278557 0.382187 0.396294 -12.29785 0.000006 2.255753 -0.000009 -5.884084 -6.591853 3.936872 -7.950711 43.032259 -1.336575 0.978606 -29.084267 -4.294361 -0.000003 -0.315938 0
-0.159151 -0.388418 -0.040075 -5.03644 -3.853272 84.811211 -1.137536 0.986747 6.670267 -3.720985 1.828306 13.942113 -0.017729 -1.143027 0.298056 3.359087 3.947239 -3.626805 0.870734 5.784483 -11.261202 0 0 0 0 0 0 2.436255 0.611549 -9.252674 22.458199 49.215359 -116.468792 -21.646848 -5.527043 -16.24198 -11.494361 3.069755 -3.77542 0.050398 -0.112372 -7.390756 2.685625 0.615552 -25.815582 1.726594 0.246685 -16.262007 4.025365 0.888167 -20.644447 -0.973583 0.840604 -30.562561 4.935749 2.467071 -53.095435 1.220418 0.121036 -11.511016 2.957645 0.755577 -28.655965 2.347142 0.464184 -22.37245 1.243028 0.065507 -15.880519 4.053898 1.519159 -41.074051 3.366919 1.000162 -33.081724 12.807951 2.333457 9.419525 20.415874 0.538605 9.69099 19.121726 3.983046 4.028004 5.457579 0.506649 12.688681 -38.578159 55.370013 92.233938 19.859289 -5.41859 16.861353 -1.294085 -8.772304 3.284362 -0.168472 -0.109156 8.350031 -2.160859 0.386531 20.280957 -1.128944 0.103093 10.435347 -2.243145 0.36816 24.460303 -3.274174 0.928942 31.671551 -5.224896 2.828946 56.841654 -1.032635 0.085197 9.629588 -3.302605 0.946583 31.978723 -2.065078 0.360421 19.377809 -2.508611 0.554 18.813988 -3.848751 1.329492 38.101753 -3.838231 1.330336 38.036558 -8.288905 -3.703672 -6.074452 -23.144311 8.672824 -11.912 -12.785699 5.85213 -4.199655 17.29276 -20.165881 10.531752 -4.421918 26.629056 2.277879 0.171008 0.509687 -10.911171 0.000006 2.255753 -0.000009 -8.314903 -4.616883 6.015648 -7.987253 39.805599 -1.401002 1.209925 -25.166835 -5.600358 -0.000003 -0.315938 0
-0.157125 -0.383004 -0.036892 -5.383839 -3.896376 84.68547 -0.84889 0.667706 6.597299 -3.579868 1.67233 13.90644 -0.032178 -1.178887 0.286734 3.299546 3.863941 -3.696014 0.622619 5.505099 -11.414269 0 0 0 0 0 0 2.436254 0.61155 -9.252674 22.461744 51.282062 -118.018168 -21.384687 -5.299394 -15.618301 -11.508392 3.789187 -3.878767 0.050398 -0.112372 -7.390756 2.685625 0.615552 -25.815582 1.726594 0.246685 -16.262007 4.025365 0.888167 -20.644447 -0.973583 0.840604 -30.562561 4.935749 2.467071 -53.095435 1.220418 0.121036 -11.511016 2.957645 0.755577 -28.655965 2.347142 0.464184 -22.37245 1.243028 0.065507 -15.880519 4.053898 1.519159 -41.074051 3.366919 1.000162 -33.081724 12.807951 2.333457 9.419525 20.415874 0.538605 9.69099 19.121726 3.983046 4.028004 5.45758 0.506648 12.688681 -39.50868 55.609489 92.285171 19.573348 -5.167523 16.174247 -1.297693 -9.013454 3.251726 -0.168472 -0.109156 8.350031 -2.160859 0.386531 20.280957 -1.128944 0.103093 10.435347 -2.243145 0.36816 24.460303 -3.274174 0.928942 31.671551 -5.224896 2.828946 56.841654 -1.032635 0.085197 9.629588 -3.302605 0.946583 31.978723 -2.065078 0.360421 19.377809 -2.508611 0.554 18.813988 -3.848751 1.329492 38.101753 -3.838231 1.330336 38.036558 -8.288905 -3.703672 -6.074452 -23.144311 8.672824 -11.912 -12.785699 5.85213 -4.199655 17.166636 -20.144027 10.721142 -4.414236 25.093313 2.313812 0.152447 0.831623 -10.944993 0.000006 2.255753 -0.000009 -8.50126 -5.199486 6.573477 -7.990607 39.253619 -1.40976 1.300957 -24.826328 -6.027092 -0.000003 -0.315938 0
-0.15541 -0.381656 -0.033381 -5.473454 -3.931694 84.401039 -0.767083 0.753587 6.581621 -3.539874 1.714316 13.898775 -0.01456 -1.218878 0.286413 3.221768 3.86444 -3.701851 0.752327 5.399791 -11.462046 0 0 0 0 0 0 2.436254 0.611549 -9.252674 22.32252 51.817971 -118.794058 -21.477743 -5.379309 -15.838472 -11.504322 3.598549 -3.851428 0.050398 -0.112372 -7.390756 2.685625 0.615552 -25.815582 1.726594 0.246685 -16.262007 4.025365 0.888167 -20.644447 -0.973583 0.840604 -30.562561 4.935749 2.467071 -53.095435 1.220418 0.121036 -11.511016 2.957645 0.755577 -28.655965 2.347142 0.464184 -22.37245 1.243028 0.065507 -15.880519 4.053898 1.519159 -41.074051 3.366919 1.000162 -33.081724 12.807951 2.333457 9.419525 20.415874 0.538605 9.69099 19.121726 3.983046 4.028004 5.45758 0.506649 12.688681 -39.650295 56.371306 92.780215 19.506291 -5.117417 16.019386 -1.292263 -8.659244 3.299645 -0.168472 -0.109156 8.350031 -2.160859 0.386531 20.280957 -1.128944 0.103093 10.435347 -2.243145 0.36816 24.460303 -3.274174 0.928942 31.671551 -5.224896 2.828946 56.841654 -1.032635 0.085197 9.629588 -3.302605 0.946583 31.978723 -2.065078 0.360421 19.377809 -2.508611 0.554 18.813988 -3.848751 1.329492 38.101753 -3.838231 1.330336 38.036558 -8.288905 -3.703672 -6.074452 -23.144311 8.672824 -11.912 -12.785699 5.85213 -4.199655 17.174478 -20.214596 10.272087 -4.414652 24.896282 2.314361 0.021735 1.157272 -10.045802 0.000006 2.255753 -0.000009 -8.518547 -5.454437 6.50302 -7.996748 39.066798 -1.427139 1.088221 -24.534413 -5.393083 -0.000003 -0.315938 0
-0.153401 -0.37997 -0.026351 -5.441038 -3.767778 84.407156 -0.913128 1.047238 6.513521 -3.611274 1.857879 13.865481 -0.026616 -1.318055 0.267073 3.340819 3.861211 -3.707606 0.658821 5.478531 -11.439432 0 0 0 0 0 0 2.436255 0.61155 -9.252674 21.255977 51.488339 -118.819419 -21.927139 -5.780137 -16.922707 -11.4957 3.147336 -3.786589 0.050398 -0.112372 -7.390756 2.685625 0.615552 -25.815582 1.726594 0.246685 -16.262007 4.025365 0.888167 -20.644447 -0.973583 0.840604 -30.562561 4.935749 2.467071 -53.095435 1.220418 0.121036 -11.511016 2.957645 0.755577 -28.655965 2.347142 0.464184 -22.37245 1.243028 0.065507 -15.880519 4.053898 1.519159 -41.074051 3.366919 1.000162 -33.081724 12.807951 2.333457 9.419525 20.415874 0.538605 9.69099 19.121726 3.983046 4.028004 5.45758 0.506648 12.688681 -39.91906 56.912682 93.197538 19.379016 -5.026511 15.730004 -1.289871 -8.518048 3.318724 -0.168472 -0.109156 8.350031 -2.160859 0.386531 20.280957 -1.128944 0.103093 10.435347 -2.243145 0.36816 24.460303 -3.274174 0.928942 31.671551 -5.224896 2.828946 56.841654 -1.032635 0.085197 9.629588 -3.302605 0.946583 31.978723 -2.065078 0.360421 19.377809 -2.508611 0.554 18.813988 -3.848751 1.329492 38.101753 -3.838231 1.330336 38.036558 -8.288905 -3.703672 -6.074452 -23.144311 8.672824 -11.912 -12.785699 5.85213 -4.199655 16.336466 -20.506509 10.098883 -4.41528 25.36246 2.304315 0.012076 0.926256 -9.923849 0.000006 2.255753 -0.000009 -9.626024 -5.56851 7.100248 -7.993186 39.080923 -1.418192 1.271714 -24.214151 -6.116488 -0.000003 -0.315938 0
-0.148316 -0.378622 -0.023112 -5.525597 -3.969275 85.246292 -1.038052 1.591983 6.44803 -3.672348 2.124199 13.833464 0.147469 -1.504279 0.2671 3.297744 3.764526 -3.632169 0.928374 5.404148 -11.333175 0 0 0 0 0 0 2.436255 0.61155 -9.252674 20.855372 50.432837 -118.582894 -22.321567 -6.15437 -17.906884 -11.492372 2.949702 -3.758133 0.050398 -0.112372 -7.390756 2.685625 0.615552 -25.815582 1.726594 0.246685 -16.262007 4.025365 0.888167 -20.644447 -0.973583 0.840604 -30.562561 4.935749 2.467071 -53.095435 1.220418 0.121036 -11.511016 2.957645 0.755577 -28.655965 2.347142 0.464184 -22.37245 1.243028 0.065507 -15.880519 4.053898 1.519159 -41.074051 3.366919 1.000162 -33.081724 12.807951 2.333457 9.419525 20.415874 0.538605 9.69099 19.121726 3.983046 4.028004 5.45758 0.506648 12.688681 -40.617807 56.97292 93.449939 19.284158 -4.926016 15.495731 -1.261453 -7.207642 3.494845 -0.168472 -0.109156 8.350031 -2.160859 0.386531 20.280957 -1.128944 0.103093 10.435347 -2.243145 0.36816 24.460303 -3.274174 0.928942 31.671551 -5.224896 2.828946 56.841654 -1.032635 0.085197 9.629588 -3.302605 0.946583 31.978723 -2.065078 0.360421 19.377809 -2.508611 0.554 18.813988 -3.848751 1.329492 38.101753 -3.838231 1.330336 38.036558 -8.288905 -3.703672 -6.074452 -23.144311 8.672824 -11.912 -12.785699 5.85213 -4.199655 16.297587 -22.145494 9.598913 -4.424864 26.913515 2.270373 0.088863 0.76999 -10.417411 0.000006 2.255753 -0.000009 -9.555421 -6.323297 5.735337 -7.989799 39.583937 -1.408639 1.443787 -23.948499 -6.87171 -0.000003 -0.315938 0
-0.14254 -0.377274 -0.019997 -5.797728 -4.062861 87.446934 -1.298457 1.873342 6.551407 -3.799657 2.261752 13.884003 0.026206 -1.540188 0.281675 3.608592 3.702484 -3.636862 0.590058 5.395538 -11.246086 0 0 0 0 0 0 2.436254 0.611549 -9.252674 19.310787 51.886573 -120.563849 -22.930817 -6.77842 -19.495816 -11.483827 2.340494 -3.670239 0.050398 -0.112372 -7.390756 2.685625 0.615552 -25.815582 1.726594 0.246685 -16.262007 4.025365 0.888167 -20.644447 -0.973583 0.840604 -30.562561 4.935749 2.467071 -53.095435 1.220418 0.121036 -11.511016 2.957645 0.755577 -28.655965 2.347142 0.464184 -22.37245 1.243028 0.065507 -15.880519 4.053898 1.519159 -41.074051 3.366919 1.000162 -33.081724 12.807951 2.333457 9.419525 20.415874 0.538605 9.69099 19.121726 3.983046 4.028004 5.45758 0.506649 12.688681 -38.835991 56.217524 92.666344 19.27604 -4.919352 15.47688 -1.284219 -8.211147 3.360126 -0.168472 -0.109156 8.350031 -2.160859 0.386531 20.280957 -1.128944 0.103093 10.435347 -2.243145 0.36816 24.460303 -3.274174 0.928942 31.671551 -5.224896 2.828946 56.841654 -1.032635 0.085197 9.629588 -3.302605 0.946583 31.978723 -2.065078 0.360421 19.377809 -2.508611 0.554 18.813988 -3.848751 1.329492 38.101753 -3.838231 1.330336 38.036558 -8.288905 -3.703672 -6.074452 -23.144311 8.672824 -11.912 -12.785699 5.85213 -4.199655 15.051012 -24.2824 12.530434 -4.458246 29.73909 2.171828 -1.158396 -1.128374 -4.454535 0.000006 2.255753 -0.000009 -9.839079 -6.823019 3.720738 -7.999657 39.127439 -1.395577 2.071434 -24.40103 -8.945243 -0.000003 -0.315938 0
-0.136142 -0.355665 -0.018937 -6.198722 -3.985388 92.144004 -1.66884 1.738672 6.209168 -3.980733 2.195914 13.716687 -0.078835 -1.63249 0.202816 3.656253 3.894299 -3.749741 0.427721 5.260449 -11.390505 0 0 0 0 0 0 2.436255 0.61155 -9.252676 19.422916 51.140226 -119.510633 -22.761343 -6.598791 -19.044699 -11.489055 2.734503 -3.727111 0.050398 -0.112372 -7.390756 2.685625 0.615552 -25.815582 1.726594 0.246685 -16.262007 4.025365 0.888167 -20.644447 -0.973583 0.840604 -30.562561 4.935749 2.467071 -53.095435 1.220418 0.121036 -11.511016 2.957645 0.755577 -28.655965 2.347142 0.464184 -22.37245 1.243028 0.065507 -15.880519 4.053898 1.519159 -41.074051 3.366919 1.000162 -33.081724 12.807951 2.333457 9.419525 20.415874 0.538605 9.69099 19.121726 3.983046 4.028004 5.457581 0.506648 12.688681 -38.622654 55.23489 91.28681 19.444078 -5.058328 15.869276 -1.285712 -8.289037 3.349622 -0.168472 -0.109156 8.350031 -2.160859 0.386531 20.280957 -1.128944 0.103093 10.435347 -2.243145 0.36816 24.460303 -3.274174 0.928942 31.671551 -5.224896 2.828946 56.841654 -1.032635 0.085197 9.629588 -3.302605 0.946583 31.978723 -2.065078 0.360421 19.377809 -2.508611 0.554 18.813988 -3.848751 1.329492 38.101753 -3.838231 1.330336 38.036558 -8.288905 -3.703672 -6.074452 -23.144311 8.672824 -11.912 -12.785699 5.85213 -4.199655 11.03759 -26.062338 19.00191 -4.511102 33.214338 2.078874 -1.954177 -0.396203 -0.327769 0.000006 2.255753 -0.000009 -10.742224 -6.150337 0.452631 -8.033992 36.566009 -1.440323 2.771466 -22.466654 -14.131224 -0.000003 -0.315938 0
-0.128397 -0.357489 -0.024443 -6.474922 -4.050991 96.357105 -1.633101 1.530668 6.187579 -3.96326 2.094223 13.706132 -0.061282 -1.523321 0.199961 3.373522 3.680736 -3.695807 0.773613 5.52878 -11.363597 0 0 0 0 0 0 2.436254 0.61155 -9.252674 20.630026 49.73332 -118.177579 -22.598851 -6.455799 -18.635614 -11.49466 3.087384 -3.777958 0.050398 -0.112372 -7.390756 2.685625 0.615552 -25.815582 1.726594 0.246685 -16.262007 4.025365 0.888167 -20.644447 -0.973583 0.840604 -30.562561 4.935749 2.467071 -53.095435 1.220418 0.121036 -11.511016 2.957645 0.755577 -28.655965 2.347142 0.464184 -22.37245 1.243028 0.065507 -15.880519 4.053898 1.519159 -41.074051 3.366919 1.000162 -33.081724 12.807951 2.333457 9.419525 20.415874 0.538605 9.69099 19.121726 3.983046 4.028004 5.45758 0.506649 12.688682 -38.763128 52.621012 88.864026 19.321934 -4.957006 15.583563 -1.280116 -8.00676 3.387649 -0.168472 -0.109156 8.350031 -2.160859 0.386531 20.280957 -1.128944 0.103093 10.435347 -2.243145 0.36816 24.460303 -3.274174 0.928942 31.671551 -5.224896 2.828946 56.841654 -1.032635 0.085197 9.629588 -3.302605 0.946583 31.978723 -2.065078 0.360421 19.377809 -2.508611 0.554 18.813988 -3.848751 1.329492 38.101753 -3.838231 1.330336 38.036558 -8.288905 -3.703672 -6.074452 -23.144311 8.672824 -11.912 -12.785699 5.85213 -4.199655 10.710484 -25.652521 21.581828 -4.506941 32.889756 2.100904 -1.773724 0.675155 0.454563 0.000006 2.255753 -0.000009 -10.16314 -6.675365 -2.122635 -8.02977 37.000396 -1.406099 3.982179 -22.582522 -18.82291 -0.000003 -0.315938 0
-0.115987 -0.358923 -0.035265 -6.559012 -4.049394 100.504196 -1.618233 1.226766 6.474063 -3.955992 1.945649 13.846191 -0.050866 -1.503227 0.255881 3.375643 3.752901 -3.678944 0.670084 5.70162 -11.260255 0 0 0 0 0 0 2.436254 0.61155 -9.252672 20.687497 50.108399 -118.167025 -22.637604 -6.446388 -18.703707 -11.491314 2.883303 -3.748562 0.050398 -0.112372 -7.390756 2.685625 0.615552 -25.815582 1.726594 0.246685 -16.262007 4.025365 0.888167 -20.644447 -0.973583 0.840604 -30.562561 4.935749 2.467071 -53.095435 1.220418 0.121036 -11.511016 2.957645 0.755577 -28.655965 2.347142 0.464184 -22.37245 1.243028 0.065507 -15.880519 4.053898 1.519159 -41.074051 3.366919 1.000162 -33.081724 12.807951 2.333457 9.419525 20.415874 0.538605 9.69099 19.121726 3.983046 4.028004 5.45758 0.506649 12.688682 -38.014651 50.567386 86.208521 19.408035 -5.02825 15.784729 -1.287505 -8.385512 3.33661 -0.168472 -0.109156 8.350031 -2.160859 0.386531 20.280957 -1.128944 0.103093 10.435347 -2.243145 0.36816 24.460303 -3.274174 0.928942 31.671551 -5.224896 2.828946 56.841654 -1.032635 0.085197 9.629588 -3.302605 0.946583 31.978723 -2.065078 0.360421 19.377809 -2.508611 0.554 18.813988 -3.848751 1.329492 38.101753 -3.838231 1.330336 38.036558 -8.288905 -3.703672 -6.074452 -23.144311 8.672824 -11.912 -12.785699 5.85213 -4.199655 13.661607 -23.570793 19.191092 -4.440529 28.143563 2.256779 -0.850799 3.250252 0.150265 0.000006 2.255753 -0.000009 -8.67439 -7.321571 -4.274982 -8.0079 38.822124 -1.271684 6.442843 -24.445435 -22.415863 -0.000003 -0.315938 0
-0.091031 -0.355457 -0.054088 -6.95768 -4.583594 104.912358 -1.000608 1.139141 6.532325 -3.654042 1.90281 13.874675 -0.020577 -1.335513 0.269964 3.390319 3.589527 -3.598849 0.643457 5.975729 -11.070637 0 0 0 0 0 0 2.436254 0.611549 -9.252674 21.554873 48.794366 -116.53024 -22.194047 -6.031025 -17.58533 -11.502137 3.490944 -3.835986 0.050398 -0.112372 -7.390756 2.685625 0.615552 -25.815582 1.726594 0.246685 -16.262007 4.025365 0.888167 -20.644447 -0.973583 0.840604 -30.562561 4.935749 2.467071 -53.095435 1.220418 0.121036 -11.511016 2.957645 0.755577 -28.655965 2.347142 0.464184 -22.37245 1.243028 0.065507 -15.880519 4.053898 1.519159 -41.074051 3.366919 1.000162 -33.081724 12.807951 2.333457 9.419525 20.415874 0.538605 9.69099 19.121726 3.983046 4.028004 5.457581 0.506649 12.688681 -39.115047 48.813375 85.063765 19.887126 -5.441174 16.926933 -1.296619 -8.93905 3.261798 -0.168472 -0.109156 8.350031 -2.160859 0.386531 20.280957 -1.128944 0.103093 10.435347 -2.243145 0.36816 24.460303 -3.274174 0.928942 31.671551 -5.224896 2.828946 56.841654 -1.032635 0.085197 9.629588 -3.302605 0.946583 31.978723 -2.065078 0.360421 19.377809 -2.508611 0.554 18.813988 -3.848751 1.329492 38.101753 -3.838231 1.330336 38.036558 -8.288905 -3.703672 -6.074452 -23.144311 8.672824 -11.912 -12.785699 5.85213 -4.199655 17.23401 -20.822518 14.425264 -4.41118 23.255295 2.38832 -0.198136 4.177702 -4.145522 0.000006 2.255753 -0.000009 -4.73531 -7.100197 -4.812198 -7.965547 42.381791 -1.164251 7.431711 -24.143936 -24.892388 -0.000003 -0.315938 0
-0.071965 -0.349139 -0.067549 -7.125392 -4.844779 108.26922 -0.953405 0.794733 6.453659 -3.630965 1.734432 13.836216 0.014341 -1.357512 0.237148 3.555017 3.812193 -3.580916 0.594268 6.270798 -10.894832 0 0 0 0 0 0 2.436255 0.61155 -9.252674 23.050568 48.125819 -115.266727 -21.56501 -5.455066 -16.046021 -11.50552 3.65597 -3.859667 0.050398 -0.112372 -7.390756 2.685625 0.615552 -25.815582 1.726594 0.246685 -16.262007 4.025365 0.888167 -20.644447 -0.973583 0.840604 -30.562561 4.935749 2.467071 -53.095435 1.220418 0.121036 -11.511016 2.957645 0.755577 -28.655965 2.347142 0.464184 -22.37245 1.243028 0.065507 -15.880519 4.053898 1.519159 -41.074051 3.366919 1.000162 -33.081724 12.807951 2.333457 9.419525 20.415874 0.538605 9.69099 19.121726 3.983046 4.028004 5.457579 0.506648 12.688681 -39.125318 50.845482 86.705764 20.450316 -5.964814 18.324683 -1.30136 -9.290413 3.2142 -0.168472 -0.109156 8.350031 -2.160859 0.386531 20.280957 -1.128944 0.103093 10.435347 -2.243145 0.36816 24.460303 -3.274174 0.928942 31.671551 -5.224896 2.828946 56.841654 -1.032635 0.085197 9.629588 -3.302605 0.946583 31.978723 -2.065078 0.360421 19.377809 -2.508611 0.554 18.813988 -3.848751 1.329492 38.101753 -3.838231 1.330336 38.036558 -8.288905 -3.703672 -6.074452 -23.144311 8.672824 -11.912 -12.785699 5.85213 -4.199655 19.215788 -18.61355 11.211243 -4.394679 20.027495 2.499625 0.043167 5.095757 -7.153511 0.000006 2.255753 -0.000009 -2.56668 -6.781346 -1.326518 -7.898185 46.711106 -1.256343 4.782526 -20.53201 -25.069078 -0.000003 -0.315938 0
-0.061068 -0.349005 -0.074317 -7.382239 -5.011927 110.502764 -0.484385 0.964093 6.227534 -3.401666 1.81723 13.725666 -0.196113 -1.415433 0.180253 3.427609 3.644096 -3.579326 0.655448 5.928573 -10.986218 0 0 0 0 0 0 2.436254 0.61155 -9.252674 23.151127 48.458011 -114.782108 -21.434108 -5.341688 -15.734961 -11.527275 4.554893 -3.988162 0.050398 -0.112372 -7.390756 2.685625 0.615552 -25.815582 1.726594 0.246685 -16.262007 4.025365 0.888167 -20.644447 -0.973583 0.840604 -30.562561 4.935749 2.467071 -53.095435 1.220418 0.121036 -11.511016 2.957645 0.755577 -28.655965 2.347142 0.464184 -22.37245 1.243028 0.065507 -15.880519 4.053898 1.519159 -41.074051 3.366919 1.000162 -33.081724 12.807951 2.333457 9.419525 20.415874 0.538605 9.69099 19.121726 3.983046 4.028004 5.45758 0.506649 12.688681 -38.274403 53.235704 90.202088 20.368495 -5.886042 18.117685 -1.293301 -8.722839 3.29105 -0.168472 -0.109156 8.350031 -2.160859 0.386531 20.280957 -1.128944 0.103093 10.435347 -2.243145 0.36816 24.460303 -3.274174 0.928942 31.671551 -5.224896 2.828946 56.841654 -1.032635 0.085197 9.629588 -3.302605 0.946583 31.978723 -2.065078 0.360421 19.377809 -2.508611 0.554 18.813988 -3.848751 1.329492 38.101753 -3.838231 1.330336 38.036558 -8.288905 -3.703672 -6.074452 -23.144311 8.672824 -11.912 -12.785699 5.85213 -4.199655 20.042606 -18.307649 10.34666 -4.395697 20.394374 2.498074 0.011117 4.456682 -10.277552 0.000006 2.255753 -0.000009 -1.177715 -7.994255 3.515623 -7.844857 50.139262 -1.25845 2.35922 -22.272599 -11.663233 -0.000003 -0.315938 0
-0.061274 -0.369073 -0.080275 -7.19026 -4.73702 112.006795 -0.50994 0.773391 6.011208 -3.41416 1.723999 13.619906 -0.29061 -1.369035 0.150028 3.551063 3.520241 -3.625991 0.122489 6.17418 -10.981042 0 0 0 0 0 0 2.436255 0.61155 -9.252674 23.293605 47.780754 -114.107617 -21.063951 -5.032192 -14.871148 -11.509685 3.847497 -3.887121 0.050398 -0.112372 -7.390756 2.685625 0.615552 -25.815582 1.726594 0.246685 -16.262007 4.025365 0.888167 -20.644447 -0.973583 0.840604 -30.562561 4.935749 2.467071 -53.095435 1.220418 0.121036 -11.511016 2.957645 0.755577 -28.655965 2.347142 0.464184 -22.37245 1.243028 0.065507 -15.880519 4.053898 1.519159 -41.074051 3.366919 1.000162 -33.081724 12.807951 2.333457 9.419525 20.415874 0.538605 9.69099 19.121726 3.983046 4.028004 5.45758 0.506648 12.688681 -36.428478 57.69821 94.977023 20.678568 -6.189959 18.910447 -1.297404 -8.99323 3.254465 -0.168472 -0.109156 8.350031 -2.160859 0.386531 20.280957 -1.128944 0.103093 10.435347 -2.243145 0.36816 24.460303 -3.274174 0.928942 31.671551 -5.224896 2.828946 56.841654 -1.032635 0.085197 9.629588 -3.302605 0.946583 31.978723 -2.065078 0.360421 19.377809 -2.508611 0.554 18.813988 -3.848751 1.329492 38.101753 -3.838231 1.330336 38.036558 -8.288905 -3.703672 -6.074452 -23.144311 8.672824 -11.912 -12.785699 5.85213 -4.199655 18.575041 -20.127989 11.959002 -4.410196 23.652071 2.347231 0.369222 2.47554 -13.805736 0.000006 2.255753 -0.000009 -3.683169 -7.722875 7.448842 -7.952828 42.661567 -1.341144 1.095102 -27.209051 -4.955602 -0.000003 -0.315938 0
-0.067349 -0.359347 -0.084103 -6.750553 -4.616073 111.951586 -0.743507 0.643017 6.239562 -3.528348 1.66026 13.731546 -0.135481 -1.330315 0.20902 3.54094 3.712741 -3.663886 0.206019 6.134135 -11.024645 0 0 0 0 0 0 2.436254 0.61155 -9.252674 23.688746 48.931081 -115.518475 -21.220775 -5.161346 -15.234383 -11.505162 3.63894 -3.857227 0.050398 -0.112372 -7.390756 2.685625 0.615552 -25.815582 1.726594 0.246685 -16.262007 4.025365 0.888167 -20.644447 -0.973583 0.840604 -30.562561 4.935749 2.467071 -53.095435 1.220418 0.121036 -11.511016 2.957645 0.755577 -28.655965 2.347142 0.464184 -22.37245 1.243028 0.065507 -15.880519 4.053898 1.519159 -41.074051 3.366919 1.000162 -33.081724 12.807951 2.333457 9.419525 20.415874 0.538605 9.69099 19.121726 3.983046 4.028004 5.457579 0.506649 12.688681 -37.143767 58.655229 95.740372 19.979589 -5.524154 17.152097 -1.277102 -7.864674 3.40676 -0.168472 -0.109156 8.350031 -2.160859 0.386531 20.280957 -1.128944 0.103093 10.435347 -2.243145 0.36816 24.460303 -3.274174 0.928942 31.671551 -5.224896 2.828946 56.841654 -1.032635 0.085197 9.629588 -3.302605 0.946583 31.978723 -2.065078 0.360421 19.377809 -2.508611 0.554 18.813988 -3.848751 1.329492 38.101753 -3.838231 1.330336 38.036558 -8.288905 -3.703672 -6.074452 -23.144311 8.672824 -11.912 -12.785699 5.85213 -4.199655 17.265111 -20.135155 10.877496 -4.410127 23.786691 2.337739 0.345406 2.159536 -12.839982 0.000006 2.255753 -0.000009 -5.81828 -6.040659 8.795081 -8.000062 38.185559 -1.444609 0.792481 -22.821259 -4.838122 -0.000003 -0.315938 0
-0.074494 -0.356163 -0.085645 -6.414924 -4.333353 111.864137 -0.760594 0.519468 6.075846 -3.536702 1.599858 13.651507 -0.175096 -1.22628 0.173518 3.434048 3.63627 -3.658547 0.233134 5.986151 -11.074892 0 0 0 0 0 0 2.436254 0.61155 -9.252674 20.676263 53.605538 -120.480786 -21.63746 -5.518767 -16.219516 -11.496459 3.19026 -3.792766 0.050398 -0.112372 -7.390756 2.685625 0.615552 -25.815582 1.726594 0.246685 -16.262007 4.025365 0.888167 -20.644447 -0.973583 0.840604 -30.562561 4.935749 2.467071 -53.095435 1.220418 0.121036 -11.511016 2.957645 0.755577 -28.655965 2.347142 0.464184 -22.37245 1.243028 0.065507 -15.880519 4.053898 1.519159 -41.074051 3.366919 1.000162 -33.081724 12.807951 2.333457 9.419525 20.415874 0.538605 9.69099 19.121726 3.983046 4.028004 5.457579 0.506648 12.688681 -39.273296 56.173876 93.036741 19.101265 -4.778297 15.073644 -1.279703 -7.987 3.390306 -0.168472 -0.109156 8.350031 -2.160859 0.386531 20.280957 -1.128944 0.103093 10.435347 -2.243145 0.36816 24.460303 -3.274174 0.928942 31.671551 -5.224896 2.828946 56.841654 -1.032635 0.085197 9.629588 -3.302605 0.946583 31.978723 -2.065078 0.360421 19.377809 -2.508611 0.554 18.813988 -3.848751 1.329492 38.101753 -3.838231 1.330336 38.036558 -8.288905 -3.703672 -6.074452 -23.144311 8.672824 -11.912 -12.785699 5.85213 -4.199655 16.147645 -20.564251 10.120894 -4.410706 23.871629 2.335716 0.296703 2.008278 -12.094673 0.000006 2.255753 -0.000009 -6.961722 -5.634776 8.46415 -8.013314 36.720242 -1.474958 0.717781 -22.550986 -4.521036 -0.000003 -0.315938 0
-0.078342 -0.356164 -0.08631 -6.462606 -4.259043 111.773768 -0.614965 0.543384 5.760689 -3.465505 1.61155 13.49743 -0.140532 -1.289593 0.109077 3.365339 3.735067 -3.665412 0.470192 6.04982 -11.102793 0 0 0 0 0 0 2.436254 0.611549 -9.252674 21.399664 52.734569 -119.708949 -21.686566 -5.554186 -16.332632 -11.519651 4.265038 -3.946835 0.050398 -0.112372 -7.390756 2.685625 0.615552 -25.815582 1.726594 0.246685 -16.262007 4.025365 0.888167 -20.644447 -0.973583 0.840604 -30.562561 4.935749 2.467071 -53.095435 1.220418 0.121036 -11.511016 2.957645 0.755577 -28.655965 2.347142 0.464184 -22.37245 1.243028 0.065507 -15.880519 4.053898 1.519159 -41.074051 3.366919 1.000162 -33.081724 12.807951 2.333457 9.419525 20.415874 0.538605 9.69099 19.121726 3.983046 4.028004 5.457579 0.506649 12.688681 -39.480702 56.035289 92.582337 19.02017 -4.713988 14.888149 -1.281253 -8.062106 3.380204 -0.168472 -0.109156 8.350031 -2.160859 0.386531 20.280957 -1.128944 0.103093 10.435347 -2.243145 0.36816 24.460303 -3.274174 0.928942 31.671551 -5.224896 2.828946 56.841654 -1.032635 0.085197 9.629588 -3.302605 0.946583 31.978723 -2.065078 0.360421 19.377809 -2.508611 0.554 18.813988 -3.848751 1.329492 38.101753 -3.838231 1.330336 38.036558 -8.288905 -3.703672 -6.074452 -23.144311 8.672824 -11.912 -12.785699 5.85213 -4.199655 16.063631 -20.403654 9.961837 -4.409745 23.612013 2.340741 0.226853 2.141483 -11.527618 0.000006 2.255753 -0.000009 -7.223674 -5.947134 8.871574 -8.010632 36.981542 -1.469345 0.743807 -22.590055 -4.612562 -0.000003 -0.315938 0
-0.081928 -0.356164 -0.086894 -6.566497 -4.163443 111.563402 -0.444677 0.475438 5.660589 -3.382253 1.578333 13.448493 -0.178166 -1.217783 0.08793 3.270607 3.765464 -3.654265 0.570184 5.858072 -11.129044 0 0 0 0 0 0 2.436254 0.61155 -9.252674 20.584361 51.31698 -118.459978 -21.70093 -5.575153 -16.372297 -11.498458 3.300046 -3.808556 0.050398 -0.112372 -7.390756 2.685625 0.615552 -25.815582 1.726594 0.246685 -16.262007 4.025365 0.888167 -20.644447 -0.973583 0.840604 -30.562561 4.935749 2.467071 -53.095435 1.220418 0.121036 -11.511016 2.957645 0.755577 -28.655965 2.347142 0.464184 -22.37245 1.243028 0.065507 -15.880519 4.053898 1.519159 -41.074051 3.366919 1.000162 -33.081724 12.807951 2.333457 9.419525 20.415874 0.538605 9.69099 19.121726 3.983046 4.028004 5.45758 0.506649 12.688681 -39.55951 56.039802 92.829343 19.176446 -4.831545 15.216743 -1.283758 -8.187501 3.36331 -0.168472 -0.109156 8.350031 -2.160859 0.386531 20.280957 -1.128944 0.103093 10.435347 -2.243145 0.36816 24.460303 -3.274174 0.928942 31.671551 -5.224896 2.828946 56.841654 -1.032635 0.085197 9.629588 -3.302605 0.946583 31.978723 -2.065078 0.360421 19.377809 -2.508611 0.554 18.813988 -3.848751 1.329492 38.101753 -3.838231 1.330336 38.036558 -8.288905 -3.703672 -6.074452 -23.144311 8.672824 -11.912 -12.785699 5.85213 -4.199655 16.166904 -20.388123 10.154942 -4.40471 23.399938 2.362582 0.168772 2.255507 -11.014317 0.000006 2.255753 -0.000009 -7.221713 -6.349387 9.1111 -8.005023 37.329053 -1.459875 0.644275 -22.697701 -4.157562 -0.000003 -0.315938 0
-0.085484 -0.356163 -0.087906 -6.620036 -4.122443 111.442671 -0.390163 0.483541 5.330179 -3.355602 1.582294 13.286959 -0.322042 -1.264016 0.010329 3.526899 3.686157 -3.670295 0.319008 6.047903 -11.083804 0 0 0 0 0 0 2.436254 0.61155 -9.252674 21.823062 49.995492 -117.112491 -21.705417 -5.579084 -16.383006 -11.510812 3.897288 -3.894256 0.050398 -0.112372 -7.390756 2.685625 0.615552 -25.815582 1.726594 0.246685 -16.262007 4.025365 0.888167 -20.644447 -0.973583 0.840604 -30.562561 4.935749 2.467071 -53.095435 1.220418 0.121036 -11.511016 2.957645 0.755577 -28.655965 2.347142 0.464184 -22.37245 1.243028 0.065507 -15.880519 4.053898 1.519159 -41.074051 3.366919 1.000162 -33.081724 12.807951 2.333457 9.419525 20.415874 0.538605 9.69099 19.121726 3.983046 4.028004 5.45758 0.506649 12.688681 -39.206203 56.91638 93.738214 19.299447 -4.943762 15.53432 -1.285861 -8.296952 3.348555 -0.168472 -0.109156 8.350031 -2.160859 0.386531 20.280957 -1.128944 0.103093 10.435347 -2.243145 0.36816 24.460303 -3.274174 0.928942 31.671551 -5.224896 2.828946 56.841654 -1.032635 0.085197 9.629588 -3.302605 0.946583 31.978723 -2.065078 0.360421 19.377809 -2.508611 0.554 18.813988 -3.848751 1.329492 38.101753 -3.838231 1.330336 38.036558 -8.288905 -3.703672 -6.074452 -23.144311 8.672824 -11.912 -12.785699 5.85213 -4.199655 16.104135 -20.124516 9.84967 -4.408416 23.048044 2.353198 0.102647 2.386344 -10.469988 0.000006 2.255753 -0.000009 -7.353275 -6.477972 9.254798 -8.007707 37.497876 -1.464352 0.603546 -22.841317 -4.003569 -0.000003 -0.315938 0
-0.086619 -0.356163 -0.08872 -6.708718 -4.112746 111.40173 -0.405853 0.462508 5.31722 -3.363273 1.572011 13.280623 -0.370007 -1.235476 0.00788 3.571374 3.848608 -3.709977 0.277026 5.824338 -11.140415 0 0 0 0 0 0 2.436255 0.61155 -9.252674 21.445958 51.009918 -118.272347 -21.71306 -5.585922 -16.401417 -11.499309 3.34529 -3.815056 0.050398 -0.112372 -7.390756 2.685625 0.615552 -25.815582 1.726594 0.246685 -16.262007 4.025365 0.888167 -20.644447 -0.973583 0.840604 -30.562561 4.935749 2.467071 -53.095435 1.220418 0.121036 -11.511016 2.957645 0.755577 -28.655965 2.347142 0.464184 -22.37245 1.243028 0.065507 -15.880519 4.053898 1.519159 -41.074051 3.366919 1.000162 -33.081724 12.807951 2.333457 9.419525 20.415874 0.538605 9.69099 19.121726 3.983046 4.028004 5.45758 0.506648 12.688681 -39.195573 56.761877 93.60345 19.289352 -4.948812 15.516588 -1.286827 -8.348564 3.341593 -0.168472 -0.109156 8.350031 -2.160859 0.386531 20.280957 -1.128944 0.103093 10.435347 -2.243145 0.36816 24.460303 -3.274174 0.928942 31.671551 -5.224896 2.828946 56.841654 -1.032635 0.085197 9.629588 -3.302605 0.946583 31.978723 -2.065078 0.360421 19.377809 -2.508611 0.554 18.813988 -3.848751 1.329492 38.101753 -3.838231 1.330336 38.036558 -8.288905 -3.703672 -6.074452 -23.144311 8.672824 -11.912 -12.785699 5.85213 -4.199655 16.257504 -20.199126 9.458536 -4.406436 23.349499 2.341891 0.061646 2.243224 -9.989518 0.000006 2.255753 -0.000009 -7.274458 -6.427667 9.26197 -8.006163 37.523177 -1.458843 0.604115 -22.876248 -3.962872 -0.000003 -0.315938 0
-0.086623 -0.356163 -0.089448 -6.748158 -4.10138 111.362649 -0.482481 0.412119 5.289076 -3.400735 1.547377 13.266864 -0.350105 -1.180612 -0.000596 3.524657 3.711764 -3.689886 0.328513 5.865264 -11.141667 0 0 0 0 0 0 2.436254 0.611549 -9.252674 21.156885 52.102862 -119.48059 -21.71879 -5.591052 -16.415413 -11.499546 3.357861 -3.816863 0.050398 -0.112372 -7.390756 2.685625 0.615552 -25.815582 1.726594 0.246685 -16.262007 4.025365 0.888167 -20.644447 -0.973583 0.840604 -30.562561 4.935749 2.467071 -53.095435 1.220418 0.121036 -11.511016 2.957645 0.755577 -28.655965 2.347142 0.464184 -22.37245 1.243028 0.065507 -15.880519 4.053898 1.519159 -41.074051 3.366919 1.000162 -33.081724 12.807951 2.333457 9.419525 20.415874 0.538605 9.69099 19.121726 3.983046 4.028004 5.45758 0.506648 12.688681 -39.412847 56.390113 93.343658 19.149734 -4.817077 15.185015 -1.283446 -8.171629 3.365449 -0.168472 -0.109156 8.350031 -2.160859 0.386531 20.280957 -1.128944 0.103093 10.435347 -2.243145 0.36816 24.460303 -3.274174 0.928942 31.671551 -5.224896 2.828946 56.841654 -1.032635 0.085197 9.629588 -3.302605 0.946583 31.978723 -2.065078 0.360421 19.377809 -2.508611 0.554 18.813988 -3.848751 1.329492 38.101753 -3.838231 1.330336 38.036558 -8.288905 -3.703672 -6.074452 -23.144311 8.672824 -11.912 -12.785699 5.85213 -4.199655 16.341579 -20.264091 9.035451 -4.413242 23.38855 2.331345 0.032971 2.181924 -9.746603 0.000006 2.255753 -0.000009 -7.230273 -6.418176 9.235226 -8.010116 37.549037 -1.467446 0.654344 -22.882169 -4.192412 -0.000003 -0.315938 0
-0.086668 -0.356163 -0.090538 -6.680377 -4.082246 111.317903 -0.642247 0.396069 5.374811 -3.478843 1.53953 13.308779 -0.330983 -1.209535 0.015965 3.598071 3.78638 -3.724949 0.180266 5.82509 -11.167755 0 0 0 0 0 0 2.436254 0.611551 -9.252674 20.758087 52.663999 -119.763816 -21.615743 -5.499605 -16.167317 -11.497781 3.263251 -3.803265 0.050398 -0.112372 -7.390756 2.685625 0.615552 -25.815582 1.726594 0.246685 -16.262007 4.025365 0.888167 -20.644447 -0.973583 0.840604 -30.562561 4.935749 2.467071 -53.095435 1.220418 0.121036 -11.511016 2.957645 0.755577 -28.655965 2.347142 0.464184 -22.37245 1.243028 0.065507 -15.880519 4.053898 1.519159 -41.074051 3.366919 1.000162 -33.081724 12.807951 2.333457 9.419525 20.415874 0.538605 9.69099 19.121726 3.983046 4.028004 5.45758 0.506649 12.688681 -39.537267 56.126671 92.962788 19.22309 -4.876228 15.354142 -1.28511 -8.257334 3.353901 -0.168472 -0.109156 8.350031 -2.160859 0.386531 20.280957 -1.128944 0.103093 10.435347 -2.243145 0.36816 24.460303 -3.274174 0.928942 31.671551 -5.224896 2.828946 56.841654 -1.032635 0.085197 9.629588 -3.302605 0.946583 31.978723 -2.065078 0.360421 19.377809 -2.508611 0.554 18.813988 -3.848751 1.329492 38.101753 -3.838231 1.330336 38.036558 -8.288905 -3.703672 -6.074452 -23.144311 8.672824 -11.912 -12.785699 5.85213 -4.199655 16.222948 -20.260943 8.882405 -4.4168 23.517632 2.345193 0.02728 2.116137 -9.666564 0.000006 2.255753 -0.000009 -7.340093 -6.22957 9.064067 -8.006658 37.426638 -1.456747 0.656001 -22.924229 -4.169452 -0.000003 -0.315938 0
-0.086425 -0.356163 -0.091206 -6.641181 -4.067388 111.281504 -0.545306 0.331501 5.190032 -3.43145 1.507963 13.218442 -0.292467 -1.117695 -0.02062 4.294266 4.875845 -4.894824 -0.729295 4.456115 -13.174769 0 0 0 0 0 0 2.436255 0.611549 -9.252675 21.921722 51.310254 -118.270025 -21.646101 -5.527404 -16.241042 -11.501983 3.4833 -3.834884 0.050398 -0.112372 -7.390756 2.685625 0.615552 -25.815582 1.726594 0.246685 -16.262007 4.025365 0.888167 -20.644447 -0.973583 0.840604 -30.562561 4.935749 2.467071 -53.095435 1.220418 0.121036 -11.511016 2.957645 0.755577 -28.655965 2.347142 0.464184 -22.37245 1.243028 0.065507 -15.880519 4.053898 1.519159 -41.074051 3.366919 1.000162 -33.081724 12.807951 2.333457 9.419525 20.415874 0.538605 9.69099 19.121726 3.983046 4.028004 5.457579 0.506648 12.688681 -38.834761 57.007596 94.409616 19.168469 -4.832125 15.228098 -1.281831 -8.090627 3.376364 -0.168472 -0.109156 8.350031 -2.160859 0.386531 20.280957 -1.128944 0.103093 10.435347 -2.243145 0.36816 24.460303 -3.274174 0.928942 31.671551 -5.224896 2.828946 56.841654 -1.032635 0.085197 9.629588 -3.302605 0.946583 31.978723 -2.065078 0.360421 19.377809 -2.508611 0.554 18.813988 -3.848751 1.329492 38.101753 -3.838231 1.330336 38.036558 -8.288905 -3.703672 -6.074452 -23.144311 8.672824 -11.912 -12.785699 5.85213 -4.199655 16.182922 -20.201242 9.113534 -4.409271 23.483894 2.343012 0.031558 2.177663 -9.63597 0.000006 2.255753 -0.000009 -7.405998 -6.242569 9.194886 -8.007157 37.458791 -1.461573 0.644632 -22.962706 -4.134174 -0.000003 -0.315938 0
