HIERARCHY
ROOT hips
{
  OFFSET 0 10.432787522119774 1.3615615910897314
  CHANNELS 6 Xposition Yposition Zposition Yrotation Xrotation Zrotation
  JOINT spine
  {
    OFFSET -7.042016674e-31 0.605849736412771 0
    CHANNELS 3 Yrotation Xrotation Zrotation
    JOINT chest
    {
      OFFSET 0 1.2699780403367527 0
      CHANNELS 3 Yrotation Xrotation Zrotation
      JOINT upperChest
      {
        OFFSET 0 1.217802795781373 0
        CHANNELS 3 Yrotation Xrotation Zrotation
        JOINT neck
        {
          OFFSET 0 1.524881793055447 0
          CHANNELS 3 Yrotation Xrotation Zrotation
          JOINT head
          {
            OFFSET 0 0.8197776686196176 0
            CHANNELS 3 Yrotation Xrotation Zrotation
            JOINT leftEye
            {
              OFFSET 0.27991711184325396 0.7377279215890094 0.1770057770610815
              CHANNELS 3 Yrotation Xrotation Zrotation
              End Site
              {
                OFFSET 0.27991711184325396 0.7377279215890094 0.1770057770610815
              }
            }
            JOINT rightEye
            {
              OFFSET -0.27991715118228666 0.7377278742074458 0.1770060973723161
              CHANNELS 3 Yrotation Xrotation Zrotation
              End Site
              {
                OFFSET -0.27991715118228666 0.7377278742074458 0.1770060973723161
              }
            }
          }
        }
        JOINT leftShoulder
        {
          OFFSET 0.4148696499235711 1.1670497283493415 0
          CHANNELS 3 Yrotation Xrotation Zrotation
          JOINT leftUpperArm
          {
            OFFSET 0.9737923520503171 0 0
            CHANNELS 3 Yrotation Xrotation Zrotation
            JOINT leftLowerArm
            {
              OFFSET 2.526933563002016 0 0
              CHANNELS 3 Yrotation Xrotation Zrotation
              JOINT leftHand
              {
                OFFSET 2.4263767061081287 0 0
                CHANNELS 3 Yrotation Xrotation Zrotation
                JOINT leftIndexProximal
                {
                  OFFSET 0.7243194303238094 0.08170604153373495 0.2036005707489045
                  CHANNELS 3 Yrotation Xrotation Zrotation
                  JOINT leftIndexIntermediate
                  {
                    OFFSET 0.365490110639793 -0.010566615565509085 -0.014147873305413783
                    CHANNELS 3 Yrotation Xrotation Zrotation
                    JOINT leftIndexDistal
                    {
                      OFFSET 0.22502693978020916 -0.007863122621388996 -0.007567729919505994
                      CHANNELS 3 Yrotation Xrotation Zrotation
                      End Site
                      {
                        OFFSET 0.22502693978020916 -0.007863122621388996 -0.007567729919505994
                      }
                    }
                  }
                }
                JOINT leftLittleProximal
                {
                  OFFSET 0.6720313867214986 0.0817059792423902 -0.3230034999786495
                  CHANNELS 3 Yrotation Xrotation Zrotation
                  JOINT leftLittleIntermediate
                  {
                    OFFSET 0.3458364459000005 5.4765410650858826e-8 2.495506794542024e-7
                    CHANNELS 3 Yrotation Xrotation Zrotation
                    JOINT leftLittleDistal
                    {
                      OFFSET 0.19925722030351722 0.003096736260194355 0.0038306323169590983
                      CHANNELS 3 Yrotation Xrotation Zrotation
                      End Site
                      {
                        OFFSET 0.19925722030351722 0.003096736260194355 0.0038306323169590983
                      }
                    }
                  }
                }
                JOINT leftMiddleProximal
                {
                  OFFSET 0.7300446999180792 0.08170730820222194 0.0226618663244387
                  CHANNELS 3 Yrotation Xrotation Zrotation
                  JOINT leftMiddleIntermediate
                  {
                    OFFSET 0.40758107610000327 -0.0000012383582372876845 3.721937498757377e-7
                    CHANNELS 3 Yrotation Xrotation Zrotation
                    JOINT leftMiddleDistal
                    {
                      OFFSET 0.2514495697999991 7.561061998728746e-8 -1.6055895105115958e-7
                      CHANNELS 3 Yrotation Xrotation Zrotation
                      End Site
                      {
                        OFFSET 0.2514495697999991 7.561061998728746e-8 -1.6055895105115958e-7
                      }
                    }
                  }
                }
                JOINT leftRingProximal
                {
                  OFFSET 0.7217264995692599 0.08170598771388815 -0.1504338786787948
                  CHANNELS 3 Yrotation Xrotation Zrotation
                  JOINT leftRingIntermediate
                  {
                    OFFSET 0.3780872700000014 6.409956210262635e-8 3.723059401883333e-7
                    CHANNELS 3 Yrotation Xrotation Zrotation
                    JOINT leftRingDistal
                    {
                      OFFSET 0.21812031524459563 -0.00271347557699686 -0.004991351593452126
                      CHANNELS 3 Yrotation Xrotation Zrotation
                      End Site
                      {
                        OFFSET 0.21812031524459563 -0.00271347557699686 -0.004991351593452126
                      }
                    }
                  }
                }
                JOINT leftThumbProximal
                {
                  OFFSET 0.10793670302222891 -0.165278914300383 -0.07775358168875651
                  CHANNELS 3 Yrotation Xrotation Zrotation
                  JOINT leftThumbIntermediate
                  {
                    OFFSET 0.40355763830204994 -0.017484092948475194 0.31777731504028983
                    CHANNELS 3 Yrotation Xrotation Zrotation
                    JOINT leftThumbDistal
                    {
                      OFFSET 0.2318770514136803 -0.018507879151339335 0.21396002480314588
                      CHANNELS 3 Yrotation Xrotation Zrotation
                      End Site
                      {
                        OFFSET 0.2318770514136803 -0.018507879151339335 0.21396002480314588
                      }
                    }
                  }
                }
              }
            }
          }
        }
        JOINT rightShoulder
        {
          OFFSET -0.4148696499235712 1.1670497283493415 0
          CHANNELS 3 Yrotation Xrotation Zrotation
          JOINT rightUpperArm
          {
            OFFSET -0.9737923520503168 0 0
            CHANNELS 3 Yrotation Xrotation Zrotation
            JOINT rightLowerArm
            {
              OFFSET -2.5269335630020175 0 0
              CHANNELS 3 Yrotation Xrotation Zrotation
              JOINT rightHand
              {
                OFFSET -2.4263767061081274 0 0
                CHANNELS 3 Yrotation Xrotation Zrotation
                JOINT rightIndexProximal
                {
                  OFFSET -0.7243194303238094 0.08170604153373495 0.2036005707489045
                  CHANNELS 3 Yrotation Xrotation Zrotation
                  JOINT rightIndexIntermediate
                  {
                    OFFSET -0.365490110639793 -0.010566615565509085 -0.014147873305413783
                    CHANNELS 3 Yrotation Xrotation Zrotation
                    JOINT rightIndexDistal
                    {
                      OFFSET -0.22502693978020916 -0.007863122621388996 -0.007567729919505994
                      CHANNELS 3 Yrotation Xrotation Zrotation
                      End Site
                      {
                        OFFSET -0.22502693978020916 -0.007863122621388996 -0.007567729919505994
                      }
                    }
                  }
                }
                JOINT rightLittleProximal
                {
                  OFFSET -0.6720313867214986 0.0817059792423902 -0.3230034999786495
                  CHANNELS 3 Yrotation Xrotation Zrotation
                  JOINT rightLittleIntermediate
                  {
                    OFFSET -0.3458364459000005 5.4765410650858826e-8 2.495506794542024e-7
                    CHANNELS 3 Yrotation Xrotation Zrotation
                    JOINT rightLittleDistal
                    {
                      OFFSET -0.19925722030351722 0.003096736260194355 0.0038306323169590983
                      CHANNELS 3 Yrotation Xrotation Zrotation
                      End Site
                      {
                        OFFSET -0.19925722030351722 0.003096736260194355 0.0038306323169590983
                      }
                    }
                  }
                }
                JOINT rightMiddleProximal
                {
                  OFFSET -0.7300446999180792 0.08170730820222194 0.0226618663244387
                  CHANNELS 3 Yrotation Xrotation Zrotation
                  JOINT rightMiddleIntermediate
                  {
                    OFFSET -0.40758107610000327 -0.0000012383582372876845 3.721937498757377e-7
                    CHANNELS 3 Yrotation Xrotation Zrotation
                    JOINT rightMiddleDistal
                    {
                      OFFSET -0.2514495697999991 7.561061998728746e-8 -1.6055895105115958e-7
                      CHANNELS 3 Yrotation Xrotation Zrotation
                      End Site
                      {
                        OFFSET -0.2514495697999991 7.561061998728746e-8 -1.6055895105115958e-7
                      }
                    }
                  }
                }
                JOINT rightRingProximal
                {
                  OFFSET -0.7217264995692599 0.08170598771388815 -0.1504338786787948
                  CHANNELS 3 Yrotation Xrotation Zrotation
                  JOINT rightRingIntermediate
                  {
                    OFFSET -0.3780872700000014 6.409956210262635e-8 3.723059401883333e-7
                    CHANNELS 3 Yrotation Xrotation Zrotation
                    JOINT rightRingDistal
                    {
                      OFFSET -0.21812031524459563 -0.00271347557699686 -0.004991351593452126
                      CHANNELS 3 Yrotation Xrotation Zrotation
                      End Site
                      {
                        OFFSET -0.21812031524459563 -0.00271347557699686 -0.004991351593452126
                      }
                    }
                  }
                }
                JOINT rightThumbProximal
                {
                  OFFSET -0.10793670302222891 -0.165278914300383 -0.07775358168875651
                  CHANNELS 3 Yrotation Xrotation Zrotation
                  JOINT rightThumbIntermediate
                  {
                    OFFSET -0.40355763830204994 -0.017484092948475194 0.31777731504028983
                    CHANNELS 3 Yrotation Xrotation Zrotation
                    JOINT rightThumbDistal
                    {
                      OFFSET -0.2318770514136803 -0.018507879151339335 0.21396002480314588
                      CHANNELS 3 Yrotation Xrotation Zrotation
                      End Site
                      {
                        OFFSET -0.2318770514136803 -0.018507879151339335 0.21396002480314588
                      }
                    }
                  }
                }
              }
            }
          }
        }
      }
    }
  }
  JOINT leftUpperLeg
  {
    OFFSET 0.8486251400000001 -0.44215692923454897 0
    CHANNELS 3 Yrotation Xrotation Zrotation
    JOINT leftLowerLeg
    {
      OFFSET 0 -4.1014783730019015 0
      CHANNELS 3 Yrotation Xrotation Zrotation
      JOINT leftFoot
      {
        OFFSET -0.0002543926242001143 -4.7729227580453255 0.007402839656626761
        CHANNELS 3 Yrotation Xrotation Zrotation
        JOINT leftToes
        {
          OFFSET 0 -0.7027876860119923 1.2062921852216233
          CHANNELS 3 Yrotation Xrotation Zrotation
          End Site
          {
            OFFSET 0 -0.7027876860119923 1.2062921852216233
          }
        }
      }
    }
  }
  JOINT rightUpperLeg
  {
    OFFSET -0.8486251400000001 -0.44215692923454897 0
    CHANNELS 3 Yrotation Xrotation Zrotation
    JOINT rightLowerLeg
    {
      OFFSET 0 -4.1014783730019015 0
      CHANNELS 3 Yrotation Xrotation Zrotation
      JOINT rightFoot
      {
        OFFSET 0.0002543926242001143 -4.7729227580453255 0.007402839656626761
        CHANNELS 3 Yrotation Xrotation Zrotation
        JOINT rightToes
        {
          OFFSET 0 -0.7027876860119923 1.2062921852216233
          CHANNELS 3 Yrotation Xrotation Zrotation
          End Site
          {
            OFFSET 0 -0.7027876860119923 1.2062921852216233
          }
        }
      }
    }
  }
}
MOTION
Frames: 58
Frame Time: 0.03333333333333333
-0.127265 -0.365365 0.02681 -4.518697 -4.005243 -5.381438 -4.666724 0.506349 6.48297 -5.446365 1.593445 13.850545 -0.401883 -0.706892 0.211261 2.850046 5.585051 -3.680406 1.744011 2.09854 -11.349677 0 0 0 0 0 0 2.436254 0.61155 -9.252674 29.152528 57.814491 -126.121821 -20.160531 -4.134072 -12.684251 -11.57025 6.253361 -4.202018 0.050398 -0.112372 -7.390756 2.685625 0.615552 -25.815582 1.726594 0.246685 -16.262007 4.025365 0.888167 -20.644447 -0.973583 0.840604 -30.562561 4.935749 2.467071 -53.095435 1.220418 0.121036 -11.511016 2.957645 0.755577 -28.655965 2.347142 0.464184 -22.37245 1.243028 0.065507 -15.880519 4.053898 1.519159 -41.074051 3.366919 1.000162 -33.081724 12.807951 2.333457 9.419525 20.415874 0.538605 9.69099 19.121726 3.983046 4.028004 5.45758 0.506649 12.68868 -39.408364 46.20286 88.098095 21.299353 -6.572654 20.126276 -1.303303 -9.461607 3.199666 -0.168472 -0.109156 8.350031 -2.160859 0.386531 20.280957 -1.128944 0.103093 10.435347 -2.243145 0.36816 24.460303 -3.274174 0.928942 31.671551 -5.224896 2.828946 56.841654 -1.032635 0.085197 9.629588 -3.302605 0.946583 31.978723 -2.065078 0.360421 19.377809 -2.508611 0.554 18.813988 -3.848751 1.329492 38.101753 -3.838231 1.330336 38.036558 -8.288905 -3.703672 -6.074452 -23.144311 8.672824 -11.912 -12.785699 5.85213 -4.199655 10.046037 -42.780903 10.098269 -4.714538 47.810205 1.90884 -0.531544 2.780336 -4.653938 0.000006 2.255753 -0.000009 -16.611553 -3.545122 11.229235 -8.062632 38.342512 -1.19874 1.582197 -25.091767 -7.373398 -0.000003 -0.315938 0
-0.128274 -0.363876 0.007898 -4.382418 -3.651918 -5.436319 -4.635646 0.163307 6.629202 -5.431171 1.425735 13.922037 -0.302694 -0.68737 0.244619 2.918075 5.55236 -3.751029 1.625612 2.275506 -11.460127 0 0 0 0 0 0 2.436254 0.611551 -9.252674 29.599273 58.423739 -126.104194 -20.061563 -4.069459 -12.4766 -11.573763 6.354264 -4.2157 0.050398 -0.112372 -7.390756 2.685625 0.615552 -25.815582 1.726594 0.246685 -16.262007 4.025365 0.888167 -20.644447 -0.973583 0.840604 -30.562561 4.935749 2.467071 -53.095435 1.220418 0.121036 -11.511016 2.957645 0.755577 -28.655965 2.347142 0.464184 -22.37245 1.243028 0.065507 -15.880519 4.053898 1.519159 -41.074051 3.366919 1.000162 -33.081724 12.807951 2.333457 9.419525 20.415874 0.538605 9.69099 19.121726 3.983046 4.028004 5.45758 0.50665 12.68868 -38.719831 45.814887 88.420521 21.687027 -6.970963 21.141673 -1.306958 -9.833163 3.147357 -0.168472 -0.109156 8.350031 -2.160859 0.386531 20.280957 -1.128944 0.103093 10.435347 -2.243145 0.36816 24.460303 -3.274174 0.928942 31.671551 -5.224896 2.828946 56.841654 -1.032635 0.085197 9.629588 -3.302605 0.946583 31.978723 -2.065078 0.360421 19.377809 -2.508611 0.554 18.813988 -3.848751 1.329492 38.101753 -3.838231 1.330336 38.036558 -8.288905 -3.703672 -6.074452 -23.144311 8.672824 -11.912 -12.785699 5.85213 -4.199655 10.399138 -43.139552 8.486586 -4.596093 40.577536 2.042033 -0.216255 4.731156 -4.729268 0.000006 2.255753 -0.000009 -16.562785 -1.214548 11.711575 -8.072668 35.832493 -1.241963 1.598601 -25.150341 -7.44895 -0.000003 -0.315938 0
-0.128285 -0.362387 -0.011392 -4.382766 -3.30759 -5.512763 -4.481773 -0.133053 6.657168 -5.355945 1.280848 13.935709 -0.312611 -0.615887 0.254472 2.942629 5.360886 -3.747015 1.652953 2.290865 -11.476618 0 0 0 0 0 0 2.436254 0.611551 -9.252674 30.730703 59.019405 -126.509101 -19.889836 -3.959287 -12.11843 -11.584745 6.658862 -4.256919 0.050398 -0.112372 -7.390756 2.685625 0.615552 -25.815582 1.726594 0.246685 -16.262007 4.025365 0.888167 -20.644447 -0.973583 0.840604 -30.562561 4.935749 2.467071 -53.095435 1.220418 0.121036 -11.511016 2.957645 0.755577 -28.655965 2.347142 0.464184 -22.37245 1.243028 0.065507 -15.880519 4.053898 1.519159 -41.074051 3.366919 1.000162 -33.081724 12.807951 2.333457 9.419525 20.415874 0.538605 9.69099 19.121726 3.983046 4.028004 5.45758 0.50665 12.688681 -37.874382 45.090455 88.479504 21.973858 -7.280426 21.915587 -1.309501 -10.16731 3.10027 -0.168472 -0.109156 8.350031 -2.160859 0.386531 20.280957 -1.128944 0.103093 10.435347 -2.243145 0.36816 24.460303 -3.274174 0.928942 31.671551 -5.224896 2.828946 56.841654 -1.032635 0.085197 9.629588 -3.302605 0.946583 31.978723 -2.065078 0.360421 19.377809 -2.508611 0.554 18.813988 -3.848751 1.329492 38.101753 -3.838231 1.330336 38.036558 -8.288905 -3.703672 -6.074452 -23.144311 8.672824 -11.912 -12.785699 5.85213 -4.199655 11.038735 -43.402704 5.999897 -4.51547 34.290009 2.181891 -0.005684 6.039685 -4.818873 0.000006 2.255753 -0.000009 -16.123348 1.106365 12.083413 -8.078298 33.32374 -1.317522 1.559466 -25.243171 -7.289973 -0.000003 -0.315938 0
-0.128295 -0.370574 -0.031684 -4.36912 -3.030554 -5.761523 -4.347948 -0.397387 6.956857 -5.290519 1.151618 14.082224 -0.22979 -0.553859 0.326053 2.840307 5.311287 -3.790965 1.674955 2.19872 -11.608483 0 0 0 0 0 0 2.436253 0.61155 -9.252674 30.71636 59.026928 -126.222369 -19.704794 -3.843114 -11.735669 -11.581242 6.563411 -4.24402 0.050398 -0.112372 -7.390756 2.685625 0.615552 -25.815582 1.726594 0.246685 -16.262007 4.025365 0.888167 -20.644447 -0.973583 0.840604 -30.562561 4.935749 2.467071 -53.095435 1.220418 0.121036 -11.511016 2.957645 0.755577 -28.655965 2.347142 0.464184 -22.37245 1.243028 0.065507 -15.880519 4.053898 1.519159 -41.074051 3.366919 1.000162 -33.081724 12.807951 2.333457 9.419525 20.415874 0.538605 9.69099 19.121726 3.983046 4.028004 5.45758 0.506649 12.688681 -38.046632 44.678691 88.402785 22.237676 -7.577091 22.645942 -1.310971 -10.422105 3.064341 -0.168472 -0.109156 8.350031 -2.160859 0.386531 20.280957 -1.128944 0.103093 10.435347 -2.243145 0.36816 24.460303 -3.274174 0.928942 31.671551 -5.224896 2.828946 56.841654 -1.032635 0.085197 9.629588 -3.302605 0.946583 31.978723 -2.065078 0.360421 19.377809 -2.508611 0.554 18.813988 -3.848751 1.329492 38.101753 -3.838231 1.330336 38.036558 -8.288905 -3.703672 -6.074452 -23.144311 8.672824 -11.912 -12.785699 5.85213 -4.199655 11.251221 -43.781732 4.799671 -4.482292 31.341084 2.220115 -0.597374 2.429539 -3.43463 0.000006 2.255753 -0.000009 -15.782796 3.053432 12.368986 -8.081827 31.829081 -1.37293 1.544842 -25.329496 -7.221733 -0.000003 -0.315938 0
-0.127162 -0.385183 -0.051292 -4.422853 -2.873925 -5.749081 -4.235405 -0.439105 6.852711 -5.235498 1.131223 14.031308 -0.227647 -0.68305 0.30417 2.913062 5.361531 -3.757964 1.551039 2.158696 -11.518946 0 0 0 0 0 0 2.436254 0.61155 -9.252674 30.831254 59.824152 -126.512906 -19.773972 -3.886216 -11.878311 -11.576853 6.441522 -4.227521 0.050398 -0.112372 -7.390756 2.685625 0.615552 -25.815582 1.726594 0.246685 -16.262007 4.025365 0.888167 -20.644447 -0.973583 0.840604 -30.562561 4.935749 2.467071 -53.095435 1.220418 0.121036 -11.511016 2.957645 0.755577 -28.655965 2.347142 0.464184 -22.37245 1.243028 0.065507 -15.880519 4.053898 1.519159 -41.074051 3.366919 1.000162 -33.081724 12.807951 2.333457 9.419525 20.415874 0.538605 9.69099 19.121726 3.983046 4.028004 5.457581 0.506649 12.688681 -37.658531 44.905133 88.729555 22.354881 -7.71291 22.976867 -1.311821 -10.618546 3.036635 -0.168472 -0.109156 8.350031 -2.160859 0.386531 20.280957 -1.128944 0.103093 10.435347 -2.243145 0.36816 24.460303 -3.274174 0.928942 31.671551 -5.224896 2.828946 56.841654 -1.032635 0.085197 9.629588 -3.302605 0.946583 31.978723 -2.065078 0.360421 19.377809 -2.508611 0.554 18.813988 -3.848751 1.329492 38.101753 -3.838231 1.330336 38.036558 -8.288905 -3.703672 -6.074452 -23.144311 8.672824 -11.912 -12.785699 5.85213 -4.199655 11.422881 -43.740514 5.996771 -4.476635 30.857454 2.225554 -0.588967 1.509719 -4.601266 0.000006 2.255753 -0.000009 -15.545412 4.284607 12.90296 -8.080744 31.861094 -1.372961 1.682747 -25.328264 -7.704083 -0.000003 -0.315938 0
-0.125808 -0.396375 -0.074479 -4.584483 -3.044641 -5.824718 -3.953471 -0.304949 7.00347 -5.097664 1.19681 14.105012 -0.220997 -0.615927 0.338734 2.882871 5.262867 -3.826204 1.531976 2.173301 -11.678041 0 0 0 0 0 0 2.436254 0.61155 -9.252674 31.579852 58.436539 -125.184567 -19.528566 -3.735006 -11.3743 -11.598315 7.015492 -4.30499 0.050398 -0.112372 -7.390756 2.685625 0.615552 -25.815582 1.726594 0.246685 -16.262007 4.025365 0.888167 -20.644447 -0.973583 0.840604 -30.562561 4.935749 2.467071 -53.095435 1.220418 0.121036 -11.511016 2.957645 0.755577 -28.655965 2.347142 0.464184 -22.37245 1.243028 0.065507 -15.880519 4.053898 1.519159 -41.074051 3.366919 1.000162 -33.081724 12.807951 2.333457 9.419525 20.415874 0.538605 9.69099 19.121726 3.983046 4.028004 5.45758 0.506649 12.688681 -38.361995 44.821588 88.563527 22.458056 -7.834329 23.270982 -1.311237 -10.477829 3.056483 -0.168472 -0.109156 8.350031 -2.160859 0.386531 20.280957 -1.128944 0.103093 10.435347 -2.243145 0.36816 24.460303 -3.274174 0.928942 31.671551 -5.224896 2.828946 56.841654 -1.032635 0.085197 9.629588 -3.302605 0.946583 31.978723 -2.065078 0.360421 19.377809 -2.508611 0.554 18.813988 -3.848751 1.329492 38.101753 -3.838231 1.330336 38.036558 -8.288905 -3.703672 -6.074452 -23.144311 8.672824 -11.912 -12.785699 5.85213 -4.199655 11.944232 -42.867943 7.487261 -4.492958 32.29846 2.219408 -0.127772 4.820882 -5.117255 0.000006 2.255753 -0.000009 -15.055923 5.907026 13.863081 -8.078482 32.682279 -1.331373 1.720928 -25.032557 -7.979318 -0.000003 -0.315938 0
-0.122772 -0.389262 -0.098381 -4.879288 -3.033114 -6.13052 -3.616194 -0.511863 7.361089 -4.932773 1.095652 14.279848 -0.142037 -0.558382 0.423056 2.87807 5.369258 -3.864582 1.404501 2.216859 -11.734177 0 0 0 0 0 0 2.436254 0.61155 -9.252674 32.361274 56.406879 -123.26203 -19.20077 -3.540109 -10.70907 -11.619709 7.540996 -4.375422 0.050398 -0.112372 -7.390756 2.685625 0.615552 -25.815582 1.726594 0.246685 -16.262007 4.025365 0.888167 -20.644447 -0.973583 0.840604 -30.562561 4.935749 2.467071 -53.095435 1.220418 0.121036 -11.511016 2.957645 0.755577 -28.655965 2.347142 0.464184 -22.37245 1.243028 0.065507 -15.880519 4.053898 1.519159 -41.074051 3.366919 1.000162 -33.081724 12.807951 2.333457 9.419525 20.415874 0.538605 9.69099 19.121726 3.983046 4.028004 5.45758 0.506649 12.68868 -39.358623 44.944234 88.066559 22.512839 -7.899694 23.42852 -1.310596 -10.349736 3.074549 -0.168472 -0.109156 8.350031 -2.160859 0.386531 20.280957 -1.128944 0.103093 10.435347 -2.243145 0.36816 24.460303 -3.274174 0.928942 31.671551 -5.224896 2.828946 56.841654 -1.032635 0.085197 9.629588 -3.302605 0.946583 31.978723 -2.065078 0.360421 19.377809 -2.508611 0.554 18.813988 -3.848751 1.329492 38.101753 -3.838231 1.330336 38.036558 -8.288905 -3.703672 -6.074452 -23.144311 8.672824 -11.912 -12.785699 5.85213 -4.199655 12.768455 -42.316149 8.282485 -4.505699 33.335634 2.239417 0.262704 8.997356 -6.542391 0.000006 2.255753 -0.000009 -14.08593 5.994268 13.929321 -8.059469 35.194386 -1.278879 1.387209 -24.006875 -7.082916 -0.000003 -0.315938 0
-0.117321 -0.379006 -0.122415 -5.776565 -3.200685 -6.142462 -2.323431 -0.649964 7.210261 -4.300755 1.028136 14.20611 -0.265223 -0.542931 0.394501 2.918362 5.527432 -3.869254 1.350581 2.380594 -11.689715 0 0 0 0 0 0 2.436254 0.611551 -9.252674 34.092236 53.490353 -120.18884 -18.988682 -3.418201 -10.283628 -11.651714 8.261257 -4.471116 0.050398 -0.112372 -7.390756 2.685625 0.615552 -25.815582 1.726594 0.246685 -16.262007 4.025365 0.888167 -20.644447 -0.973583 0.840604 -30.562561 4.935749 2.467071 -53.095435 1.220418 0.121036 -11.511016 2.957645 0.755577 -28.655965 2.347142 0.464184 -22.37245 1.243028 0.065507 -15.880519 4.053898 1.519159 -41.074051 3.366919 1.000162 -33.081724 12.807951 2.333457 9.419525 20.415874 0.538605 9.69099 19.121726 3.983046 4.028004 5.45758 0.506649 12.688681 -40.86618 45.261343 87.734801 22.153049 -7.480661 22.409701 -1.308331 -10.001879 3.123587 -0.168472 -0.109156 8.350031 -2.160859 0.386531 20.280957 -1.128944 0.103093 10.435347 -2.243145 0.36816 24.460303 -3.274174 0.928942 31.671551 -5.224896 2.828946 56.841654 -1.032635 0.085197 9.629588 -3.302605 0.946583 31.978723 -2.065078 0.360421 19.377809 -2.508611 0.554 18.813988 -3.848751 1.329492 38.101753 -3.838231 1.330336 38.036558 -8.288905 -3.703672 -6.074452 -23.144311 8.672824 -11.912 -12.785699 5.85213 -4.199655 14.785091 -40.655231 10.857713 -4.499693 33.632974 2.309561 0.16268 8.309892 -7.541861 0.000006 2.255753 -0.000009 -11.806712 3.726712 12.793759 -7.974131 41.744973 -1.241404 0.911943 -21.863257 -5.679176 -0.000003 -0.315938 0
-0.112349 -0.367971 -0.143427 -6.33981 -3.44477 -5.809319 -1.413486 -0.350776 6.90686 -3.855893 1.174406 14.05778 -0.253429 -0.58585 0.322829 2.943812 5.418943 -3.818166 1.353021 2.700832 -11.570595 0 0 0 0 0 0 2.436254 0.611551 -9.252674 34.559701 50.703223 -117.785789 -18.902148 -3.36939 -10.111123 -11.641399 8.036561 -4.441373 0.050398 -0.112372 -7.390756 2.685625 0.615552 -25.815582 1.726594 0.246685 -16.262007 4.025365 0.888167 -20.644447 -0.973583 0.840604 -30.562561 4.935749 2.467071 -53.095435 1.220418 0.121036 -11.511016 2.957645 0.755577 -28.655965 2.347142 0.464184 -22.37245 1.243028 0.065507 -15.880519 4.053898 1.519159 -41.074051 3.366919 1.000162 -33.081724 12.807951 2.333457 9.419525 20.415874 0.538605 9.69099 19.121726 3.983046 4.028004 5.45758 0.50665 12.688681 -42.751794 44.646124 86.632254 21.617977 -6.898391 20.958352 -1.306173 -9.745274 3.159735 -0.168472 -0.109156 8.350031 -2.160859 0.386531 20.280957 -1.128944 0.103093 10.435347 -2.243145 0.36816 24.460303 -3.274174 0.928942 31.671551 -5.224896 2.828946 56.841654 -1.032635 0.085197 9.629588 -3.302605 0.946583 31.978723 -2.065078 0.360421 19.377809 -2.508611 0.554 18.813988 -3.848751 1.329492 38.101753 -3.838231 1.330336 38.036558 -8.288905 -3.703672 -6.074452 -23.144311 8.672824 -11.912 -12.785699 5.85213 -4.199655 16.476157 -38.964375 12.563064 -4.506211 34.203839 2.423294 0.068894 6.526703 -8.694719 0.000006 2.255753 -0.000009 -9.747482 -0.422533 10.720212 -7.838388 50.075812 -1.234156 0.360594 -14.952309 -3.061671 -0.000003 -0.315938 0
-0.108859 -0.364537 -0.163066 -6.720561 -3.657792 -5.915294 -0.698074 -0.067302 6.841894 -3.506136 1.312993 14.026019 -0.223506 -0.508965 0.300294 2.986412 5.381976 -3.791436 1.466943 2.626529 -11.519223 0 0 0 0 0 0 2.436254 0.61155 -9.252674 33.46474 51.480422 -119.018513 -19.144417 -3.507399 -10.59568 -11.60788 7.255463 -4.337213 0.050398 -0.112372 -7.390756 2.685625 0.615552 -25.815582 1.726594 0.246685 -16.262007 4.025365 0.888167 -20.644447 -0.973583 0.840604 -30.562561 4.935749 2.467071 -53.095435 1.220418 0.121036 -11.511016 2.957645 0.755577 -28.655965 2.347142 0.464184 -22.37245 1.243028 0.065507 -15.880519 4.053898 1.519159 -41.074051 3.366919 1.000162 -33.081724 12.807951 2.333457 9.419525 20.415874 0.538605 9.69099 19.121726 3.983046 4.028004 5.45758 0.506649 12.688681 -44.129153 44.205759 85.823821 21.175508 -6.449915 19.808625 -1.293191 -8.706205 3.305795 -0.168472 -0.109156 8.350031 -2.160859 0.386531 20.280957 -1.128944 0.103093 10.435347 -2.243145 0.36816 24.460303 -3.274174 0.928942 31.671551 -5.224896 2.828946 56.841654 -1.032635 0.085197 9.629588 -3.302605 0.946583 31.978723 -2.065078 0.360421 19.377809 -2.508611 0.554 18.813988 -3.848751 1.329492 38.101753 -3.838231 1.330336 38.036558 -8.288905 -3.703672 -6.074452 -23.144311 8.672824 -11.912 -12.785699 5.85213 -4.199655 17.822777 -37.347219 13.517343 -4.496727 34.781903 2.533265 0.037885 4.648823 -8.602472 0.000006 2.255753 -0.000009 -7.879399 -5.271263 10.147106 -7.685327 57.866308 -1.212742 0.735246 -6.236779 -0.794277 -0.000003 -0.315938 0
-0.105277 -0.361102 -0.182759 -7.206673 -3.893814 -5.959672 0.161769 0.21968 6.620735 -3.085768 1.453295 13.917897 -0.270226 -0.379839 0.248997 2.960433 5.221934 -3.697396 1.706023 2.61826 -11.371149 0 0 0 0 0 0 2.436254 0.61155 -9.252674 31.026784 53.010939 -121.480623 -19.464477 -3.6963 -11.243509 -11.580661 6.547421 -4.24186 0.050398 -0.112372 -7.390756 2.685625 0.615552 -25.815582 1.726594 0.246685 -16.262007 4.025365 0.888167 -20.644447 -0.973583 0.840604 -30.562561 4.935749 2.467071 -53.095435 1.220418 0.121036 -11.511016 2.957645 0.755577 -28.655965 2.347142 0.464184 -22.37245 1.243028 0.065507 -15.880519 4.053898 1.519159 -41.074051 3.366919 1.000162 -33.081724 12.807951 2.333457 9.419525 20.415874 0.538605 9.69099 19.121726 3.983046 4.028004 5.45758 0.50665 12.688681 -44.516241 44.867533 86.24949 20.75412 -6.047983 18.751255 -1.281933 -8.071895 3.394607 -0.168472 -0.109156 8.350031 -2.160859 0.386531 20.280957 -1.128944 0.103093 10.435347 -2.243145 0.36816 24.460303 -3.274174 0.928942 31.671551 -5.224896 2.828946 56.841654 -1.032635 0.085197 9.629588 -3.302605 0.946583 31.978723 -2.065078 0.360421 19.377809 -2.508611 0.554 18.813988 -3.848751 1.329492 38.101753 -3.838231 1.330336 38.036558 -8.288905 -3.703672 -6.074452 -23.144311 8.672824 -11.912 -12.785699 5.85213 -4.199655 19.56224 -35.455497 14.083465 -4.469554 34.850666 2.591652 0.006755 3.316611 -8.553467 0.000006 2.255753 -0.000009 -5.898992 -10.08857 10.147652 -7.538942 64.390714 -1.207237 0.991983 -0.092834 -0.800176 -0.000003 -0.315938 0
-0.103293 -0.357668 -0.203215 -7.320226 -4.149772 -5.770258 0.38811 0.449462 6.235602 -2.975113 1.565633 13.72961 -0.375309 -0.396466 0.162538 2.969352 5.345253 -3.625197 1.917844 2.560193 -11.210154 0 0 0 0 0 0 2.436254 0.611551 -9.252674 28.643688 53.607134 -122.769838 -19.827096 -3.919532 -11.98823 -11.56825 6.195124 -4.194106 0.050398 -0.112372 -7.390756 2.685625 0.615552 -25.815582 1.726594 0.246685 -16.262007 4.025365 0.888167 -20.644447 -0.973583 0.840604 -30.562561 4.935749 2.467071 -53.095435 1.220418 0.121036 -11.511016 2.957645 0.755577 -28.655965 2.347142 0.464184 -22.37245 1.243028 0.065507 -15.880519 4.053898 1.519159 -41.074051 3.366919 1.000162 -33.081724 12.807951 2.333457 9.419525 20.415874 0.538605 9.69099 19.121726 3.983046 4.028004 5.45758 0.506649 12.688681 -44.690316 44.769158 85.863837 20.099955 -5.467788 17.173394 -1.258197 -7.038324 3.538555 -0.168472 -0.109156 8.350031 -2.160859 0.386531 20.280957 -1.128944 0.103093 10.435347 -2.243145 0.36816 24.460303 -3.274174 0.928942 31.671551 -5.224896 2.828946 56.841654 -1.032635 0.085197 9.629588 -3.302605 0.946583 31.978723 -2.065078 0.360421 19.377809 -2.508611 0.554 18.813988 -3.848751 1.329492 38.101753 -3.838231 1.330336 38.036558 -8.288905 -3.703672 -6.074452 -23.144311 8.672824 -11.912 -12.785699 5.85213 -4.199655 20.504391 -33.421575 13.691211 -4.457646 35.236455 2.539534 -0.072969 1.898033 -8.199812 0.000006 2.255753 -0.000009 -4.930355 -13.77714 9.547843 -7.425486 69.07703 -1.213083 0.53311 -0.638643 -1.915237 -0.000003 -0.315938 0
-0.101223 -0.359957 -0.223123 -7.468608 -4.287803 -5.326916 0.492244 0.565171 5.622207 -2.924203 1.622202 13.429728 -0.494076 -0.380473 0.033465 3.001629 5.328851 -3.555459 2.051961 2.623614 -11.063001 0 0 0 0 0 0 2.436254 0.611551 -9.252673 27.923697 52.523789 -122.601542 -20.224581 -4.176284 -12.81924 -11.581666 6.574999 -4.245586 0.050398 -0.112372 -7.390756 2.685625 0.615552 -25.815582 1.726594 0.246685 -16.262007 4.025365 0.888167 -20.644447 -0.973583 0.840604 -30.562561 4.935749 2.467071 -53.095435 1.220418 0.121036 -11.511016 2.957645 0.755577 -28.655965 2.347142 0.464184 -22.37245 1.243028 0.065507 -15.880519 4.053898 1.519159 -41.074051 3.366919 1.000162 -33.081724 12.807951 2.333457 9.419525 20.415874 0.538605 9.69099 19.121726 3.983046 4.028004 5.45758 0.506649 12.688681 -45.458192 43.712419 84.483966 19.659113 -5.103835 16.148323 -1.229168 -6.045872 3.675615 -0.168472 -0.109156 8.350031 -2.160859 0.386531 20.280957 -1.128944 0.103093 10.435347 -2.243145 0.36816 24.460303 -3.274174 0.928942 31.671551 -5.224896 2.828946 56.841654 -1.032635 0.085197 9.629588 -3.302605 0.946583 31.978723 -2.065078 0.360421 19.377809 -2.508611 0.554 18.813988 -3.848751 1.329492 38.101753 -3.838231 1.330336 38.036558 -8.288905 -3.703672 -6.074452 -23.144311 8.672824 -11.912 -12.785699 5.85213 -4.199655 21.304355 -31.889907 13.339752 -4.457547 35.696489 2.435968 -0.146199 0.56475 -8.198015 0.000006 2.255753 -0.000009 -3.777519 -17.277749 8.331117 -7.345962 72.299902 -1.191376 0.259756 -4.348415 -2.743074 -0.000003 -0.315938 0
-0.09964 -0.37182 -0.242361 -7.649645 -4.429885 -4.937655 0.648977 0.723964 5.166643 -2.847578 1.699834 13.207008 -0.643376 -0.440199 -0.056968 2.979747 5.311219 -3.53119 2.200038 2.780135 -11.015698 0 0 0 0 0 0 2.436254 0.61155 -9.252673 27.000854 51.185035 -122.273404 -20.544192 -4.392126 -13.499162 -11.571658 6.294003 -4.207527 0.050398 -0.112372 -7.390756 2.685625 0.615552 -25.815582 1.726594 0.246685 -16.262007 4.025365 0.888167 -20.644447 -0.973583 0.840604 -30.562561 4.935749 2.467071 -53.095435 1.220418 0.121036 -11.511016 2.957645 0.755577 -28.655965 2.347142 0.464184 -22.37245 1.243028 0.065507 -15.880519 4.053898 1.519159 -41.074051 3.366919 1.000162 -33.081724 12.807951 2.333457 9.419525 20.415874 0.538605 9.69099 19.121726 3.983046 4.028004 5.45758 0.506649 12.688681 -46.796011 41.372557 81.427751 19.510408 -4.985823 15.809031 -1.222475 -5.842813 3.703496 -0.168472 -0.109156 8.350031 -2.160859 0.386531 20.280957 -1.128944 0.103093 10.435347 -2.243145 0.36816 24.460303 -3.274174 0.928942 31.671551 -5.224896 2.828946 56.841654 -1.032635 0.085197 9.629588 -3.302605 0.946583 31.978723 -2.065078 0.360421 19.377809 -2.508611 0.554 18.813988 -3.848751 1.329492 38.101753 -3.838231 1.330336 38.036558 -8.288905 -3.703672 -6.074452 -23.144311 8.672824 -11.912 -12.785699 5.85213 -4.199655 21.85841 -30.565168 13.213506 -4.472227 36.593067 2.299804 -0.19925 -0.964298 -8.378893 0.000006 2.255753 -0.000009 -2.893696 -20.272358 7.588987 -7.308511 73.838 -1.161766 0.111797 -8.075085 -4.075881 -0.000003 -0.315938 0
-0.098906 -0.380549 -0.260611 -7.753453 -4.350576 -4.620091 0.66557 0.628237 4.86836 -2.839466 1.653034 13.061181 -0.761649 -0.516947 -0.114118 2.975153 5.324133 -3.516711 2.241759 2.91869 -10.978235 0 0 0 0 0 0 2.436254 0.611551 -9.252673 26.15461 50.181138 -122.08857 -20.964937 -4.689794 -14.41147 -11.547906 5.564067 -4.108113 0.050398 -0.112372 -7.390756 2.685625 0.615552 -25.815582 1.726594 0.246685 -16.262007 4.025365 0.888167 -20.644447 -0.973583 0.840604 -30.562561 4.935749 2.467071 -53.095435 1.220418 0.121036 -11.511016 2.957645 0.755577 -28.655965 2.347142 0.464184 -22.37245 1.243028 0.065507 -15.880519 4.053898 1.519159 -41.074051 3.366919 1.000162 -33.081724 12.807951 2.333457 9.419525 20.415874 0.538605 9.69099 19.121726 3.983046 4.028004 5.457579 0.50665 12.688681 -47.945675 39.267493 78.219783 19.594776 -5.052594 16.001369 -1.24288 -6.489005 3.614575 -0.168472 -0.109156 8.350031 -2.160859 0.386531 20.280957 -1.128944 0.103093 10.435347 -2.243145 0.36816 24.460303 -3.274174 0.928942 31.671551 -5.224896 2.828946 56.841654 -1.032635 0.085197 9.629588 -3.302605 0.946583 31.978723 -2.065078 0.360421 19.377809 -2.508611 0.554 18.813988 -3.848751 1.329492 38.101753 -3.838231 1.330336 38.036558 -8.288905 -3.703672 -6.074452 -23.144311 8.672824 -11.912 -12.785699 5.85213 -4.199655 21.981793 -29.686177 13.40903 -4.487492 37.3858 2.156197 -0.190529 -2.307049 -8.759268 0.000006 2.255753 -0.000009 -2.542303 -23.089513 7.258074 -7.328269 73.162466 -1.123999 0.164749 -11.266719 -6.032948 -0.000003 -0.315938 0
-0.097467 -0.394085 -0.279479 -8.186688 -4.376216 -4.149263 1.00966 0.564829 4.259685 -2.671244 1.622035 12.763606 -0.992198 -0.554163 -0.233242 2.996304 5.516566 -3.517584 2.287672 2.810274 -10.948376 0 0 0 0 0 0 2.436254 0.61155 -9.252674 25.769222 49.009452 -121.593272 -21.408043 -5.02083 -15.395284 -11.521991 4.618413 -3.978281 0.050398 -0.112372 -7.390756 2.685625 0.615552 -25.815582 1.726594 0.246685 -16.262007 4.025365 0.888167 -20.644447 -0.973583 0.840604 -30.562561 4.935749 2.467071 -53.095435 1.220418 0.121036 -11.511016 2.957645 0.755577 -28.655965 2.347142 0.464184 -22.37245 1.243028 0.065507 -15.880519 4.053898 1.519159 -41.074051 3.366919 1.000162 -33.081724 12.807951 2.333457 9.419525 20.415874 0.538605 9.69099 19.121726 3.983046 4.028004 5.45758 0.506649 12.688681 -48.361355 39.478535 77.249541 19.560641 -5.025383 15.923311 -1.256136 -6.960251 3.549378 -0.168472 -0.109156 8.350031 -2.160859 0.386531 20.280957 -1.128944 0.103093 10.435347 -2.243145 0.36816 24.460303 -3.274174 0.928942 31.671551 -5.224896 2.828946 56.841654 -1.032635 0.085197 9.629588 -3.302605 0.946583 31.978723 -2.065078 0.360421 19.377809 -2.508611 0.554 18.813988 -3.848751 1.329492 38.101753 -3.838231 1.330336 38.036558 -8.288905 -3.703672 -6.074452 -23.144311 8.672824 -11.912 -12.785699 5.85213 -4.199655 22.741194 -28.289601 13.272518 -4.502444 37.89704 2.034605 -0.135436 -3.750541 -9.151488 0.000006 2.255753 -0.000009 -1.583981 -24.557228 6.915355 -7.400236 70.493512 -1.05639 0.640268 -15.656625 -7.365203 -0.000003 -0.315938 0
-0.097695 -0.399456 -0.297238 -8.127656 -4.26874 -4.032522 0.714279 0.519317 4.186798 -2.815653 1.599785 12.727972 -1.03565 -0.591728 -0.242116 3.007711 5.418077 -3.507819 2.245398 2.9009 -10.936933 0 0 0 0 0 0 2.436254 0.611551 -9.252674 24.82323 48.071062 -121.608676 -21.704331 -5.25279 -16.067291 -11.496211 3.368399 -3.805228 0.050398 -0.112372 -7.390756 2.685625 0.615552 -25.815582 1.726594 0.246685 -16.262007 4.025365 0.888167 -20.644447 -0.973583 0.840604 -30.562561 4.935749 2.467071 -53.095435 1.220418 0.121036 -11.511016 2.957645 0.755577 -28.655965 2.347142 0.464184 -22.37245 1.243028 0.065507 -15.880519 4.053898 1.519159 -41.074051 3.366919 1.000162 -33.081724 12.807951 2.333457 9.419525 20.415874 0.538605 9.69099 19.121726 3.983046 4.028004 5.45758 0.506649 12.68868 -49.064457 37.0139 74.092637 19.38363 -4.886886 15.522185 -1.24988 -6.731727 3.581027 -0.168472 -0.109156 8.350031 -2.160859 0.386531 20.280957 -1.128944 0.103093 10.435347 -2.243145 0.36816 24.460303 -3.274174 0.928942 31.671551 -5.224896 2.828946 56.841654 -1.032635 0.085197 9.629588 -3.302605 0.946583 31.978723 -2.065078 0.360421 19.377809 -2.508611 0.554 18.813988 -3.848751 1.329492 38.101753 -3.838231 1.330336 38.036558 -8.288905 -3.703672 -6.074452 -23.144311 8.672824 -11.912 -12.785699 5.85213 -4.199655 22.47085 -27.030163 12.839978 -4.511265 37.995159 1.945785 -0.276442 -4.662363 -8.712832 0.000006 2.255753 -0.000009 -2.350866 -25.347908 6.992856 -7.529992 65.229127 -1.045071 1.065817 -17.479401 -9.467748 -0.000003 -0.315938 0
-0.098063 -0.387803 -0.314385 -8.17017 -4.015504 -3.817539 0.568039 0.258949 3.997158 -2.887148 1.472493 12.63526 -1.08006 -0.594642 -0.277067 2.937329 5.368458 -3.491842 2.298364 2.931787 -10.933662 0 0 0 0 0 0 2.436253 0.611551 -9.252674 24.348635 46.752092 -121.009541 -22.027883 -5.516532 -16.815549 -11.493702 3.214157 -3.783782 0.050398 -0.112372 -7.390756 2.685625 0.615552 -25.815582 1.726594 0.246685 -16.262007 4.025365 0.888167 -20.644447 -0.973583 0.840604 -30.562561 4.935749 2.467071 -53.095435 1.220418 0.121036 -11.511016 2.957645 0.755577 -28.655965 2.347142 0.464184 -22.37245 1.243028 0.065507 -15.880519 4.053898 1.519159 -41.074051 3.366919 1.000162 -33.081724 12.807951 2.333457 9.419525 20.415874 0.538605 9.69099 19.121726 3.983046 4.028004 5.45758 0.506649 12.688681 -49.398419 37.386378 73.831205 19.169052 -4.723029 15.04144 -1.242765 -6.485104 3.615115 -0.168472 -0.109156 8.350031 -2.160859 0.386531 20.280957 -1.128944 0.103093 10.435347 -2.243145 0.36816 24.460303 -3.274174 0.928942 31.671551 -5.224896 2.828946 56.841654 -1.032635 0.085197 9.629588 -3.302605 0.946583 31.978723 -2.065078 0.360421 19.377809 -2.508611 0.554 18.813988 -3.848751 1.329492 38.101753 -3.838231 1.330336 38.036558 -8.288905 -3.703672 -6.074452 -23.144311 8.672824 -11.912 -12.785699 5.85213 -4.199655 22.258555 -25.2754 12.420657 -4.499882 36.632219 1.929508 -0.288612 -5.069237 -8.674406 0.000006 2.255753 -0.000009 -2.93518 -25.106764 7.320192 -7.699449 57.538581 -1.112107 1.239707 -17.829544 -11.294903 -0.000003 -0.315938 0
-0.098197 -0.376366 -0.330699 -8.417711 -3.673297 -3.668477 0.683706 -0.125257 3.872401 -2.830599 1.28466 12.574267 -1.253123 -0.597538 -0.301401 3.017973 5.370756 -3.480068 2.185619 3.007481 -10.880526 0 0 0 0 0 0 2.436254 0.611552 -9.252674 24.329374 45.981753 -120.672758 -22.383363 -5.819386 -17.655953 -11.502013 3.694984 -3.850573 0.050398 -0.112372 -7.390756 2.685625 0.615552 -25.815582 1.726594 0.246685 -16.262007 4.025365 0.888167 -20.644447 -0.973583 0.840604 -30.562561 4.935749 2.467071 -53.095435 1.220418 0.121036 -11.511016 2.957645 0.755577 -28.655965 2.347142 0.464184 -22.37245 1.243028 0.065507 -15.880519 4.053898 1.519159 -41.074051 3.366919 1.000162 -33.081724 12.807951 2.333457 9.419525 20.415874 0.538605 9.69099 19.121726 3.983046 4.028004 5.45758 0.50665 12.688681 -49.71937 35.658936 71.254371 18.999289 -4.596523 14.665251 -1.23693 -6.291912 3.641759 -0.168472 -0.109156 8.350031 -2.160859 0.386531 20.280957 -1.128944 0.103093 10.435347 -2.243145 0.36816 24.460303 -3.274174 0.928942 31.671551 -5.224896 2.828946 56.841654 -1.032635 0.085197 9.629588 -3.302605 0.946583 31.978723 -2.065078 0.360421 19.377809 -2.508611 0.554 18.813988 -3.848751 1.329492 38.101753 -3.838231 1.330336 38.036558 -8.288905 -3.703672 -6.074452 -23.144311 8.672824 -11.912 -12.785699 5.85213 -4.199655 22.374486 -23.593276 12.511653 -4.493316 34.982228 1.978355 -0.261798 -5.231 -8.693517 0.000006 2.255753 -0.000009 -3.0753 -24.379801 8.181203 -7.863624 48.556786 -1.272249 0.953861 -17.159339 -11.393083 -0.000003 -0.315938 0
-0.099235 -0.364511 -0.346944 -8.5095 -3.312856 -3.465064 0.626232 -0.538215 3.750309 -2.858698 1.082769 12.514578 -1.368903 -0.55518 -0.328274 3.018145 5.371103 -3.482463 2.209305 2.967124 -10.888278 0 0 0 0 0 0 2.436254 0.611551 -9.252674 23.863871 45.786206 -120.639613 -22.769813 -6.165198 -18.593168 -11.495887 3.348971 -3.802528 0.050398 -0.112372 -7.390756 2.685625 0.615552 -25.815582 1.726594 0.246685 -16.262007 4.025365 0.888167 -20.644447 -0.973583 0.840604 -30.562561 4.935749 2.467071 -53.095435 1.220418 0.121036 -11.511016 2.957645 0.755577 -28.655965 2.347142 0.464184 -22.37245 1.243028 0.065507 -15.880519 4.053898 1.519159 -41.074051 3.366919 1.000162 -33.081724 12.807951 2.333457 9.419525 20.415874 0.538605 9.69099 19.121726 3.983046 4.028004 5.457581 0.506649 12.68868 -50.177556 31.732984 66.793124 18.737129 -4.4064 14.091206 -1.230792 -6.096456 3.668666 -0.168472 -0.109156 8.350031 -2.160859 0.386531 20.280957 -1.128944 0.103093 10.435347 -2.243145 0.36816 24.460303 -3.274174 0.928942 31.671551 -5.224896 2.828946 56.841654 -1.032635 0.085197 9.629588 -3.302605 0.946583 31.978723 -2.065078 0.360421 19.377809 -2.508611 0.554 18.813988 -3.848751 1.329492 38.101753 -3.838231 1.330336 38.036558 -8.288905 -3.703672 -6.074452 -23.144311 8.672824 -11.912 -12.785699 5.85213 -4.199655 22.082355 -21.781709 12.032658 -4.482771 32.755873 2.091586 -0.062297 -4.3409 -9.213333 0.000006 2.255753 -0.000009 -3.644306 -23.375626 10.525539 -7.984222 39.795048 -1.51126 0.272774 -14.833497 -11.318726 -0.000003 -0.315938 0
-0.100783 -0.359792 -0.363904 -8.491548 -3.141485 -3.157031 0.456537 -0.702279 3.606965 -2.94166 1.00256 12.444498 -1.367462 -0.424696 -0.353712 2.972665 5.208354 -3.464664 2.183123 2.913059 -10.897091 0 0 0 0 0 0 2.436254 0.61155 -9.252673 23.206826 45.366983 -120.576902 -22.99406 -6.374255 -19.149091 -11.49203 3.106021 -3.76874 0.050398 -0.112372 -7.390756 2.685625 0.615552 -25.815582 1.726594 0.246685 -16.262007 4.025365 0.888167 -20.644447 -0.973583 0.840604 -30.562561 4.935749 2.467071 -53.095435 1.220418 0.121036 -11.511016 2.957645 0.755577 -28.655965 2.347142 0.464184 -22.37245 1.243028 0.065507 -15.880519 4.053898 1.519159 -41.074051 3.366919 1.000162 -33.081724 12.807951 2.333457 9.419525 20.415874 0.538605 9.69099 19.121726 3.983046 4.028004 5.45758 0.506649 12.688681 -50.718698 24.740502 59.829835 18.457492 -4.210346 13.487633 -1.21324 -5.574346 3.740262 -0.168472 -0.109156 8.350031 -2.160859 0.386531 20.280957 -1.128944 0.103093 10.435347 -2.243145 0.36816 24.460303 -3.274174 0.928942 31.671551 -5.224896 2.828946 56.841654 -1.032635 0.085197 9.629588 -3.302605 0.946583 31.978723 -2.065078 0.360421 19.377809 -2.508611 0.554 18.813988 -3.848751 1.329492 38.101753 -3.838231 1.330336 38.036558 -8.288905 -3.703672 -6.074452 -23.144311 8.672824 -11.912 -12.785699 5.85213 -4.199655 21.495005 -20.016038 11.395579 -4.481925 31.458112 2.187183 0.100878 -4.45985 -9.678891 0.000006 2.255753 -0.000009 -3.981282 -21.979 12.422232 -8.048216 33.855125 -1.68624 0.210503 -14.983174 -10.803415 -0.000003 -0.315938 0
-0.1029 -0.368893 -0.380977 -8.437209 -3.026035 -3.003345 0.374488 -0.799455 3.617454 -2.981773 0.955052 12.449627 -1.340417 -0.385051 -0.349602 2.933529 5.094964 -3.494409 2.18953 2.87868 -10.987759 0 0 0 0 0 0 2.436254 0.61155 -9.252674 22.203982 45.647984 -120.881087 -23.244537 -6.615591 -19.781596 -11.487994 2.822323 -3.729234 0.050398 -0.112372 -7.390756 2.685625 0.615552 -25.815582 1.726594 0.246685 -16.262007 4.025365 0.888167 -20.644447 -0.973583 0.840604 -30.562561 4.935749 2.467071 -53.095435 1.220418 0.121036 -11.511016 2.957645 0.755577 -28.655965 2.347142 0.464184 -22.37245 1.243028 0.065507 -15.880519 4.053898 1.519159 -41.074051 3.366919 1.000162 -33.081724 12.807951 2.333457 9.419525 20.415874 0.538605 9.69099 19.121726 3.983046 4.028004 5.457581 0.506649 12.68868 -50.942619 22.79634 57.62522 18.334849 -4.126526 13.225645 -1.20328 -5.298153 3.777975 -0.168472 -0.109156 8.350031 -2.160859 0.386531 20.280957 -1.128944 0.103093 10.435347 -2.243145 0.36816 24.460303 -3.274174 0.928942 31.671551 -5.224896 2.828946 56.841654 -1.032635 0.085197 9.629588 -3.302605 0.946583 31.978723 -2.065078 0.360421 19.377809 -2.508611 0.554 18.813988 -3.848751 1.329492 38.101753 -3.838231 1.330336 38.036558 -8.288905 -3.703672 -6.074452 -23.144311 8.672824 -11.912 -12.785699 5.85213 -4.199655 21.042665 -18.939175 10.431892 -4.48312 31.368285 2.199446 0.10026 -4.611318 -9.646263 0.000006 2.255753 -0.000009 -4.407782 -21.564768 12.192544 -8.056591 32.926226 -1.695294 0.619229 -17.230323 -9.339376 -0.000003 -0.315938 0
-0.105261 -0.372475 -0.400024 -8.441971 -3.231421 -3.213579 0.528668 -0.488813 3.792199 -2.906396 1.106921 12.535057 -1.32231 -0.503916 -0.314699 2.969227 5.030186 -3.521804 2.152163 2.800567 -11.047648 0 0 0 0 0 0 2.436254 0.61155 -9.252674 21.817829 46.146283 -121.296278 -23.366404 -6.736084 -20.094076 -11.489076 2.901923 -3.740323 0.050398 -0.112372 -7.390756 2.685625 0.615552 -25.815582 1.726594 0.246685 -16.262007 4.025365 0.888167 -20.644447 -0.973583 0.840604 -30.562561 4.935749 2.467071 -53.095435 1.220418 0.121036 -11.511016 2.957645 0.755577 -28.655965 2.347142 0.464184 -22.37245 1.243028 0.065507 -15.880519 4.053898 1.519159 -41.074051 3.366919 1.000162 -33.081724 12.807951 2.333457 9.419525 20.415874 0.538605 9.69099 19.121726 3.983046 4.028004 5.45758 0.506649 12.688681 -50.796939 22.996099 57.748025 18.19457 -4.032249 12.928152 -1.183188 -4.776188 3.848895 -0.168472 -0.109156 8.350031 -2.160859 0.386531 20.280957 -1.128944 0.103093 10.435347 -2.243145 0.36816 24.460303 -3.274174 0.928942 31.671551 -5.224896 2.828946 56.841654 -1.032635 0.085197 9.629588 -3.302605 0.946583 31.978723 -2.065078 0.360421 19.377809 -2.508611 0.554 18.813988 -3.848751 1.329492 38.101753 -3.838231 1.330336 38.036558 -8.288905 -3.703672 -6.074452 -23.144311 8.672824 -11.912 -12.785699 5.85213 -4.199655 21.10799 -16.250314 9.256758 -4.457739 30.102736 2.142396 -0.197406 -4.172901 -8.708599 0.000006 2.255753 -0.000009 -4.689815 -22.169524 11.287345 -8.027229 35.5372 -1.615358 0.055309 -10.028994 -4.88965 -0.000003 -0.315938 0
-0.109441 -0.360083 -0.418986 -7.876113 -3.500619 -3.087963 -0.206503 -0.227276 3.639592 -3.265813 1.234784 12.46045 -1.290854 -0.600775 -0.356415 2.998283 5.069924 -3.474582 2.219625 2.813725 -10.939953 0 0 0 0 0 0 2.436254 0.61155 -9.252674 22.774143 47.174212 -121.810247 -23.326949 -6.696764 -19.992459 -11.492453 3.13379 -3.772603 0.050398 -0.112372 -7.390756 2.685625 0.615552 -25.815582 1.726594 0.246685 -16.262007 4.025365 0.888167 -20.644447 -0.973583 0.840604 -30.562561 4.935749 2.467071 -53.095435 1.220418 0.121036 -11.511016 2.957645 0.755577 -28.655965 2.347142 0.464184 -22.37245 1.243028 0.065507 -15.880519 4.053898 1.519159 -41.074051 3.366919 1.000162 -33.081724 12.807951 2.333457 9.419525 20.415874 0.538605 9.69099 19.121726 3.983046 4.028004 5.45758 0.506649 12.688681 -50.211605 27.39436 62.331458 18.060534 -3.943685 12.645728 -1.175502 -4.587192 3.874457 -0.168472 -0.109156 8.350031 -2.160859 0.386531 20.280957 -1.128944 0.103093 10.435347 -2.243145 0.36816 24.460303 -3.274174 0.928942 31.671551 -5.224896 2.828946 56.841654 -1.032635 0.085197 9.629588 -3.302605 0.946583 31.978723 -2.065078 0.360421 19.377809 -2.508611 0.554 18.813988 -3.848751 1.329492 38.101753 -3.838231 1.330336 38.036558 -8.288905 -3.703672 -6.074452 -23.144311 8.672824 -11.912 -12.785699 5.85213 -4.199655 19.793451 -15.227247 7.80956 -4.465792 31.234023 2.101344 -0.20154 -3.514489 -8.66078 0.000006 2.255753 -0.000009 -6.366083 -21.410857 11.236398 -8.00969 37.197455 -1.577939 0.019144 -10.40564 -5.377737 -0.000003 -0.315938 0
-0.112947 -0.353902 -0.436567 -7.5632 -3.500227 -2.856065 -0.634836 -0.382665 3.506919 -3.47522 1.158816 12.395587 -1.314703 -0.516611 -0.384262 2.988063 5.171088 -3.517234 2.276677 2.747531 -11.013874 0 0 0 0 0 0 2.436254 0.611551 -9.252674 23.791138 48.576809 -122.528888 -23.235926 -6.607158 -19.759748 -11.494343 3.254586 -3.789404 0.050398 -0.112372 -7.390756 2.685625 0.615552 -25.815582 1.726594 0.246685 -16.262007 4.025365 0.888167 -20.644447 -0.973583 0.840604 -30.562561 4.935749 2.467071 -53.095435 1.220418 0.121036 -11.511016 2.957645 0.755577 -28.655965 2.347142 0.464184 -22.37245 1.243028 0.065507 -15.880519 4.053898 1.519159 -41.074051 3.366919 1.000162 -33.081724 12.807951 2.333457 9.419525 20.415874 0.538605 9.69099 19.121726 3.983046 4.028004 5.45758 0.506649 12.688681 -49.95855 25.35754 60.861682 17.891518 -3.833953 12.291879 -1.155306 -4.113721 3.938208 -0.168472 -0.109156 8.350031 -2.160859 0.386531 20.280957 -1.128944 0.103093 10.435347 -2.243145 0.36816 24.460303 -3.274174 0.928942 31.671551 -5.224896 2.828946 56.841654 -1.032635 0.085197 9.629588 -3.302605 0.946583 31.978723 -2.065078 0.360421 19.377809 -2.508611 0.554 18.813988 -3.848751 1.329492 38.101753 -3.838231 1.330336 38.036558 -8.288905 -3.703672 -6.074452 -23.144311 8.672824 -11.912 -12.785699 5.85213 -4.199655 19.050514 -16.166236 6.84698 -4.507215 34.716209 2.05998 -0.27715 -1.870857 -8.183443 0.000006 2.255753 -0.000009 -7.421272 -20.922786 11.009273 -7.993251 38.906351 -1.570024 0.087871 -12.479811 -6.404463 -0.000003 -0.315938 0
-0.116965 -0.33988 -0.454066 -7.285749 -3.716158 -2.512874 -1.007466 -0.198399 3.349893 -3.657395 1.248901 12.318819 -1.435199 -0.514018 -0.416895 3.003696 5.01911 -3.528311 2.22296 3.049388 -11.038632 0 0 0 0 0 0 2.436253 0.611551 -9.252674 24.401469 49.873978 -123.465313 -22.866226 -6.254299 -18.831104 -11.494462 3.26185 -3.790414 0.050398 -0.112372 -7.390756 2.685625 0.615552 -25.815582 1.726594 0.246685 -16.262007 4.025365 0.888167 -20.644447 -0.973583 0.840604 -30.562561 4.935749 2.467071 -53.095435 1.220418 0.121036 -11.511016 2.957645 0.755577 -28.655965 2.347142 0.464184 -22.37245 1.243028 0.065507 -15.880519 4.053898 1.519159 -41.074051 3.366919 1.000162 -33.081724 12.807951 2.333457 9.419525 20.415874 0.538605 9.69099 19.121726 3.983046 4.028004 5.45758 0.506649 12.688681 -49.553215 28.410302 64.168874 18.173842 -4.018399 12.884304 -1.17365 -4.542382 3.880508 -0.168472 -0.109156 8.350031 -2.160859 0.386531 20.280957 -1.128944 0.103093 10.435347 -2.243145 0.36816 24.460303 -3.274174 0.928942 31.671551 -5.224896 2.828946 56.841654 -1.032635 0.085197 9.629588 -3.302605 0.946583 31.978723 -2.065078 0.360421 19.377809 -2.508611 0.554 18.813988 -3.848751 1.329492 38.101753 -3.838231 1.330336 38.036558 -8.288905 -3.703672 -6.074452 -23.144311 8.672824 -11.912 -12.785699 5.85213 -4.199655 17.768223 -18.06654 7.483314 -4.57577 39.467611 2.040777 0.047981 1.315226 -9.621266 0.000006 2.255753 -0.000009 -8.553465 -19.452018 10.701348 -7.990766 39.34766 -1.627384 0.083456 -12.640682 -6.500194 -0.000003 -0.315938 0
-0.121282 -0.335212 -0.4702 -6.919081 -3.846238 -2.137061 -1.547376 -0.194465 3.296812 -3.921351 1.250824 12.292868 -1.445163 -0.526002 -0.424773 3.091396 5.158033 -3.634977 1.960024 3.070905 -11.193425 0 0 0 0 0 0 2.436254 0.611551 -9.252674 23.865041 51.293372 -124.261134 -22.501975 -5.92362 -17.940827 -11.501647 3.675561 -3.847879 0.050398 -0.112372 -7.390756 2.685625 0.615552 -25.815582 1.726594 0.246685 -16.262007 4.025365 0.888167 -20.644447 -0.973583 0.840604 -30.562561 4.935749 2.467071 -53.095435 1.220418 0.121036 -11.511016 2.957645 0.755577 -28.655965 2.347142 0.464184 -22.37245 1.243028 0.065507 -15.880519 4.053898 1.519159 -41.074051 3.366919 1.000162 -33.081724 12.807951 2.333457 9.419525 20.415874 0.538605 9.69099 19.121726 3.983046 4.028004 5.45758 0.506649 12.688681 -48.71155 36.466021 72.23454 18.643643 -4.340078 13.888505 -1.225574 -5.935903 3.690721 -0.168472 -0.109156 8.350031 -2.160859 0.386531 20.280957 -1.128944 0.103093 10.435347 -2.243145 0.36816 24.460303 -3.274174 0.928942 31.671551 -5.224896 2.828946 56.841654 -1.032635 0.085197 9.629588 -3.302605 0.946583 31.978723 -2.065078 0.360421 19.377809 -2.508611 0.554 18.813988 -3.848751 1.329492 38.101753 -3.838231 1.330336 38.036558 -8.288905 -3.703672 -6.074452 -23.144311 8.672824 -11.912 -12.785699 5.85213 -4.199655 15.856753 -21.424503 8.610382 -4.672161 45.228564 2.015183 0.07758 6.515564 -11.817201 0.000006 2.255753 -0.000009 -9.976243 -18.154326 10.547364 -7.996473 39.796758 -1.683588 0.114382 -13.837696 -7.767324 -0.000003 -0.315938 0
-0.126848 -0.330545 -0.485067 -6.049709 -4.107271 -1.617737 -2.854119 -0.043269 3.231215 -4.560203 1.324742 12.260799 -1.327942 -0.606949 -0.442724 3.06236 5.24615 -3.724958 1.916222 3.04555 -11.363044 0 0 0 0 0 0 2.436254 0.61155 -9.252674 22.818956 52.454429 -124.917178 -22.240918 -5.696316 -17.316785 -11.515704 4.352721 -3.941626 0.050398 -0.112372 -7.390756 2.685625 0.615552 -25.815582 1.726594 0.246685 -16.262007 4.025365 0.888167 -20.644447 -0.973583 0.840604 -30.562561 4.935749 2.467071 -53.095435 1.220418 0.121036 -11.511016 2.957645 0.755577 -28.655965 2.347142 0.464184 -22.37245 1.243028 0.065507 -15.880519 4.053898 1.519159 -41.074051 3.366919 1.000162 -33.081724 12.807951 2.333457 9.419525 20.415874 0.538605 9.69099 19.121726 3.983046 4.028004 5.45758 0.506649 12.68868 -47.47077 42.736618 78.452288 19.317036 -4.835534 15.372283 -1.260212 -7.115967 3.527775 -0.168472 -0.109156 8.350031 -2.160859 0.386531 20.280957 -1.128944 0.103093 10.435347 -2.243145 0.36816 24.460303 -3.274174 0.928942 31.671551 -5.224896 2.828946 56.841654 -1.032635 0.085197 9.629588 -3.302605 0.946583 31.978723 -2.065078 0.360421 19.377809 -2.508611 0.554 18.813988 -3.848751 1.329492 38.101753 -3.838231 1.330336 38.036558 -8.288905 -3.703672 -6.074452 -23.144311 8.672824 -11.912 -12.785699 5.85213 -4.199655 12.741561 -25.290146 8.969406 -4.792431 51.537795 1.966099 -0.320928 10.262209 -14.685257 0.000006 2.255753 -0.000009 -12.163842 -16.25327 8.919411 -8.027602 39.071541 -1.760978 0.192317 -15.000792 -8.397064 -0.000003 -0.315938 0
-0.13113 -0.324648 -0.49856 -5.492368 -4.411844 -1.390651 -3.769672 0.237419 3.537421 -5.007806 1.461968 12.410499 -1.294951 -0.563524 -0.373911 3.128518 5.334073 -3.862825 1.698115 2.859751 -11.608976 0 0 0 0 0 0 2.436254 0.61155 -9.252673 21.963154 53.011896 -125.705325 -21.829482 -5.353575 -16.355052 -11.535482 5.135487 -4.049407 0.050398 -0.112372 -7.390756 2.685625 0.615552 -25.815582 1.726594 0.246685 -16.262007 4.025365 0.888167 -20.644447 -0.973583 0.840604 -30.562561 4.935749 2.467071 -53.095435 1.220418 0.121036 -11.511016 2.957645 0.755577 -28.655965 2.347142 0.464184 -22.37245 1.243028 0.065507 -15.880519 4.053898 1.519159 -41.074051 3.366919 1.000162 -33.081724 12.807951 2.333457 9.419525 20.415874 0.538605 9.69099 19.121726 3.983046 4.028004 5.45758 0.506649 12.688681 -46.341717 43.837328 80.513183 19.510147 -4.98557 15.808481 -1.267752 -7.420466 3.485459 -0.168472 -0.109156 8.350031 -2.160859 0.386531 20.280957 -1.128944 0.103093 10.435347 -2.243145 0.36816 24.460303 -3.274174 0.928942 31.671551 -5.224896 2.828946 56.841654 -1.032635 0.085197 9.629588 -3.302605 0.946583 31.978723 -2.065078 0.360421 19.377809 -2.508611 0.554 18.813988 -3.848751 1.329492 38.101753 -3.838231 1.330336 38.036558 -8.288905 -3.703672 -6.074452 -23.144311 8.672824 -11.912 -12.785699 5.85213 -4.199655 10.454594 -29.092551 9.088779 -4.913679 57.238151 1.920479 -1.106029 14.751184 -15.954019 0.000006 2.255753 -0.000009 -13.857801 -14.326134 7.587052 -8.057907 38.038547 -1.829571 0.151972 -15.158992 -7.81045 -0.000003 -0.315938 0
-0.133886 -0.317733 -0.51075 -5.350145 -4.540166 -1.572091 -3.952636 0.419883 4.092358 -5.097256 1.551172 12.681802 -1.295894 -0.562313 -0.253181 3.121255 5.389528 -3.979266 1.585168 2.801572 -11.832241 0 0 0 0 0 0 2.436254 0.611551 -9.252674 22.989144 53.250771 -126.03192 -21.481648 -5.077679 -15.561088 -11.57613 6.4212 -4.224775 0.050398 -0.112372 -7.390756 2.685625 0.615552 -25.815582 1.726594 0.246685 -16.262007 4.025365 0.888167 -20.644447 -0.973583 0.840604 -30.562561 4.935749 2.467071 -53.095435 1.220418 0.121036 -11.511016 2.957645 0.755577 -28.655965 2.347142 0.464184 -22.37245 1.243028 0.065507 -15.880519 4.053898 1.519159 -41.074051 3.366919 1.000162 -33.081724 12.807951 2.333457 9.419525 20.415874 0.538605 9.69099 19.121726 3.983046 4.028004 5.45758 0.506649 12.68868 -45.153583 44.518563 82.095488 19.739372 -5.16863 16.332913 -1.284097 -8.183521 3.379003 -0.168472 -0.109156 8.350031 -2.160859 0.386531 20.280957 -1.128944 0.103093 10.435347 -2.243145 0.36816 24.460303 -3.274174 0.928942 31.671551 -5.224896 2.828946 56.841654 -1.032635 0.085197 9.629588 -3.302605 0.946583 31.978723 -2.065078 0.360421 19.377809 -2.508611 0.554 18.813988 -3.848751 1.329492 38.101753 -3.838231 1.330336 38.036558 -8.288905 -3.703672 -6.074452 -23.144311 8.672824 -11.912 -12.785699 5.85213 -4.199655 9.278082 -32.37029 9.684751 -5.017317 61.703935 1.920579 -0.509937 12.053649 -15.532854 0.000006 2.255753 -0.000009 -14.758566 -12.768252 7.721714 -8.064814 37.213209 -1.830746 0.187427 -15.729269 -7.804033 -0.000003 -0.315938 0
-0.135857 -0.307015 -0.521359 -5.352039 -4.554909 -1.925705 -3.950403 0.499539 4.724551 -5.096164 1.590115 12.990874 -1.255937 -0.53467 -0.111904 3.084255 5.394843 -4.052479 1.456181 2.867422 -11.97742 0 0 0 0 0 0 2.436254 0.61155 -9.252673 23.78085 53.302892 -125.933089 -21.315111 -4.949795 -15.186711 -11.562759 6.032045 -4.171938 0.050398 -0.112372 -7.390756 2.685625 0.615552 -25.815582 1.726594 0.246685 -16.262007 4.025365 0.888167 -20.644447 -0.973583 0.840604 -30.562561 4.935749 2.467071 -53.095435 1.220418 0.121036 -11.511016 2.957645 0.755577 -28.655965 2.347142 0.464184 -22.37245 1.243028 0.065507 -15.880519 4.053898 1.519159 -41.074051 3.366919 1.000162 -33.081724 12.807951 2.333457 9.419525 20.415874 0.538605 9.69099 19.121726 3.983046 4.028004 5.457581 0.506649 12.688681 -44.792335 42.398952 81.388041 19.916802 -5.314079 16.744055 -1.258917 -7.065815 3.534735 -0.168472 -0.109156 8.350031 -2.160859 0.386531 20.280957 -1.128944 0.103093 10.435347 -2.243145 0.36816 24.460303 -3.274174 0.928942 31.671551 -5.224896 2.828946 56.841654 -1.032635 0.085197 9.629588 -3.302605 0.946583 31.978723 -2.065078 0.360421 19.377809 -2.508611 0.554 18.813988 -3.848751 1.329492 38.101753 -3.838231 1.330336 38.036558 -8.288905 -3.703672 -6.074452 -23.144311 8.672824 -11.912 -12.785699 5.85213 -4.199655 8.678666 -35.279887 10.107736 -5.082569 64.409205 1.916608 -0.459899 12.300361 -15.158255 0.000006 2.255753 -0.000009 -15.352525 -11.442849 8.237405 -8.061001 36.29147 -1.817367 0.161457 -15.899059 -7.768526 -0.000003 -0.315938 0
-0.137043 -0.303775 -0.53064 -5.228438 -4.591204 -2.144762 -4.15856 0.627301 5.129569 -5.19793 1.652577 13.188883 -1.116417 -0.69633 -0.035577 3.100835 5.400692 -4.073436 1.33838 2.979701 -12.000755 0 0 0 0 0 0 2.436254 0.61155 -9.252674 24.319025 54.320922 -125.851497 -21.530711 -5.115822 -15.672037 -11.541534 5.349191 -4.078708 0.050398 -0.112372 -7.390756 2.685625 0.615552 -25.815582 1.726594 0.246685 -16.262007 4.025365 0.888167 -20.644447 -0.973583 0.840604 -30.562561 4.935749 2.467071 -53.095435 1.220418 0.121036 -11.511016 2.957645 0.755577 -28.655965 2.347142 0.464184 -22.37245 1.243028 0.065507 -15.880519 4.053898 1.519159 -41.074051 3.366919 1.000162 -33.081724 12.807951 2.333457 9.419525 20.415874 0.538605 9.69099 19.121726 3.983046 4.028004 5.45758 0.506649 12.688681 -43.718441 43.646733 83.415993 20.224111 -5.573995 17.467328 -1.291742 -8.615965 3.318447 -0.168472 -0.109156 8.350031 -2.160859 0.386531 20.280957 -1.128944 0.103093 10.435347 -2.243145 0.36816 24.460303 -3.274174 0.928942 31.671551 -5.224896 2.828946 56.841654 -1.032635 0.085197 9.629588 -3.302605 0.946583 31.978723 -2.065078 0.360421 19.377809 -2.508611 0.554 18.813988 -3.848751 1.329492 38.101753 -3.838231 1.330336 38.036558 -8.288905 -3.703672 -6.074452 -23.144311 8.672824 -11.912 -12.785699 5.85213 -4.199655 8.08149 -37.669889 10.354348 -5.126122 66.191376 1.911552 0.054872 9.052254 -15.064392 0.000006 2.255753 -0.000009 -15.907996 -10.473812 8.426471 -8.05957 35.818724 -1.768946 0.195721 -16.178602 -7.567965 -0.000003 -0.315938 0
-0.137985 -0.300536 -0.539208 -5.138438 -4.528364 -2.677137 -4.30758 0.620119 5.678732 -5.270784 1.649066 13.457362 -0.928517 -0.716801 0.079656 3.116817 5.465597 -4.081861 1.251853 2.951192 -12.001163 0 0 0 0 0 0 2.436254 0.611551 -9.252674 24.809473 54.819889 -125.665946 -21.483482 -5.079087 -15.565264 -11.508405 4.018351 -3.895387 0.050398 -0.112372 -7.390756 2.685625 0.615552 -25.815582 1.726594 0.246685 -16.262007 4.025365 0.888167 -20.644447 -0.973583 0.840604 -30.562561 4.935749 2.467071 -53.095435 1.220418 0.121036 -11.511016 2.957645 0.755577 -28.655965 2.347142 0.464184 -22.37245 1.243028 0.065507 -15.880519 4.053898 1.519159 -41.074051 3.366919 1.000162 -33.081724 12.807951 2.333457 9.419525 20.415874 0.538605 9.69099 19.121726 3.983046 4.028004 5.457581 0.506649 12.688681 -43.357127 42.362975 83.397594 20.106601 -5.47341 17.189082 -1.309027 -10.097106 3.110165 -0.168472 -0.109156 8.350031 -2.160859 0.386531 20.280957 -1.128944 0.103093 10.435347 -2.243145 0.36816 24.460303 -3.274174 0.928942 31.671551 -5.224896 2.828946 56.841654 -1.032635 0.085197 9.629588 -3.302605 0.946583 31.978723 -2.065078 0.360421 19.377809 -2.508611 0.554 18.813988 -3.848751 1.329492 38.101753 -3.838231 1.330336 38.036558 -8.288905 -3.703672 -6.074452 -23.144311 8.672824 -11.912 -12.785699 5.85213 -4.199655 7.791771 -39.392645 10.86735 -5.134979 66.565869 1.904626 0.337144 6.812363 -13.946561 0.000006 2.255753 -0.000009 -16.269842 -9.827475 8.866738 -8.062227 35.682911 -1.707815 0.269123 -16.589296 -7.18276 -0.000003 -0.315938 0
-0.13757 -0.303479 -0.547339 -5.10771 -4.474957 -2.928504 -4.393801 0.606684 6.000972 -5.312936 1.642497 13.614902 -0.739306 -0.762773 0.14318 3.077908 5.485995 -4.095525 1.319418 2.841715 -12.046658 0 0 0 0 0 0 2.436254 0.61155 -9.252674 25.36438 54.91218 -125.280069 -21.427824 -5.036043 -15.439685 -11.520735 4.566749 -3.97116 0.050398 -0.112372 -7.390756 2.685625 0.615552 -25.815582 1.726594 0.246685 -16.262007 4.025365 0.888167 -20.644447 -0.973583 0.840604 -30.562561 4.935749 2.467071 -53.095435 1.220418 0.121036 -11.511016 2.957645 0.755577 -28.655965 2.347142 0.464184 -22.37245 1.243028 0.065507 -15.880519 4.053898 1.519159 -41.074051 3.366919 1.000162 -33.081724 12.807951 2.333457 9.419525 20.415874 0.538605 9.69099 19.121726 3.983046 4.028004 5.457579 0.50665 12.68868 -43.153586 40.626273 82.665893 20.688102 -5.987164 18.588755 -1.296116 -8.899265 3.278702 -0.168472 -0.109156 8.350031 -2.160859 0.386531 20.280957 -1.128944 0.103093 10.435347 -2.243145 0.36816 24.460303 -3.274174 0.928942 31.671551 -5.224896 2.828946 56.841654 -1.032635 0.085197 9.629588 -3.302605 0.946583 31.978723 -2.065078 0.360421 19.377809 -2.508611 0.554 18.813988 -3.848751 1.329492 38.101753 -3.838231 1.330336 38.036558 -8.288905 -3.703672 -6.074452 -23.144311 8.672824 -11.912 -12.785699 5.85213 -4.199655 8.228682 -40.319397 10.805739 -5.103653 65.348912 1.885982 0.432723 4.251267 -12.306984 0.000006 2.255753 -0.000009 -16.203214 -9.631175 8.647058 -8.074213 36.34985 -1.620203 0.441455 -17.665999 -6.835234 -0.000003 -0.315938 0
-0.137324 -0.306422 -0.555148 -5.108089 -4.407504 -3.41721 -4.313926 0.533161 6.369823 -5.273886 1.606553 13.795229 -0.624278 -0.711158 0.219252 3.129135 5.43123 -4.084242 1.311572 2.847704 -12.018978 0 0 0 0 0 0 2.436254 0.611551 -9.252674 26.557368 55.061739 -125.165896 -21.069403 -4.766213 -14.641281 -11.531532 4.990472 -4.029492 0.050398 -0.112372 -7.390756 2.685625 0.615552 -25.815582 1.726594 0.246685 -16.262007 4.025365 0.888167 -20.644447 -0.973583 0.840604 -30.562561 4.935749 2.467071 -53.095435 1.220418 0.121036 -11.511016 2.957645 0.755577 -28.655965 2.347142 0.464184 -22.37245 1.243028 0.065507 -15.880519 4.053898 1.519159 -41.074051 3.366919 1.000162 -33.081724 12.807951 2.333457 9.419525 20.415874 0.538605 9.69099 19.121726 3.983046 4.028004 5.457579 0.50665 12.688681 -42.054104 41.022226 83.906284 21.22114 -6.494923 19.925415 -1.302599 -9.398744 3.208511 -0.168472 -0.109156 8.350031 -2.160859 0.386531 20.280957 -1.128944 0.103093 10.435347 -2.243145 0.36816 24.460303 -3.274174 0.928942 31.671551 -5.224896 2.828946 56.841654 -1.032635 0.085197 9.629588 -3.302605 0.946583 31.978723 -2.065078 0.360421 19.377809 -2.508611 0.554 18.813988 -3.848751 1.329492 38.101753 -3.838231 1.330336 38.036558 -8.288905 -3.703672 -6.074452 -23.144311 8.672824 -11.912 -12.785699 5.85213 -4.199655 8.707073 -40.071893 11.296426 -5.031748 62.466455 1.859686 0.338734 0.835272 -10.692591 0.000006 2.255753 -0.000009 -16.072875 -9.673721 9.036006 -8.081877 37.524247 -1.52926 0.615774 -18.801193 -6.581049 -0.000003 -0.315938 0
-0.136255 -0.314737 -0.562302 -5.233691 -4.307103 -3.736778 -4.023752 0.434085 6.597795 -5.132023 1.558115 13.906682 -0.535636 -0.694235 0.266952 2.938557 5.322792 -4.05744 1.568295 2.792578 -12.049368 0 0 0 0 0 0 2.436254 0.611551 -9.252674 26.991173 55.181564 -124.835861 -20.835629 -4.596619 -14.128896 -11.533396 5.059545 -4.038982 0.050398 -0.112372 -7.390756 2.685625 0.615552 -25.815582 1.726594 0.246685 -16.262007 4.025365 0.888167 -20.644447 -0.973583 0.840604 -30.562561 4.935749 2.467071 -53.095435 1.220418 0.121036 -11.511016 2.957645 0.755577 -28.655965 2.347142 0.464184 -22.37245 1.243028 0.065507 -15.880519 4.053898 1.519159 -41.074051 3.366919 1.000162 -33.081724 12.807951 2.333457 9.419525 20.415874 0.538605 9.69099 19.121726 3.983046 4.028004 5.45758 0.506649 12.68868 -41.230555 41.495421 85.107949 21.731581 -7.018231 21.260806 -1.307441 -9.889969 3.139354 -0.168472 -0.109156 8.350031 -2.160859 0.386531 20.280957 -1.128944 0.103093 10.435347 -2.243145 0.36816 24.460303 -3.274174 0.928942 31.671551 -5.224896 2.828946 56.841654 -1.032635 0.085197 9.629588 -3.302605 0.946583 31.978723 -2.065078 0.360421 19.377809 -2.508611 0.554 18.813988 -3.848751 1.329492 38.101753 -3.838231 1.330336 38.036558 -8.288905 -3.703672 -6.074452 -23.144311 8.672824 -11.912 -12.785699 5.85213 -4.199655 9.837105 -38.976295 11.416006 -4.928868 58.131157 1.843606 -0.142197 -1.387668 -8.607399 0.000006 2.255753 -0.000009 -15.627499 -9.807558 9.300553 -8.06909 38.713456 -1.453126 0.7757 -19.742278 -6.726038 -0.000003 -0.315938 0
-0.135186 -0.324048 -0.569074 -5.279662 -4.127913 -4.147751 -3.877017 0.147471 6.725257 -5.060286 1.417993 13.968997 -0.438186 -0.718337 0.292866 3.022586 5.36689 -4.049691 1.463847 2.817581 -11.999666 0 0 0 0 0 0 2.436254 0.611551 -9.252674 28.405303 55.057501 -124.172508 -20.353198 -4.262094 -13.091487 -11.55676 5.848097 -4.146885 0.050398 -0.112372 -7.390756 2.685625 0.615552 -25.815582 1.726594 0.246685 -16.262007 4.025365 0.888167 -20.644447 -0.973583 0.840604 -30.562561 4.935749 2.467071 -53.095435 1.220418 0.121036 -11.511016 2.957645 0.755577 -28.655965 2.347142 0.464184 -22.37245 1.243028 0.065507 -15.880519 4.053898 1.519159 -41.074051 3.366919 1.000162 -33.081724 12.807951 2.333457 9.419525 20.415874 0.538605 9.69099 19.121726 3.983046 4.028004 5.45758 0.506649 12.688681 -40.186296 42.765675 86.554631 22.297607 -7.646206 22.814624 -1.309504 -10.167736 3.100209 -0.168472 -0.109156 8.350031 -2.160859 0.386531 20.280957 -1.128944 0.103093 10.435347 -2.243145 0.36816 24.460303 -3.274174 0.928942 31.671551 -5.224896 2.828946 56.841654 -1.032635 0.085197 9.629588 -3.302605 0.946583 31.978723 -2.065078 0.360421 19.377809 -2.508611 0.554 18.813988 -3.848751 1.329492 38.101753 -3.838231 1.330336 38.036558 -8.288905 -3.703672 -6.074452 -23.144311 8.672824 -11.912 -12.785699 5.85213 -4.199655 10.860719 -37.38542 11.402015 -4.810917 52.791283 1.845253 -0.853316 -3.7529 -6.546348 0.000006 2.255753 -0.000009 -15.280931 -10.213685 9.608119 -8.034667 39.981002 -1.390424 0.899646 -20.851052 -6.486817 -0.000003 -0.315938 0
-0.133195 -0.336352 -0.576303 -5.445503 -4.062089 -4.419567 -3.54284 -0.195018 6.594008 -4.896911 1.250554 13.904831 -0.418159 -0.632581 0.266837 2.985264 5.423848 -4.01876 1.500891 2.83932 -11.939327 0 0 0 0 0 0 2.436254 0.611551 -9.252674 29.141987 55.156039 -123.740193 -20.06097 -4.069113 -12.47536 -11.571727 6.296029 -4.207803 0.050398 -0.112372 -7.390756 2.685625 0.615552 -25.815582 1.726594 0.246685 -16.262007 4.025365 0.888167 -20.644447 -0.973583 0.840604 -30.562561 4.935749 2.467071 -53.095435 1.220418 0.121036 -11.511016 2.957645 0.755577 -28.655965 2.347142 0.464184 -22.37245 1.243028 0.065507 -15.880519 4.053898 1.519159 -41.074051 3.366919 1.000162 -33.081724 12.807951 2.333457 9.419525 20.415874 0.538605 9.69099 19.121726 3.983046 4.028004 5.45758 0.50665 12.688681 -39.23224 43.757618 87.997965 22.547738 -7.941564 23.529286 -1.312129 -10.708219 3.023983 -0.168472 -0.109156 8.350031 -2.160859 0.386531 20.280957 -1.128944 0.103093 10.435347 -2.243145 0.36816 24.460303 -3.274174 0.928942 31.671551 -5.224896 2.828946 56.841654 -1.032635 0.085197 9.629588 -3.302605 0.946583 31.978723 -2.065078 0.360421 19.377809 -2.508611 0.554 18.813988 -3.848751 1.329492 38.101753 -3.838231 1.330336 38.036558 -8.288905 -3.703672 -6.074452 -23.144311 8.672824 -11.912 -12.785699 5.85213 -4.199655 12.247954 -34.868601 10.722383 -4.694551 46.850136 1.8998 -0.992537 -4.671422 -6.314023 0.000006 2.255753 -0.000009 -14.593164 -10.540419 9.712227 -7.994315 41.467941 -1.340243 1.018568 -21.951533 -6.383167 -0.000003 -0.315938 0
-0.131898 -0.348109 -0.583232 -5.450741 -4.001768 -4.624753 -3.416198 -0.509255 6.388318 -4.834997 1.096927 13.804271 -0.451947 -0.608759 0.220803 3.015134 5.393752 -3.990608 1.482371 2.921559 -11.875334 0 0 0 0 0 0 2.436254 0.611551 -9.252674 29.365344 56.347205 -124.212464 -19.926635 -3.982693 -12.194884 -11.573673 6.351657 -4.215345 0.050398 -0.112372 -7.390756 2.685625 0.615552 -25.815582 1.726594 0.246685 -16.262007 4.025365 0.888167 -20.644447 -0.973583 0.840604 -30.562561 4.935749 2.467071 -53.095435 1.220418 0.121036 -11.511016 2.957645 0.755577 -28.655965 2.347142 0.464184 -22.37245 1.243028 0.065507 -15.880519 4.053898 1.519159 -41.074051 3.366919 1.000162 -33.081724 12.807951 2.333457 9.419525 20.415874 0.538605 9.69099 19.121726 3.983046 4.028004 5.457579 0.506649 12.688681 -38.278057 45.135626 89.285224 22.939215 -8.428512 24.687196 -1.312885 -11.113776 2.966754 -0.168472 -0.109156 8.350031 -2.160859 0.386531 20.280957 -1.128944 0.103093 10.435347 -2.243145 0.36816 24.460303 -3.274174 0.928942 31.671551 -5.224896 2.828946 56.841654 -1.032635 0.085197 9.629588 -3.302605 0.946583 31.978723 -2.065078 0.360421 19.377809 -2.508611 0.554 18.813988 -3.848751 1.329492 38.101753 -3.838231 1.330336 38.036558 -8.288905 -3.703672 -6.074452 -23.144311 8.672824 -11.912 -12.785699 5.85213 -4.199655 13.394585 -32.66407 9.085285 -4.609989 41.912538 1.971722 -1.017294 -4.498314 -6.128596 0.000006 2.255753 -0.000009 -14.287508 -10.562164 9.902436 -7.969298 42.484364 -1.306832 1.126257 -23.036641 -6.321517 -0.000003 -0.315938 0
-0.13022 -0.348818 -0.588156 -5.50467 -3.773946 -4.58196 -3.297466 -0.935324 6.063885 -4.77695 0.888627 13.64566 -0.51067 -0.573129 0.153691 2.994659 5.285086 -4.025854 1.448184 3.000114 -11.965374 0 0 0 0 0 0 2.436254 0.61155 -9.252674 29.657349 56.751561 -124.415206 -19.733528 -3.860956 -11.794893 -11.587427 6.73094 -4.266657 0.050398 -0.112372 -7.390756 2.685625 0.615552 -25.815582 1.726594 0.246685 -16.262007 4.025365 0.888167 -20.644447 -0.973583 0.840604 -30.562561 4.935749 2.467071 -53.095435 1.220418 0.121036 -11.511016 2.957645 0.755577 -28.655965 2.347142 0.464184 -22.37245 1.243028 0.065507 -15.880519 4.053898 1.519159 -41.074051 3.366919 1.000162 -33.081724 12.807951 2.333457 9.419525 20.415874 0.538605 9.69099 19.121726 3.983046 4.028004 5.457581 0.506649 12.688681 -37.594771 45.664392 90.08949 23.048311 -8.570023 25.019162 -1.312828 -11.370384 2.930541 -0.168472 -0.109156 8.350031 -2.160859 0.386531 20.280957 -1.128944 0.103093 10.435347 -2.243145 0.36816 24.460303 -3.274174 0.928942 31.671551 -5.224896 2.828946 56.841654 -1.032635 0.085197 9.629588 -3.302605 0.946583 31.978723 -2.065078 0.360421 19.377809 -2.508611 0.554 18.813988 -3.848751 1.329492 38.101753 -3.838231 1.330336 38.036558 -8.288905 -3.703672 -6.074452 -23.144311 8.672824 -11.912 -12.785699 5.85213 -4.199655 14.206469 -31.647253 8.675999 -4.582083 40.144304 1.996456 -1.575749 -3.502959 -3.827974 0.000006 2.255753 -0.000009 -13.978428 -10.723276 9.889177 -7.963538 42.697286 -1.300255 1.199562 -23.561029 -6.410091 -0.000003 -0.315938 0
-0.129404 -0.349526 -0.592461 -5.459927 -3.735576 -4.360344 -3.234136 -1.105479 5.600987 -4.745989 0.80544 13.419354 -0.663446 -0.698257 0.050256 3.063482 5.367564 -4.101953 1.306683 3.024832 -12.078658 0 0 0 0 0 0 2.436254 0.61155 -9.252674 29.528091 57.451042 -124.84203 -19.594812 -3.775398 -11.509741 -11.593306 6.886152 -4.287583 0.050398 -0.112372 -7.390756 2.685625 0.615552 -25.815582 1.726594 0.246685 -16.262007 4.025365 0.888167 -20.644447 -0.973583 0.840604 -30.562561 4.935749 2.467071 -53.095435 1.220418 0.121036 -11.511016 2.957645 0.755577 -28.655965 2.347142 0.464184 -22.37245 1.243028 0.065507 -15.880519 4.053898 1.519159 -41.074051 3.366919 1.000162 -33.081724 12.807951 2.333457 9.419525 20.415874 0.538605 9.69099 19.121726 3.983046 4.028004 5.45758 0.506649 12.688681 -37.538783 46.69338 90.733494 23.142511 -8.69434 25.309472 -1.312902 -11.268747 2.944882 -0.168472 -0.109156 8.350031 -2.160859 0.386531 20.280957 -1.128944 0.103093 10.435347 -2.243145 0.36816 24.460303 -3.274174 0.928942 31.671551 -5.224896 2.828946 56.841654 -1.032635 0.085197 9.629588 -3.302605 0.946583 31.978723 -2.065078 0.360421 19.377809 -2.508611 0.554 18.813988 -3.848751 1.329492 38.101753 -3.838231 1.330336 38.036558 -8.288905 -3.703672 -6.074452 -23.144311 8.672824 -11.912 -12.785699 5.85213 -4.199655 14.518585 -31.178876 7.863601 -4.578354 39.912218 1.996819 -1.632389 -3.750499 -3.767646 0.000006 2.255753 -0.000009 -14.146738 -10.374731 10.270636 -7.964511 42.61802 -1.299171 1.383682 -23.624567 -7.157225 -0.000003 -0.315938 0
-0.126802 -0.350235 -0.595974 -6.003245 -3.605343 -3.991264 -2.362169 -1.329275 5.220248 -4.319694 0.696028 13.233215 -0.786773 -0.696854 -0.029739 3.121731 5.419616 -4.256756 0.992784 2.768332 -12.380906 0 0 0 0 0 0 2.436253 0.611551 -9.252673 29.966427 55.435415 -123.29831 -19.256817 -3.57286 -10.822133 -11.615943 7.451437 -4.363453 0.050398 -0.112372 -7.390756 2.685625 0.615552 -25.815582 1.726594 0.246685 -16.262007 4.025365 0.888167 -20.644447 -0.973583 0.840604 -30.562561 4.935749 2.467071 -53.095435 1.220418 0.121036 -11.511016 2.957645 0.755577 -28.655965 2.347142 0.464184 -22.37245 1.243028 0.065507 -15.880519 4.053898 1.519159 -41.074051 3.366919 1.000162 -33.081724 12.807951 2.333457 9.419525 20.415874 0.538605 9.69099 19.121726 3.983046 4.028004 5.45758 0.506649 12.688681 -38.951484 47.212397 91.077499 22.991965 -8.496676 24.847262 -1.312349 -10.784214 3.013258 -0.168472 -0.109156 8.350031 -2.160859 0.386531 20.280957 -1.128944 0.103093 10.435347 -2.243145 0.36816 24.460303 -3.274174 0.928942 31.671551 -5.224896 2.828946 56.841654 -1.032635 0.085197 9.629588 -3.302605 0.946583 31.978723 -2.065078 0.360421 19.377809 -2.508611 0.554 18.813988 -3.848751 1.329492 38.101753 -3.838231 1.330336 38.036558 -8.288905 -3.703672 -6.074452 -23.144311 8.672824 -11.912 -12.785699 5.85213 -4.199655 15.443765 -31.003392 8.717613 -4.569327 39.294435 2.016683 -1.22568 -3.640063 -5.089691 0.000006 2.255753 -0.000009 -13.080235 -10.587623 10.764576 -7.955674 43.196641 -1.280561 1.693875 -23.963461 -8.19952 -0.000003 -0.315938 0
-0.125601 -0.350943 -0.599823 -6.006796 -3.611951 -3.700294 -2.312914 -1.496027 4.950544 -4.295613 0.614505 13.101359 -0.798899 -0.586191 -0.084425 3.194025 5.577198 -4.431105 0.920129 2.320072 -12.720574 0 0 0 0 0 0 2.436254 0.611551 -9.252674 30.47964 53.972579 -122.423334 -19.291308 -3.593121 -10.891833 -11.63413 7.874129 -4.419808 0.050398 -0.112372 -7.390756 2.685625 0.615552 -25.815582 1.726594 0.246685 -16.262007 4.025365 0.888167 -20.644447 -0.973583 0.840604 -30.562561 4.935749 2.467071 -53.095435 1.220418 0.121036 -11.511016 2.957645 0.755577 -28.655965 2.347142 0.464184 -22.37245 1.243028 0.065507 -15.880519 4.053898 1.519159 -41.074051 3.366919 1.000162 -33.081724 12.807951 2.333457 9.419525 20.415874 0.538605 9.69099 19.121726 3.983046 4.028004 5.45758 0.506649 12.688681 -40.701545 47.6004 90.896347 22.845281 -8.308776 24.40465 -1.312071 -10.689951 3.026559 -0.168472 -0.109156 8.350031 -2.160859 0.386531 20.280957 -1.128944 0.103093 10.435347 -2.243145 0.36816 24.460303 -3.274174 0.928942 31.671551 -5.224896 2.828946 56.841654 -1.032635 0.085197 9.629588 -3.302605 0.946583 31.978723 -2.065078 0.360421 19.377809 -2.508611 0.554 18.813988 -3.848751 1.329492 38.101753 -3.838231 1.330336 38.036558 -8.288905 -3.703672 -6.074452 -23.144311 8.672824 -11.912 -12.785699 5.85213 -4.199655 15.319311 -30.740904 8.982526 -4.566109 39.063474 2.024361 -0.989903 -3.76057 -5.935253 0.000006 2.255753 -0.000009 -13.034461 -10.256845 10.716759 -7.956675 43.127941 -1.276467 1.846502 -24.253499 -8.613966 -0.000003 -0.315938 0
-0.124404 -0.351651 -0.603369 -5.968391 -3.617361 -3.652024 -2.405449 -1.464566 5.001807 -4.340853 0.629886 13.126422 -0.6736 -0.522945 -0.069522 3.236936 5.566218 -4.550267 0.751294 1.982707 -12.985178 0 0 0 0 0 0 2.436254 0.611551 -9.252674 28.751204 53.677809 -122.65902 -19.607032 -3.782843 -11.534821 -11.594844 6.926248 -4.292985 0.050398 -0.112372 -7.390756 2.685625 0.615552 -25.815582 1.726594 0.246685 -16.262007 4.025365 0.888167 -20.644447 -0.973583 0.840604 -30.562561 4.935749 2.467071 -53.095435 1.220418 0.121036 -11.511016 2.957645 0.755577 -28.655965 2.347142 0.464184 -22.37245 1.243028 0.065507 -15.880519 4.053898 1.519159 -41.074051 3.366919 1.000162 -33.081724 12.807951 2.333457 9.419525 20.415874 0.538605 9.69099 19.121726 3.983046 4.028004 5.45758 0.506649 12.688681 -42.370984 48.281048 90.927604 22.540946 -7.933438 23.509685 -1.312164 -10.719606 3.022376 -0.168472 -0.109156 8.350031 -2.160859 0.386531 20.280957 -1.128944 0.103093 10.435347 -2.243145 0.36816 24.460303 -3.274174 0.928942 31.671551 -5.224896 2.828946 56.841654 -1.032635 0.085197 9.629588 -3.302605 0.946583 31.978723 -2.065078 0.360421 19.377809 -2.508611 0.554 18.813988 -3.848751 1.329492 38.101753 -3.838231 1.330336 38.036558 -8.288905 -3.703672 -6.074452 -23.144311 8.672824 -11.912 -12.785699 5.85213 -4.199655 15.343041 -30.213608 8.987538 -4.563896 38.904611 2.023628 -1.037515 -4.080058 -5.881173 0.000006 2.255753 -0.000009 -13.026235 -9.666505 10.691253 -7.962273 42.740436 -1.282878 1.887554 -24.301213 -8.756356 -0.000003 -0.315938 0
-0.122529 -0.35236 -0.606381 -6.079086 -3.541382 -3.632899 -2.297484 -1.63614 4.954129 -4.28807 0.546005 13.103112 -0.678033 -0.642992 -0.08196 3.336543 5.824943 -4.640734 0.662475 1.740649 -13.110094 0 0 0 0 0 0 2.436254 0.611551 -9.252674 27.804228 53.845838 -122.969045 -20.008219 -4.034978 -12.364999 -11.570194 6.25176 -4.201796 0.050398 -0.112372 -7.390756 2.685625 0.615552 -25.815582 1.726594 0.246685 -16.262007 4.025365 0.888167 -20.644447 -0.973583 0.840604 -30.562561 4.935749 2.467071 -53.095435 1.220418 0.121036 -11.511016 2.957645 0.755577 -28.655965 2.347142 0.464184 -22.37245 1.243028 0.065507 -15.880519 4.053898 1.519159 -41.074051 3.366919 1.000162 -33.081724 12.807951 2.333457 9.419525 20.415874 0.538605 9.69099 19.121726 3.983046 4.028004 5.45758 0.506649 12.688681 -43.038998 49.302461 90.824955 21.913781 -7.214516 21.751839 -1.311192 -10.468172 3.057843 -0.168472 -0.109156 8.350031 -2.160859 0.386531 20.280957 -1.128944 0.103093 10.435347 -2.243145 0.36816 24.460303 -3.274174 0.928942 31.671551 -5.224896 2.828946 56.841654 -1.032635 0.085197 9.629588 -3.302605 0.946583 31.978723 -2.065078 0.360421 19.377809 -2.508611 0.554 18.813988 -3.848751 1.329492 38.101753 -3.838231 1.330336 38.036558 -8.288905 -3.703672 -6.074452 -23.144311 8.672824 -11.912 -12.785699 5.85213 -4.199655 15.791647 -29.851696 8.84741 -4.558559 38.556037 2.02743 -1.130296 -4.153317 -5.59402 0.000006 2.255753 -0.000009 -12.650279 -9.528797 10.633649 -7.960754 42.82989 -1.277711 1.960677 -24.614091 -8.824893 -0.000003 -0.315938 0
-0.12159 -0.353069 -0.60831 -6.135124 -3.375771 -3.810934 -2.212493 -1.837807 5.09772 -4.246519 0.447413 13.173312 -0.690374 -0.565 -0.048861 3.418954 5.741631 -4.673172 0.608746 1.589096 -13.185027 0 0 0 0 0 0 2.436254 0.611552 -9.252674 27.886935 53.222292 -122.929789 -20.541282 -4.390108 -13.492894 -11.556823 5.849969 -4.147143 0.050398 -0.112372 -7.390756 2.685625 0.615552 -25.815582 1.726594 0.246685 -16.262007 4.025365 0.888167 -20.644447 -0.973583 0.840604 -30.562561 4.935749 2.467071 -53.095435 1.220418 0.121036 -11.511016 2.957645 0.755577 -28.655965 2.347142 0.464184 -22.37245 1.243028 0.065507 -15.880519 4.053898 1.519159 -41.074051 3.366919 1.000162 -33.081724 12.807951 2.333457 9.419525 20.415874 0.538605 9.69099 19.121726 3.983046 4.028004 5.45758 0.50665 12.68868 -43.998606 48.673476 89.932924 20.901897 -6.18638 19.118279 -1.300573 -9.229142 3.232358 -0.168472 -0.109156 8.350031 -2.160859 0.386531 20.280957 -1.128944 0.103093 10.435347 -2.243145 0.36816 24.460303 -3.274174 0.928942 31.671551 -5.224896 2.828946 56.841654 -1.032635 0.085197 9.629588 -3.302605 0.946583 31.978723 -2.065078 0.360421 19.377809 -2.508611 0.554 18.813988 -3.848751 1.329492 38.101753 -3.838231 1.330336 38.036558 -8.288905 -3.703672 -6.074452 -23.144311 8.672824 -11.912 -12.785699 5.85213 -4.199655 15.935697 -29.885932 8.993719 -4.555932 38.392343 2.028478 -1.155062 -4.401608 -5.602001 0.000006 2.255753 -0.000009 -12.487768 -9.773621 10.883842 -7.957765 43.037404 -1.270574 1.998099 -24.978642 -8.727869 -0.000003 -0.315938 0
-0.120966 -0.353777 -0.610365 -6.169419 -3.326332 -4.069083 -2.15153 -1.887376 5.329533 -4.216715 0.423179 13.286643 -0.697565 -0.606535 0.000291 3.370118 5.731679 -4.676564 0.737168 1.603391 -13.203171 0 0 0 0 0 0 2.436254 0.611552 -9.252674 27.744532 53.342585 -123.246464 -20.865142 -4.617759 -14.193213 -11.501364 3.660309 -3.845761 0.050398 -0.112372 -7.390756 2.685625 0.615552 -25.815582 1.726594 0.246685 -16.262007 4.025365 0.888167 -20.644447 -0.973583 0.840604 -30.562561 4.935749 2.467071 -53.095435 1.220418 0.121036 -11.511016 2.957645 0.755577 -28.655965 2.347142 0.464184 -22.37245 1.243028 0.065507 -15.880519 4.053898 1.519159 -41.074051 3.366919 1.000162 -33.081724 12.807951 2.333457 9.419525 20.415874 0.538605 9.69099 19.121726 3.983046 4.028004 5.45758 0.506649 12.688681 -46.244442 45.498357 86.212953 19.730733 -5.16164 16.312989 -1.255174 -6.924295 3.55436 -0.168472 -0.109156 8.350031 -2.160859 0.386531 20.280957 -1.128944 0.103093 10.435347 -2.243145 0.36816 24.460303 -3.274174 0.928942 31.671551 -5.224896 2.828946 56.841654 -1.032635 0.085197 9.629588 -3.302605 0.946583 31.978723 -2.065078 0.360421 19.377809 -2.508611 0.554 18.813988 -3.848751 1.329492 38.101753 -3.838231 1.330336 38.036558 -8.288905 -3.703672 -6.074452 -23.144311 8.672824 -11.912 -12.785699 5.85213 -4.199655 15.942523 -29.699919 9.423869 -4.555881 38.393918 2.027589 -1.171284 -4.673531 -5.648235 0.000006 2.255753 -0.000009 -12.356799 -9.806801 11.045929 -7.9562 43.150758 -1.268499 1.955794 -25.169955 -8.462133 -0.000003 -0.315938 0
-0.121265 -0.354485 -0.610944 -6.046295 -3.103975 -4.073385 -2.291108 -2.081845 5.261288 -4.284953 0.328105 13.253279 -0.77145 -0.622926 -0.015682 3.435098 5.665928 -4.656502 0.805684 1.639949 -13.150188 0 0 0 0 0 0 2.436254 0.611551 -9.252674 28.19423 52.997004 -123.317379 -21.53045 -5.11563 -15.671428 -11.51638 4.382294 -3.945705 0.050398 -0.112372 -7.390756 2.685625 0.615552 -25.815582 1.726594 0.246685 -16.262007 4.025365 0.888167 -20.644447 -0.973583 0.840604 -30.562561 4.935749 2.467071 -53.095435 1.220418 0.121036 -11.511016 2.957645 0.755577 -28.655965 2.347142 0.464184 -22.37245 1.243028 0.065507 -15.880519 4.053898 1.519159 -41.074051 3.366919 1.000162 -33.081724 12.807951 2.333457 9.419525 20.415874 0.538605 9.69099 19.121726 3.983046 4.028004 5.45758 0.506649 12.688681 -48.457407 38.283982 78.327665 18.783911 -4.439851 14.192967 -1.218771 -5.733539 3.718469 -0.168472 -0.109156 8.350031 -2.160859 0.386531 20.280957 -1.128944 0.103093 10.435347 -2.243145 0.36816 24.460303 -3.274174 0.928942 31.671551 -5.224896 2.828946 56.841654 -1.032635 0.085197 9.629588 -3.302605 0.946583 31.978723 -2.065078 0.360421 19.377809 -2.508611 0.554 18.813988 -3.848751 1.329492 38.101753 -3.838231 1.330336 38.036558 -8.288905 -3.703672 -6.074452 -23.144311 8.672824 -11.912 -12.785699 5.85213 -4.199655 15.694983 -30.123829 9.371596 -4.555829 38.395485 2.026702 -1.154804 -4.636627 -5.686275 0.000006 2.255753 -0.000009 -12.628096 -10.115632 11.035968 -7.957677 43.041542 -1.270038 1.979932 -25.149195 -8.567095 -0.000003 -0.315938 0
-0.120436 -0.354485 -0.613262 -6.105166 -3.124188 -4.216881 -2.259451 -2.064435 5.307239 -4.269476 0.336617 13.275744 -0.750307 -0.620434 -0.005382 3.362477 5.570881 -4.60918 0.914672 1.646162 -13.095597 0 0 0 0 0 0 2.436254 0.611551 -9.252673 26.534966 53.673764 -124.119295 -22.294941 -5.742656 -17.444871 -11.48123 2.234513 -3.647243 0.050398 -0.112372 -7.390756 2.685625 0.615552 -25.815582 1.726594 0.246685 -16.262007 4.025365 0.888167 -20.644447 -0.973583 0.840604 -30.562561 4.935749 2.467071 -53.095435 1.220418 0.121036 -11.511016 2.957645 0.755577 -28.655965 2.347142 0.464184 -22.37245 1.243028 0.065507 -15.880519 4.053898 1.519159 -41.074051 3.366919 1.000162 -33.081724 12.807951 2.333457 9.419525 20.415874 0.538605 9.69099 19.121726 3.983046 4.028004 5.45758 0.506649 12.68868 -50.461947 18.954371 58.320787 17.88588 -3.830397 12.280315 -1.148341 -3.957441 3.959157 -0.168472 -0.109156 8.350031 -2.160859 0.386531 20.280957 -1.128944 0.103093 10.435347 -2.243145 0.36816 24.460303 -3.274174 0.928942 31.671551 -5.224896 2.828946 56.841654 -1.032635 0.085197 9.629588 -3.302605 0.946583 31.978723 -2.065078 0.360421 19.377809 -2.508611 0.554 18.813988 -3.848751 1.329492 38.101753 -3.838231 1.330336 38.036558 -8.288905 -3.703672 -6.074452 -23.144311 8.672824 -11.912 -12.785699 5.85213 -4.199655 15.902642 -29.784564 9.434309 -4.553891 38.275165 2.025354 -1.253474 -4.850114 -5.452103 0.000006 2.255753 -0.000009 -12.422232 -9.868551 11.124295 -7.955156 43.004248 -1.266563 1.96755 -25.372986 -8.403119 -0.000003 -0.315938 0
-0.120535 -0.354485 -0.614043 -6.028844 -3.030262 -4.205076 -2.37854 -2.107648 5.23012 -4.327697 0.31549 13.238041 -0.74574 -0.569022 -0.020433 3.393335 5.535098 -4.606577 0.893452 1.470283 -13.108506 0 0 0 0 0 0 2.436254 0.611551 -9.252674 25.735706 53.714544 -124.329319 -22.620281 -6.02924 -18.227394 -11.47908 1.993586 -3.613592 0.050398 -0.112372 -7.390756 2.685625 0.615552 -25.815582 1.726594 0.246685 -16.262007 4.025365 0.888167 -20.644447 -0.973583 0.840604 -30.562561 4.935749 2.467071 -53.095435 1.220418 0.121036 -11.511016 2.957645 0.755577 -28.655965 2.347142 0.464184 -22.37245 1.243028 0.065507 -15.880519 4.053898 1.519159 -41.074051 3.366919 1.000162 -33.081724 12.807951 2.333457 9.419525 20.415874 0.538605 9.69099 19.121726 3.983046 4.028004 5.45758 0.50665 12.68868 -50.455551 2.46358 41.081711 17.421888 -3.541291 11.32392 -1.098612 -2.923844 4.096448 -0.168472 -0.109156 8.350031 -2.160859 0.386531 20.280957 -1.128944 0.103093 10.435347 -2.243145 0.36816 24.460303 -3.274174 0.928942 31.671551 -5.224896 2.828946 56.841654 -1.032635 0.085197 9.629588 -3.302605 0.946583 31.978723 -2.065078 0.360421 19.377809 -2.508611 0.554 18.813988 -3.848751 1.329492 38.101753 -3.838231 1.330336 38.036558 -8.288905 -3.703672 -6.074452 -23.144311 8.672824 -11.912 -12.785699 5.85213 -4.199655 15.773808 -29.952211 9.325814 -4.556138 38.342517 2.021158 -1.275208 -4.971105 -5.430326 0.000006 2.255753 -0.000009 -12.591666 -9.971962 11.163292 -7.952638 42.966952 -1.263086 2.00216 -25.357621 -8.501878 -0.000003 -0.315938 0
-0.120177 -0.354485 -0.61539 -6.033988 -3.022453 -4.101691 -2.336835 -2.190344 5.023545 -4.307308 0.275061 13.137049 -0.811077 -0.56201 -0.065559 3.364867 5.553066 -4.532575 0.818923 1.458348 -12.972032 0 0 0 0 0 0 2.436254 0.611551 -9.252674 25.449109 53.711307 -124.431016 -22.803217 -6.195948 -18.675312 -11.481475 2.259921 -3.650789 0.050398 -0.112372 -7.390756 2.685625 0.615552 -25.815582 1.726594 0.246685 -16.262007 4.025365 0.888167 -20.644447 -0.973583 0.840604 -30.562561 4.935749 2.467071 -53.095435 1.220418 0.121036 -11.511016 2.957645 0.755577 -28.655965 2.347142 0.464184 -22.37245 1.243028 0.065507 -15.880519 4.053898 1.519159 -41.074051 3.366919 1.000162 -33.081724 12.807951 2.333457 9.419525 20.415874 0.538605 9.69099 19.121726 3.983046 4.028004 5.45758 0.506649 12.688681 -50.576775 3.38789 40.709311 17.576246 -3.635584 11.639795 -1.100044 -2.951927 4.092751 -0.168472 -0.109156 8.350031 -2.160859 0.386531 20.280957 -1.128944 0.103093 10.435347 -2.243145 0.36816 24.460303 -3.274174 0.928942 31.671551 -5.224896 2.828946 56.841654 -1.032635 0.085197 9.629588 -3.302605 0.946583 31.978723 -2.065078 0.360421 19.377809 -2.508611 0.554 18.813988 -3.848751 1.329492 38.101753 -3.838231 1.330336 38.036558 -8.288905 -3.703672 -6.074452 -23.144311 8.672824 -11.912 -12.785699 5.85213 -4.199655 15.819353 -30.02406 9.180096 -4.556182 38.437207 2.020825 -1.253614 -5.053276 -5.513399 0.000006 2.255753 -0.000009 -12.638877 -9.953461 11.317251 -7.95591 42.970239 -1.263131 2.085663 -25.463337 -8.748849 -0.000003 -0.315938 0
-0.119641 -0.354485 -0.617222 -6.100819 -3.013532 -3.917112 -2.234696 -2.200077 4.716977 -4.257374 0.270303 12.987171 -0.865319 -0.478817 -0.13033 3.374802 5.621331 -4.558096 0.805152 1.297581 -13.023981 0 0 0 0 0 0 2.436253 0.61155 -9.252673 25.053709 53.365782 -124.450928 -22.727204 -6.126188 -18.488529 -11.489768 2.951236 -3.747191 0.050398 -0.112372 -7.390756 2.685625 0.615552 -25.815582 1.726594 0.246685 -16.262007 4.025365 0.888167 -20.644447 -0.973583 0.840604 -30.562561 4.935749 2.467071 -53.095435 1.220418 0.121036 -11.511016 2.957645 0.755577 -28.655965 2.347142 0.464184 -22.37245 1.243028 0.065507 -15.880519 4.053898 1.519159 -41.074051 3.366919 1.000162 -33.081724 12.807951 2.333457 9.419525 20.415874 0.538605 9.69099 19.121726 3.983046 4.028004 5.45758 0.506649 12.688681 -50.814759 14.642106 50.867444 17.969909 -3.884545 12.455691 -1.148239 -3.955219 3.95946 -0.168472 -0.109156 8.350031 -2.160859 0.386531 20.280957 -1.128944 0.103093 10.435347 -2.243145 0.36816 24.460303 -3.274174 0.928942 31.671551 -5.224896 2.828946 56.841654 -1.032635 0.085197 9.629588 -3.302605 0.946583 31.978723 -2.065078 0.360421 19.377809 -2.508611 0.554 18.813988 -3.848751 1.329492 38.101753 -3.838231 1.330336 38.036558 -8.288905 -3.703672 -6.074452 -23.144311 8.672824 -11.912 -12.785699 5.85213 -4.199655 15.953975 -29.836713 9.179938 -4.555895 38.409843 2.022846 -1.161306 -5.173653 -5.861133 0.000006 2.255753 -0.000009 -12.514759 -9.666641 11.329217 -7.959182 42.973525 -1.263181 2.209815 -25.587792 -9.08686 -0.000003 -0.315938 0
-0.119422 -0.354485 -0.618031 -6.184811 -2.920616 -3.989985 -2.148451 -2.208767 4.5646 -4.215209 0.266054 12.912676 -0.919528 -0.445007 -0.163549 3.406533 5.366103 -4.505023 0.761468 1.47872 -12.945025 0 0 0 0 0 0 2.436254 0.611551 -9.252674 24.942549 53.750935 -124.726288 -22.859369 -6.247871 -18.813978 -11.48623 2.685756 -3.710203 0.050398 -0.112372 -7.390756 2.685625 0.615552 -25.815582 1.726594 0.246685 -16.262007 4.025365 0.888167 -20.644447 -0.973583 0.840604 -30.562561 4.935749 2.467071 -53.095435 1.220418 0.121036 -11.511016 2.957645 0.755577 -28.655965 2.347142 0.464184 -22.37245 1.243028 0.065507 -15.880519 4.053898 1.519159 -41.074051 3.366919 1.000162 -33.081724 12.807951 2.333457 9.419525 20.415874 0.538605 9.69099 19.121726 3.983046 4.028004 5.457579 0.506649 12.688681 -50.551023 26.138274 61.396655 18.454114 -4.208005 13.480338 -1.206571 -5.38797 3.765719 -0.168472 -0.109156 8.350031 -2.160859 0.386531 20.280957 -1.128944 0.103093 10.435347 -2.243145 0.36816 24.460303 -3.274174 0.928942 31.671551 -5.224896 2.828946 56.841654 -1.032635 0.085197 9.629588 -3.302605 0.946583 31.978723 -2.065078 0.360421 19.377809 -2.508611 0.554 18.813988 -3.848751 1.329492 38.101753 -3.838231 1.330336 38.036558 -8.288905 -3.703672 -6.074452 -23.144311 8.672824 -11.912 -12.785699 5.85213 -4.199655 16.153182 -29.835464 9.370832 -4.554208 38.30484 2.024509 -1.187242 -5.160337 -5.775083 0.000006 2.255753 -0.000009 -12.332707 -9.854021 11.493486 -7.956536 43.159993 -1.257638 2.229775 -25.795735 -9.022469 -0.000003 -0.315938 0
-0.119358 -0.354485 -0.618688 -6.229867 -2.910641 -4.060471 -2.098363 -2.16646 4.400559 -4.190722 0.286738 12.832478 -0.993494 -0.502846 -0.202284 3.401746 5.312727 -4.412609 0.741527 1.669396 -12.754452 0 0 0 0 0 0 2.436254 0.61155 -9.252674 25.508588 53.81064 -124.709247 -22.69091 -6.09306 -18.39957 -11.493519 3.202607 -3.782176 0.050398 -0.112372 -7.390756 2.685625 0.615552 -25.815582 1.726594 0.246685 -16.262007 4.025365 0.888167 -20.644447 -0.973583 0.840604 -30.562561 4.935749 2.467071 -53.095435 1.220418 0.121036 -11.511016 2.957645 0.755577 -28.655965 2.347142 0.464184 -22.37245 1.243028 0.065507 -15.880519 4.053898 1.519159 -41.074051 3.366919 1.000162 -33.081724 12.807951 2.333457 9.419525 20.415874 0.538605 9.69099 19.121726 3.983046 4.028004 5.45758 0.506649 12.688681 -50.051099 31.994374 66.372292 18.783118 -4.439263 14.191236 -1.242314 -6.469934 3.617207 -0.168472 -0.109156 8.350031 -2.160859 0.386531 20.280957 -1.128944 0.103093 10.435347 -2.243145 0.36816 24.460303 -3.274174 0.928942 31.671551 -5.224896 2.828946 56.841654 -1.032635 0.085197 9.629588 -3.302605 0.946583 31.978723 -2.065078 0.360421 19.377809 -2.508611 0.554 18.813988 -3.848751 1.329492 38.101753 -3.838231 1.330336 38.036558 -8.288905 -3.703672 -6.074452 -23.144311 8.672824 -11.912 -12.785699 5.85213 -4.199655 16.255154 -29.830897 9.416104 -4.554208 38.304842 2.024507 -1.219983 -5.142554 -5.652131 0.000006 2.255753 -0.000009 -12.267888 -9.883539 11.643442 -7.963932 43.192127 -1.267699 2.248783 -25.777166 -9.112618 -0.000003 -0.315938 0
-0.11966 -0.354485 -0.619046 -6.164338 -2.843062 -4.094081 -2.2025 -2.22707 4.215686 -4.241634 0.257107 12.742096 -0.961208 -0.482181 -0.240643 3.416432 5.318346 -4.388786 0.60512 1.681432 -12.70559 0 0 0 0 0 0 2.436254 0.61155 -9.252674 25.260461 53.83371 -124.652948 -22.476508 -5.901073 -17.879348 -11.489776 2.952007 -3.747298 0.050398 -0.112372 -7.390756 2.685625 0.615552 -25.815582 1.726594 0.246685 -16.262007 4.025365 0.888167 -20.644447 -0.973583 0.840604 -30.562561 4.935749 2.467071 -53.095435 1.220418 0.121036 -11.511016 2.957645 0.755577 -28.655965 2.347142 0.464184 -22.37245 1.243028 0.065507 -15.880519 4.053898 1.519159 -41.074051 3.366919 1.000162 -33.081724 12.807951 2.333457 9.419525 20.415874 0.538605 9.69099 19.121726 3.983046 4.028004 5.45758 0.506648 12.688681 -49.969192 31.22318 65.319004 18.770119 -4.438748 14.167388 -1.25143 -6.787259 3.573338 -0.168472 -0.109156 8.350031 -2.160859 0.386531 20.280957 -1.128944 0.103093 10.435347 -2.243145 0.36816 24.460303 -3.274174 0.928942 31.671551 -5.224896 2.828946 56.841654 -1.032635 0.085197 9.629588 -3.302605 0.946583 31.978723 -2.065078 0.360421 19.377809 -2.508611 0.554 18.813988 -3.848751 1.329492 38.101753 -3.838231 1.330336 38.036558 -8.288905 -3.703672 -6.074452 -23.144311 8.672824 -11.912 -12.785699 5.85213 -4.199655 16.146648 -29.944276 9.306166 -4.554208 38.30484 2.024509 -1.261974 -5.120909 -5.517091 0.000006 2.255753 -0.000009 -12.394563 -9.929829 11.584529 -7.960286 43.105231 -1.263397 2.235703 -25.784833 -9.014706 -0.000003 -0.315938 0
-0.119481 -0.354485 -0.619466 -6.2308 -2.808 -4.139637 -2.113223 -2.224303 4.085815 -4.197987 0.258459 12.678603 -0.970387 -0.456824 -0.267994 3.318822 5.331093 -4.405687 0.772227 1.673561 -12.76064 0 0 0 0 0 0 2.436254 0.61155 -9.252674 25.845073 53.763573 -124.451063 -22.288039 -5.73676 -17.428574 -11.500642 3.621076 -3.840317 0.050398 -0.112372 -7.390756 2.685625 0.615552 -25.815582 1.726594 0.246685 -16.262007 4.025365 0.888167 -20.644447 -0.973583 0.840604 -30.562561 4.935749 2.467071 -53.095435 1.220418 0.121036 -11.511016 2.957645 0.755577 -28.655965 2.347142 0.464184 -22.37245 1.243028 0.065507 -15.880519 4.053898 1.519159 -41.074051 3.366919 1.000162 -33.081724 12.807951 2.333457 9.419525 20.415874 0.538605 9.69099 19.121726 3.983046 4.028004 5.457581 0.506649 12.688681 -50.00778 27.322961 61.380619 18.758116 -4.421358 14.136787 -1.237732 -6.318002 3.638162 -0.168472 -0.109156 8.350031 -2.160859 0.386531 20.280957 -1.128944 0.103093 10.435347 -2.243145 0.36816 24.460303 -3.274174 0.928942 31.671551 -5.224896 2.828946 56.841654 -1.032635 0.085197 9.629588 -3.302605 0.946583 31.978723 -2.065078 0.360421 19.377809 -2.508611 0.554 18.813988 -3.848751 1.329492 38.101753 -3.838231 1.330336 38.036558 -8.288905 -3.703672 -6.074452 -23.144311 8.672824 -11.912 -12.785699 5.85213 -4.199655 16.286194 -29.942156 9.330397 -4.554208 38.304838 2.024509 -1.286129 -5.10815 -5.43585 0.000006 2.255753 -0.000009 -12.300185 -9.955127 11.779539 -7.96186 43.082785 -1.267383 2.243084 -25.771943 -9.081983 -0.000003 -0.315938 0
-0.1203 -0.354485 -0.619666 -6.139637 -2.774488 -4.450332 -2.253316 -2.272211 4.070155 -4.266477 0.235037 12.670947 -0.996576 -0.430925 -0.270566 3.303254 5.261356 -4.343884 0.865987 1.812444 -12.639383 0 0 0 0 0 0 2.436254 0.61155 -9.252674 26.590158 54.192918 -124.63879 -21.991865 -5.486693 -16.731567 -11.50198 3.693439 -3.850359 0.050398 -0.112372 -7.390756 2.685625 0.615552 -25.815582 1.726594 0.246685 -16.262007 4.025365 0.888167 -20.644447 -0.973583 0.840604 -30.562561 4.935749 2.467071 -53.095435 1.220418 0.121036 -11.511016 2.957645 0.755577 -28.655965 2.347142 0.464184 -22.37245 1.243028 0.065507 -15.880519 4.053898 1.519159 -41.074051 3.366919 1.000162 -33.081724 12.807951 2.333457 9.419525 20.415874 0.538605 9.69099 19.121726 3.983046 4.028004 5.45758 0.506649 12.688681 -49.624799 26.819396 60.929533 18.673691 -4.361337 13.953605 -1.231012 -6.103358 3.667715 -0.168472 -0.109156 8.350031 -2.160859 0.386531 20.280957 -1.128944 0.103093 10.435347 -2.243145 0.36816 24.460303 -3.274174 0.928942 31.671551 -5.224896 2.828946 56.841654 -1.032635 0.085197 9.629588 -3.302605 0.946583 31.978723 -2.065078 0.360421 19.377809 -2.508611 0.554 18.813988 -3.848751 1.329492 38.101753 -3.838231 1.330336 38.036558 -8.288905 -3.703672 -6.074452 -23.144311 8.672824 -11.912 -12.785699 5.85213 -4.199655 16.131152 -29.943613 9.282804 -4.554208 38.304842 2.02451 -1.44442 -5.024404 -4.926477 0.000006 2.255753 -0.000009 -12.534216 -10.0118 12.042253 -7.958671 43.004073 -1.264314 2.13458 -25.655402 -8.801496 -0.000003 -0.315938 0
-0.1203 -0.354485 -0.619666 -6.139637 -2.774488 -4.450332 -2.253316 -2.272211 4.070155 -4.266477 0.235037 12.670947 -0.996576 -0.430925 -0.270566 3.303254 5.261356 -4.343884 0.865987 1.812444 -12.639383 0 0 0 0 0 0 2.436254 0.61155 -9.252674 26.590158 54.192918 -124.63879 -21.991865 -5.486693 -16.731567 -11.50198 3.693439 -3.850359 0.050398 -0.112372 -7.390756 2.685625 0.615552 -25.815582 1.726594 0.246685 -16.262007 4.025365 0.888167 -20.644447 -0.973583 0.840604 -30.562561 4.935749 2.467071 -53.095435 1.220418 0.121036 -11.511016 2.957645 0.755577 -28.655965 2.347142 0.464184 -22.37245 1.243028 0.065507 -15.880519 4.053898 1.519159 -41.074051 3.366919 1.000162 -33.081724 12.807951 2.333457 9.419525 20.415874 0.538605 9.69099 19.121726 3.983046 4.028004 5.45758 0.506649 12.688681 -49.624799 26.819396 60.929533 18.673691 -4.361337 13.953605 -1.231012 -6.103358 3.667715 -0.168472 -0.109156 8.350031 -2.160859 0.386531 20.280957 -1.128944 0.103093 10.435347 -2.243145 0.36816 24.460303 -3.274174 0.928942 31.671551 -5.224896 2.828946 56.841654 -1.032635 0.085197 9.629588 -3.302605 0.946583 31.978723 -2.065078 0.360421 19.377809 -2.508611 0.554 18.813988 -3.848751 1.329492 38.101753 -3.838231 1.330336 38.036558 -8.288905 -3.703672 -6.074452 -23.144311 8.672824 -11.912 -12.785699 5.85213 -4.199655 16.131152 -29.943613 9.282804 -4.554208 38.304842 2.02451 -1.44442 -5.024404 -4.926477 0.000006 2.255753 -0.000009 -12.534216 -10.0118 12.042253 -7.958671 43.004073 -1.264314 2.13458 -25.655402 -8.801496 -0.000003 -0.315938 0
